<?xml version="1.0" encoding="utf-8"?>
<COLLADA xmlns="http://www.collada.org/2005/11/COLLADASchema" version="1.4.1" xmlns:xsi="http://www.w3.org/2001/XMLSchema-instance">
  <asset>
    <contributor>
      <author>Blender User</author>
      <authoring_tool>Blender 4.3.2 commit date:2024-12-16, commit time:21:10, hash:32f5fdce0a0a</authoring_tool>
    </contributor>
    <created>2025-11-20T21:43:10</created>
    <modified>2025-11-20T21:43:10</modified>
    <unit name="meter" meter="1"/>
    <up_axis>Z_UP</up_axis>
  </asset>
  <library_effects>
    <effect id="lightning_mcqueen-effect">
      <profile_COMMON>
        <newparam sid="lightning_mcqueen_diff_png-surface">
          <surface type="2D">
            <init_from>lightning_mcqueen_diff_png</init_from>
          </surface>
        </newparam>
        <newparam sid="lightning_mcqueen_diff_png-sampler">
          <sampler2D>
            <source>lightning_mcqueen_diff_png-surface</source>
          </sampler2D>
        </newparam>
        <technique sid="common">
          <lambert>
            <emission>
              <color sid="emission">0 0 0 1</color>
            </emission>
            <diffuse>
              <texture texture="lightning_mcqueen_diff_png-sampler" texcoord="GeometrySource2"/>
            </diffuse>
            <index_of_refraction>
              <float sid="ior">1.5</float>
            </index_of_refraction>
          </lambert>
        </technique>
      </profile_COMMON>
    </effect>
  </library_effects>
  <library_images>
    <image id="lightning_mcqueen_diff_png" name="lightning_mcqueen_diff_png">
      <init_from>lightning_mcqueen_diff.png</init_from>
    </image>
  </library_images>
  <library_materials>
    <material id="lightning_mcqueen-material" name="lightning_mcqueen">
      <instance_effect url="#lightning_mcqueen-effect"/>
    </material>
  </library_materials>
  <library_geometries>
    <geometry id="lightning_mcqueen_lod0-mesh" name="lightning_mcqueen_lod0">
      <mesh>
        <source id="lightning_mcqueen_lod0-mesh-positions">
          <float_array id="lightning_mcqueen_lod0-mesh-positions-array" count="9471">393.567 1051.29 558.031 0 975.4951 404.203 406.497 1032.58 520.059 370.597 1067.96 591.877 335.279 1074.64 605.432 296.969 1075.44 607.048 216.706 1066.07 588.0321 0 1060.19 576.108 370.597 1077.4 587.437 393.567 1060.72 553.5921 0 984.9271 399.763 335.278 1084.08 600.9931 296.968 1084.87 602.608 216.706 1075.5 583.5921 0 1069.63 571.668 427.091 975.6691 404.556 0 975.4951 404.203 0 984.9271 399.763 427.091 985.1011 400.116 370.597 1067.96 591.877 393.567 1051.29 558.031 393.567 1060.72 553.5921 370.597 1077.4 587.437 406.497 1042.01 515.619 406.497 1032.58 520.059 335.279 1074.64 605.432 335.278 1084.08 600.9931 296.969 1075.44 607.048 296.968 1084.87 602.608 216.706 1066.07 588.0321 216.706 1075.5 583.5921 0 1060.19 576.108 0 1069.63 571.668 418.642 995.4931 444.791 406.497 1042.01 515.619 418.642 1004.93 440.351 418.642 1004.93 440.351 418.642 995.4931 444.791 427.091 975.6691 404.556 427.091 985.1011 400.116 427.091 985.1011 400.116 427.091 975.6691 404.556 -393.567 1051.29 558.031 -406.497 1032.58 520.059 -370.597 1067.96 591.877 -335.279 1074.64 605.432 -296.969 1075.44 607.048 -216.706 1066.07 588.0321 -370.597 1077.4 587.437 -393.567 1060.72 553.5921 -335.278 1084.08 600.9931 -296.968 1084.87 602.608 -216.706 1075.5 583.5921 -427.091 975.6691 404.556 -427.091 985.1011 400.116 -370.597 1067.96 591.877 -370.597 1077.4 587.437 -393.567 1060.72 553.5921 -393.567 1051.29 558.031 -406.497 1042.01 515.619 -406.497 1032.58 520.059 -335.279 1074.64 605.432 -335.278 1084.08 600.9931 -296.969 1075.44 607.048 -296.968 1084.87 602.608 -216.706 1066.07 588.0321 -216.706 1075.5 583.5921 0 1060.19 576.108 0 1069.63 571.668 -418.642 995.4931 444.791 -406.497 1042.01 515.619 -418.642 1004.93 440.351 -418.642 1004.93 440.351 -418.642 995.4931 444.791 -427.091 975.6691 404.556 -427.091 985.1011 400.116 -427.091 985.1011 400.116 -427.091 975.6691 404.556 189.203 322.462 616.613 189.204 272.35 608.7451 189.168 426.025 577.901 189.174 422.567 591.5341 189.256 45.6659 635.005 189.251 23.2934 620.1311 189.248 114.636 640.043 189.254 26.1366 628.125 189.229 211.827 633.3521 178.665 322.461 616.617 178.635 422.565 591.538 178.63 426.023 577.905 178.666 272.348 608.749 178.713 23.2931 620.1331 178.718 45.6655 635.0081 178.71 114.634 640.048 178.716 26.1373 628.1281 178.691 211.825 633.3571 189.168 426.025 577.901 178.63 426.023 577.905 189.251 23.2934 620.1311 178.713 23.2931 620.1331 -189.203 322.462 616.613 -189.174 422.567 591.5341 -189.168 426.025 577.901 -189.204 272.35 608.7451 -189.256 45.6659 635.005 -189.248 114.636 640.043 -189.251 23.2934 620.1311 -189.254 26.1366 628.125 -189.229 211.827 633.3521 -178.665 322.461 616.617 -178.666 272.348 608.749 -178.63 426.023 577.905 -178.635 422.565 591.538 -178.713 23.2931 620.1331 -178.71 114.634 640.048 -178.718 45.6655 635.0081 -178.716 26.1373 628.1281 -178.691 211.825 633.3571 -178.63 426.023 577.905 -189.168 426.025 577.901 -189.251 23.2934 620.1311 -178.713 23.2931 620.1331 379.407 -533.272 163.031 379.407 -530.405 149.376 368.367 -530.405 149.376 368.367 -533.272 163.031 379.407 -546.531 167.375 368.367 -546.531 167.375 379.407 -556.923 158.064 368.367 -556.923 158.064 379.407 -554.056 144.409 368.367 -554.056 144.409 379.407 -540.797 140.065 368.367 -540.797 140.065 379.407 -497.582 178.915 379.407 -491.917 166.163 368.367 -491.917 166.163 368.367 -497.582 178.915 379.407 -511.457 180.385 368.367 -511.457 180.385 379.407 -519.668 169.103 368.367 -519.668 169.103 379.407 -514.0031 156.352 368.367 -514.0031 156.352 379.407 -500.128 154.882 368.367 -500.128 154.882 379.407 -501.598 220.534 379.407 -493.388 209.253 368.367 -493.388 209.253 368.367 -501.598 220.534 379.407 -515.473 219.065 368.367 -515.473 219.065 379.407 -521.138 206.314 368.367 -521.138 206.314 379.407 -512.9281 195.032 368.367 -512.9281 195.032 379.407 -499.053 196.502 368.367 -499.053 196.502 379.407 -543.015 232.446 379.407 -532.7171 223.031 368.367 -532.7171 223.031 368.367 -543.015 232.446 379.407 -556.317 228.235 368.367 -556.317 228.235 379.407 -559.322 214.609 368.367 -559.322 214.609 379.407 -549.0241 205.194 368.367 -549.0241 205.194 379.407 -535.7221 209.405 368.367 -535.7221 209.405 379.407 -568.5421 199.328 379.407 -556.429 192.401 368.367 -556.429 192.401 368.367 -568.5421 199.328 379.407 -580.596 192.301 368.367 -580.596 192.301 379.407 -580.538 178.348 368.367 -580.538 178.348 379.407 -568.426 171.422 368.367 -568.426 171.422 379.407 -556.371 178.448 368.367 -556.371 178.448 366.757 -515.6651 186.699 366.757 -518.15 195.974 386.48 -520.198 190.455 366.757 -524.94 202.763 386.48 -530.458 200.716 366.757 -534.2141 205.248 366.757 -543.488 202.763 386.48 -544.474 196.96 366.757 -550.277 195.974 366.757 -552.762 186.699 386.48 -548.23 182.944 366.757 -550.277 177.425 366.757 -543.488 170.636 386.48 -537.9691 172.683 366.757 -534.2141 168.151 366.757 -524.94 170.636 386.48 -523.953 176.439 366.757 -518.15 177.425 398.091 -532.81 191.939 398.091 -528.974 188.104 398.091 -538.05 190.535 398.091 -539.4541 185.295 398.091 -535.6181 181.459 398.091 -530.3781 182.864 -379.407 -533.272 163.031 -368.367 -533.272 163.031 -368.367 -530.405 149.376 -379.407 -530.405 149.376 -379.407 -546.531 167.375 -368.367 -546.531 167.375 -379.407 -556.923 158.064 -368.367 -556.923 158.064 -379.407 -554.056 144.409 -368.367 -554.056 144.409 -379.407 -540.797 140.065 -368.367 -540.797 140.065 -379.407 -497.582 178.915 -368.367 -497.582 178.915 -368.367 -491.917 166.163 -379.407 -491.917 166.163 -379.407 -511.457 180.385 -368.367 -511.457 180.385 -379.407 -519.668 169.103 -368.367 -519.668 169.103 -379.407 -514.0031 156.352 -368.367 -514.0031 156.352 -379.407 -500.128 154.882 -368.367 -500.128 154.882 -379.407 -501.598 220.534 -368.367 -501.598 220.534 -368.367 -493.388 209.253 -379.407 -493.388 209.253 -379.407 -515.473 219.065 -368.367 -515.473 219.065 -379.407 -521.139 206.314 -368.367 -521.139 206.314 -379.407 -512.9281 195.032 -368.367 -512.9281 195.032 -379.407 -499.053 196.502 -368.367 -499.053 196.502 -379.407 -543.015 232.446 -368.367 -543.015 232.446 -368.367 -532.7171 223.031 -379.407 -532.7171 223.031 -379.407 -556.317 228.235 -368.367 -556.317 228.235 -379.407 -559.322 214.609 -368.367 -559.322 214.609 -379.407 -549.0241 205.194 -368.367 -549.0241 205.194 -379.407 -535.7221 209.405 -368.367 -535.7221 209.405 -379.407 -568.5421 199.328 -368.367 -568.5421 199.328 -368.367 -556.429 192.401 -379.407 -556.429 192.401 -379.407 -580.596 192.301 -368.367 -580.596 192.301 -379.407 -580.538 178.348 -368.367 -580.538 178.348 -379.407 -568.426 171.422 -368.367 -568.426 171.422 -379.407 -556.371 178.448 -368.367 -556.371 178.448 -366.757 -515.6651 186.699 -386.48 -520.198 190.455 -366.757 -518.15 195.974 -386.48 -530.458 200.716 -366.757 -524.94 202.763 -366.757 -534.2141 205.248 -386.48 -544.474 196.96 -366.757 -543.488 202.763 -366.757 -550.277 195.974 -386.48 -548.23 182.944 -366.757 -552.762 186.699 -366.757 -550.277 177.425 -386.48 -537.9691 172.683 -366.757 -543.488 170.636 -366.757 -534.2141 168.151 -386.48 -523.953 176.439 -366.757 -524.94 170.636 -366.757 -518.15 177.425 -398.091 -528.974 188.104 -398.091 -532.81 191.939 -398.091 -538.05 190.535 -398.091 -539.4541 185.295 -398.091 -535.6181 181.459 -398.091 -530.3781 182.864 379.407 615.356 163.031 379.407 618.224 149.376 368.367 618.224 149.376 368.367 615.356 163.031 379.407 602.0971 167.375 368.367 602.0971 167.375 379.407 591.705 158.064 368.367 591.705 158.064 379.407 594.572 144.409 368.367 594.572 144.409 379.407 607.832 140.065 368.367 607.832 140.065 379.407 651.046 178.915 379.407 656.7111 166.163 368.367 656.7111 166.163 368.367 651.046 178.915 379.407 637.171 180.385 368.367 637.171 180.385 379.407 628.96 169.103 368.367 628.96 169.103 379.407 634.625 156.352 368.367 634.625 156.352 379.407 648.5 154.882 368.367 648.5 154.882 379.407 647.03 220.534 379.407 655.24 209.253 368.367 655.24 209.253 368.367 647.03 220.534 379.407 633.155 219.065 368.367 633.155 219.065 379.407 627.49 206.314 368.367 627.49 206.314 379.407 635.7 195.032 368.367 635.7 195.032 379.407 649.575 196.502 368.367 649.575 196.502 379.407 605.613 232.446 379.407 615.911 223.031 368.367 615.911 223.031 368.367 605.613 232.446 379.407 592.311 228.235 368.367 592.311 228.235 379.407 589.306 214.609 368.367 589.306 214.609 379.407 599.604 205.194 368.367 599.604 205.194 379.407 612.906 209.405 368.367 612.906 209.405 379.407 580.087 199.328 379.407 592.199 192.401 368.367 592.199 192.401 368.367 580.087 199.328 379.407 568.0321 192.301 368.367 568.0321 192.301 379.407 568.09 178.348 368.367 568.09 178.348 379.407 580.202 171.422 368.367 580.202 171.422 379.407 592.257 178.448 368.367 592.257 178.448 366.757 632.963 186.699 366.757 630.478 195.974 386.48 628.43 190.455 366.757 623.689 202.763 386.48 618.17 200.716 366.757 614.414 205.248 366.757 605.14 202.763 386.48 604.1541 196.96 366.757 598.351 195.974 366.757 595.866 186.699 386.48 600.398 182.944 366.757 598.351 177.425 366.757 605.14 170.636 386.48 610.6591 172.683 366.757 614.414 168.151 366.757 623.689 170.636 386.48 624.6751 176.439 366.757 630.478 177.425 398.091 615.8181 191.939 398.091 619.6541 188.104 398.091 610.578 190.535 398.091 609.174 185.295 398.091 613.01 181.459 398.091 618.25 182.864 -379.407 615.356 163.031 -368.367 615.356 163.031 -368.367 618.224 149.376 -379.407 618.224 149.376 -379.407 602.0971 167.375 -368.367 602.0971 167.375 -379.407 591.705 158.064 -368.367 591.705 158.064 -379.407 594.572 144.409 -368.367 594.572 144.409 -379.407 607.832 140.065 -368.367 607.832 140.065 -379.407 651.046 178.915 -368.367 651.046 178.915 -368.367 656.7111 166.163 -379.407 656.7111 166.163 -379.407 637.171 180.385 -368.367 637.171 180.385 -379.407 628.96 169.103 -368.367 628.96 169.103 -379.407 634.625 156.352 -368.367 634.625 156.352 -379.407 648.5 154.882 -368.367 648.5 154.882 -379.407 647.03 220.534 -368.367 647.03 220.534 -368.367 655.24 209.253 -379.407 655.24 209.253 -379.407 633.155 219.065 -368.367 633.155 219.065 -379.407 627.49 206.314 -368.367 627.49 206.314 -379.407 635.7 195.032 -368.367 635.7 195.032 -379.407 649.575 196.502 -368.367 649.575 196.502 -379.407 605.613 232.446 -368.367 605.613 232.446 -368.367 615.911 223.031 -379.407 615.911 223.031 -379.407 592.311 228.235 -368.367 592.311 228.235 -379.407 589.306 214.609 -368.367 589.306 214.609 -379.407 599.604 205.194 -368.367 599.604 205.194 -379.407 612.906 209.405 -368.367 612.906 209.405 -379.407 580.087 199.328 -368.367 580.087 199.328 -368.367 592.199 192.401 -379.407 592.199 192.401 -379.407 568.0321 192.301 -368.367 568.0321 192.301 -379.407 568.09 178.348 -368.367 568.09 178.348 -379.407 580.202 171.422 -368.367 580.202 171.422 -379.407 592.257 178.448 -368.367 592.257 178.448 -366.757 632.963 186.699 -386.48 628.43 190.455 -366.757 630.478 195.974 -386.48 618.17 200.716 -366.757 623.689 202.763 -366.757 614.414 205.248 -386.48 604.1541 196.96 -366.757 605.14 202.763 -366.757 598.351 195.974 -386.48 600.398 182.944 -366.757 595.866 186.699 -366.757 598.351 177.425 -386.48 610.6591 172.683 -366.757 605.14 170.636 -366.757 614.414 168.151 -386.48 624.6751 176.439 -366.757 623.689 170.636 -366.757 630.478 177.425 -398.091 619.6541 188.104 -398.091 615.8181 191.939 -398.091 610.578 190.535 -398.091 609.174 185.295 -398.091 613.01 181.459 -398.091 618.25 182.864 218.687 -200.205 431.306 214.879 -190.806 422.199 179.437 -204.59 421.413 182.623 -215.343 432.647 182.623 -215.343 432.647 140.735 -225.422 433.603 147.375 -248.552 410.783 189.996 -236.189 411.676 140.735 -225.422 433.603 138.512 -214.394 421.354 97.5864 -224.199 421.295 98.8479 -235.5 434.559 98.8479 -235.5 434.559 49.4239 -238.06 435.883 52.3771 -264.229 409.163 104.754 -260.915 409.891 322.596 -156.942 429.426 288.674 -171.005 429.695 295.838 -191.697 406.247 331.425 -174.062 403.77 254.751 -185.067 429.965 288.674 -171.005 429.695 284.669 -162.38 423.152 250.322 -177.022 422.985 225.123 -222.761 410.2 218.687 -200.205 431.306 48.7932 -226.729 422.637 49.4239 -238.06 435.883 -179.437 -204.59 421.413 -214.879 -190.806 422.199 -218.687 -200.205 431.306 -182.623 -215.343 432.647 -147.375 -248.552 410.783 -140.735 -225.422 433.603 -182.623 -215.343 432.647 -189.996 -236.189 411.676 -97.5864 -224.199 421.295 -138.512 -214.394 421.354 -140.735 -225.422 433.603 -98.8479 -235.5 434.559 -98.8479 -235.5 434.559 -104.754 -260.915 409.891 -52.3771 -264.229 409.163 -49.4239 -238.06 435.883 -322.596 -156.942 429.426 -331.425 -174.062 403.77 -295.838 -191.697 406.247 -288.674 -171.005 429.695 -284.669 -162.38 423.152 -288.674 -171.005 429.695 -254.751 -185.067 429.965 -250.322 -177.022 422.985 -218.687 -200.205 431.306 -225.123 -222.761 410.2 -49.4239 -238.06 435.883 -48.7932 -226.729 422.637 62.2168 -179.631 498.306 98.4243 -191.267 481.533 68.9462 -172.705 504.422 99.0417 -160.029 511.46 88.1335 -162.492 511.276 109.919 -159.439 509.571 135.386 -169.376 492.577 128.856 -164.31 499.732 139.534 -175.713 484.572 134.906 -198.326 460.541 139.284 -190.796 467.88 128.177 -205.252 454.425 98.0811 -217.928 447.387 108.99 -215.465 447.571 87.20401 -218.518 449.276 61.7365 -208.581 466.269 68.26701 -213.647 459.114 57.5887 -202.245 474.275 57.839 -187.161 490.967 78.0675 -167.095 508.52 119.879 -161.235 505.246 140.372 -183.119 476.15 119.056 -210.862 450.327 77.2441 -216.722 453.6 56.7502 -194.838 482.697 60.6288 -174.972 494.592 67.4771 -167.924 500.816 76.7593 -162.214 504.986 87.0028 -157.531 507.791 98.1036 -155.024 507.978 109.172 -154.424 506.056 119.308 -156.251 501.655 128.444 -159.38 496.044 135.089 -164.536 488.762 139.31 -170.984 480.616 140.163 -178.521 472.045 139.056 -186.334 463.629 134.601 -193.996 456.161 127.753 -201.044 449.937 118.471 -206.754 445.767 108.227 -211.438 442.962 97.12601 -213.945 442.774 86.0569 -214.545 444.697 75.9214 -212.717 449.097 66.7858 -209.588 454.709 60.14 -204.432 461.99 55.9192 -197.984 470.137 55.0657 -190.447 478.708 56.1739 -182.634 487.124 -62.2168 -179.631 498.306 -68.9462 -172.705 504.422 -98.4243 -191.267 481.533 -99.0417 -160.029 511.46 -88.1335 -162.492 511.276 -109.919 -159.439 509.571 -135.386 -169.376 492.577 -128.856 -164.31 499.732 -139.534 -175.713 484.572 -134.906 -198.326 460.541 -139.284 -190.796 467.88 -128.177 -205.252 454.425 -98.0811 -217.928 447.387 -108.99 -215.465 447.571 -87.20401 -218.518 449.276 -61.7365 -208.581 466.269 -68.26701 -213.647 459.114 -57.5887 -202.245 474.275 -57.839 -187.161 490.967 -78.0675 -167.095 508.52 -119.879 -161.235 505.246 -140.372 -183.119 476.15 -119.056 -210.862 450.327 -77.2441 -216.722 453.6 -56.7502 -194.838 482.697 -60.6288 -174.972 494.592 -67.4771 -167.924 500.816 -76.7593 -162.214 504.986 -87.0028 -157.531 507.791 -98.1036 -155.024 507.978 -109.172 -154.424 506.056 -119.308 -156.251 501.655 -128.444 -159.38 496.044 -135.089 -164.536 488.762 -139.31 -170.984 480.616 -140.163 -178.521 472.045 -139.056 -186.334 463.629 -134.601 -193.996 456.161 -127.753 -201.044 449.937 -118.471 -206.754 445.767 -108.227 -211.438 442.962 -97.12601 -213.945 442.774 -86.0569 -214.545 444.697 -75.9214 -212.717 449.097 -66.7858 -209.588 454.709 -60.14 -204.432 461.99 -55.9192 -197.984 470.137 -55.0657 -190.447 478.708 -56.1739 -182.634 487.124 160.688 -225.079 422.036 96.7845 -51.7014 596.2921 80.3438 -238.227 420.95 245.534 -193.652 418.685 170.729 -34.9288 590.874 236.082 -32.266 581.3861 325.347 -152.868 422.604 0 -59.2129 599.828 0 -247.392 421.325 -160.688 -225.079 422.036 -80.3438 -238.227 420.95 -96.7845 -51.7014 596.2921 -245.534 -193.652 418.685 -170.729 -34.9288 590.874 -236.082 -32.266 581.3861 -325.347 -152.868 422.604 -2.33189 1057 522.7821 -4.80219 1054.67 514.074 3.3e-5 1050.03 515.317 3.3e-5 1054.75 523.3861 3.3e-5 1054.75 523.3861 3.3e-5 1050.03 515.317 4.80226 1054.67 514.074 2.33196 1057 522.7821 3.3e-5 1059.31 512.8311 3.3e-5 1059.26 522.179 3.3e-5 1059.18 539.902 -2.33189 1061.43 539.299 2.33196 1061.43 539.299 3.3e-5 1059.18 539.902 3.3e-5 1063.68 538.695 -5.19e-4 1072.54 542.422 -0.02985996 1072.49 547.5631 4.27521 1071.86 545.195 4.30453 1070.58 540.41 0.02881795 1069.93 537.992 -4.27623 1070.56 540.361 -4.30557 1071.85 545.146 -0.05524599 1067.5 553.343 7.97811 1066.32 548.924 8.03282 1063.92 539.994 0.054214 1062.71 535.484 -7.97912 1063.9 539.903 -8.033861 1066.29 548.832 -0.05478894 1057.56 556.6781 8.555311 1056.29 551.942 8.61395 1053.72 542.371 0.06253498 1052.43 537.5371 -8.5476 1053.7 542.273 -8.60624 1056.26 551.8441 3.3e-5 1032.78 457.377 -4.8022 1037.42 456.134 4.80226 1037.42 456.134 3.3e-5 1032.78 457.377 3.3e-5 1042.06 454.891 3.3e-5 1032.83 448.029 -2.33189 1035.09 447.426 2.33196 1035.09 447.426 3.3e-5 1032.83 448.029 3.3e-5 1037.34 446.822 3.3e-5 1028.41 431.513 -2.33189 1030.66 430.909 2.33196 1030.66 430.909 3.3e-5 1028.41 431.513 3.3e-5 1032.91 430.306 1.5e-5 1038.72 422.65 4.29944 1036.76 420.628 0.01800698 1036.11 418.22 4.28143 1038.04 425.413 -0.01799595 1038.67 427.791 -4.29943 1038.03 425.383 -4.28144 1036.75 420.598 8.02286 1030.1 420.204 0.03359395 1028.9 415.711 7.98926 1032.49 429.134 -0.03358596 1033.68 433.571 -8.02285 1032.48 429.078 -7.98927 1030.08 420.148 8.59887 1022.5 421.901 0.03600394 1021.21 417.085 8.56285 1025.06 431.471 -0.03600096 1026.33 436.226 -8.59887 1025.04 431.411 -8.56288 1022.48 421.84 148.476 1057 522.7821 146.006 1054.67 514.074 150.808 1050.03 515.317 150.808 1054.75 523.3861 150.808 1054.75 523.3861 150.808 1050.03 515.317 155.61 1054.67 514.074 153.14 1057 522.7821 150.808 1059.31 512.8311 150.808 1059.26 522.179 150.808 1059.18 539.902 148.476 1061.43 539.299 153.14 1061.43 539.299 150.808 1059.18 539.902 150.808 1063.68 538.695 150.807 1072.54 542.422 150.778 1072.49 547.5631 155.083 1071.86 545.195 155.112 1070.58 540.41 150.837 1069.93 537.992 146.532 1070.56 540.361 146.502 1071.85 545.146 150.753 1067.5 553.343 158.786 1066.32 548.924 158.841 1063.92 539.994 150.862 1062.71 535.484 142.829 1063.9 539.903 142.774 1066.29 548.832 150.753 1057.56 556.6781 159.363 1056.29 551.942 159.422 1053.72 542.371 150.87 1052.43 537.5371 142.26 1053.7 542.273 142.202 1056.26 551.8441 150.808 1033.08 457.76 146.006 1037.72 456.517 155.61 1037.72 456.517 150.808 1033.08 457.76 150.808 1042.36 455.274 150.808 1033.13 448.413 148.476 1035.39 447.809 153.14 1035.39 447.809 150.808 1033.13 448.413 150.808 1037.64 447.205 150.808 1028.71 431.896 148.476 1030.96 431.293 153.14 1030.96 431.293 150.808 1028.71 431.896 150.808 1033.21 430.689 150.808 1039.02 423.033 155.107 1037.06 421.011 150.826 1036.41 418.603 155.089 1038.34 425.797 150.79 1038.97 428.174 146.508 1038.33 425.766 146.526 1037.05 420.981 158.831 1030.4 420.588 150.841 1029.2 416.095 158.797 1032.79 429.517 150.774 1033.98 433.954 142.785 1032.78 429.461 142.818 1030.38 420.531 159.407 1022.8 422.284 150.844 1021.51 417.468 159.371 1025.36 431.855 150.772 1026.63 436.61 142.209 1025.34 431.794 142.245 1022.78 422.224 297.686 1057 522.7821 295.216 1054.67 514.074 300.018 1050.03 515.317 300.018 1054.75 523.3861 300.018 1054.75 523.3861 300.018 1050.03 515.317 304.82 1054.67 514.074 302.35 1057 522.7821 300.018 1059.31 512.8311 300.018 1059.26 522.179 300.018 1059.18 539.902 297.686 1061.43 539.299 302.35 1061.43 539.299 300.018 1059.18 539.902 300.018 1063.68 538.695 300.017 1072.54 542.422 299.988 1072.49 547.5631 304.293 1071.86 545.195 304.322 1070.58 540.41 300.047 1069.93 537.992 295.741 1070.56 540.361 295.712 1071.85 545.146 299.962 1067.5 553.343 307.996 1066.32 548.924 308.051 1063.92 539.994 300.072 1062.71 535.484 292.039 1063.9 539.903 291.984 1066.29 548.832 299.963 1057.56 556.6781 308.573 1056.29 551.942 308.632 1053.72 542.371 300.08 1052.43 537.5371 291.47 1053.7 542.273 291.411 1056.26 551.8441 300.018 1038.56 485.896 295.216 1043.2 484.653 304.82 1043.2 484.653 300.018 1038.56 485.896 300.018 1047.84 483.41 300.018 1038.61 476.548 297.686 1040.87 475.944 302.35 1040.87 475.944 300.018 1038.61 476.548 300.018 1043.12 475.341 300.018 1034.19 460.031 297.686 1036.44 459.428 302.35 1036.44 459.428 300.018 1034.19 460.031 300.018 1038.69 458.824 300.018 1044.5 451.168 304.317 1042.54 449.147 300.036 1041.89 446.739 304.299 1043.82 453.932 300 1044.46 456.31 295.718 1043.81 453.902 295.736 1042.53 449.116 308.041 1035.88 448.723 300.051 1034.68 444.23 308.007 1038.27 457.653 299.984 1039.46 462.089 291.995 1038.26 457.596 292.028 1035.87 448.667 308.617 1028.28 450.419 300.054 1026.99 445.604 308.581 1030.84 459.99 299.982 1032.11 464.745 291.419 1030.82 459.93 291.455 1028.26 450.359 -148.476 1057 522.7821 -150.808 1054.75 523.3861 -150.808 1050.03 515.317 -146.006 1054.67 514.074 -150.808 1054.75 523.3861 -153.14 1057 522.7821 -155.61 1054.67 514.074 -150.808 1050.03 515.317 -150.808 1059.26 522.179 -150.808 1059.31 512.8311 -150.808 1059.18 539.902 -148.476 1061.43 539.299 -153.14 1061.43 539.299 -150.808 1059.18 539.902 -150.808 1063.68 538.695 -150.807 1072.54 542.422 -155.083 1071.86 545.195 -150.778 1072.49 547.5631 -155.112 1070.58 540.41 -150.837 1069.93 537.992 -146.532 1070.56 540.361 -146.502 1071.85 545.146 -158.786 1066.32 548.924 -150.753 1067.5 553.343 -158.841 1063.92 539.994 -150.862 1062.71 535.484 -142.829 1063.9 539.903 -142.774 1066.29 548.832 -159.363 1056.29 551.942 -150.753 1057.56 556.6781 -159.422 1053.72 542.371 -150.87 1052.43 537.5371 -142.26 1053.7 542.273 -142.202 1056.26 551.8441 -150.808 1033.08 457.76 -146.006 1037.72 456.517 -155.61 1037.72 456.517 -150.808 1033.08 457.76 -150.808 1042.36 455.274 -150.808 1033.13 448.413 -148.476 1035.39 447.809 -153.14 1035.39 447.809 -150.808 1033.13 448.413 -150.808 1037.64 447.205 -150.808 1028.71 431.896 -148.476 1030.96 431.293 -153.14 1030.96 431.293 -150.808 1028.71 431.896 -150.808 1033.21 430.689 -150.808 1039.02 423.033 -150.826 1036.41 418.603 -155.107 1037.06 421.011 -155.089 1038.34 425.797 -150.79 1038.97 428.174 -146.508 1038.33 425.766 -146.526 1037.05 420.981 -150.841 1029.2 416.095 -158.831 1030.4 420.588 -158.797 1032.79 429.517 -150.774 1033.98 433.954 -142.785 1032.78 429.461 -142.818 1030.38 420.531 -150.844 1021.51 417.468 -159.407 1022.8 422.284 -159.371 1025.36 431.855 -150.772 1026.63 436.61 -142.209 1025.34 431.794 -142.245 1022.78 422.224 -297.686 1057 522.7821 -300.018 1054.75 523.3861 -300.018 1050.03 515.317 -295.216 1054.67 514.074 -300.018 1054.75 523.3861 -302.35 1057 522.7821 -304.82 1054.67 514.074 -300.018 1050.03 515.317 -300.018 1059.26 522.179 -300.018 1059.31 512.8311 -300.018 1059.18 539.902 -297.686 1061.43 539.299 -302.35 1061.43 539.299 -300.018 1059.18 539.902 -300.018 1063.68 538.695 -300.017 1072.54 542.422 -304.293 1071.86 545.195 -299.988 1072.49 547.5631 -304.322 1070.58 540.41 -300.047 1069.93 537.992 -295.741 1070.56 540.361 -295.712 1071.85 545.146 -307.996 1066.32 548.924 -299.962 1067.5 553.343 -308.051 1063.92 539.994 -300.072 1062.71 535.484 -292.039 1063.9 539.903 -291.984 1066.29 548.832 -308.573 1056.29 551.942 -299.963 1057.56 556.6781 -308.632 1053.72 542.371 -300.08 1052.43 537.5371 -291.47 1053.7 542.273 -291.411 1056.26 551.8441 -300.018 1038.56 485.896 -295.216 1043.2 484.653 -304.82 1043.2 484.653 -300.018 1038.56 485.896 -300.018 1047.84 483.41 -300.018 1038.61 476.548 -297.686 1040.87 475.944 -302.35 1040.87 475.944 -300.018 1038.61 476.548 -300.018 1043.12 475.341 -300.018 1034.19 460.031 -297.686 1036.44 459.428 -302.35 1036.44 459.428 -300.018 1034.19 460.031 -300.018 1038.69 458.824 -300.018 1044.5 451.168 -300.036 1041.89 446.739 -304.317 1042.54 449.147 -304.299 1043.82 453.932 -300 1044.46 456.31 -295.718 1043.81 453.902 -295.736 1042.53 449.116 -300.051 1034.68 444.23 -308.041 1035.88 448.723 -308.007 1038.27 457.653 -299.984 1039.46 462.089 -291.995 1038.26 457.596 -292.028 1035.87 448.667 -300.054 1026.99 445.604 -308.617 1028.28 450.419 -308.581 1030.84 459.99 -299.982 1032.11 464.745 -291.419 1030.82 459.93 -291.455 1028.26 450.359 45.2386 -605.9691 240.811 280.263 -546.5161 171.231 280.263 -554.4981 204.319 45.2386 -613.9511 273.898 45.2386 -582.389 273.898 280.263 -520.91 204.319 280.263 -546.5161 171.231 45.2386 -605.9691 240.811 45.2386 -613.9511 273.898 280.263 -554.4981 204.319 280.263 -520.91 204.319 45.2386 -582.389 273.898 45.2387 -453.779 240.811 45.2387 -437.998 273.898 280.263 -493.419 205.538 280.263 -510.214 172.451 45.2387 -469.561 273.898 45.2387 -453.779 240.811 280.263 -510.214 172.451 280.263 -527.008 205.538 45.2387 -437.998 273.898 45.2387 -469.561 273.898 280.263 -527.008 205.538 280.263 -493.419 205.538 45.2386 -544.4411 117.126 45.2386 -508.93 117.126 280.263 -512.252 147.965 280.263 -547.763 147.965 45.2386 -515.712 143.406 280.263 -519.034 162.667 280.263 -512.252 147.965 45.2386 -508.93 117.126 45.2386 -537.659 143.406 280.263 -540.981 162.667 280.263 -519.034 162.667 45.2386 -515.712 143.406 45.2388 544.054 240.811 280.263 603.507 171.231 280.263 595.525 204.319 45.2388 536.072 273.898 45.2388 567.634 273.898 280.263 629.113 204.319 280.263 603.507 171.231 45.2388 544.054 240.811 45.2388 536.072 273.898 280.263 595.525 204.319 280.263 629.113 204.319 45.2388 567.634 273.898 45.2389 696.244 240.811 45.2389 712.025 273.898 280.263 657.0761 205.745 280.263 640.0371 172.551 45.2389 680.462 273.898 45.2389 696.244 240.811 280.263 640.0371 172.551 280.263 623.015 205.538 45.2389 712.025 273.898 45.2389 680.462 273.898 280.263 623.015 205.538 280.263 657.0761 205.745 45.2388 605.582 117.126 45.2388 641.093 117.126 280.263 638.014 148.072 280.263 602.26 147.965 45.2388 634.311 143.406 280.263 631.046 162.692 45.2388 612.364 143.406 280.263 609.0421 162.667 280.263 631.046 162.692 45.2388 634.311 143.406 45.2388 605.582 117.126 280.263 602.26 147.965 428.191 -517.7221 398.43 268.867 -391.457 334.314 434.182 -372.316 360.582 396.62 -739.832 125.376 253.7 -736.5921 161.21 416.228 -744.0061 187.969 256.641 -358.156 77.7675 256.66 -327.516 161.21 240.281 -735.023 52.1518 432.981 -308.84 147.26 443.642 -321.829 239.053 253.701 -658.929 320.798 419.134 -694.341 337.821 425.343 -733.8991 261.332 262.242 -528.3081 367.529 419.235 -619.559 388.836 421 -318.757 53.9461 352.745 -737.764 82.4379 449.741 605.338 401.917 245.757 736.499 294.907 452.658 721.158 381.705 219.824 412.614 163.192 437.409 388.74 181.716 421.782 383.922 106.48 217.943 406.168 97.7782 225.81 839.0451 175.02 225.947 793.106 210.96 450.354 809.684 274.847 456.274 790.356 334.612 251.246 487.41 277.914 442.46 429.31 307.347 239.981 618.362 312.742 447.9 506.499 374.065 379.412 826.5761 170.176 429.87 828.8181 215.68 421 -318.757 53.9461 256.641 -358.156 77.7675 238.074 167.546 69.9695 421.402 154.697 56.6648 0 -754.4951 50.5507 0 259.908 82.343 217.943 406.168 97.7782 0.006763994 839.476 174.012 225.81 839.0451 175.02 421.782 383.922 106.48 421.17 247.143 97.3173 -0.006024956 926.212 273.241 240.281 -735.023 52.1518 329.06 844.48 181.924 328.377 913.5651 260.956 179.658 858.79 226.12 179.658 834.77 226.12 179.658 671.369 140.386 179.658 858.79 140.386 10e-7 671.369 140.386 10e-7 858.79 140.386 179.658 671.369 140.386 10e-7 858.79 226.12 -45.2386 -605.9691 240.811 -45.2386 -613.9511 273.898 -280.263 -554.4981 204.319 -280.263 -546.5161 171.231 -45.2386 -582.389 273.898 -45.2386 -605.9691 240.811 -280.263 -546.5161 171.231 -280.263 -520.91 204.319 -45.2386 -613.9511 273.898 -45.2386 -582.389 273.898 -280.263 -520.91 204.319 -280.263 -554.4981 204.319 -45.2387 -453.779 240.811 -280.263 -510.214 172.451 -280.263 -493.419 205.538 -45.2387 -437.998 273.898 -45.2387 -469.561 273.898 -280.263 -527.008 205.538 -280.263 -510.214 172.451 -45.2387 -453.779 240.811 -45.2387 -437.998 273.898 -280.263 -493.419 205.538 -280.263 -527.008 205.538 -45.2387 -469.561 273.898 -45.2386 -544.4411 117.126 -280.263 -547.763 147.965 -280.263 -512.252 147.965 -45.2386 -508.93 117.126 -45.2386 -515.712 143.406 -45.2386 -508.93 117.126 -280.263 -512.252 147.965 -280.263 -519.034 162.667 -45.2386 -537.659 143.406 -45.2386 -515.712 143.406 -280.263 -519.034 162.667 -280.263 -540.981 162.667 -45.2388 544.054 240.811 -45.2388 536.072 273.898 -280.263 595.525 204.319 -280.263 603.507 171.231 -45.2388 567.634 273.898 -45.2388 544.054 240.811 -280.263 603.507 171.231 -280.263 629.113 204.319 -45.2388 536.072 273.898 -45.2388 567.634 273.898 -280.263 629.113 204.319 -280.263 595.525 204.319 -45.2389 696.244 240.811 -280.263 640.0371 172.551 -280.263 657.0761 205.745 -45.2389 712.025 273.898 -45.2389 680.462 273.898 -280.263 623.015 205.538 -280.263 640.0371 172.551 -45.2389 696.244 240.811 -45.2389 712.025 273.898 -280.263 657.0761 205.745 -280.263 623.015 205.538 -45.2389 680.462 273.898 -45.2388 605.582 117.126 -280.263 602.26 147.965 -280.263 638.014 148.072 -45.2388 641.093 117.126 -45.2388 634.311 143.406 -280.263 631.046 162.692 -45.2388 612.364 143.406 -45.2388 634.311 143.406 -280.263 631.046 162.692 -280.263 609.0421 162.667 -45.2388 605.582 117.126 -280.263 602.26 147.965 -428.191 -517.7221 398.43 -432.676 -372.316 360.582 -268.867 -391.457 334.314 -414.757 -743.2661 187.705 -420.696 -741.2321 264.112 -253.7 -736.5921 161.21 -256.641 -358.156 77.7675 -240.281 -735.023 52.1518 -256.66 -327.516 161.21 -443.642 -321.829 239.053 -432.981 -308.84 147.26 -253.701 -658.929 320.798 -419.134 -694.341 337.821 -262.242 -528.3081 367.529 -419.235 -619.559 388.836 -421 -318.757 53.9461 -354.53 -737.764 83.6112 -390.694 -744.504 124.116 -449.033 605.338 401.917 -452.876 721.158 381.705 -245.512 736.187 294.185 -219.824 412.614 163.192 -217.943 406.168 97.7782 -421.782 383.922 106.48 -437.409 388.74 181.716 -225.835 840.533 173.72 -225.947 793.106 210.96 -451.123 809.5941 274.758 -429.87 828.8181 215.68 -251.246 487.41 277.914 -446.698 429.31 307.347 -239.981 618.362 312.742 -447.9 506.499 374.065 -379.412 826.5761 170.176 -421 -318.757 53.9461 -421.402 154.697 56.6648 -238.074 167.546 69.9695 -256.641 -358.156 77.7675 -217.943 406.168 97.7782 -225.835 840.533 173.72 -421.17 247.143 97.3173 -421.782 383.922 106.48 -240.281 -735.023 52.1518 -329.018 846.647 180.029 -328.376 915.728 259.065 -179.658 858.79 226.12 -179.658 858.79 140.386 -179.658 671.369 140.386 -179.658 834.77 226.12 -179.658 671.369 140.386 -455.319 790.356 334.612 0 -875.402 334.026 0 -908.16 304.889 62.0064 -906.5731 303.674 63.6941 -875.069 332.598 140.983 -909.7321 261.985 129.212 -910.4061 230.643 173.67 -899.2421 225.586 199.488 -897.2011 250.444 226.787 -881.6821 177.068 237.242 -881.009 199.206 197.449 -885.6781 206.612 188.13 -886.8721 197.259 60.0989 -907.6151 129.888 152.082 -893.5861 137.94 137.292 -899.6851 182.476 57.0104 -911.7241 174.605 0 -870.793 62.8276 62.889 -867.79 63.1914 62.0065 -886.0471 83.2261 0 -889.3331 82.5138 63.3326 -805.161 360.465 0 -813.8181 359.28 155.47 -899.991 294.152 165.558 -871.7321 325.864 0 -736.106 45.862 118.747 -733.3731 46.3134 291.14 -858.8931 148.864 266.6 -853.2551 109.057 302.988 -834.2971 103.256 324.011 -840.1461 142.191 397.764 -789.8551 194.696 422.682 -735.1151 181.935 431.414 -732.653 240.148 407.382 -783.738 259.132 359.978 -725.585 79.2722 401.55 -730.317 121.463 379.203 -786.5521 133.159 346.66 -790.3361 91.5705 440.818 -589.304 378.223 443.378 -526.0681 382.537 415.005 -527.682 416.851 412.152 -603.509 408.848 447.937 -458.321 367.743 417.339 -432.487 412.282 453.101 -360.548 285.278 442.997 -245.693 308.624 422.671 -304.591 384.272 452.099 -402.43 334.436 444.959 -332.886 210.948 445.103 -217.983 218.146 433.364 -322.681 118.55 437.519 -208.384 125.117 427.399 -321.118 68.7067 429.275 -207.442 69.9349 420.037 -320.985 41.8023 420.705 -213.722 40.1868 434.722 -135.604 125.947 440.098 -140.049 226.174 435.008 402.814 134.286 446.638 418.651 234.748 438.204 299.224 243.462 434.093 296.838 133.146 450.418 450.885 305.436 434.508 324.198 339.389 431.601 511.662 439.094 419.783 371.248 409.569 453.107 490.973 348.745 456.169 539.1361 373.651 457.995 628.7711 386.253 460.622 706.595 373.018 436.251 727.3781 454.113 434.455 619.837 453.9 461.856 756.9141 342.45 456.99 795.6411 292.601 451.958 867.06 346.077 439.037 821.3571 435.474 444.239 815.259 234.129 420.098 820.017 182.742 414.211 901.0811 225.487 440.742 891.046 272.947 420.098 820.017 182.742 373.133 818.8281 156.924 367.308 906.0161 206.854 414.211 901.0811 225.487 330.159 816.4851 135.52 322.465 908.4931 182.298 433.245 194.132 240.399 432.405 207.469 117.112 428.362 -135.1 70.2651 428.466 299.803 92.0573 424.641 399.998 99.4274 425.477 209.465 339.939 424.336 84.1663 332.306 434.209 76.1968 236.613 281.861 -822.9171 73.5616 272.296 -726.418 51.0244 182.161 -850.63 67.3888 341.923 -842.312 208.729 355.601 -815.213 137.422 374.157 -817.267 202.105 232.165 -884.8471 280.542 262.121 -871.257 158.482 274.279 -873.3831 210.413 168.196 -872.244 91.8408 0 -910.1781 129.208 0 -911.962 172.961 56.8345 -919.1311 266.8 52.5536 -919.546 231.839 207.465 -884.0131 157.243 174.952 -890.0531 190.734 306.223 -861.575 211.528 337.104 -811.9331 101.956 238.99 -868.986 125.01 223.197 -888.936 237.505 189.23 -892.2061 220.779 197.172 -887.87 214.783 235.984 -883.304 220.367 435.315 -713.2451 291.29 410.17 -758.931 315.426 382.802 -810.043 261.176 350.08 -843.7421 274.259 298.84 -864.92 277.305 259.174 -879.1051 258.004 432.535 71.8325 128.955 433.81 -46.3428 126.703 428.024 -45.9152 69.2815 426.935 69.0718 69.0177 428.02 -47.7535 326.489 434.519 -152.146 320.514 436.841 -46.3702 231.309 171.525 -881.3291 214.955 175.83 -877.8671 213.213 168.869 -875.2761 204.113 175.727 -875.322 209.545 121.611 -898.218 219.483 160.693 -886.5681 216.813 159.634 -877.1831 200.038 56.5384 -895.5341 185.413 131.178 -884.9191 193.488 51.3979 -908.272 218.564 0 -920.5111 231.256 0 -909.186 217.595 329.026 -637.0241 418.299 272.249 -665.449 409.603 293.055 -770.9091 385.075 341.884 -742.846 395.478 117.132 -712.9411 386.008 183.262 -822.278 351.774 238.202 -797.2761 373.112 206.427 -685.294 398.66 381.528 -714.9141 386.267 378.221 -615.5971 418.226 330.85 -536.828 430.118 381.207 -530.403 429.352 333.126 -431.844 434.235 268.679 -434.492 426.558 269.483 -546.854 421.789 383.603 -430.975 431.936 194.678 -438.754 423.059 107.627 -444.139 422.704 110.837 -562.319 411.595 198.252 -555.228 415.752 382.292 -307.842 424.381 332.324 -310.586 431.934 408.875 -168.549 386.187 376.787 -175.441 415.344 333.905 -170.965 425.075 404.849 229.672 398.961 400.748 92.0299 389.83 402.039 -50.8967 386.694 265.138 -318.398 427.092 102.617 -263.389 428.697 0 -270.229 430.739 0 -344.856 429 104.846 -337.879 427.091 187.498 -243.967 424.374 190.794 -327.804 425.278 255.659 -193.348 417.67 259.031 -214.029 423.033 316.395 -160.563 419.216 345.986 -57.9675 427.97 375.08 -55.109 412.959 166.44 -59.3522 606.8391 165.073 -51.4495 592.1651 231.599 -40.5514 579.65 241.738 -43.6174 587.332 371.362 243.833 429.823 333.201 237.393 445.244 343.16 97.3432 433.333 373.773 95.0823 416.556 378.833 369.732 448.447 313.577 363.716 467.305 383.867 501.311 475.708 386.072 614.687 488.934 387.392 736.608 494.553 173.125 982.119 459.555 190.686 1029.72 456.027 0 1028.33 450.493 0 981.574 452.316 223.129 1031.82 464.343 221.479 982.0051 469.271 271.133 982.402 478.113 271.826 1033.71 471.94 375.044 1030.12 458.971 327.639 1034.03 473.563 326.419 982.462 482.837 378.522 980.1651 468.819 404.515 1022.02 426.869 414.288 978.6831 429.937 438.8 935.4511 367.477 427.523 978.2781 375.083 424.37 918.1491 434.885 394.14 1018.22 324.988 412.204 1004.53 346.546 423.309 984.051 328.598 399.149 1002.62 300.511 355.942 982.4251 252.646 350.747 1010.57 278.778 399.149 1002.62 300.511 404.725 972.749 271.703 0 1035.55 311.989 241.122 1029.94 314.075 245.216 1012.78 272.51 0 1017.28 269.319 175.518 1006.22 343.246 412.204 1004.53 346.546 394.14 1018.22 324.988 346.888 1025.82 317.263 0 1006.92 343.645 248.485 990.5811 243.169 0 992.9561 245.178 0 944.6741 201.031 131.746 943.738 200.44 431.514 951.913 306.605 404.725 972.749 271.703 404.515 1022.02 426.869 175.518 1006.22 343.246 375.044 1030.12 458.971 285.681 939.2891 197.877 328.395 745.484 503.61 332.493 614.419 499.401 386.817 827.0571 490.671 382.883 911.184 479.464 327.267 830.9611 501.022 326.818 910.866 491.818 131.39 647.74 522.325 0 768.173 491.274 0 656.09 526.111 338.132 502.947 487.296 234.037 98.8927 611.751 231.348 183.576 609.4251 167.895 176.92 626.595 168.078 90.7858 629.5921 92.1519 173.267 634.475 92.2434 87.3803 637.5191 237.22 -18.119 599.8861 235.552 34.4252 609.014 167.471 21.4896 627.632 166.767 -35.0718 619.598 91.9397 16.5079 634.8081 91.5877 -40.4391 625.914 261.364 -0.302599 577.431 261.364 42.1725 582.452 228.72 272.977 600.505 222.211 388.792 583.444 159.166 387.237 596.981 167.013 268.299 616.315 91.7109 266.028 623.93 87.7876 386.587 603.804 258.061 273.167 577.462 259.128 182.914 583.4671 420.793 -136.414 39.8518 421.133 -45.4476 39.7818 117.351 -866.2731 225.689 121.611 -898.218 219.483 51.3979 -908.272 218.564 50.8486 -875.6641 224.223 0 -909.186 217.595 0 -876.392 223.115 0 -791.7971 231.253 155.463 -789.9541 224.006 56.4725 -870.452 167.212 56.5384 -895.5341 185.413 131.178 -884.9191 193.488 130.1 -860.741 178.254 0 -803.5061 141.566 162.272 -791.64 184.292 0 -701.6231 145.064 146.989 -730.5291 177.932 171.525 -881.3291 214.955 166.919 -854.2661 215.342 175.83 -877.8671 213.213 162.037 -851.764 195.494 168.869 -875.2761 204.113 175.727 -875.322 209.545 160.693 -886.5681 216.813 159.634 -877.1831 200.038 144.069 -729.8341 214.792 0 -696.6511 219.859 409.553 -693.109 374.929 437.241 -667.036 343.465 426.019 218.157 61.6279 0 263.757 627.0991 0 169.614 637.91 260.393 100.574 585.9431 421.992 200.521 38.4915 421.051 67.9338 39.339 0 83.9748 641 0 11.5262 637.54 271.826 1033.71 471.94 327.639 1034.03 473.563 246.18 911.056 478.957 245.939 834.483 486.711 257.076 620.6751 503.88 244.625 741.8861 495.745 284.886 504.027 495.203 270.18 493.548 515.95 383.565 -749.1831 350.195 385.601 -783.4511 317.477 272.868 -15.481 556.3991 280.131 32.7622 551.815 281.253 92.6695 552.655 280.276 174.943 549.885 278.431 266.245 546.546 274.05 378.907 534.422 252.362 387.797 562.525 210.263 628.007 516.983 179.057 748.7351 489.972 167.69 916.3911 464.712 428.865 239.586 77.82601 349.283 -807.872 320.981 346.832 -772.1931 374.167 298.432 -801.098 367.795 298.78 -831.309 319.333 239.271 -826.603 358.217 232.165 -884.8471 280.542 235.28 -858.799 320.366 165.558 -871.7321 325.864 155.47 -899.991 294.152 350.08 -843.7421 274.259 298.84 -864.92 277.305 298.432 -801.098 367.795 382.802 -810.043 261.176 385.601 -783.4511 317.477 383.565 -749.1831 350.195 102.166 -237.551 425.296 0 -245.127 427.33 186.78 -221.341 420.372 0 917.489 455.501 416.758 1010.57 381.023 416.758 1010.57 381.023 412.204 1004.53 346.546 190.686 1029.72 456.027 223.129 1031.82 464.343 242.114 499.916 542.023 211.849 493.394 560.671 146.885 494.669 571.4981 0 -563.069 411.332 0 -446.75 423.874 90.8347 -56.0934 598.325 91.4244 -65.0225 612.5861 0 -70.6928 613.887 0 -60.4428 599.346 0 -45.8064 627.785 0 -895.38 183.435 0 -866.574 164.397 0 -728.423 381.246 170.601 843.588 473.505 0 852.4321 468.976 0 497.075 578.322 0 1028.33 450.493 190.686 1029.72 456.027 0 385.938 606.1831 0 -920.366 267.442 0 -895.38 183.435 -63.6941 -875.069 332.598 -62.0064 -906.5731 303.674 -140.983 -909.7321 261.985 -199.488 -897.2011 250.444 -173.67 -899.2421 225.586 -129.212 -910.4061 230.643 -226.787 -881.6821 177.068 -188.13 -886.8721 197.259 -197.449 -885.6781 206.612 -237.242 -881.009 199.206 -60.0989 -907.6151 129.888 -57.0104 -911.7241 174.605 -137.292 -899.6851 182.476 -152.082 -893.5861 137.94 0 -870.793 62.8276 0 -889.3331 82.5138 -62.0065 -886.0471 83.2261 -62.889 -867.79 63.1914 -63.3326 -805.161 360.465 -155.47 -899.991 294.152 -165.558 -871.7321 325.865 0 -736.106 45.862 -118.747 -733.3731 46.3134 -291.14 -858.8931 148.864 -324.011 -840.1461 142.191 -302.988 -834.2971 103.256 -266.6 -853.2551 109.057 -397.764 -789.8551 194.696 -407.382 -783.738 259.132 -431.414 -732.653 240.148 -422.682 -735.1151 181.935 -359.978 -725.585 79.2722 -346.66 -790.3361 91.5705 -379.203 -786.5521 133.159 -401.55 -730.317 121.463 -440.818 -589.304 378.223 -412.152 -603.509 408.848 -415.005 -527.682 416.851 -443.378 -526.0681 382.537 -417.339 -432.487 412.282 -447.937 -458.321 367.743 -453.101 -360.548 285.278 -452.099 -402.43 334.436 -422.671 -304.591 384.272 -442.997 -245.693 308.624 -435.008 402.814 134.286 -434.093 296.838 133.146 -438.204 299.224 243.462 -446.638 418.651 234.748 -434.508 324.198 339.389 -450.418 450.885 305.436 -431.601 511.662 439.094 -456.169 539.1361 373.651 -453.107 490.973 348.745 -419.783 371.248 409.569 -457.995 628.7711 386.253 -434.455 619.837 453.9 -436.251 727.3781 454.113 -460.622 706.595 373.018 -461.856 756.9141 342.45 -439.037 821.3571 435.474 -451.958 867.06 346.077 -456.99 795.6411 292.601 -444.239 815.259 234.129 -440.742 891.046 272.947 -414.211 901.0811 225.487 -420.098 820.017 182.742 -420.098 820.017 182.742 -414.211 901.0811 225.487 -367.308 906.0161 206.854 -373.133 818.8281 156.924 -322.465 899.63 177.583 -330.159 816.4851 135.52 -433.245 194.132 240.399 -432.405 207.469 117.112 -428.466 299.803 92.0573 -424.641 399.998 99.4274 -434.209 76.1968 236.613 -424.336 84.1663 332.306 -425.477 209.465 339.939 -272.296 -726.418 51.0244 -281.861 -822.9171 73.5616 -182.161 -850.63 67.3888 -341.923 -842.312 208.729 -374.157 -817.267 202.105 -355.601 -815.213 137.422 -232.165 -882.29 280.542 -262.121 -871.257 158.482 -274.279 -873.3831 210.413 -168.196 -872.244 91.8408 0 -910.1781 129.208 0 -911.962 172.961 -56.8345 -919.1311 266.8 -52.5536 -919.546 231.839 -207.465 -884.0131 157.243 -174.952 -890.0531 190.734 -306.223 -861.575 211.528 -337.104 -811.9331 101.956 -238.99 -868.986 125.01 -223.197 -888.936 237.505 -235.984 -883.304 220.367 -197.172 -887.87 214.783 -189.23 -892.2061 220.779 -410.17 -758.931 315.426 -435.315 -713.2451 291.29 -382.802 -810.043 261.176 -350.08 -843.7421 274.259 -259.174 -879.1051 258.004 -298.84 -864.4011 277.305 -432.535 71.8325 128.955 -426.935 69.0718 69.0177 -428.024 -45.9152 69.2815 -433.81 -46.3428 126.703 -428.02 -47.7535 326.489 -436.841 -46.3702 231.309 -440.098 -140.049 226.174 -434.519 -152.146 320.514 -175.83 -877.8671 213.213 -171.525 -881.3291 214.955 -168.869 -875.2761 204.113 -175.727 -875.322 209.545 -160.693 -886.5681 216.813 -121.611 -898.218 219.483 -159.634 -877.1831 200.038 -56.5384 -895.5341 185.413 -131.178 -884.9191 193.488 -51.3979 -908.272 218.564 -329.026 -637.0241 418.299 -341.884 -742.846 395.478 -293.055 -770.9091 385.075 -272.249 -665.449 409.603 -117.132 -712.9411 386.008 -206.427 -685.294 398.66 -238.202 -797.2761 373.112 -183.262 -822.278 351.774 -378.221 -615.5971 418.226 -381.528 -714.9141 386.267 -330.85 -536.828 430.118 -381.207 -530.403 429.352 -269.483 -546.854 421.789 -268.679 -434.492 426.558 -333.126 -431.844 434.235 -383.603 -430.975 431.936 -194.678 -438.754 423.059 -198.252 -555.228 415.752 -110.837 -562.319 411.595 -107.627 -444.139 422.704 -332.324 -310.586 431.934 -382.292 -307.842 424.381 -408.875 -168.549 386.187 -333.905 -170.965 425.075 -376.787 -175.441 415.344 -400.748 92.0299 389.83 -404.849 229.672 398.961 -402.039 -50.8967 386.694 -265.138 -318.398 427.092 -102.617 -263.389 428.697 -104.846 -337.879 427.091 -187.498 -243.967 424.374 -190.794 -327.804 425.278 -259.031 -214.029 423.033 -255.659 -193.198 417.974 -316.395 -160.563 419.216 -434.722 -135.604 125.947 -428.362 -135.1 70.2651 -345.986 -57.9675 427.97 -375.08 -55.109 412.959 -165.073 -51.4495 592.1651 -166.44 -59.3522 606.8391 -241.738 -43.6174 587.332 -231.599 -40.5514 579.65 -371.362 243.833 429.823 -373.773 95.0823 416.556 -343.16 97.3432 433.333 -333.201 237.393 445.244 -313.577 363.716 467.305 -378.833 369.732 448.447 -383.867 501.311 475.708 -386.072 614.687 488.934 -387.392 736.608 494.553 -173.125 982.119 459.555 -190.686 1029.72 456.027 -223.129 1031.82 464.343 -271.826 1033.71 471.94 -271.133 982.402 478.113 -221.479 982.0051 469.271 -375.044 1030.12 458.971 -378.522 980.1651 468.819 -326.419 982.462 482.837 -327.639 1034.03 473.563 -404.515 1022.02 426.869 -414.288 978.6831 429.937 -438.8 935.4511 367.477 -424.37 918.1491 434.885 -427.523 978.2781 375.083 -394.14 1018.22 324.988 -399.149 1002.62 300.511 -423.309 984.051 328.598 -412.204 1004.53 346.546 -355.942 982.4251 252.646 -404.725 972.749 271.703 -399.149 1002.62 300.511 -350.747 1010.57 278.778 -245.216 1012.78 272.51 -241.122 1029.94 314.075 -175.518 1006.22 343.246 -346.888 1025.82 317.263 -394.14 1018.22 324.988 -412.204 1004.53 346.546 -248.485 986.7781 247.85 -131.746 943.738 200.44 -431.514 951.913 306.605 -404.725 972.749 271.703 -404.515 1022.02 426.869 -375.044 1030.12 458.971 -175.518 1006.22 343.246 -285.681 939.5521 197.833 -328.395 745.484 503.61 -332.493 614.419 499.401 -386.817 827.0571 490.671 -382.883 911.184 479.464 -327.267 830.9611 501.022 -326.818 910.866 491.818 -131.39 647.74 522.325 -338.132 502.947 487.296 -234.037 98.8927 611.751 -168.078 90.7858 629.5921 -167.895 176.92 626.595 -231.348 183.576 609.4251 -92.1519 173.267 634.475 -92.2434 87.3803 637.5191 -237.22 -18.119 599.8861 -166.767 -35.0718 619.598 -167.471 21.4896 627.632 -235.552 34.4252 609.014 -91.9397 16.5079 634.8081 -91.5877 -40.4391 625.914 -261.364 -0.302599 577.431 -261.364 42.1725 582.452 -228.72 272.977 600.505 -167.013 268.299 616.315 -159.166 387.237 596.981 -222.211 388.792 583.444 -91.7109 266.028 623.93 -87.7876 386.587 603.804 -258.061 273.167 577.462 -259.128 182.914 583.4671 -420.793 -136.414 39.8518 -421.133 -45.4476 39.7818 -117.351 -866.2731 225.689 -50.8486 -875.6641 224.223 -51.3979 -908.272 218.564 -121.611 -898.218 219.483 0 -876.392 223.115 0 -909.186 217.595 -155.463 -789.9541 224.006 0 -791.7971 231.253 -56.4725 -870.452 167.212 -130.1 -860.741 178.254 -131.178 -884.9191 193.488 -56.5384 -895.5341 185.413 0 -803.5061 141.566 -162.272 -791.64 184.292 0 -701.6231 145.064 -146.989 -730.5291 177.932 -171.525 -881.3291 214.955 -175.83 -877.8671 213.213 -166.919 -854.2661 215.342 -162.037 -851.764 195.494 -175.727 -875.322 209.545 -168.869 -875.2761 204.113 -160.693 -886.5681 216.813 -159.634 -877.1831 200.038 -144.069 -729.8341 214.792 0 -696.6511 219.859 -437.241 -667.036 343.465 -409.553 -693.109 374.929 -426.019 218.157 61.6279 -260.393 100.574 585.9431 -421.992 200.521 38.4915 -421.051 67.9338 39.339 -271.826 1033.71 471.94 -327.639 1034.03 473.563 -245.939 834.483 486.711 -246.18 911.056 478.957 -257.076 620.6751 503.88 -244.625 741.8861 495.745 -284.886 504.027 495.203 -270.18 493.548 515.95 -383.565 -749.1831 350.195 -385.601 -783.4511 317.477 -272.868 -15.481 556.3991 -280.131 32.7622 551.815 -281.253 92.6695 552.655 -280.276 174.943 549.885 -278.431 266.245 546.546 -252.362 387.797 562.525 -274.05 378.907 534.422 -210.263 628.007 516.983 -179.057 748.7351 489.972 -167.69 916.3911 464.712 -428.865 239.586 77.82601 -298.427 -800.661 366.603 -346.832 -772.1931 374.167 -349.283 -807.872 320.981 -301.105 -830.79 319.333 -239.27 -826.4671 358.233 -232.165 -882.29 280.542 -155.47 -899.991 294.152 -165.558 -871.7321 325.865 -235.28 -856.103 320.366 -350.08 -843.7421 274.259 -298.84 -864.4011 277.305 -298.427 -800.661 366.603 -385.601 -783.4511 317.477 -382.802 -810.043 261.176 -383.565 -749.1831 350.195 -102.166 -237.551 425.296 -186.78 -221.341 420.372 -416.758 1010.57 381.023 -416.758 1010.57 381.023 -412.204 1004.53 346.546 -223.129 1031.82 464.343 -190.686 1029.72 456.027 -211.849 493.394 560.671 -242.114 499.916 542.023 -146.885 494.669 571.4981 -91.4244 -65.0225 612.5861 -90.7408 -54.6727 596.056 0 -895.38 183.435 0 -866.574 164.397 -170.601 843.588 473.505 -190.686 1029.72 456.027 0 -895.38 183.435 346.832 -772.1931 374.167 239.271 -826.603 358.217 -346.832 -772.1931 374.167 -239.27 -826.4671 358.233 -453.101 -360.548 285.278 -442.997 -245.693 308.624 -445.103 -217.983 218.146 -444.959 -332.886 210.948 -437.519 -208.384 124.248 -433.364 -322.681 118.55 -429.275 -207.442 69.0652 -427.399 -321.118 68.7067 -420.705 -213.722 40.1868 -420.037 -320.985 41.8023 -440.098 -140.049 226.174 -434.722 -135.604 125.947 -428.362 -135.1 70.2651 -434.519 -152.146 320.514 -420.793 -136.414 39.8518 414.127 257.452 27.6989 312.838 207.878 28.3722 314.267 228.138 22.0822 416.706 282.919 21.1888 418.253 241.646 42.2042 311.993 195.357 44.8399 426.71 241.646 60.7191 311.993 195.357 65.1951 436.269 257.451 76.1717 312.838 207.878 81.6628 444.042 282.919 81.1192 314.267 228.138 87.9528 446.9 309.843 73.8528 315.719 248.398 81.6627 443.749 327.264 58.2441 316.773 260.92 65.1951 435.292 327.264 39.7292 316.773 260.92 44.8399 424.821 309.844 25.3519 315.719 248.398 28.3722 416.706 282.919 21.1888 314.267 228.138 22.0822 419.456 283.017 27.1639 417.385 262.497 31.5929 420.698 249.882 43.3362 427.455 249.883 58.1299 435.076 262.497 70.3232 441.323 283.017 75.0389 443.626 305.273 69.77101 441.125 319.028 57.1937 434.368 319.028 42.4001 425.943 305.273 31.0371 419.456 283.017 27.1639 419.456 283.017 27.1639 396.276 274.174 27.2178 389.426 245.343 35.4211 417.385 262.497 31.5929 420.698 249.882 43.3362 389.426 245.127 62.4339 427.455 249.883 58.1299 435.076 262.497 70.3232 396.276 274.107 74.0804 441.323 283.017 75.0389 443.626 305.273 69.77101 401.519 291.98 51.0425 441.125 319.028 57.1937 434.368 319.028 42.4001 425.943 305.273 31.0371 394.79 266.116 49.7798 414.127 338.382 40.8315 312.838 288.809 41.5048 314.267 309.069 35.2148 416.706 363.849 34.3214 418.253 322.577 55.3368 311.993 276.287 57.9725 426.71 322.577 73.8517 311.993 276.287 78.3277 436.269 338.382 89.3043 312.838 288.809 94.7953 444.042 363.849 94.2518 314.267 309.069 101.085 446.9 390.773 86.9854 315.719 329.329 94.7953 443.749 408.194 71.3767 316.773 341.85 78.3276 435.292 408.194 52.8618 316.773 341.85 57.9725 424.821 390.774 38.4845 315.719 329.329 41.5048 416.706 363.849 34.3214 314.267 309.069 35.2148 419.456 363.948 40.2965 417.385 343.427 44.7255 420.698 330.813 56.4688 427.455 330.813 71.2625 435.076 343.427 83.4557 441.323 363.947 88.1715 443.626 386.203 82.9036 441.125 399.958 70.3263 434.368 399.958 55.5327 425.943 386.203 44.1697 419.456 363.948 40.2965 419.456 363.948 40.2965 396.276 355.104 40.3504 389.426 326.273 48.5537 417.385 343.427 44.7255 420.698 330.813 56.4688 389.426 326.057 75.5665 427.455 330.813 71.2625 435.076 343.427 83.4557 396.276 355.038 87.2129 441.323 363.947 88.1715 443.626 386.203 82.9036 401.519 372.91 64.1751 441.125 399.958 70.3263 434.368 399.958 55.5327 425.943 386.203 44.1697 394.789 347.046 62.9124 -414.127 257.452 27.6989 -416.706 282.919 21.1888 -314.267 228.138 22.0822 -312.838 207.878 28.3722 -418.253 241.646 42.2042 -311.993 195.357 44.8399 -426.71 241.646 60.7191 -311.993 195.357 65.1951 -436.269 257.451 76.1717 -312.838 207.878 81.6628 -444.042 282.919 81.1192 -314.267 228.138 87.9528 -446.9 309.843 73.8528 -315.719 248.398 81.6627 -443.749 327.264 58.2441 -316.773 260.92 65.1951 -435.292 327.264 39.7292 -316.773 260.92 44.8399 -424.821 309.844 25.3519 -315.719 248.398 28.3722 -416.706 282.919 21.1888 -314.267 228.138 22.0822 -417.385 262.497 31.5929 -419.456 283.017 27.1639 -420.698 249.882 43.3362 -427.455 249.883 58.1299 -435.076 262.497 70.3232 -441.323 283.017 75.0389 -443.626 305.273 69.77101 -441.125 319.028 57.1937 -434.368 319.028 42.4001 -425.943 305.273 31.0371 -419.456 283.017 27.1639 -419.456 283.017 27.1639 -417.385 262.497 31.5929 -389.426 245.343 35.4211 -396.276 274.174 27.2178 -420.698 249.882 43.3362 -427.455 249.883 58.1299 -389.426 245.127 62.4339 -435.076 262.497 70.3232 -441.323 283.017 75.0389 -396.276 274.107 74.0804 -443.626 305.273 69.77101 -441.125 319.028 57.1937 -401.519 291.98 51.0425 -434.368 319.028 42.4001 -425.943 305.273 31.0371 -394.79 266.116 49.7798 -414.127 338.382 40.8315 -416.706 363.849 34.3214 -314.267 309.069 35.2148 -312.838 288.809 41.5048 -418.253 322.577 55.3368 -311.993 276.287 57.9725 -426.711 322.577 73.8517 -311.993 276.287 78.3277 -436.269 338.382 89.3043 -312.838 288.809 94.7953 -444.042 363.849 94.2518 -314.267 309.069 101.085 -446.9 390.773 86.9854 -315.719 329.329 94.7953 -443.749 408.194 71.3767 -316.773 341.85 78.3276 -435.292 408.194 52.8618 -316.773 341.85 57.9725 -424.821 390.774 38.4845 -315.719 329.329 41.5048 -416.706 363.849 34.3214 -314.267 309.069 35.2148 -417.385 343.427 44.7255 -419.456 363.948 40.2965 -420.698 330.813 56.4688 -427.455 330.813 71.2625 -435.076 343.427 83.4557 -441.323 363.947 88.1715 -443.626 386.203 82.9036 -441.125 399.958 70.3263 -434.368 399.958 55.5327 -425.943 386.203 44.1697 -419.456 363.948 40.2965 -419.456 363.948 40.2965 -417.385 343.427 44.7255 -389.426 326.273 48.5537 -396.276 355.104 40.3504 -420.698 330.813 56.4688 -427.455 330.813 71.2625 -389.426 326.057 75.5665 -435.076 343.427 83.4557 -441.323 363.947 88.1715 -396.276 355.038 87.2129 -443.626 386.203 82.9036 -441.125 399.958 70.3263 -401.519 372.91 64.1751 -434.368 399.958 55.5327 -425.943 386.203 44.1697 -394.79 347.046 62.9124 188.166 -706.155 158.378 181.647 -705.4691 198.634 175.073 -762.544 198.627 179.484 -763.3211 158.378 166.274 -700.9931 200.012 159.76 -755.5941 200.012 163.403 -818.109 158.378 161.124 -817.254 198.623 115.148 -850.147 198.623 116.418 -851.088 158.378 146.368 -807.8181 200.012 109.949 -835.533 200.012 64.8632 -860.642 158.378 64.1008 -860.416 198.623 0 -863.2041 198.626 0 -861.902 158.378 61.3468 -845.0891 200.012 0 -847.686 200.012 159.76 -755.5941 155.341 146.368 -807.8181 155.341 61.3468 -845.0891 155.341 0 -847.686 155.341 109.949 -835.533 155.341 166.274 -700.9931 155.341 -188.166 -706.155 158.378 -179.484 -763.3211 158.378 -175.073 -762.544 198.627 -181.647 -705.4691 198.634 -159.76 -755.5941 200.012 -166.274 -700.9931 200.012 -163.403 -818.109 158.378 -116.418 -851.088 158.378 -115.148 -850.147 198.623 -161.124 -817.254 198.623 -146.368 -807.8181 200.012 -109.949 -835.533 200.012 -64.8632 -860.642 158.378 -64.1008 -860.416 198.623 -61.3468 -845.0891 200.012 -146.368 -807.8181 155.341 -159.76 -755.5941 155.341 -61.3468 -845.0891 155.341 -109.949 -835.533 155.341 -166.274 -700.9931 155.341 173.803 -673.2431 204.608 175.189 -673.1591 237.779 180.69 -781.1961 237.779 179.003 -782.0681 204.607 148.113 -817.6121 203.219 166.311 -778.324 203.219 158.071 -826.134 204.608 159.126 -827.0371 237.779 115.046 -856.1461 237.779 114.588 -854.835 204.608 110.098 -841.983 203.219 0 -863.5051 204.608 58.8787 -863.715 204.608 58.9038 -865.103 237.779 0 -864.8941 237.779 58.5752 -846.8681 203.219 0 -848.7211 203.219 163.414 -673.871 203.219 -173.803 -673.2431 204.608 -179.003 -782.0681 204.607 -180.69 -781.1961 237.779 -175.189 -673.1591 237.779 -148.113 -817.6121 203.219 -158.071 -826.134 204.608 -166.311 -778.324 203.219 -114.588 -854.835 204.608 -115.046 -856.1461 237.779 -159.126 -827.0371 237.779 -110.098 -841.983 203.219 -58.9038 -865.103 237.779 -58.8787 -863.715 204.608 -58.5752 -846.8681 203.219 -163.414 -673.871 203.219 31.5717 -841.7581 181.741 72.2703 -798.23 191.915 36.6444 -800.637 198.338 37.0666 -750.895 209.411 92.3851 -750.234 191.915 82.0663 -679.92 191.915 33.9787 -687.986 216.075 40.34 -850.4091 167.149 81.6894 -799.6511 167.149 93.2376 -674.4 167.149 64.5104 -625.078 167.149 54.6436 -625.078 191.915 101.44 -750.234 167.149 0 -806.2371 191.915 0 -848.338 181.741 0 -751.556 191.915 0 -688.317 199.446 0 -859.7681 167.149 24.5433 -625.078 212.161 0 -625.078 206.977 0 -801.668 147.5 47.8286 -790.699 155.485 27.9929 -829.4661 147.161 0 -836.3461 146.455 50.3652 -685.4561 163.359 56.9125 -747.656 160.723 0 -748.325 147.297 0 -686.246 154.709 30.9858 -630.384 162.249 0 -622.007 162.34 81.6894 -799.6511 167.149 40.34 -850.4091 167.149 27.9929 -829.4661 147.161 47.8286 -790.699 155.485 64.5104 -625.078 167.149 93.2376 -674.4 167.149 50.3652 -685.4561 163.359 30.9858 -630.384 162.249 101.44 -750.234 167.149 56.9125 -747.656 160.723 0 -859.7681 167.149 0 -836.3461 146.455 -31.5717 -841.7581 181.741 -36.6444 -800.637 198.338 -72.2703 -798.23 191.915 -37.0666 -750.895 209.411 -33.9787 -687.986 216.075 -82.0663 -679.92 191.915 -92.3851 -750.234 191.915 -40.34 -850.4091 167.149 -81.6894 -799.6511 167.149 -93.2376 -674.4 167.149 -54.6436 -625.078 191.915 -64.5104 -625.078 167.149 -101.44 -750.234 167.149 0 -848.338 181.741 0 -806.2371 191.915 0 -751.556 191.915 0 -688.317 199.446 0 -859.7681 167.149 -24.5433 -625.078 212.161 0 -625.078 206.977 0 -801.668 147.5 0 -836.3461 146.455 -27.9929 -829.4661 147.161 -47.8286 -790.699 155.485 -50.3652 -685.4561 163.359 0 -686.246 154.709 0 -748.325 147.297 -56.9125 -747.656 160.723 -30.9858 -630.384 162.249 0 -622.007 162.34 -81.6894 -799.6511 167.149 -47.8286 -790.699 155.485 -27.9929 -829.4661 147.161 -40.34 -850.4091 167.149 -64.5104 -625.078 167.149 -30.9858 -630.384 162.249 -50.3652 -685.4561 163.359 -93.2376 -674.4 167.149 -101.44 -750.234 167.149 -56.9125 -747.656 160.723 0 -836.3461 146.455 0 -859.7681 167.149 423.219 -499.968 -7.93537 423.219 -568.601 -7.93539 258.265 -568.601 -7.93537 258.265 -499.967 -7.93537 423.219 -435.473 15.5387 258.265 -435.473 15.5388 423.219 -382.896 59.6557 258.265 -382.896 59.6557 423.219 -348.58 119.094 258.265 -348.579 119.094 423.219 -336.661 186.685 258.265 -336.661 186.685 423.219 -348.58 254.276 258.265 -348.579 254.276 423.219 -382.896 313.715 423.219 -348.58 254.276 258.265 -348.579 254.276 258.265 -382.896 313.715 423.219 -435.473 357.832 258.265 -435.473 357.832 423.219 -731.9071 186.685 258.265 -731.9071 186.685 258.265 -719.989 119.094 423.219 -719.989 119.094 258.265 -685.6721 59.6557 423.219 -685.6721 59.6557 258.265 -633.096 15.5388 423.219 -633.096 15.5388 258.265 -568.601 -7.93537 423.219 -568.601 -7.93539 258.265 -499.967 381.306 423.219 -499.968 381.306 258.265 -568.601 381.306 423.219 -568.601 381.306 258.265 -633.096 357.832 423.219 -633.096 357.832 258.265 -685.6721 313.715 423.219 -685.6721 313.715 423.219 -685.6721 313.715 258.265 -685.6721 313.715 258.265 -719.989 254.276 423.219 -719.989 254.276 249.433 -713.6771 121.392 249.433 -725.19 186.685 235.827 -673.622 211.254 235.827 -656.8161 115.942 249.433 -680.527 63.9735 249.433 -629.737 21.3561 235.827 -582.676 53.7305 249.433 -567.435 -1.32015 235.827 -485.893 53.7305 249.433 -501.134 -1.32015 249.433 -438.831 21.3561 249.433 -388.042 63.9735 235.827 -411.752 115.942 249.433 -354.892 121.392 249.433 -343.379 186.685 235.827 -394.946 211.254 249.433 -354.892 251.979 249.433 -388.042 309.397 235.827 -443.338 295.071 249.433 -438.831 352.014 249.433 -501.134 374.691 235.827 -534.284 328.173 249.433 -567.435 374.691 249.433 -629.737 352.015 235.827 -625.231 295.071 249.433 -680.527 309.397 249.433 -713.6771 251.979 258.265 -719.989 119.094 258.265 -731.9071 186.685 258.265 -685.6721 59.6557 258.265 -633.096 15.5388 258.265 -568.601 -7.93537 258.265 -499.967 -7.93537 258.265 -435.473 15.5388 258.265 -382.896 59.6557 258.265 -348.579 119.094 258.265 -336.661 186.685 258.265 -348.579 254.276 258.265 -382.896 313.715 258.265 -435.473 357.832 258.265 -499.967 381.306 258.265 -568.601 381.306 258.265 -633.096 357.832 258.265 -685.6721 313.715 258.265 -719.989 254.276 294.627 -534.284 186.685 432.051 -501.134 -1.32015 432.051 -438.832 21.3561 445.835 -477.146 29.6999 432.051 -388.042 63.9735 445.835 -389.606 103.155 432.051 -354.892 121.392 432.051 -343.379 186.685 445.835 -369.762 215.695 432.051 -354.892 251.979 432.051 -388.042 309.397 445.835 -426.9 314.661 432.051 -438.832 352.014 432.051 -501.134 374.691 445.835 -534.284 353.746 432.539 -456.834 94.3834 432.537 -493.58 74.8497 432.539 -415.623 165.762 432.537 -431.216 127.179 432.539 -429.936 246.931 432.537 -417.08 207.352 432.539 -493.074 299.91 432.537 -457.784 277.854 423.219 -499.968 -7.93537 423.219 -435.473 15.5387 423.219 -382.896 59.6557 423.219 -348.58 119.094 423.219 -336.661 186.685 423.219 -348.58 254.276 423.219 -382.896 313.715 423.219 -435.473 357.832 423.219 -499.968 381.306 423.219 -568.601 381.306 432.051 -567.435 374.691 432.539 -534.284 66.1937 392.497 -500.465 93.7667 392.497 -534.284 86.5749 392.497 -448.65 137.244 392.497 -469.935 109.996 392.497 -436.905 203.856 392.497 -435.695 169.301 392.497 -470.724 262.433 392.497 -447.586 236.74 432.537 -534.284 305.698 392.497 -534.284 285.567 392.497 -500.045 280.758 445.835 -591.4221 29.6999 432.051 -567.435 -1.32015 423.219 -568.601 -7.93539 432.051 -629.737 21.3561 445.835 -678.963 103.155 432.051 -680.527 63.9735 432.051 -713.6771 121.392 445.835 -698.807 215.695 432.051 -725.19 186.685 432.051 -713.6771 251.979 445.835 -641.669 314.661 432.051 -680.527 309.397 432.051 -629.737 352.014 432.537 -574.989 74.8498 432.539 -611.7351 94.3834 432.537 -637.353 127.179 432.539 -652.945 165.762 432.537 -651.489 207.352 432.539 -638.6331 246.931 432.537 -610.785 277.854 432.539 -575.4951 299.91 423.219 -633.096 15.5388 423.219 -685.6721 59.6557 423.219 -719.989 119.094 423.219 -731.9071 186.685 423.219 -719.989 254.276 423.219 -685.6721 313.715 423.219 -633.096 357.832 392.497 -568.104 93.7668 392.497 -598.634 109.996 392.497 -619.918 137.244 392.497 -632.874 169.301 392.497 -631.664 203.856 392.497 -620.9821 236.741 392.497 -597.845 262.433 392.497 -568.5241 280.758 376.497 -524.393 130.232 376.497 -490.42 149.797 376.497 -476.971 186.623 376.497 -490.34 223.478 376.497 -524.271 243.117 376.497 -562.9951 137.082 376.497 -588.163 167.142 376.497 -588.12 206.346 376.497 -562.887 236.351 368.397 -534.284 186.685 -423.219 -499.968 -7.93537 -258.265 -499.967 -7.93537 -258.265 -568.601 -7.93537 -423.219 -568.601 -7.93539 -423.219 -435.473 15.5387 -258.265 -435.473 15.5388 -423.219 -382.897 59.6557 -258.265 -382.896 59.6557 -423.219 -348.58 119.094 -258.265 -348.579 119.094 -423.219 -336.661 186.685 -258.265 -336.661 186.685 -423.219 -348.58 254.276 -258.265 -348.579 254.276 -423.219 -382.896 313.715 -258.265 -382.896 313.715 -258.265 -348.579 254.276 -423.219 -348.58 254.276 -423.219 -435.473 357.832 -258.265 -435.473 357.832 -423.219 -731.9071 186.685 -423.219 -719.989 119.094 -258.265 -719.989 119.094 -258.265 -731.9071 186.685 -423.219 -685.6721 59.6557 -258.265 -685.6721 59.6557 -423.219 -633.096 15.5388 -258.265 -633.096 15.5388 -423.219 -568.601 -7.93539 -258.265 -568.601 -7.93537 -423.219 -499.968 381.306 -258.265 -499.967 381.306 -423.219 -568.601 381.306 -258.265 -568.601 381.306 -423.219 -633.096 357.832 -258.265 -633.096 357.832 -423.219 -685.6721 313.715 -258.265 -685.6721 313.715 -423.219 -685.6721 313.715 -423.219 -719.989 254.276 -258.265 -719.989 254.276 -258.265 -685.6721 313.715 -249.433 -713.6771 121.392 -235.827 -656.8161 115.942 -235.827 -673.622 211.254 -249.433 -725.19 186.685 -249.433 -680.527 63.9735 -249.433 -629.737 21.3561 -235.827 -582.676 53.7305 -249.433 -567.435 -1.32015 -249.433 -501.134 -1.32015 -235.827 -485.893 53.7305 -249.433 -438.831 21.3561 -249.433 -388.042 63.9735 -235.827 -411.752 115.942 -249.433 -354.892 121.392 -249.433 -343.379 186.685 -235.827 -394.946 211.254 -249.433 -354.892 251.979 -249.433 -388.042 309.397 -235.827 -443.338 295.071 -249.433 -438.831 352.014 -249.433 -501.134 374.691 -235.827 -534.284 328.173 -249.433 -567.435 374.691 -249.433 -629.737 352.015 -235.827 -625.231 295.071 -249.433 -680.527 309.397 -249.433 -713.6771 251.979 -258.265 -719.989 119.094 -258.265 -731.9071 186.685 -258.265 -685.6721 59.6557 -258.265 -633.096 15.5388 -258.265 -568.601 -7.93537 -258.265 -499.967 -7.93537 -258.265 -435.473 15.5388 -258.265 -382.896 59.6557 -258.265 -348.579 119.094 -258.265 -336.661 186.685 -258.265 -348.579 254.276 -258.265 -382.896 313.715 -258.265 -435.473 357.832 -258.265 -499.967 381.306 -258.265 -568.601 381.306 -258.265 -633.096 357.832 -258.265 -685.6721 313.715 -258.265 -719.989 254.276 -294.627 -534.284 186.685 -432.051 -501.134 -1.32015 -445.835 -477.146 29.6999 -432.051 -438.832 21.3561 -445.835 -389.606 103.155 -432.051 -388.042 63.9735 -432.051 -354.892 121.392 -445.835 -369.762 215.695 -432.051 -343.379 186.685 -432.051 -354.892 251.979 -445.835 -426.9 314.661 -432.051 -388.042 309.397 -432.051 -438.832 352.014 -445.835 -534.284 353.746 -432.051 -501.134 374.691 -432.537 -493.58 74.8497 -432.539 -456.834 94.3834 -432.537 -431.216 127.179 -432.539 -415.623 165.762 -432.537 -417.08 207.352 -432.539 -429.936 246.931 -432.537 -457.784 277.854 -432.539 -493.074 299.91 -423.219 -499.968 -7.93537 -423.219 -435.473 15.5387 -423.219 -382.897 59.6557 -423.219 -348.58 119.094 -423.219 -336.661 186.685 -423.219 -348.58 254.276 -423.219 -382.896 313.715 -423.219 -435.473 357.832 -423.219 -499.968 381.306 -432.051 -567.435 374.691 -423.219 -568.601 381.306 -432.539 -534.284 66.1937 -392.497 -534.284 86.5749 -392.497 -500.465 93.7667 -392.497 -469.935 109.996 -392.497 -448.65 137.244 -392.497 -435.695 169.301 -392.497 -436.905 203.856 -392.497 -447.586 236.74 -392.497 -470.724 262.433 -392.497 -500.045 280.758 -392.497 -534.284 285.567 -432.537 -534.284 305.698 -432.051 -567.435 -1.32015 -445.835 -591.4221 29.6999 -423.219 -568.601 -7.93539 -432.051 -629.737 21.3561 -432.051 -680.527 63.9735 -445.835 -678.963 103.155 -432.051 -713.6771 121.392 -432.051 -725.19 186.685 -445.835 -698.807 215.695 -432.051 -713.6771 251.979 -432.051 -680.527 309.397 -445.835 -641.669 314.661 -432.051 -629.737 352.014 -432.539 -611.7351 94.3834 -432.537 -574.989 74.8498 -432.539 -652.945 165.762 -432.537 -637.353 127.179 -432.539 -638.6331 246.931 -432.537 -651.489 207.352 -432.539 -575.4951 299.91 -432.537 -610.785 277.854 -423.219 -633.096 15.5388 -423.219 -685.6721 59.6557 -423.219 -719.989 119.094 -423.219 -731.9071 186.685 -423.219 -719.989 254.276 -423.219 -685.6721 313.715 -423.219 -633.096 357.832 -392.497 -568.104 93.7668 -392.497 -619.918 137.244 -392.497 -598.634 109.996 -392.497 -631.664 203.856 -392.497 -632.874 169.301 -392.497 -597.845 262.433 -392.497 -620.9821 236.741 -392.497 -568.5241 280.758 -376.497 -524.393 130.232 -376.497 -490.42 149.797 -376.497 -476.971 186.623 -376.497 -490.34 223.478 -376.497 -524.271 243.117 -376.497 -562.9951 137.082 -376.497 -588.163 167.142 -376.497 -588.12 206.346 -376.497 -562.887 236.351 -368.397 -534.284 186.685 423.219 648.661 -7.93537 423.219 580.027 -7.93539 258.265 580.027 -7.93537 258.265 648.661 -7.93537 423.219 713.155 15.5387 258.265 713.155 15.5388 423.219 765.7321 59.6557 258.265 765.7321 59.6557 423.219 800.049 119.094 258.265 800.049 119.094 423.219 811.9671 186.685 258.265 811.9671 186.685 423.219 800.049 254.276 258.265 800.049 254.276 423.219 765.7321 313.715 423.219 800.049 254.276 258.265 800.049 254.276 258.265 765.7321 313.715 423.219 713.155 357.832 258.265 713.155 357.832 423.219 416.721 186.685 258.265 416.721 186.685 258.265 428.639 119.094 423.219 428.639 119.094 258.265 462.956 59.6557 423.219 462.956 59.6557 258.265 515.5321 15.5388 423.219 515.5321 15.5388 258.265 580.027 -7.93537 423.219 580.027 -7.93539 258.265 648.661 381.306 423.219 648.661 381.306 258.265 580.027 381.306 423.219 580.027 381.306 258.265 515.5321 357.832 423.219 515.5321 357.832 258.265 462.956 313.715 423.219 462.956 313.715 423.219 462.956 313.715 258.265 462.956 313.715 258.265 428.639 254.276 423.219 428.639 254.276 249.433 434.951 121.392 249.433 423.438 186.685 235.827 475.006 211.254 235.827 491.812 115.942 249.433 468.102 63.9735 249.433 518.8911 21.3561 235.827 565.952 53.7305 249.433 581.1931 -1.32015 235.827 662.7351 53.7305 249.433 647.494 -1.32015 249.433 709.7971 21.3561 249.433 760.5861 63.9735 235.827 736.876 115.942 249.433 793.7371 121.392 249.433 805.25 186.685 235.827 753.682 211.254 249.433 793.7371 251.979 249.433 760.5861 309.397 235.827 705.29 295.071 249.433 709.7971 352.014 249.433 647.494 374.691 235.827 614.3441 328.173 249.433 581.1931 374.691 249.433 518.8911 352.015 235.827 523.397 295.071 249.433 468.102 309.397 249.433 434.951 251.979 258.265 428.639 119.094 258.265 416.721 186.685 258.265 462.956 59.6557 258.265 515.5321 15.5388 258.265 580.027 -7.93537 258.265 648.661 -7.93537 258.265 713.155 15.5388 258.265 765.7321 59.6557 258.265 800.049 119.094 258.265 811.9671 186.685 258.265 800.049 254.276 258.265 765.7321 313.715 258.265 713.155 357.832 258.265 648.661 381.306 258.265 580.027 381.306 258.265 515.5321 357.832 258.265 462.956 313.715 258.265 428.639 254.276 294.627 614.3441 186.685 432.051 647.494 -1.32015 432.051 709.7971 21.3561 445.835 671.4821 29.6999 432.051 760.5861 63.9735 445.835 759.022 103.155 432.051 793.736 121.392 432.051 805.249 186.685 445.835 778.866 215.695 432.051 793.736 251.979 432.051 760.5861 309.397 445.835 721.728 314.661 432.051 709.7971 352.014 432.051 647.494 374.691 445.835 614.3441 353.746 432.539 691.794 94.3834 432.537 655.048 74.8497 432.539 733.005 165.762 432.537 717.4121 127.179 432.539 718.6931 246.931 432.537 731.548 207.352 432.539 655.554 299.91 432.537 690.8441 277.854 423.219 648.661 -7.93537 423.219 713.155 15.5387 423.219 765.7321 59.6557 423.219 800.049 119.094 423.219 811.9671 186.685 423.219 800.049 254.276 423.219 765.7321 313.715 423.219 713.155 357.832 423.219 648.661 381.306 423.219 580.027 381.306 432.051 581.1931 374.691 432.539 614.3441 66.1937 392.497 648.163 93.7667 392.497 614.3441 86.5749 392.497 699.978 137.244 392.497 678.694 109.996 392.497 711.723 203.856 392.497 712.9331 169.301 392.497 677.9041 262.433 392.497 701.0421 236.74 432.537 614.3441 305.698 392.497 614.3441 285.567 392.497 648.5841 280.758 445.835 557.2061 29.6999 432.051 581.1931 -1.32015 423.219 580.027 -7.93539 432.051 518.8911 21.3561 445.835 469.665 103.155 432.051 468.102 63.9735 432.051 434.951 121.392 445.835 449.822 215.695 432.051 423.438 186.685 432.051 434.951 251.979 445.835 506.959 314.661 432.051 468.101 309.397 432.051 518.8911 352.014 432.537 573.639 74.8498 432.539 536.893 94.3834 432.537 511.276 127.179 432.539 495.683 165.762 432.537 497.139 207.352 432.539 509.995 246.931 432.537 537.8441 277.854 432.539 573.1331 299.91 423.219 515.5321 15.5388 423.219 462.956 59.6557 423.219 428.639 119.094 423.219 416.721 186.685 423.219 428.639 254.276 423.219 462.956 313.715 423.219 515.5321 357.832 392.497 580.5241 93.7668 392.497 549.994 109.996 392.497 528.71 137.244 392.497 515.754 169.301 392.497 516.9641 203.856 392.497 527.646 236.741 392.497 550.784 262.433 392.497 580.104 280.758 376.497 624.2351 130.232 376.497 658.208 149.797 376.497 671.6571 186.623 376.497 658.288 223.478 376.497 624.358 243.117 376.497 585.6331 137.082 376.497 560.466 167.142 376.497 560.5081 206.346 376.497 585.741 236.351 368.397 614.3441 186.685 -423.219 648.661 -7.93537 -258.265 648.661 -7.93537 -258.265 580.027 -7.93537 -423.219 580.027 -7.93539 -423.219 713.155 15.5387 -258.265 713.155 15.5388 -423.219 765.7321 59.6557 -258.265 765.7321 59.6557 -423.219 800.049 119.094 -258.265 800.049 119.094 -423.219 811.9671 186.685 -258.265 811.9671 186.685 -423.219 800.049 254.276 -258.265 800.049 254.276 -423.219 765.7321 313.715 -258.265 765.7321 313.715 -258.265 800.049 254.276 -423.219 800.049 254.276 -423.219 713.155 357.832 -258.265 713.155 357.832 -423.219 416.721 186.685 -423.219 428.639 119.094 -258.265 428.639 119.094 -258.265 416.721 186.685 -423.219 462.956 59.6557 -258.265 462.956 59.6557 -423.219 515.5321 15.5388 -258.265 515.5321 15.5388 -423.219 580.027 -7.93539 -258.265 580.027 -7.93537 -423.219 648.661 381.306 -258.265 648.661 381.306 -423.219 580.027 381.306 -258.265 580.027 381.306 -423.219 515.5321 357.832 -258.265 515.5321 357.832 -423.219 462.956 313.715 -258.265 462.956 313.715 -423.219 462.956 313.715 -423.219 428.639 254.276 -258.265 428.639 254.276 -258.265 462.956 313.715 -249.433 434.951 121.392 -235.827 491.812 115.942 -235.827 475.006 211.254 -249.433 423.438 186.685 -249.433 468.102 63.9735 -249.433 518.8911 21.3561 -235.827 565.952 53.7305 -249.433 581.1931 -1.32015 -249.433 647.494 -1.32015 -235.827 662.7351 53.7305 -249.433 709.7971 21.3561 -249.433 760.5861 63.9735 -235.827 736.876 115.942 -249.433 793.7371 121.392 -249.433 805.25 186.685 -235.827 753.682 211.254 -249.433 793.7371 251.979 -249.433 760.5861 309.397 -235.827 705.29 295.071 -249.433 709.7971 352.014 -249.433 647.494 374.691 -235.827 614.3441 328.173 -249.433 581.1931 374.691 -249.433 518.8911 352.015 -235.827 523.397 295.071 -249.433 468.102 309.397 -249.433 434.951 251.979 -258.265 428.639 119.094 -258.265 416.721 186.685 -258.265 462.956 59.6557 -258.265 515.5321 15.5388 -258.265 580.027 -7.93537 -258.265 648.661 -7.93537 -258.265 713.155 15.5388 -258.265 765.7321 59.6557 -258.265 800.049 119.094 -258.265 811.9671 186.685 -258.265 800.049 254.276 -258.265 765.7321 313.715 -258.265 713.155 357.832 -258.265 648.661 381.306 -258.265 580.027 381.306 -258.265 515.5321 357.832 -258.265 462.956 313.715 -258.265 428.639 254.276 -294.627 614.3441 186.685 -432.051 647.494 -1.32015 -445.835 671.4821 29.6999 -432.051 709.7971 21.3561 -445.835 759.022 103.155 -432.051 760.5861 63.9735 -432.051 793.736 121.392 -445.835 778.866 215.695 -432.051 805.249 186.685 -432.051 793.736 251.979 -445.835 721.728 314.661 -432.051 760.5861 309.397 -432.051 709.7971 352.014 -445.835 614.3441 353.746 -432.051 647.494 374.691 -432.537 655.048 74.8497 -432.539 691.794 94.3834 -432.537 717.4121 127.179 -432.539 733.005 165.762 -432.537 731.548 207.352 -432.539 718.6931 246.931 -432.537 690.8441 277.854 -432.539 655.554 299.91 -423.219 648.661 -7.93537 -423.219 713.155 15.5387 -423.219 765.7321 59.6557 -423.219 800.049 119.094 -423.219 811.9671 186.685 -423.219 800.049 254.276 -423.219 765.7321 313.715 -423.219 713.155 357.832 -423.219 648.661 381.306 -432.051 581.1931 374.691 -423.219 580.027 381.306 -432.539 614.3441 66.1937 -392.497 614.3441 86.5749 -392.497 648.163 93.7667 -392.497 678.694 109.996 -392.497 699.978 137.244 -392.497 712.9331 169.301 -392.497 711.723 203.856 -392.497 701.0421 236.74 -392.497 677.9041 262.433 -392.497 648.5841 280.758 -392.497 614.3441 285.567 -432.537 614.3441 305.698 -432.051 581.1931 -1.32015 -445.835 557.2061 29.6999 -423.219 580.027 -7.93539 -432.051 518.8911 21.3561 -432.051 468.102 63.9735 -445.835 469.665 103.155 -432.051 434.951 121.392 -432.051 423.438 186.685 -445.835 449.822 215.695 -432.051 434.951 251.979 -432.051 468.101 309.397 -445.835 506.959 314.661 -432.051 518.8911 352.014 -432.539 536.893 94.3834 -432.537 573.639 74.8498 -432.539 495.683 165.762 -432.537 511.276 127.179 -432.539 509.995 246.931 -432.537 497.139 207.352 -432.539 573.1331 299.91 -432.537 537.8441 277.854 -423.219 515.5321 15.5388 -423.219 462.956 59.6557 -423.219 428.639 119.094 -423.219 416.721 186.685 -423.219 428.639 254.276 -423.219 462.956 313.715 -423.219 515.5321 357.832 -392.497 580.5241 93.7668 -392.497 528.71 137.244 -392.497 549.994 109.996 -392.497 516.9641 203.856 -392.497 515.754 169.301 -392.497 550.784 262.433 -392.497 527.646 236.741 -392.497 580.104 280.758 -376.497 624.2351 130.232 -376.497 658.208 149.797 -376.497 671.6571 186.623 -376.497 658.288 223.478 -376.497 624.358 243.117 -376.497 585.6331 137.082 -376.497 560.466 167.142 -376.497 560.5081 206.346 -376.497 585.741 236.351 -368.397 614.3441 186.685 0 -240.621 437.207 0 -267.543 408.436 254.751 -185.067 429.965 260.25 -209.333 408.724 322.596 -156.942 429.426 319.017 -147.737 423.319 0 -229.259 423.978 0 -240.621 437.207 -260.25 -209.333 408.724 -254.751 -185.067 429.965 -319.017 -147.737 423.319 -322.596 -156.942 429.426 97.2409 -111.552 552.226 118.302 -108.5 551.1541 113.475 -81.4138 577.7661 93.8429 -84.1029 578.674 183.425 -97.7204 546.475 204.934 -92.7621 542.922 193.329 -68.7625 570.237 173.342 -72.5351 574.311 22.3571 -87.43901 580.074 21.6283 -116.101 553.692 39.0123 -115.244 553.29 38.5673 -86.8096 579.731 226.443 -87.8038 539.369 246.756 -83.0126 535.354 232.704 -61.301 561.858 213.315 -64.99 566.163 56.3963 -114.387 552.888 76.8186 -112.969 552.557 74.3102 -85.1415 579.031 54.7775 -86.1801 579.388 139.363 -105.447 550.0811 161.394 -101.584 548.278 153.225 -75.6298 575.5841 133.108 -78.7246 576.858 100.742 -130.462 517.94 122.302 -127.175 516.541 123.129 -135.585 524.541 100.639 -139.001 525.778 193.508 -122.906 518.64 190.008 -114.696 510.413 212.274 -109.916 508.363 216.539 -116.762 515.608 20.6311 -137.282 520.7011 39.1878 -136.128 520.043 39.5577 -143.576 526.882 21.2861 -144.809 527.419 239.57 -110.618 512.575 234.539 -105.135 506.314 258.292 -99.7501 502.671 260.807 -104.724 508.85 57.7444 -134.974 519.385 79.2432 -132.718 518.6621 79.2342 -140.672 526.061 57.8294 -142.344 526.345 143.862 -123.888 515.142 166.935 -119.292 512.777 169.563 -127.538 520.973 145.619 -132.17 523.3051 0 -139.307 520.908 10.3156 -138.295 520.804 10.6431 -145.012 527.3681 0 -145.216 527.3161 0 -88.0976 580.4251 0 -116.657 553.871 10.8141 -116.379 553.781 11.1785 -87.7683 580.249 -133.108 -78.7246 576.858 -139.363 -105.447 550.0811 -118.302 -108.5 551.1541 -113.475 -81.4138 577.7661 -213.315 -64.99 566.163 -226.443 -87.8038 539.369 -204.934 -92.7621 542.922 -193.329 -68.7625 570.237 -54.7775 -86.1801 579.388 -56.3963 -114.387 552.888 -39.0123 -115.244 553.29 -38.5673 -86.8096 579.731 -252.092 -57.612 557.5531 -267.068 -78.2214 531.34 -246.756 -83.0126 535.354 -232.704 -61.301 561.858 -93.8429 -84.1029 578.674 -97.2409 -111.552 552.226 -76.8186 -112.969 552.557 -74.3102 -85.1415 579.031 -173.342 -72.53501 574.311 -183.425 -97.7204 546.475 -161.394 -101.584 548.278 -153.225 -75.6298 575.5841 -123.129 -135.585 524.541 -122.302 -127.175 516.541 -100.742 -130.462 517.94 -100.639 -139.001 525.778 -193.508 -122.906 518.64 -216.539 -116.762 515.608 -212.274 -109.916 508.363 -190.008 -114.696 510.413 -39.5578 -143.576 526.882 -39.1878 -136.128 520.043 -20.6311 -137.282 520.7011 -21.2861 -144.809 527.419 -239.57 -110.618 512.575 -260.807 -104.724 508.85 -258.292 -99.7501 502.671 -234.539 -105.135 506.314 -79.2342 -140.672 526.061 -79.2432 -132.718 518.6621 -57.7444 -134.974 519.385 -57.8294 -142.344 526.345 -169.563 -127.538 520.973 -166.935 -119.292 512.777 -143.862 -123.888 515.142 -145.619 -132.17 523.3051 -10.6431 -145.012 527.3681 -10.3156 -138.295 520.804 -21.6283 -116.101 553.692 -10.8141 -116.379 553.781 -11.1785 -87.7683 580.249 -22.3571 -87.43901 580.074 90.4449 -56.6541 605.122 163.26 -47.3497 602.1461 0 -59.5384 606.979 252.092 -57.612 557.5531 237.116 -37.0027 583.767 -90.4449 -56.6541 605.122 -163.26 -47.3497 602.1461 -282.045 -98.8308 505.126 -237.116 -37.0027 583.767 267.068 -78.2214 531.34 282.045 -94.3653 499.028 282.045 -98.8308 505.126 -282.045 -94.3653 499.028</float_array>
          <technique_common>
            <accessor source="#lightning_mcqueen_lod0-mesh-positions-array" count="3157" stride="3">
              <param name="X" type="float"/>
              <param name="Y" type="float"/>
              <param name="Z" type="float"/>
            </accessor>
          </technique_common>
        </source>
        <source id="lightning_mcqueen_lod0-mesh-normals">
          <float_array id="lightning_mcqueen_lod0-mesh-normals-array" count="9297">2.65068e-5 -0.8970479 0.4419335 0 -0.8970322 0.4419654 -2.08089e-6 -0.8970202 0.4419898 2.64541e-5 -0.8970556 0.4419178 -3.74716e-5 -0.8970094 0.4420116 -6.83325e-5 -0.8969838 0.4420636 1.12532e-5 -0.8970338 0.4419623 0 -0.8970367 0.4419562 2.48828e-5 0.897 -0.4420306 1.88953e-5 0.8970075 -0.4420154 0 0.8970243 -0.4419813 -2.3643e-5 0.8970358 -0.4419578 -1.09964e-4 0.8970927 -0.4418427 -4.72032e-6 0.8970336 -0.4419624 0 0.8970202 -0.4419894 9.21234e-4 -0.4259141 -0.9047632 0 -0.4259036 -0.9047687 0 -0.4259038 -0.9047685 9.21229e-4 -0.4259142 -0.9047631 0.6566349 0.3210127 0.6824818 0.9129133 0.1738336 0.3692846 0.911857 0.1748229 0.3714213 0.6531572 0.3222801 0.6852163 0.9756861 0.09336191 0.1982933 0.976053 0.09266418 0.1968094 0.2241899 0.4147244 0.8818972 0.2232666 0.4148498 0.8820725 -0.105607 0.4235481 0.8996968 -0.1052711 0.4236029 0.8997103 -0.1588726 0.4205674 0.8932427 -0.1592208 0.4205392 0.8931941 -2.79285e-5 0.4256892 0.9048695 -2.75522e-5 0.4259065 0.9047672 -7.91571e-7 -0.8970251 0.4419795 -6.2041e-6 0.8970374 -0.4419547 -7.85227e-6 0.8970168 -0.4419964 0.9864601 0.06982415 0.1483952 0.9863811 0.07002681 0.1488246 2.03877e-7 -0.8970295 0.4419708 0 0.8969839 -0.4420633 0.9827123 0.07884562 0.1675112 0.982712 0.07884991 0.1675108 -2.65068e-5 -0.8970479 0.4419335 2.08089e-6 -0.8970202 0.4419898 -2.64541e-5 -0.8970556 0.4419178 3.74716e-5 -0.8970094 0.4420116 6.83325e-5 -0.8969838 0.4420636 -1.12532e-5 -0.8970338 0.4419623 -2.48828e-5 0.897 -0.4420306 -1.88953e-5 0.8970075 -0.4420154 2.3643e-5 0.8970358 -0.4419578 1.09964e-4 0.8970927 -0.4418427 4.72032e-6 0.8970336 -0.4419624 -9.21247e-4 -0.4259141 -0.9047632 -9.21243e-4 -0.4259142 -0.9047631 -0.6565931 0.3214737 0.682305 -0.6531571 0.3222808 0.685216 -0.9118572 0.1748229 0.371421 -0.9129135 0.1738335 0.3692843 -0.9756862 0.09336179 0.198293 -0.9760531 0.09266406 0.1968092 -0.2241308 0.4151501 0.881712 -0.2232648 0.4148492 0.8820732 0.1056079 0.4235478 0.8996968 0.105272 0.423602 0.8997106 0.1588726 0.4205675 0.8932427 0.1592207 0.420539 0.8931941 2.88673e-5 0.4259065 0.9047672 2.69562e-5 0.4256759 0.9048757 7.91571e-7 -0.8970251 0.4419795 6.2041e-6 0.8970374 -0.4419547 7.85227e-6 0.8970168 -0.4419964 -0.9864601 0.06982421 0.1483951 -0.9863811 0.07002681 0.1488245 -2.03877e-7 -0.8970295 0.4419708 0 0.8969839 -0.4420633 -0.9827123 0.07884532 0.1675114 -0.982712 0.07884949 0.167511 0.6968569 0.1411123 0.7031911 0.9999998 1.31357e-4 -6.78708e-4 0.5819318 0.7883095 0.199809 0.6079731 0.5607693 0.5620557 0.6787901 -0.1500645 0.7188357 0.6301249 -0.7316913 0.2599434 0.6918958 -0.001400649 0.721996 0.6219955 -0.5529665 0.5543912 0.6984295 0.0783326 0.7113792 -0.6962013 0.1409207 0.7038785 -0.6077863 0.5605221 0.5625042 -0.5820649 0.7881203 0.2001674 -0.9999998 -1.31215e-4 6.78742e-4 -0.6300021 -0.7315634 0.2606001 -0.678137 -0.1502251 0.7194183 -0.6911475 -0.001620411 0.722712 -0.6216211 -0.5529468 0.5548307 -0.6976699 0.07810008 0.7121496 0.582003 0.7882794 0.19972 -0.5821117 0.7880897 0.2001517 0.6302497 -0.7315766 0.2599637 -0.6301038 -0.7315543 0.2603796 -0.6968569 0.1411122 0.7031912 -0.6079726 0.5607699 0.5620557 -0.5819321 0.7883331 0.1997147 -0.9999998 1.31367e-4 -6.78708e-4 -0.6787912 -0.1500644 0.7188347 -0.6918959 -0.001400649 0.721996 -0.6301251 -0.7316603 0.2600303 -0.6219952 -0.5529669 0.5543913 -0.6984295 0.0783326 0.7113792 0.6962013 0.1409206 0.7038787 0.9999998 -1.31219e-4 6.78742e-4 0.5820645 0.7881281 0.2001376 0.6077869 0.5605223 0.5625033 0.630002 -0.7315943 0.2605133 0.6911473 -0.001620471 0.7227122 0.678136 -0.1502253 0.7194192 0.6216217 -0.5529464 0.5548304 0.6976699 0.07810008 0.7121496 0.5821121 0.7880897 0.2001507 -0.5820025 0.78828 0.1997193 -0.6302499 -0.7315158 0.2601342 0.6301031 -0.731494 0.2605509 0.6099873 0.5901889 0.5287652 0.6099852 0.7530195 -0.2467384 0 0.9502953 -0.3113502 0 0.7447842 0.6673055 0.6099833 -0.1628429 0.7755015 0 -0.2055265 0.9786517 0.6099912 -0.7530165 0.246733 0 -0.9502954 0.31135 0.6099808 -0.5901919 -0.5287693 0 -0.7447858 -0.6673036 0.6099896 0.1628435 -0.7754965 0 0.2055286 -0.9786512 0.6099895 0.466306 0.6406805 0.6099805 0.7880047 -0.0835005 0 0.994435 -0.1053519 0 0.5884452 0.8085371 0.6099836 -0.3216993 0.724175 0 -0.4059934 0.9138761 0.6099861 -0.7880032 0.08347439 0 -0.9944383 0.1053209 0.6099863 -0.4662967 -0.6406905 0 -0.5884326 -0.8085464 0.6099918 0.3216791 -0.7241772 0 0.4059733 -0.9138849 0.6099932 0.3217437 0.7241473 0.6099832 0.7880078 0.08345288 0 0.9944368 0.105336 0 0.4060139 0.9138669 0.6099807 -0.4662601 0.6407224 0 -0.588423 0.8085533 0.6099908 -0.788004 -0.08343279 0 -0.994439 -0.1053144 0.6099783 -0.3217389 -0.7241619 0 -0.406 -0.9138731 0.6099939 0.4662771 -0.6406974 0 0.588454 -0.8085308 0.609988 0.170633 0.7738211 0.609982 0.7554763 0.2391187 0 0.9533764 0.3017838 0 0.2153123 0.9765453 0.6099873 -0.5848262 0.5346904 0 -0.7380489 0.6747473 0.609989 -0.7554708 -0.2391179 0 -0.9533771 -0.3017814 0.6099817 -0.1706349 -0.7738257 0 -0.2153123 -0.9765453 0.6099929 0.5848214 -0.5346894 0 0.7380486 -0.6747476 0.6099842 -0.003287434 0.7924068 0.6099863 0.6846066 0.3990373 0 0.8639423 0.5035909 0 -0.004172563 0.9999913 0.6099863 -0.6878929 0.3933448 0 -0.8681132 0.4963662 0.60999 -0.6845999 -0.3990429 0 -0.8639348 -0.5036037 0.6099873 0.003259479 -0.7924045 0 0.004137277 -0.9999915 0.6099862 0.6878745 -0.3933773 0 0.8680876 -0.4964112 0.2289432 0.9730392 -0.02792412 0.228963 0.828709 0.5107026 0.4324697 0.8709257 0.2333638 0.2289196 0.5106784 0.8287362 0.4324709 0.233386 0.870919 0.2289066 -0.02791213 0.9730482 0.2289261 -0.462363 0.8566291 0.4324588 -0.6375615 0.6375694 0.228933 -0.8566367 0.4623454 0.2289167 -0.9730459 0.02790904 0.4324492 -0.8709422 -0.23334 0.2289196 -0.8287273 -0.5106925 0.2289199 -0.5106985 -0.8287236 0.4324581 -0.2333536 -0.870934 0.2289041 0.02789998 -0.9730491 0.2289069 0.4623257 -0.8566544 0.4324723 0.6375697 -0.637552 0.228924 0.8566166 -0.462387 0.8415433 0.1398019 0.5217858 0.8415207 0.5218005 0.1398829 0.8415345 -0.3819923 0.3819706 0.8415265 -0.521807 -0.1398238 0.8415197 -0.1397719 -0.5218318 0.8415427 0.381994 -0.3819509 -0.6099873 0.5901889 0.5287652 -0.6099852 0.7530195 -0.2467385 -0.6099833 -0.1628429 0.7755015 -0.6099912 -0.7530165 0.246733 -0.6099809 -0.5901919 -0.5287694 0 -0.7447859 -0.6673036 -0.6099896 0.1628435 -0.7754965 0 0.2055286 -0.9786512 -0.6099895 0.466306 0.6406805 0 0.5884451 0.8085371 0 0.994435 -0.1053518 -0.6099805 0.7880047 -0.0835005 -0.6099836 -0.3216993 0.724175 0 -0.4059934 0.9138761 -0.6099861 -0.7880033 0.08347439 -0.6099863 -0.4662967 -0.6406905 0 -0.5884325 -0.8085464 -0.6099918 0.3216791 -0.7241772 -0.6099932 0.3217437 0.7241473 0 0.9944368 0.105336 -0.6099829 0.7880079 0.08345282 -0.609986 -0.4662373 0.6407339 0 -0.5883962 0.8085729 -0.6099805 -0.7880125 -0.08342742 0 -0.9944396 -0.1053086 -0.6099828 -0.3217155 -0.7241687 0 -0.4059697 -0.9138867 -0.6099935 0.4662785 -0.6406969 0 0.5884539 -0.8085308 -0.609988 0.170633 0.7738211 0 0.9533764 0.3017838 -0.6099822 0.7554761 0.2391188 -0.6099873 -0.5848262 0.5346904 -0.609989 -0.7554708 -0.2391179 0 -0.9533771 -0.3017815 -0.6099817 -0.1706353 -0.7738255 -0.6099935 0.5848202 -0.53469 -0.6099842 -0.003287434 0.7924068 -0.6099865 0.6846063 0.3990374 -0.6099863 -0.6878929 0.3933448 -0.60999 -0.6845999 -0.3990429 -0.6099873 0.003259062 -0.7924045 -0.6099869 0.6878735 -0.3933777 0 0.8680876 -0.4964113 -0.2289432 0.9730393 -0.02792406 -0.4324693 0.8709257 0.2333639 -0.2289627 0.8287092 0.5107027 -0.4324708 0.2333859 0.8709192 -0.2289193 0.5106784 0.8287361 -0.2289066 -0.02791213 0.9730482 -0.4324584 -0.637562 0.6375692 -0.228926 -0.4623632 0.856629 -0.2289335 -0.8566366 0.4623455 -0.4324487 -0.8709424 -0.2333399 -0.228917 -0.9730458 0.0279091 -0.2289195 -0.8287273 -0.5106926 -0.432458 -0.2333532 -0.8709342 -0.2289198 -0.5106986 -0.8287236 -0.2289044 0.02789998 -0.9730491 -0.4324719 0.6375702 -0.6375519 -0.2289072 0.4623258 -0.8566542 -0.2289242 0.8566167 -0.4623869 -0.8415206 0.5218006 0.1398829 -0.8415432 0.1398019 0.5217858 -0.8415342 -0.3819928 0.3819707 -0.8415261 -0.5218078 -0.1398237 -0.8415198 -0.1397716 -0.5218319 -0.8415424 0.3819947 -0.3819509 0.6099918 0.5901681 0.5287832 0.6099811 0.7530313 -0.2467123 0 0.9503058 -0.311318 0 0.7447617 0.6673305 0.6099829 -0.1628411 0.7755023 0 -0.2055254 0.9786518 0.6099921 -0.7530162 0.2467312 0 -0.9502955 0.3113496 0.6099794 -0.5901873 -0.5287762 0 -0.7447806 -0.6673095 0.6099911 0.1628516 -0.7754935 0 0.2055384 -0.9786491 0.60999 0.4663056 0.6406804 0.6099801 0.7880048 -0.08350253 0 0.9944348 -0.1053543 0 0.5884451 0.8085373 0.6099832 -0.3216958 0.7241771 0 -0.4059904 0.9138774 0.6099858 -0.7880035 0.08347392 0 -0.9944386 0.1053181 0.6099862 -0.466295 -0.6406917 0 -0.5884305 -0.8085479 0.609992 0.3216769 -0.724178 0 0.4059707 -0.9138862 0.6099929 0.3217422 0.7241482 0.6099826 0.7880085 0.0834496 0 0.9944369 0.1053338 0 0.406009 0.9138692 0.6099813 -0.46626 0.6407219 0 -0.5884212 0.8085545 0.6099902 -0.7880047 -0.08343023 0 -0.9944394 -0.1053109 0.6099783 -0.3217366 -0.7241629 0 -0.4059951 -0.9138754 0.609994 0.4662773 -0.6406972 0 0.5884531 -0.8085314 0.609988 0.1706346 0.7738208 0 0.9533768 0.3017829 0 0.2153149 0.9765447 0.6099874 -0.5848258 0.5346906 0 -0.7380498 0.6747463 0.6099886 -0.7554706 -0.2391194 0 -0.9533765 -0.3017835 0.6099818 -0.1706366 -0.7738252 0 -0.2153145 -0.9765448 0.6099929 0.5848215 -0.5346893 0 0.7380493 -0.6747469 0.6099845 -0.003258705 0.7924068 0.6099885 0.6846131 0.3990227 0 0.8639503 0.5035771 0 -0.004136383 0.9999915 0.6099851 -0.6878873 0.3933564 0 -0.8681026 0.496385 0.6099896 -0.6846005 -0.3990425 0 -0.8639373 -0.5035997 0.6099877 0.003261983 -0.7924043 0 0.004139721 -0.9999914 0.6099853 0.687874 -0.3933793 0 0.8680873 -0.4964116 0.2289433 0.9730396 -0.02791124 0.2289562 0.8287258 0.5106789 0.4324733 0.8709247 0.2333605 0.2289323 0.5106968 0.8287213 0.4324765 0.2333789 0.8709182 0.2289102 -0.02792066 0.9730471 0.2289257 -0.462363 0.8566291 0.4324573 -0.6375611 0.6375709 0.228915 -0.9730464 0.02790611 0.4324494 -0.8709421 -0.2333397 0.2289166 -0.8287255 -0.5106968 0.2289196 -0.5106979 -0.8287242 0.432459 -0.2333523 -0.870934 0.2289018 0.02788674 -0.9730501 0.2289174 0.4623498 -0.8566386 0.4324771 0.6375712 -0.6375474 0.228927 0.8566305 -0.4623597 0.8415456 0.1398037 0.5217817 0.841521 0.5218009 0.1398795 0.841535 -0.3819982 0.3819639 0.8415272 -0.5218067 -0.1398208 0.8415212 -0.1397728 -0.5218291 0.8415428 0.3819941 -0.3819504 -0.6099918 0.5901681 0.5287832 0 0.9503058 -0.311318 -0.6099811 0.7530313 -0.2467123 -0.6099829 -0.1628411 0.7755023 -0.6099921 -0.7530162 0.2467312 -0.6099794 -0.5901872 -0.5287763 -0.6099911 0.1628516 -0.7754935 0 0.2055383 -0.9786491 -0.60999 0.4663056 0.6406804 0 0.9944348 -0.1053543 -0.6099801 0.7880048 -0.08350253 -0.6099832 -0.3216957 0.7241771 0 -0.4059904 0.9138774 -0.6099858 -0.7880035 0.08347392 0 -0.9944386 0.1053181 -0.6099863 -0.466295 -0.6406916 -0.609992 0.3216769 -0.724178 -0.6099929 0.3217422 0.7241482 0 0.406009 0.9138692 -0.6099824 0.7880088 0.08344954 -0.6099813 -0.46626 0.6407218 -0.6099902 -0.7880047 -0.08343023 -0.6099784 -0.3217362 -0.7241631 -0.6099935 0.4662787 -0.6406967 0 0.5884532 -0.8085314 -0.609988 0.1706346 0.7738208 -0.6099874 -0.5848258 0.5346906 -0.6099886 -0.7554707 -0.2391194 0 -0.9533765 -0.3017836 -0.6099818 -0.170637 -0.7738252 0 -0.2153145 -0.9765448 -0.6099935 0.5848203 -0.5346899 -0.6099845 -0.003258705 0.7924068 0 -0.004136383 0.9999915 -0.6099886 0.6846128 0.3990228 -0.6099851 -0.6878873 0.3933564 0 -0.8681026 0.4963851 -0.6099896 -0.6846005 -0.3990425 -0.6099877 0.003261566 -0.7924043 0 0.004139721 -0.9999914 -0.6099861 0.6878731 -0.3933798 0 0.8680873 -0.4964116 -0.2289434 0.9730396 -0.02791124 -0.4324731 0.8709248 0.2333607 -0.2289562 0.8287258 0.5106789 -0.4324765 0.2333787 0.8709182 -0.2289322 0.5106969 0.8287212 -0.2289097 -0.02792072 0.9730471 -0.4324571 -0.6375616 0.6375705 -0.2289254 -0.4623633 0.8566292 -0.432449 -0.8709423 -0.2333397 -0.2289154 -0.9730463 0.02790617 -0.2289166 -0.8287255 -0.5106968 -0.4324591 -0.2333519 -0.870934 -0.2289195 -0.5106979 -0.828724 -0.2289014 0.0278868 -0.9730502 -0.4324769 0.6375716 -0.6375471 -0.2289174 0.46235 -0.8566385 -0.2289271 0.8566305 -0.4623597 -0.8415209 0.5218011 0.1398797 -0.8415456 0.1398037 0.5217816 -0.8415349 -0.3819987 0.3819637 -0.8415268 -0.5218075 -0.1398206 -0.8415214 -0.1397725 -0.5218288 -0.8415428 0.3819946 -0.3819502 -0.251749 0.6188973 0.7440353 -0.2564544 0.6169934 0.7440097 -0.2097214 0.6714624 0.7107427 -0.2069664 0.6804538 0.7029563 0.22667 -0.6457698 0.7291105 0.1765939 -0.6651281 0.7255476 0.177037 -0.6650052 0.7255523 0.2260078 -0.6499804 0.725566 -0.1642551 0.721297 0.6728678 -0.16597 0.7144558 0.6797109 -0.09555196 0.7502136 0.6542548 -0.09133803 0.7536997 0.6508412 0.1067235 -0.6843243 0.7213255 0.05559539 -0.710251 0.7017498 0.04721069 -0.7108187 0.7017892 0.1072333 -0.679523 0.7257751 0.3444631 -0.6898611 0.6367393 0.2847859 -0.6739156 0.6817147 0.321202 -0.6584711 0.6806211 0.3882915 -0.6992536 0.6002285 -0.2238049 0.5612008 0.7968469 -0.2116736 0.5263971 0.8234685 -0.2144297 0.5252558 0.8234843 -0.2300444 0.5700101 0.7887764 0.2731192 -0.6184812 0.7368087 0.2777064 -0.609054 0.7429215 -0.02148258 0.7592198 0.6504796 -0.02157503 0.7592147 0.6504825 0.2046546 0.6765353 0.7074012 0.2564544 0.6169933 0.7440098 0.251749 0.6188973 0.7440354 0.2001063 0.6788235 0.7065098 -0.1774035 -0.665128 0.7253501 -0.1768605 -0.6648241 0.7257612 -0.22667 -0.6457698 0.7291104 -0.2260078 -0.6499804 0.7255659 0.09555202 0.7502134 0.6542551 0.1725673 0.7162493 0.6761712 0.1690223 0.717109 0.6761555 0.09133815 0.7536993 0.6508416 -0.1063973 -0.6841905 0.7215005 -0.106997 -0.679781 0.7255684 -0.04121291 -0.7075292 0.7054814 -0.04945498 -0.714856 0.6975206 -0.3444631 -0.6898609 0.6367396 -0.3882914 -0.6992534 0.6002287 -0.3212016 -0.6584711 0.6806213 -0.2847856 -0.6739156 0.6817148 0.2214696 0.5263361 0.8209273 0.2159422 0.5201697 0.8263126 0.2238048 0.5612007 0.7968471 0.2300443 0.5700101 0.7887765 -0.2777066 -0.6090539 0.7429215 -0.2731196 -0.6184812 0.7368085 0.02157503 0.7592145 0.650483 0.0214824 0.7592195 0.65048 -0.5041675 -0.3482909 0.7902585 0.1536104 -0.7342231 0.661302 -0.3940858 -0.22741 0.890495 0.08401596 -0.04059171 0.9956373 -0.1116153 -0.07814848 0.990674 0.2846364 -0.02440625 0.9583248 0.7195141 -0.2071095 0.6628764 0.5956613 -0.1051517 0.7963233 0.7981438 -0.3195725 0.5107252 0.720335 -0.6801093 0.1362679 0.7956463 -0.5488327 0.2563783 0.6087206 -0.7928611 0.02882528 0.1328947 -0.9887546 -0.06858021 0.3266764 -0.9424461 -0.07126015 -0.06944817 -0.996828 -0.03887355 -0.5029909 -0.8229175 0.2642102 -0.3807671 -0.9164477 0.1230455 -0.583687 -0.7016589 0.4086374 -0.5812849 -0.4717985 0.6629585 -0.2564834 -0.157822 0.9535768 0.4464039 -0.06721305 0.8923037 0.8075076 -0.4435239 0.3888677 0.4749451 -0.8798159 -0.01874387 -0.2274768 -0.972796 0.04384636 -0.5894333 -0.5950423 0.5463452 -0.8331378 0.1421157 0.5344946 -0.6737759 0.301716 0.6745321 -0.4945173 0.4188688 0.7615783 -0.2826584 0.5074127 0.814025 -0.01425915 0.5692304 0.8220544 0.263989 0.5796369 0.7709287 0.4928147 0.5451066 0.6782276 0.6936829 0.4677431 0.5477414 0.869814 0.3372371 0.3601317 0.9728015 0.1739956 0.1529144 0.9993691 0.01818084 -0.03051006 0.9693618 -0.1416501 -0.2006813 0.870317 -0.3185892 -0.3755653 0.7109796 -0.4782362 -0.5155562 0.5314887 -0.5943095 -0.6035859 0.3203817 -0.6864606 -0.6527844 0.05244904 -0.7504481 -0.658845 -0.2253638 -0.7631293 -0.6056773 -0.4543743 -0.7277205 -0.5137771 -0.6547464 -0.6526589 -0.3812395 -0.8311389 -0.5207963 -0.194883 -0.934528 -0.355727 0.0107575 -0.9619308 -0.1958944 0.1905643 -0.9318618 -0.0362997 0.360993 0.5041676 -0.3482909 0.7902586 0.3940858 -0.22741 0.8904949 -0.1536104 -0.7342231 0.661302 -0.08401525 -0.04059153 0.9956375 0.1116141 -0.07814836 0.9906741 -0.2846357 -0.02440601 0.9583251 -0.7195141 -0.2071095 0.6628764 -0.5956609 -0.1051514 0.7963237 -0.7981435 -0.3195733 0.5107249 -0.7203353 -0.6801089 0.1362684 -0.7956464 -0.5488327 0.2563782 -0.6087206 -0.7928611 0.02882558 -0.1328952 -0.9887546 -0.06858032 -0.3266755 -0.9424464 -0.0712608 0.06944799 -0.996828 -0.03887343 0.502991 -0.8229174 0.2642107 0.3807671 -0.9164476 0.1230455 0.5836874 -0.7016584 0.4086374 0.5812852 -0.4717984 0.6629584 0.2564835 -0.1578221 0.9535766 -0.4464046 -0.06721311 0.8923034 -0.8075076 -0.4435241 0.3888677 -0.4749447 -0.8798161 -0.01874446 0.2274764 -0.972796 0.04384571 0.5894334 -0.5950422 0.5463451 0.8331379 0.1421158 0.5344946 0.6737758 0.301716 0.6745321 0.4945175 0.4188687 0.7615783 0.2826571 0.5074127 0.8140254 0.01426023 0.5692301 0.8220546 -0.2639886 0.5796369 0.7709287 -0.4928151 0.5451068 0.6782271 -0.6936817 0.4677441 0.547742 -0.8698142 0.3372368 0.3601316 -0.9728018 0.1739943 0.1529142 -0.9993691 0.01818084 -0.03051006 -0.9693617 -0.1416502 -0.2006814 -0.8703173 -0.3185892 -0.3755648 -0.7109797 -0.4782362 -0.5155561 -0.5314883 -0.5943093 -0.6035866 -0.3203805 -0.686461 -0.6527846 -0.05244958 -0.7504481 -0.658845 0.2253634 -0.7631291 -0.6056776 0.4543732 -0.7277202 -0.5137785 0.6547465 -0.6526589 -0.3812394 0.8311393 -0.5207962 -0.1948822 0.9345284 -0.355726 0.01075738 0.9619308 -0.1958944 0.1905642 0.9318621 -0.03629934 0.3609923 0.1835694 -0.6688953 0.7203343 0.1364276 -0.6742867 0.7257583 0.09072208 -0.6861018 0.7218267 0.272386 -0.6611546 0.699057 0.1817388 -0.6736639 0.7163435 0.164824 -0.6954559 0.6994099 0.3072995 -0.6666308 0.6790953 0 -0.6885715 0.7251686 0 -0.6882079 0.7255136 -0.1835694 -0.6688953 0.7203343 -0.09072214 -0.6861018 0.7218267 -0.1364275 -0.6742867 0.7257583 -0.2723859 -0.6611546 0.6990569 -0.1817389 -0.6736639 0.7163435 -0.1648242 -0.6954559 0.6994099 -0.3072993 -0.6666308 0.6790954 -0.9898641 0.03673845 0.137184 -0.9920261 0.03899484 0.1198492 1.12385e-4 -0.9202777 0.3912657 1.08927e-4 -0.9193966 0.3933319 -8.14199e-5 -0.9193751 0.393382 -9.64403e-5 -0.9202973 0.3912199 0.9920207 0.03899943 0.1198922 0.9898654 0.03660804 0.1372093 3.24773e-6 0.9889239 -0.1484241 6.22192e-5 0.9928709 -0.1191946 7.22926e-5 -0.9658256 0.2591926 -1 1.06384e-4 -2.9535e-4 1 -2.01896e-5 1.29273e-5 -8.06153e-5 -0.9659307 0.2588011 1.12613e-4 0.9659438 -0.2587519 -1.80309e-4 0.9659538 -0.258715 -0.003504276 0.9030421 0.4295377 0.5593934 0.820233 0.1195705 0.5635175 0.652332 -0.506864 0.003662765 0.567474 -0.8233833 -0.5599025 0.6502304 -0.5135269 -0.5633078 0.8185331 0.112641 -0.00581187 0.5367472 0.8437231 0.8229264 0.4152757 0.3877347 0.8286901 0.1687754 -0.5336549 0.005558848 0.04417717 -0.9990082 -0.8231725 0.1661947 -0.5429239 -0.8288818 0.4120594 0.3783676 -0.005909502 0.3180491 0.9480558 0.8616609 0.1910558 0.4701471 0.8669729 -0.0657553 -0.4939982 0.00605297 -0.1958009 -0.9806251 -0.8611069 -0.06904953 -0.5037135 -0.867455 0.187852 0.4606881 1.00285e-4 -0.988904 0.1485558 -0.9920412 -0.03890305 -0.1197534 0.99202 -0.03901445 -0.1198935 -1.07974e-4 -0.9889047 0.1485517 4.26518e-5 0.9203106 -0.3911886 1.10477e-4 -0.9928941 0.1190018 -0.9898599 -0.03667974 -0.1372297 0.9898649 -0.03670924 -0.1371867 -9.85861e-5 -0.9928895 0.11904 8.13008e-5 0.9193717 -0.3933902 7.02143e-5 -0.9659274 0.2588132 -1 1.79344e-5 -1.10077e-5 1 -1.27695e-4 2.87362e-4 -7.97292e-5 -0.9659112 0.2588741 -8.39307e-6 0.9658604 -0.2590636 6.59685e-5 0.9658876 -0.2589617 0.5624989 0.6521763 -0.5081939 0.002343237 0.5674703 -0.8233906 0.5602508 0.8198487 0.1181834 -0.002600789 0.9030233 0.429584 -0.5624628 0.8188681 0.1144146 -0.5603952 0.6510261 -0.5119789 0.8247486 0.178294 -0.5366573 0.003447711 0.05475533 -0.9984939 0.8213484 0.4242 0.3813676 -0.003410458 0.5465267 0.8374347 -0.8246724 0.4229279 0.3755632 -0.8213313 0.1765878 -0.5424312 0.8648008 -0.04610496 -0.4999939 0.003597736 -0.1759129 -0.9843992 0.8609744 0.211848 0.4624323 -0.003720402 0.3397184 0.9405199 -0.8646946 0.2100435 0.4562731 -0.8611584 -0.04766386 -0.5060973 -0.9898683 0.03645968 0.1372286 -0.9920275 0.03831493 0.1200559 9.87649e-5 -0.9208605 0.3898922 7.62045e-5 -0.9193978 0.393329 -8.69334e-5 -0.919353 0.3934336 -8.47578e-5 -0.9209071 0.3897822 0.9920216 0.03831994 0.1201037 0.9898659 0.03660011 0.1372084 2.09008e-6 0.9891391 -0.1469825 6.68817e-5 0.9928706 -0.1191972 8.59755e-5 -0.9659845 0.2586004 -1 -9.93805e-5 2.77887e-4 1 -1.56257e-5 1.89951e-5 -8.94964e-5 -0.9659296 0.258805 1.12344e-4 0.9659455 -0.2587456 -1.97712e-4 0.965952 -0.2587215 -0.004052996 0.9032644 0.4290654 0.559606 0.8201253 0.119313 0.5634837 0.6523531 -0.5068743 0.003703594 0.5674631 -0.8233905 -0.5596125 0.6505716 -0.5134108 -0.5633484 0.8185071 0.1126267 -0.005781114 0.5367416 0.8437269 0.822925 0.4152736 0.3877403 0.8286892 0.1687924 -0.533651 0.005546033 0.04418307 -0.9990081 -0.8231579 0.1662165 -0.5429396 -0.8288827 0.4120541 0.3783714 -0.005922198 0.3180488 0.9480559 0.8616526 0.191047 0.4701659 0.8669758 -0.06576627 -0.4939917 0.006026029 -0.195802 -0.980625 -0.861115 -0.06902623 -0.5037027 -0.8674364 0.1878395 0.4607282 7.99e-5 -0.9891133 0.1471558 -0.9920425 -0.03821963 -0.1199632 0.9920208 -0.03832805 -0.1201078 -1.06543e-4 -0.989124 0.1470844 4.36834e-5 0.9208962 -0.389808 9.36389e-5 -0.992896 0.1189863 -0.9898586 -0.03662896 -0.1372526 0.9898656 -0.03668105 -0.1371889 -8.58903e-5 -0.9928918 0.1190213 8.84591e-5 0.9193726 -0.3933882 7.35819e-5 -0.9659178 0.258849 -1 -3.70172e-5 1.1583e-5 1 -4.87e-5 3.26914e-4 -9.43745e-5 -0.9659047 0.2588981 -7.9926e-6 0.9658575 -0.2590742 -1.68943e-4 0.9660342 -0.2584144 0.5625115 0.6521601 -0.508201 0.002384185 0.5674285 -0.8234192 0.5600165 0.8199673 0.1184706 -0.002331495 0.9031918 0.4292312 -0.5624649 0.8188631 0.1144398 -0.5603789 0.6510124 -0.5120142 0.8247647 0.1783291 -0.5366208 0.003415048 0.05474561 -0.9984945 0.821347 0.4242298 0.3813375 -0.003444969 0.5465748 0.8374033 -0.8246619 0.4229342 0.3755788 -0.821323 0.1765232 -0.5424651 0.8647859 -0.04603284 -0.5000264 0.003550291 -0.1757987 -0.9844197 0.8609503 0.211956 0.4624277 -0.003726303 0.3398157 0.9404847 -0.8647047 0.2100167 0.4562664 -0.8611703 -0.04774063 -0.5060697 -0.9898707 0.03628945 0.1372558 -0.9920176 0.05734091 0.1123083 7.95126e-5 -0.9029743 0.4296947 7.94232e-5 -0.9193982 0.3933281 -8.6695e-5 -0.9193533 0.3934332 -7.85291e-5 -0.9029907 0.4296602 0.9920132 0.05732876 0.1123536 0.989865 0.03666043 0.1371988 1.98221e-5 0.9822197 -0.1877353 5.78843e-5 0.9928711 -0.1191928 8.67872e-5 -0.9658792 0.2589929 -1 -9.65351e-5 2.78545e-4 1 -2.79758e-5 1.03768e-5 -1.02401e-4 -0.9659305 0.2588019 1.19154e-4 0.9659442 -0.2587507 -1.82563e-4 0.9659536 -0.2587153 -0.00383383 0.9031766 0.4292523 0.5593854 0.8202403 0.1195574 0.5634825 0.6523473 -0.5068831 0.003999948 0.5676389 -0.823268 -0.5599239 0.6501997 -0.5135422 -0.5633018 0.8185344 0.1126624 -0.00584495 0.5367488 0.8437219 0.8229167 0.4152789 0.3877522 0.8286887 0.1687922 -0.5336519 0.005546987 0.04418373 -0.9990081 -0.8231619 0.166185 -0.542943 -0.8288887 0.4120608 0.378351 -0.005879342 0.3180348 0.9480608 0.8616522 0.1910464 0.4701668 0.8669754 -0.06576663 -0.4939922 0.00602746 -0.1958007 -0.9806252 -0.8611011 -0.06900441 -0.5037294 -0.8674645 0.1878771 0.4606599 8.64863e-5 -0.9821918 0.1878813 -0.992036 -0.05723255 -0.1122012 0.9920133 -0.05732065 -0.1123569 -8.60691e-5 -0.9822042 0.1878163 4.58879e-5 0.9029951 -0.429651 9.74536e-5 -0.9928962 0.1189845 -0.9898598 -0.03664553 -0.13724 0.9898647 -0.03672891 -0.1371824 -8.74698e-5 -0.9928917 0.1190217 9.54335e-5 0.9193724 -0.3933885 7.28071e-5 -0.9659171 0.2588517 -1 -2.76759e-5 1.85759e-5 1 -2.9987e-5 3.23551e-4 -6.75498e-5 -0.9659066 0.2588911 -6.38333e-6 0.9658599 -0.2590653 -1.47492e-4 0.9658578 -0.2590731 0.5625262 0.6521719 -0.5081694 0.002468466 0.5674558 -0.8234001 0.5604805 0.8196863 0.11822 -0.002230286 0.9032472 0.4291148 -0.5626415 0.8187711 0.1142307 -0.5601096 0.6511741 -0.5121032 0.824749 0.1783395 -0.5366415 0.0034464 0.05470484 -0.9984967 0.8213155 0.4242314 0.3814035 -0.003366649 0.5463106 0.837576 -0.8247076 0.4227663 0.3756676 -0.8213342 0.1769452 -0.5423102 0.8647609 -0.04604178 -0.5000689 0.003591954 -0.1759042 -0.9844008 0.8609594 0.2119203 0.4624269 -0.003713428 0.3398442 0.9404744 -0.8646584 0.2100796 0.4563249 -0.8611348 -0.04773515 -0.5061308 0.9898658 0.03662621 0.1372017 -7.80523e-5 -0.9193615 0.3934141 -1.00017e-4 -0.9208987 0.389802 0.9920279 0.03831362 0.1200532 8.55327e-5 -0.9193891 0.3933494 -0.9898679 0.03643453 0.1372373 -0.9920215 0.03832149 0.1201041 8.42512e-5 -0.9208689 0.3898727 1.3834e-4 0.9929394 -0.1186233 1.29506e-7 0.9891388 -0.1469845 -9.0301e-5 -0.965932 0.2587963 1 -1.00616e-4 2.78398e-4 -1 -1.37463e-5 1.92368e-5 9.18235e-5 -0.9659559 0.2587071 -1.11512e-4 0.9659458 -0.2587447 1.97712e-4 0.9659519 -0.2587215 -0.5593836 0.8202401 0.1195662 0.003753662 0.9031434 0.4293227 -0.5634801 0.6523533 -0.5068781 -0.003699362 0.5674628 -0.8233909 0.5596827 0.6504835 -0.5134458 0.5633481 0.8185074 0.1126258 -0.8229244 0.4152738 0.387741 0.005781412 0.5367416 0.8437269 -0.8286879 0.1687921 -0.5336531 -0.00554043 0.04418247 -0.9990082 0.8231588 0.166217 -0.5429379 0.8286252 0.4124414 0.3785136 -0.8616523 0.1910484 0.4701658 0.00592035 0.3180494 0.9480556 -0.866975 -0.06576657 -0.4939931 -0.00602132 -0.1958016 -0.980625 0.8611151 -0.06902658 -0.5037026 0.8674359 0.1878387 0.4607293 -7.92742e-5 -0.9891284 0.147055 0.9920424 -0.03822052 -0.1199634 -0.992021 -0.03832763 -0.120105 1.06037e-4 -0.9891194 0.147116 -4.31449e-5 0.9208961 -0.3898084 -9.54568e-5 -0.9928925 0.1190144 0.9898568 -0.0365808 -0.1372779 -0.9898655 -0.03668338 -0.1371888 8.7738e-5 -0.9928951 0.1189928 -8.93193e-5 0.919372 -0.3933894 -7.16458e-5 -0.9658914 0.2589477 1 -3.59702e-5 1.18514e-5 -1 4.26218e-5 -2.75646e-4 9.2715e-5 -0.965931 0.2588 8.42173e-6 0.9658577 -0.2590733 1.68943e-4 0.9660342 -0.2584144 -0.002380609 0.5674293 -0.8234189 -0.5625112 0.6521606 -0.5082005 -0.5600155 0.8199672 0.1184757 0.00262022 0.9030268 0.4295762 0.5626736 0.8187572 0.1141712 0.5603787 0.6510137 -0.5120126 -0.003413558 0.05474507 -0.9984946 -0.8247653 0.1783279 -0.5366205 -0.821346 0.4242286 0.3813409 0.003443062 0.5465714 0.8374055 0.8246618 0.4229341 0.3755794 0.821323 0.176523 -0.542465 -0.003552615 -0.1757988 -0.9844197 -0.8647873 -0.04603362 -0.5000239 -0.8609508 0.2119556 0.4624269 0.003724098 0.3398162 0.9404846 0.8647056 0.2100178 0.456264 0.8611702 -0.04774081 -0.50607 0.9898648 0.0366804 0.137194 -7.95126e-5 -0.9193616 0.3934136 -8.06153e-5 -0.9029824 0.4296777 0.9920179 0.05734115 0.1123061 8.63373e-5 -0.9193896 0.3933483 -0.9898663 0.03655034 0.1372184 -0.9920129 0.05732858 0.1123563 7.90059e-5 -0.9029527 0.42974 -5.84419e-5 0.9928712 -0.1191927 -2.05349e-5 0.9822198 -0.1877351 -8.70228e-5 -0.9659318 0.2587972 1 -9.72867e-5 2.79122e-4 -1 -2.69558e-5 1.03903e-5 1.09974e-4 -0.965957 0.2587028 -1.15427e-4 0.9659444 -0.2587499 1.82568e-4 0.9659536 -0.2587154 -0.5593841 0.8202412 0.1195566 0.003836274 0.9031774 0.4292504 -0.56348 0.6523485 -0.5068844 -0.00371772 0.5674604 -0.8233923 0.5597031 0.6504639 -0.5134483 0.5633013 0.8185344 0.1126638 -0.822916 0.4152805 0.3877518 0.0058434 0.5367512 0.8437204 -0.8286871 0.1687935 -0.5336539 -0.005545198 0.04418367 -0.9990081 0.8231629 0.1661837 -0.5429419 0.8288888 0.4120604 0.3783512 -0.8616504 0.1910457 0.4701704 0.005877733 0.3180335 0.9480612 -0.8669746 -0.06576722 -0.4939936 -0.006025195 -0.1958014 -0.9806251 0.8611023 -0.06900429 -0.5037274 0.8674638 0.1878783 0.4606608 -8.43406e-5 -0.9821977 0.1878505 0.9920358 -0.05723196 -0.1122035 -0.9920131 -0.05732327 -0.1123573 9.03308e-5 -0.9821984 0.187847 -4.73936e-5 0.9029942 -0.4296529 -9.82583e-5 -0.9928851 0.1190763 0.9898614 -0.03669619 -0.1372141 -0.9898647 -0.03672969 -0.1371825 9.28044e-5 -0.9928951 0.1189928 -9.27523e-5 0.9193733 -0.3933866 -1.14607e-4 -0.9659432 0.2587544 1 -2.19045e-5 1.85759e-5 -1 2.89337e-5 -2.8315e-4 6.82175e-5 -0.9659332 0.2587918 3.75489e-6 0.9658603 -0.259064 1.47494e-4 0.9658578 -0.2590731 -0.002468705 0.5674583 -0.8233985 -0.5628506 0.6518355 -0.5082418 -0.5604797 0.8196876 0.1182149 0.002447485 0.9031259 0.4293689 0.562833 0.8186794 0.1139443 0.56011 0.6511756 -0.5121008 -0.003446698 0.05470716 -0.9984965 -0.8247501 0.1783406 -0.5366397 -0.8213154 0.4242337 0.3814012 0.003365933 0.546312 0.8375751 0.8247079 0.4227654 0.3756678 0.8213351 0.1769464 -0.5423086 -0.003591775 -0.1759047 -0.9844006 -0.8647617 -0.04604369 -0.5000675 -0.8611974 0.2117063 0.4620818 0.003712773 0.3398441 0.9404745 0.8646593 0.2100787 0.4563239 0.8611351 -0.04773527 -0.5061302 -0.1738499 -0.3772265 -0.9096573 -0.2739284 -0.06834387 -0.9593188 0.3533953 -0.7619214 0.5427592 0.3583859 -0.7168961 0.5980132 -0.007817447 0.7720872 0.6354686 -0.1704421 0.9495759 0.2631641 -0.2739595 -0.06835728 -0.9593089 -0.1738637 -0.3771525 -0.9096854 0.3584115 -0.7169753 0.5979027 0.3533894 -0.762035 0.5426037 -0.1704941 0.9495838 0.263102 -0.007873654 0.7720881 0.6354668 -0.2440503 0.1602252 -0.9564347 0.3387615 0.7706859 0.5397074 0.3259986 0.8446303 0.4246464 -0.3032525 -0.09926933 -0.9477255 0.02491486 -0.726629 0.6865782 -0.244077 0.1601729 -0.9564367 -0.30333 -0.09934115 -0.9476932 -0.1222726 -0.9257715 0.3577663 0.3386646 0.7707489 0.5396781 0.02494853 -0.7266228 0.6865836 -0.122218 -0.9257732 0.3577804 0.326088 0.8446166 0.4246051 0.083588 -0.7566835 -0.6484159 0.09522438 0.7591207 -0.6439473 0.09508991 0.8653129 -0.4921296 0.0508691 -0.8747468 -0.481903 -0.06238394 0.6273435 0.7762399 -0.06227874 0.5222269 0.8505296 0.09510481 0.8653054 -0.4921399 0.09515357 0.7590665 -0.6440218 -0.07262474 -0.6231892 0.7786918 -0.087641 -0.5333042 0.8413714 -0.06232285 0.5222648 0.850503 -0.06239169 0.6274908 0.7761203 -0.1738501 -0.3772261 -0.9096575 -0.2739295 -0.06833809 -0.9593188 0.3533959 -0.7619236 0.542756 0.3583859 -0.7168961 0.598013 -0.007816553 0.7720856 0.6354705 -0.1704422 0.9495763 0.2631621 -0.2739586 -0.06835895 -0.959309 -0.1738649 -0.3771499 -0.9096862 0.358411 -0.7169755 0.5979027 0.3533892 -0.7620348 0.542604 -0.170494 0.9495837 0.2631022 -0.00787431 0.7720883 0.6354665 -0.2446959 0.1593927 -0.9564089 0.3376194 0.7708182 0.5402337 0.3248764 0.8446792 0.4254086 -0.3034917 -0.09796059 -0.9477851 0.02552109 -0.7268735 0.6862971 -0.244827 0.1593203 -0.9563874 -0.303524 -0.09803742 -0.9477669 -0.1248588 -0.9274707 0.3524321 0.3375213 0.7708709 0.5402199 0.02556639 -0.7268763 0.6862925 -0.1247941 -0.9274877 0.3524104 0.3248233 0.8446878 0.425432 0.08395636 -0.7566467 -0.6484113 0.09478849 0.758798 -0.6443917 0.09454971 0.8693704 -0.4850315 0.05106216 -0.8740308 -0.4831801 -0.06320339 0.6270767 0.7763893 -0.06281721 0.5166992 0.8538595 -0.07268464 -0.6232162 0.7786647 -0.08761924 -0.5337802 0.8410717 -0.06282073 0.5167446 0.8538317 -0.06313532 0.627193 0.7763008 0.08397179 -0.7565664 -0.6485029 0.05097317 -0.8740363 -0.4831795 0.2351744 -0.05389636 -0.9704577 0.6447022 -0.5082778 -0.5709753 0.1917942 -0.6614452 -0.7250554 0.03306025 0.9985886 0.04156905 0.685255 0.7136439 -0.145389 0.05700159 0.9958971 -0.07028579 0.4827322 -0.3227537 -0.8141251 0.6902092 -0.7236053 -0.002591013 0.5630015 0.4597589 -0.6867687 0.1509805 -0.9885365 -6.60497e-4 0.1421186 -0.948023 -0.2847014 0.727363 0.4407989 -0.5259653 0.224102 0.7447689 -0.6285679 0.1827955 0.9214829 -0.3427171 0.6903246 0.01844292 -0.7232648 0.3156536 0.253179 -0.9144743 0.06823784 -0.6782844 -0.7316243 0.02535128 0.999534 0.01700425 0.396153 0.0462293 -0.9170201 0.6445347 -0.4104095 -0.6450884 0.3413969 -0.3442049 -0.8746263 0.7102711 0.6432795 -0.2858436 0.1972616 0.9418778 -0.2719452 0.1099715 0.7163229 -0.6890485 0.2779221 0.3853458 -0.8799251 0.2053277 0.297156 -0.9324907 0.7904523 -0.4240788 -0.4419755 0.240022 -0.895233 -0.3754295 0.3028491 -0.7552282 -0.5813028 0.6690075 0.4453581 -0.5950506 0.3198496 0.7807042 -0.53684 0.799361 0.0644527 -0.5973843 0.3723466 0.3948128 -0.8399292 -0.07602524 -0.9881974 0.1329892 0.1200023 -0.941454 -0.3150617 0.06822127 -0.6784071 -0.731512 0.4827659 -0.3228021 -0.814086 -0.01135683 0.08625435 -0.9962084 -0.05717039 0.1976168 -0.9786109 0 0.04472655 -0.9989994 0 0.09609889 -0.9953719 0.2778868 0.3853065 -0.8799533 0.003597199 0.4886995 -0.8724448 0.2052579 0.2973007 -0.9324599 0.1099936 0.7164469 -0.6889161 0.03338569 0.2112406 -0.9768638 0.004374623 0.7529062 -0.6581134 0.5630735 0.4598451 -0.686652 0.004375755 0.7529081 -0.6581111 0.004376351 0.7529091 -0.65811 0.7071053 0.7071083 0 1 0 0 0.2940985 3.26582e-5 -0.9557752 0.5773395 0.5773395 -0.5773719 0 0 -1 0 0.7070938 -0.7071198 0.2939153 1.40407e-5 -0.9558316 0 1 0 0.173882 -0.3772346 -0.9096478 -0.3583552 -0.7169038 0.5980222 -0.3534238 -0.7619141 0.5427508 0.2738909 -0.06833422 -0.9593301 0.007857918 0.772077 0.6354806 0.173904 -0.3771626 -0.9096736 0.2739259 -0.0683487 -0.9593191 0.1705137 0.9495571 0.2631853 -0.358317 -0.7169992 0.5979307 0.007861375 0.7720913 0.6354631 0.170509 0.9495797 0.2631064 -0.3533794 -0.7620374 0.5426066 0.2440159 0.160217 -0.9564449 0.3032916 -0.09925991 -0.947714 -0.3260662 0.8446143 0.4246267 -0.338671 0.7707073 0.5397337 -0.02493953 -0.7266351 0.6865708 0.1222945 -0.9257661 0.3577725 0.3033529 -0.09933567 -0.9476864 0.2440531 0.1601672 -0.9564438 -0.3387711 0.7707238 0.5396471 -0.3259826 0.8446418 0.4246358 0.1222088 -0.9257755 0.3577778 -0.0249412 -0.726621 0.6865857 -0.08358794 -0.7566834 -0.648416 -0.0508691 -0.8747468 -0.481903 -0.09498095 0.8653167 -0.4921439 -0.09521263 0.7591209 -0.6439489 0.06244057 0.6273435 0.7762354 -0.0951817 0.7590661 -0.644018 -0.09507524 0.8653065 -0.4921439 0.06230366 0.5222272 0.8505274 0.07262474 -0.6231892 0.7786918 0.06238192 0.6274908 0.776121 0.06233131 0.5222649 0.8505023 0.087641 -0.5333042 0.8413714 0.173882 -0.3772342 -0.909648 -0.3583555 -0.7169038 0.5980221 -0.3534243 -0.7619163 0.5427476 0.2738924 -0.06832861 -0.9593302 0.007856965 0.7720754 0.6354825 0.1739051 -0.3771603 -0.9096742 0.2739249 -0.06835043 -0.9593192 0.1705138 0.9495576 0.2631833 -0.3583168 -0.7169993 0.5979306 0.007861971 0.7720915 0.6354629 0.170509 0.9495797 0.2631067 -0.3533793 -0.7620373 0.5426069 0.2447667 0.1594094 -0.956388 0.3035308 -0.09795117 -0.9477735 -0.3248431 0.8446872 0.425418 -0.3375289 0.7708393 0.5402601 -0.02554547 -0.7268794 0.68629 0.1248812 -0.9274652 0.3524386 0.3035477 -0.09803169 -0.9477598 0.2448027 0.1593146 -0.9563945 -0.3376284 0.7708458 0.5401887 -0.324829 0.8446865 0.4254304 0.1247842 -0.9274902 0.3524075 -0.02555942 -0.7268746 0.6862945 -0.0839442 -0.7566467 -0.6484128 -0.05107557 -0.874031 -0.4831783 -0.09454977 0.8693703 -0.4850316 -0.09478843 0.758798 -0.6443918 0.06317692 0.6270766 0.7763915 0.06284165 0.5166996 0.8538575 0.07268464 -0.6232162 0.7786647 0.06321567 0.6271931 0.7762942 0.06282907 0.5167447 0.8538311 0.08761918 -0.5337802 0.8410717 -0.08394128 -0.7565665 -0.6485069 -0.0510056 -0.8740367 -0.4831752 -0.2357569 -0.05267941 -0.9703832 -0.1934859 -0.6614288 -0.7246208 -0.6450342 -0.508116 -0.5707443 -0.04677236 0.9983658 -0.03283315 -0.1938425 0.9197822 -0.3412123 -0.6935967 0.7075777 -0.1351203 -0.482739 -0.3227438 -0.8141251 -0.5633605 0.4581782 -0.6875302 -0.6902091 -0.7236054 -0.002591073 -0.1424232 -0.9482612 -0.2837542 -0.1509805 -0.9885365 -6.60533e-4 -0.7324163 0.4287633 -0.5288936 -0.2206689 0.7088239 -0.6699807 -0.6903246 0.01844292 -0.7232648 -0.3156536 0.253179 -0.9144743 -0.06824558 -0.6782824 -0.7316254 -0.06012153 0.9961963 0.06307429 -0.06144845 0.9980112 0.01406759 -0.3971238 0.04530012 -0.9166464 -0.3439809 -0.3433227 -0.8739604 -0.6458541 -0.4095346 -0.6443244 -0.7102948 0.6432607 -0.285827 -0.2779696 0.3850561 -0.8800368 -0.1099799 0.7163223 -0.6890478 -0.1963676 0.9409086 -0.2759181 -0.1977494 0.2985005 -0.9336984 -0.7897637 -0.4242706 -0.4430215 -0.2410691 -0.8958744 -0.3732221 -0.1186011 -0.9404627 -0.3185341 -0.6682273 0.4461669 -0.5953214 -0.313687 0.7835956 -0.5362635 -0.7993109 0.06276571 -0.597631 -0.3696754 0.4046513 -0.8364194 0.08625888 -0.9857793 0.1442177 -0.0682289 -0.6784052 -0.731513 0.05717039 0.1976168 -0.9786109 0.01135683 0.08625435 -0.9962084 -0.4827383 -0.3228418 -0.8140866 -0.2779905 0.384968 -0.8800688 -0.1977512 0.2987285 -0.9336251 -0.03338569 0.2112406 -0.9768638 -0.1100223 0.7164437 -0.6889148 -0.5634838 0.4582253 -0.6873977 0.004372894 0.7529078 -0.6581115 0.004372775 0.7529085 -0.6581106 -0.7071053 0.7071083 0 -0.5773395 0.5773395 -0.5773719 -0.2940985 4.26769e-5 -0.9557752 -1 0 0 -0.2939153 1.41072e-5 -0.9558316 -0.3066244 -0.7565783 -0.5775559 0 -0.5315493 0.8470273 0 -0.8355953 0.5493457 0.07641643 -0.8378135 0.5405823 0.04765707 -0.5472803 0.8355915 0.1660542 -0.9816976 0.09325116 0.1411644 -0.8915554 -0.4303508 0.1552155 -0.8333019 -0.5305809 0.2484595 -0.9682316 -0.02820861 0.1878997 -0.9788428 -0.08099734 0.1787777 -0.9807391 -0.07867193 -0.08471745 -0.9950587 -0.05178081 -0.04062438 -0.961232 0.2727323 0.1068398 -0.9613499 -0.2537555 0.1876071 -0.9586867 -0.213831 0.1137777 -0.9090261 0.4009068 0.04685223 -0.9052951 0.4221917 2.13422e-5 -0.4628215 -0.8864516 0.06539183 -0.4733918 -0.8784214 0.1030139 -0.8313751 -0.5460802 2.06269e-5 -0.8320131 -0.5547559 0.01835203 -0.3138772 0.9492863 0 -0.317745 0.9481763 0.1724686 -0.8828389 0.436864 0.1129612 -0.6675052 0.7359868 -5.93221e-6 -0.1266748 -0.9919444 0.04234224 -0.1496641 -0.9878299 0.3823787 -0.8926461 -0.2386833 0.3068754 -0.8437402 -0.440375 0.4267845 -0.7642593 -0.4834904 0.502793 -0.8224054 -0.2661741 0.8091503 -0.5604084 -0.1766873 0.8643934 -0.4471063 -0.2300437 0.9054849 -0.4241018 -0.01532006 0.8202496 -0.5663007 0.08058696 0.521538 -0.298039 -0.7994817 0.7563087 -0.4186857 -0.5026922 0.765305 -0.4974195 -0.4085121 0.5720356 -0.3927478 -0.7200865 0.7630846 -0.1823968 0.6200269 0.7846622 -0.0190857 0.6196298 0.5817419 -0.05139774 0.8117479 0.5641568 -0.2142856 0.7973763 0.8513644 0.1339577 0.5071823 0.6984227 0.0998407 0.7086872 0.9884681 0.09191346 0.1203446 0.9797101 0.06929492 0.1880597 0.8528707 0.07651019 0.5164859 0.9277844 0.1447691 0.3438869 0.9934056 0.005927383 -0.1144993 0.9987739 0.04116934 -0.02749496 0.9930139 -0.0142706 -0.1171316 0.9939096 0.002102315 -0.1101794 0.9811376 -0.01284027 -0.192884 0.9781775 -0.005122005 -0.207708 0.9644805 -0.009982228 -0.2639654 0.961589 -0.008012354 -0.2743766 0.9960216 0.02685201 -0.08497011 0.9987012 0.04876476 0.01477253 0.9879534 -0.005263984 -0.1546626 0.9953612 -0.09106975 -0.03102457 0.9984428 -0.05524611 0.007736861 0.9971648 -0.007157504 -0.07490748 0.9843752 -0.1448783 0.1000795 0.9810293 -0.08693039 0.1732758 0.8183902 -0.1443377 0.5562411 0.8597231 -0.1379757 0.4917712 0.9604588 -0.1780176 0.2140765 0.9449858 -0.1288716 0.300656 0.9485281 -0.03224527 0.3150473 0.9601107 0.07722741 0.2687445 0.831862 0.0451489 0.5531433 0.801766 -0.06410306 0.5941905 0.9847397 0.07993894 0.1545882 0.9893112 0.116492 -0.08771032 0.9886396 0.1402237 0.05412095 0.887703 0.08988624 0.4515574 0.9288578 0.2102635 -0.3049796 0.6345937 0.4069279 -0.6570393 0.6497361 0.4215819 -0.6325439 0.9317657 0.2462428 -0.2667905 0.6344633 0.407005 -0.6571176 0.4056115 0.4605254 -0.7895542 0.4063045 0.4901356 -0.7711575 0.6496264 0.4216212 -0.6326304 0.3798909 0.4442735 -0.8113594 0.3639929 0.5276882 -0.7674988 0.9991601 -0.01843923 0.03659385 0.9979246 -0.009449362 -0.06369692 0.9833866 0.01126056 -0.1811746 0.9884336 0.0229572 -0.1499071 0.9556267 0.05773007 -0.2888685 0.9741842 -0.04950278 0.2202604 0.9702215 -0.002036809 0.2422109 0.9989767 0.01303225 0.04330945 0.2904968 -0.5001752 -0.8157429 0.174226 -0.2184689 -0.960165 0.1599924 -0.5110406 -0.8445355 0.5468454 -0.8294818 -0.113667 0.6458222 -0.6980506 -0.3092558 0.6685824 -0.7345557 -0.1158688 0.2707623 -0.9101401 0.3135808 0.2770777 -0.9430189 -0.1842378 0.3012268 -0.9512392 -0.0663824 0.184033 -0.8529214 -0.4885252 -4.8019e-6 -0.9712071 -0.2382372 -2.89883e-5 -0.8895077 0.4569202 0.07231742 -0.9846689 0.1587371 0.06955897 -0.9366385 -0.3433218 0.21618 -0.9699869 -0.1113169 0.06543684 -0.9219496 0.381742 0.4026983 -0.9116858 -0.08162814 0.5201056 -0.6251956 -0.5819112 0.2593411 -0.9123821 -0.3167036 0.2503095 -0.96193 -0.1097086 0.09914243 -0.8350372 -0.5411872 -0.00507462 -0.9227628 -0.3853351 0.2030667 -0.9732517 -0.1074486 0.9040433 -0.3789803 0.1976857 0.7699567 -0.5176247 0.3731376 0.722631 -0.6838926 0.1004765 0.5431884 -0.8055078 0.2368623 0.3389923 -0.8856954 0.317219 0.2898134 -0.9566969 0.02719122 0.9983757 0.006625294 -0.0565868 0.9975882 0.01450395 -0.06787854 0.9863849 0.004517257 -0.1643914 0.9897742 0.003043353 -0.1426108 0.9687288 0.02681708 0.2466687 0.972657 0.05409085 0.2258602 0.9991253 0.02486807 0.03361928 -0.1233488 -0.2831313 -0.9511162 -0.40718 -0.4362317 -0.8024378 -0.4478403 -0.3355415 0.8287648 -0.731617 -0.6701602 0.124988 0.02322703 -0.2802912 -0.959634 -0.04395157 -0.2800017 -0.958993 -0.2320047 -0.2456715 0.9411798 -0.06595325 -0.01059597 0.9977665 -0.1853714 -0.1123883 0.9762205 0.04360848 -0.3542373 -0.9341383 0 -0.9409438 -0.3385627 2.43309e-5 -0.350536 -0.9365493 0.02049297 -0.1813054 0.9832133 -0.08687299 -0.1744472 0.9808269 0.02046495 -0.3753432 0.92666 0.2616558 -0.3758086 0.8889906 -0.0401982 -0.2285581 0.9727001 -0.08103567 -0.4021148 0.9119962 -0.06610906 -0.3793705 0.9228801 -0.08162158 -0.1909095 0.9782084 0.5025029 -0.4015423 0.7656726 0.2179873 -0.2189499 0.9510745 -0.04510349 -0.08037674 0.9957436 0.1891534 -0.07902956 0.9787622 -0.02720022 -0.003690958 0.9996233 -0.08052808 -0.02618163 0.9964085 -0.09687435 -0.08459603 0.991695 0.2901821 0.0490055 0.955716 -0.02726292 -0.04626649 0.998557 0.004559218 -0.069458 0.9975745 -0.02250218 -0.1239993 0.9920272 -0.05565327 -0.09932065 0.993498 0.4401428 0.05790179 0.896059 0.04166084 0.03663444 0.9984601 0.8224784 0.05442845 0.5661861 0.4634023 0.03382158 0.8855023 0.1082833 -0.1175616 0.9871444 0.8248875 -0.08593618 0.5587269 0.8315318 -0.02954661 0.5546908 0.824433 0.0186032 0.565654 -0.05455094 0.01940703 0.9983224 0.02768057 0.0514369 0.9982926 0 0.05242371 0.9986249 0 -0.03688853 0.9993194 0.02137017 -0.02500408 0.9994589 0.008432388 0.08339542 0.9964809 -5.77844e-4 0.001933872 0.999998 -0.1164092 0.2340925 0.96522 -0.06881737 0.1295845 0.9891775 -0.4658263 -0.3193103 0.8252556 0.6702607 -0.03825867 0.7411389 0.5838677 0.007112801 0.8118177 0.1735402 -0.9382068 0.2994192 0.03577733 -0.8784795 -0.4764388 -0.1919524 -0.9711197 -0.1417069 0.3726562 -0.6831805 0.6280062 0.5167133 -0.1022709 0.8500282 0.666458 -0.02192527 0.7452203 0.7038509 -0.01934915 0.7100842 0.5946795 -0.04162132 0.8028848 0.4965822 -0.1678608 0.8516037 0.6228259 -0.05094438 0.7807002 0.4426943 -0.1633494 0.8816682 0.4019306 -0.07602542 0.9125087 0.4184852 0.01684874 0.9080674 -0.1058702 0.09257918 0.990061 -0.1139038 0.8281171 0.5488607 3.89828e-5 0.7945727 0.6071691 0 0.0481233 0.9988414 -0.1621793 0.7974108 0.5812348 -0.1924626 0.09186375 0.9769951 -0.1274999 0.1077285 0.9859708 -0.07072615 0.8021551 0.5929123 0.4050022 0.7779696 0.4803506 0.1017557 0.7995395 0.5919311 0.0882942 0.1600978 0.9831444 0.51355 0.1877275 0.8372723 0.6201115 0.7588109 0.1991679 0.8642913 0.2067193 0.4585497 0.9758996 0.195007 0.09794127 0.9607759 0.2641361 0.08450895 0.8661108 0.1513576 0.4763852 0.3728325 0.9269571 0.04179173 0.5254808 0.8429652 -0.1152382 0.8751602 0.4445351 -0.1910057 0.5841602 0.6800521 -0.4430417 0.2842713 0.6362455 -0.717204 0.2021817 0.8135116 -0.5452719 0.5840095 0.6801193 -0.4431375 0.6252157 0.5367847 -0.5665401 0 0.9872514 0.1591691 0.02707219 0.9879895 0.1521311 0.03167575 0.8668256 -0.4976044 0 0.8270739 -0.5620932 0.007311582 0.9690864 0.2466134 0.5254289 0.8429844 -0.1153337 0.3727974 0.926967 0.04188734 0.08126634 0.985086 0.1516622 0 0.9641917 0.2652064 0.03966176 0.7356283 -0.6762233 -0.00231117 0.6943045 -0.7196778 0 0.6747985 -0.7380021 0.001663386 0.6720739 -0.7404822 0.9158464 0.3262149 -0.2341141 0.6253801 0.5367137 -0.5664258 0.6201954 0.7587243 0.199237 0.007313609 0.9691133 0.2465078 0.404993 0.7778844 0.4804964 0.1207568 0.6648215 -0.7371772 0.03624176 0.02515125 0.9990265 0.129786 -0.05634379 0.9899399 0.4729687 0.08526843 0.8769435 0.4859209 0.1397168 0.8627631 0.00609833 0.07639223 0.9970593 0.0346716 0.1099656 0.9933305 0.08307945 0.2913665 0.9529971 0 0.2733356 0.9619188 0 0.3041421 0.9526267 0.1940374 -0.144853 0.9702408 0.4953223 0.003440082 0.8687026 0.4744162 0.06577622 0.8778399 0.1768881 0.07263261 0.9815473 0.1836844 0.001269221 0.9829844 0.06690716 0.074162 0.9949992 0.06964755 -3.87531e-4 0.9975716 0.5216994 -0.2140674 0.825836 0.5115481 -0.0739355 0.8560679 0.1929792 -0.08966612 0.9770973 0.2065105 -0.3042251 0.9299466 0.06715786 -0.09628033 0.993086 0.07033503 -0.3197478 0.9448885 0.7852644 -0.123767 0.6066644 0.7861162 -0.04266184 0.6166047 0.4319226 0.1317951 0.8922292 0.3908854 0.1937885 0.8998082 0.1493989 0.203368 0.9676371 0.1683029 0.1385599 0.9759484 0.06287747 0.1397722 0.9881854 0.05722999 0.2074387 0.9765726 0.7359359 0.09612476 0.6701929 0.7718502 0.04154372 0.6344459 0.9695432 0.004795849 -0.2448734 0.9737759 -0.001980006 -0.2275008 -0.08485931 0.09627252 -0.9917311 0.02321445 -0.2802578 -0.9596441 0.04359513 -0.3542587 -0.9341308 0.009876608 0.1324698 -0.9911379 3.3183e-5 -0.3505421 -0.9365471 -1.86041e-5 0.1313456 -0.9913367 3.37884e-6 -0.03427571 -0.9994124 -0.6416385 -0.1437568 -0.7534149 -0.1147171 0.4268487 0.8970175 -0.06596302 -0.01069927 0.9977647 -0.185363 -0.1124242 0.9762179 -0.3455811 0.3028278 0.888183 -1.01894e-4 0.09850192 0.9951369 -0.8349 -0.08292543 0.5441191 -7.99e-5 -0.6897363 0.7240607 -0.6329048 -0.5585368 0.5361606 -0.1234109 -0.2829391 -0.9511652 -0.7910589 -0.128512 -0.598089 -0.4073022 -0.4361005 -0.802447 -0.7508741 0.09376257 0.6537558 -0.4478576 -0.3355484 0.8287527 -0.7316964 -0.6700865 0.1249183 -0.04402363 -0.279855 -0.9590324 -0.2320758 -0.2456408 0.9411702 -0.5512512 -0.6220866 -0.5559951 -7.51466e-5 -0.7978567 -0.6028473 0.6914783 -0.3531919 0.6301693 0.8325017 -0.3035456 0.4634664 0.9912867 -0.01591342 -0.1307572 0 0.1407007 0.9900522 0 0.07393354 0.9972632 0.7776519 0.004707336 0.6286776 0.9850516 -0.002955675 -0.1722339 0.9803634 -2.46516e-4 -0.1971994 0 -0.004819333 0.9999884 1.7166e-7 -0.1074177 0.9942141 -0.07070136 0.8020378 0.593074 0.1017456 0.799431 0.5920794 -0.1671322 0.08689069 0.9820982 -0.1557682 0.09321671 0.9833855 0.2065432 0.08199757 0.9749956 -0.06840348 0.1204688 0.9903576 0.5054644 0.004034996 0.8628381 0.7424373 0.1447629 0.6540876 0.6183084 -0.5180508 0.5910315 0.6351672 -0.6342962 0.4407165 0.8207609 -0.1411361 0.5535631 0.8623869 -0.04198962 0.5045056 0.8685348 9.89701e-4 0.4956274 0.8680171 0.03019773 0.4956151 0.8613765 0.0592972 0.5044944 0.8356402 0.100889 0.5399323 0.6837134 0.1547554 0.7131528 0.1978174 0.2315342 0.9525021 -0.01108467 0.2129865 0.9769924 -0.09995996 0.1027425 0.9896728 0.9937446 -0.0123673 -0.1109897 0.4346586 -0.7286437 0.5292924 0.4510086 -0.5719596 0.6851668 0.2229737 -0.6613908 0.7161319 0.31789 -0.7718582 0.5506187 0.09084129 -0.6217137 0.7779588 0.2707682 -0.910072 0.3137734 0.267625 -0.7848354 0.5589367 0.1130364 -0.6676268 0.7358649 0.1724929 -0.8827997 0.4369337 0.5431421 -0.8054865 0.2370406 0.3389718 -0.8856429 0.3173878 0.222872 -0.6612953 0.7162519 0.7226459 -0.6838617 0.1005793 0.6351327 -0.6343002 0.4407603 0.618331 -0.5180382 0.5910189 0.01594501 0.134386 0.9908009 0 0.1339747 0.9909847 -0.02157866 0.1796326 0.9834971 0 0.1259562 0.9920358 0.6351884 0.7695984 -0.06522345 0.6352369 0.7695642 -0.06515502 0.5253955 0.8430194 -0.1152297 -0.1139302 0.8280307 0.5489855 -0.1621457 0.7973222 0.581366 0.5686817 0.2101987 0.795247 0.3201822 0.2568942 0.91186 0.1126276 0.279097 0.9536351 0 -0.1397915 0.990181 0 -0.07687032 0.9970412 0.03262567 -0.8471857 -0.5302944 0.07883226 -0.9613534 0.2637905 -0.003117024 -0.9747244 0.2233894 -0.004737317 -0.8193442 -0.5732823 1.27536e-7 -0.3362662 0.941767 -2.84929e-5 0.01569831 0.9998769 -2.29301e-5 0.443408 0.8963199 0 -0.2195131 0.9756096 -0.08032244 0.1324244 0.9879333 0 0.2043154 0.9789052 0 0.2826349 0.9592276 -4.17065e-5 0.7944728 0.6072999 -0.1138566 0.8280217 0.5490145 0 0.2048312 0.9787973 0 -0.9871782 0.1596221 1.44802e-5 0.01571708 0.9998766 -0.04765594 -0.5472806 0.8355915 -0.07641643 -0.8378136 0.540582 -0.1660543 -0.9816977 0.09325087 -0.2627089 -0.9648309 -0.00924617 -0.1552156 -0.8333019 -0.5305809 -0.1411643 -0.8915548 -0.4303519 -0.1878997 -0.9788429 -0.08099699 0.0406242 -0.9612321 0.272732 0.08471727 -0.9950584 -0.05178588 -0.1787778 -0.9807392 -0.07867151 -0.1068398 -0.9613499 -0.2537555 -0.04685217 -0.9052954 0.4221911 -0.1137777 -0.9090265 0.400906 -0.1876071 -0.9586865 -0.2138311 -2.13776e-5 -0.4628217 -0.8864515 -2.06307e-5 -0.8320131 -0.554756 -0.1030139 -0.8313751 -0.5460803 -0.06539183 -0.473392 -0.8784213 -0.01835203 -0.3138771 0.9492863 -0.1809731 -0.8807927 0.4375534 -0.124246 -0.6700513 0.7318431 5.90831e-6 -0.1266747 -0.9919444 -0.04234224 -0.1496641 -0.9878299 -0.3823788 -0.8926461 -0.2386831 -0.5027931 -0.8224055 -0.2661736 -0.4267848 -0.7642596 -0.4834893 -0.3068754 -0.8437404 -0.4403744 -0.8091503 -0.5604084 -0.1766873 -0.8202496 -0.5663006 0.08058714 -0.905485 -0.4241017 -0.01532 -0.8643934 -0.4471064 -0.2300437 -0.5215381 -0.2980392 -0.7994815 -0.5720357 -0.3927481 -0.7200862 -0.7653048 -0.4974197 -0.4085123 -0.7563086 -0.4186857 -0.5026922 -0.7630845 -0.1823969 0.620027 -0.5641569 -0.2142856 0.7973763 -0.5817419 -0.05139774 0.8117479 -0.7846624 -0.01908558 0.6196296 -0.6984229 0.09984076 0.7086871 -0.8513644 0.1339579 0.5071824 -0.9884543 0.09194582 0.120433 -0.9277843 0.1447693 0.343887 -0.8528708 0.07651019 0.5164859 -0.9796938 0.069296 0.188144 -0.9879534 -0.005263984 -0.1546626 -0.9971648 -0.007157504 -0.07490748 -0.9984428 -0.05524623 0.007736861 -0.9953612 -0.09106999 -0.03102457 -0.9810293 -0.08693039 0.1732758 -0.9843752 -0.1448785 0.1000795 -0.8183902 -0.1443376 0.5562411 -0.9449858 -0.1288712 0.300656 -0.9604588 -0.1780175 0.2140766 -0.8597231 -0.1379756 0.4917712 -0.9485281 -0.03224551 0.3150473 -0.8017659 -0.06410318 0.5941905 -0.8318618 0.04514873 0.5531435 -0.9601107 0.07722699 0.2687444 -0.9847398 0.07993876 0.1545881 -0.8877029 0.08988612 0.4515575 -0.9886396 0.1402237 0.05412095 -0.9893112 0.1164919 -0.08771038 -0.9288577 0.2102635 -0.3049798 -0.9317657 0.2462429 -0.2667906 -0.6497364 0.4215782 -0.6325462 -0.6345928 0.4069414 -0.6570318 -0.6344636 0.4070026 -0.6571186 -0.6496264 0.4216215 -0.6326302 -0.3988897 0.4923148 -0.7736364 -0.4048907 0.4616263 -0.7892811 -0.3696236 0.5143527 -0.7738345 -0.3796017 0.4453612 -0.8108984 -0.9991601 -0.01843923 0.03659385 -0.9979246 -0.009449481 -0.06369692 -0.9884336 0.02295732 -0.1499071 -0.9556266 0.05773019 -0.2888684 -0.9989767 0.01303231 0.04330945 -0.9702216 -0.002036809 0.2422109 -0.9741842 -0.04950278 0.2202604 -0.1742261 -0.218469 -0.960165 -0.290497 -0.5001757 -0.8157426 -0.1599925 -0.5110412 -0.8445349 -0.5468454 -0.8294818 -0.1136671 -0.6685825 -0.7345556 -0.1158689 -0.645822 -0.6980507 -0.3092559 -0.2675695 -0.900684 0.3423082 -0.2770777 -0.9430189 -0.1842375 -0.3012266 -0.9512392 -0.06638258 -0.1840332 -0.8529219 -0.4885244 4.79817e-6 -0.971207 -0.2382373 2.89883e-5 -0.8895078 0.45692 -0.07231736 -0.9846689 0.1587366 -0.06955891 -0.9366382 -0.3433226 -0.21618 -0.969987 -0.1113166 -0.06543695 -0.9219491 0.3817432 -0.4025979 -0.9118807 -0.07992923 -0.5201053 -0.6251957 -0.5819114 -0.2593411 -0.9123823 -0.3167029 -0.2516171 -0.9635812 -0.09055536 -0.2030667 -0.9732517 -0.1074489 0.005074322 -0.922762 -0.3853369 -0.09914284 -0.8350384 -0.5411854 -0.7699568 -0.5176245 0.3731374 -0.9040434 -0.3789803 0.1976857 -0.7224484 -0.6840716 0.100571 -0.5420306 -0.8066482 0.2356301 -0.2764752 -0.9587523 0.06599658 -0.3281597 -0.8883176 0.3212525 -0.9983757 0.006625235 -0.0565868 -0.9897742 0.003043413 -0.1426108 -0.9863849 0.004517316 -0.1643914 -0.9975882 0.01450383 -0.06787854 -0.9687288 0.0268172 0.2466686 -0.9991253 0.02486813 0.03361928 -0.9987021 0.04874032 0.01478517 -0.9726538 0.05409377 0.2258731 0.4071758 -0.4362258 -0.802443 0.1233579 -0.2831368 -0.9511134 0.4478331 -0.3355823 0.8287521 0.7316268 -0.670162 0.1249214 0.04394048 -0.2799977 -0.9589946 -0.02327948 -0.2802811 -0.9596357 0.2320511 -0.2456829 0.9411653 0.06602334 -0.01060283 0.9977619 0.1853901 -0.1123942 0.9762163 -0.04366362 -0.3542329 -0.9341374 -0.02049297 -0.1813053 0.9832133 -0.2616558 -0.3758088 0.8889905 -0.02299571 -0.3883162 0.9212393 0.08687275 -0.1744472 0.9808269 0.04019814 -0.2285581 0.9727001 0.08162146 -0.1909095 0.9782083 0.05957615 -0.3827798 0.9219167 0.08074492 -0.4022835 0.9119475 -0.2179874 -0.2189499 0.9510744 -0.502503 -0.4015426 0.7656726 0.04510354 -0.08037674 0.9957436 -0.1891535 -0.07902956 0.9787622 0.09687423 -0.08459597 0.991695 0.08052808 -0.02618163 0.9964085 0.02720016 -0.003690958 0.9996233 -0.2901822 0.0490055 0.9557158 0.02726292 -0.04626649 0.998557 0.05565321 -0.09932065 0.993498 0.02250224 -0.1239993 0.9920272 -0.004559278 -0.069458 0.9975745 -0.04166084 0.03663444 0.9984601 -0.4401428 0.05790174 0.896059 -0.8224785 0.05442851 0.5661861 -0.1062588 -0.1171149 0.9874175 -0.4634023 0.03382158 0.8855023 -0.8315318 -0.02954661 0.5546907 -0.8248874 -0.08593612 0.5587269 -0.824433 0.01860326 0.5656538 0.05455088 0.01940703 0.9983224 -0.02943491 0.05315738 0.9981523 -0.02137005 -0.02500408 0.9994589 -0.004759073 0.08541679 0.996334 5.77908e-4 0.001933872 0.999998 0.06569999 0.1252235 0.9899509 0.1030379 0.2189611 0.970278 0.4621286 -0.3251132 0.825069 -0.9960253 0.02729475 -0.08478599 -0.9834109 0.01234638 -0.1809715 -0.670261 -0.03825873 0.7411386 -0.583868 0.007112801 0.8118174 -0.04390108 -0.8762968 -0.4797673 -0.1793015 -0.9368369 0.3003125 -0.3714959 -0.6853101 0.6263713 0.1913533 -0.9721323 -0.1354357 -0.5167133 -0.1022709 0.8500283 -0.5946797 -0.04162126 0.8028848 -0.7038509 -0.01934909 0.7100841 -0.666458 -0.02192521 0.7452201 -0.6228258 -0.05094432 0.7807002 -0.4965822 -0.1678608 0.8516037 -0.4426943 -0.1633493 0.8816682 -0.4019304 -0.07602542 0.9125087 -0.418485 0.0168488 0.9080675 0.1058702 0.09257924 0.990061 0.1139094 0.8281171 0.5488597 0.1621796 0.7974109 0.5812347 0.07071948 0.8021555 0.5929126 0.1274996 0.1077286 0.9859708 0.1924628 0.09186381 0.9769949 -0.4050039 0.7779693 0.4803496 -0.5135496 0.1877276 0.8372725 -0.08829426 0.1600978 0.9831444 -0.1017605 0.7995393 0.5919305 -0.6201071 0.7588127 0.1991747 -0.8642911 0.2067194 0.4585498 -0.9758995 0.1950073 0.09794127 -0.8661108 0.1513577 0.4763854 -0.9607759 0.2641361 0.08450889 -0.3728284 0.9269592 0.04178363 -0.584165 0.6800291 -0.4430708 -0.8751602 0.444535 -0.1910059 -0.52546 0.8429701 -0.1152971 -0.2651978 0.6427117 -0.7187432 -0.625216 0.5367813 -0.566543 -0.5840098 0.6801169 -0.4431406 -0.1907191 0.8092572 -0.5556339 -0.03877848 0.8248307 -0.5640485 -0.02707219 0.9879896 0.152131 -0.0073089 0.9690865 0.2466133 -0.0812664 0.985086 0.1516625 -0.3727795 0.9269757 0.04185336 -0.525438 0.8429797 -0.115327 -0.03553891 0.7117562 -0.701527 -0.01891767 0.7074592 -0.706501 -0.9158462 0.326215 -0.2341142 -0.625384 0.5366832 -0.5664504 -0.6201907 0.7587261 0.1992444 -0.4050682 0.7778728 0.4804518 -0.007300376 0.9691133 0.246508 -0.1169272 0.6886432 -0.7156107 -0.03624182 0.02515125 0.9990266 -0.1297858 -0.05634379 0.9899399 -0.4729687 0.08526849 0.8769435 -0.4859209 0.1397169 0.8627631 -0.006098628 0.07639223 0.9970593 -0.03467208 0.1099656 0.9933305 -0.08307951 0.2913665 0.9529971 -0.1940373 -0.1448529 0.9702408 -0.495322 0.003440082 0.8687028 -0.1836843 0.001269221 0.9829846 -0.1768882 0.07263261 0.9815473 -0.4744161 0.06577622 0.8778399 -0.0669071 0.074162 0.9949992 -0.06964772 -3.87533e-4 0.9975716 -0.5216995 -0.2140672 0.8258358 -0.2065106 -0.3042252 0.9299466 -0.1929792 -0.08966612 0.9770973 -0.5115481 -0.07393544 0.8560678 -0.06715816 -0.09628033 0.993086 -0.07033497 -0.3197479 0.9448885 -0.7852649 -0.1237666 0.6066639 -0.7861163 -0.04266196 0.6166045 -0.4319225 0.1317951 0.8922292 -0.1683031 0.1385599 0.9759484 -0.1493986 0.203368 0.9676371 -0.3908851 0.1937885 0.8998082 -0.06287741 0.1397722 0.9881853 -0.05722981 0.2074387 0.9765726 -0.7359359 0.09612482 0.6701928 -0.7718499 0.04154372 0.6344461 -0.9693049 0.005959689 -0.2457895 -0.9737759 -0.001979827 -0.2275008 0.08485943 0.09627264 -0.9917311 -0.009876549 0.1324698 -0.9911379 -0.04366183 -0.3542538 -0.9341295 -0.02327322 -0.2802467 -0.9596459 1.87419e-5 0.1313467 -0.9913365 -4.40925e-5 -0.3505427 -0.9365468 0.6416385 -0.1437568 -0.7534149 -3.32668e-6 -0.03427553 -0.9994125 0.114717 0.4268484 0.8970175 0.3455809 0.3028277 0.8881832 0.185369 -0.1124264 0.9762166 0.06597477 -0.0107007 0.997764 1.01894e-4 0.09847998 0.9951391 0.8348998 -0.08292543 0.5441192 7.98404e-5 -0.6897172 0.7240789 0.6329048 -0.558537 0.5361606 0.1234516 -0.2829552 -0.9511551 0.407314 -0.4361127 -0.8024345 0.791059 -0.1285119 -0.598089 0.7508741 0.09376257 0.6537559 0.7316939 -0.6700856 0.1249374 0.4478396 -0.3355447 0.8287638 0.04398167 -0.2798388 -0.9590391 0.2320264 -0.2456282 0.9411857 0.5512511 -0.6220865 -0.5559951 7.51764e-5 -0.7978627 -0.6028393 -0.8325016 -0.3035456 0.4634665 -0.6914783 -0.3531917 0.6301693 -0.9912867 -0.01591336 -0.1307572 -0.7776516 0.004707396 0.628678 -0.9850516 -0.002955615 -0.1722339 -0.9803634 -2.46501e-4 -0.1971994 0.07079935 0.8020358 0.593065 -0.101795 0.7994293 0.5920733 0.155768 0.09321671 0.9833855 0.1671319 0.08689069 0.9820982 -0.206543 0.08199757 0.9749956 0.06840366 0.1204688 0.9903576 -0.5054644 0.004034996 0.862838 -0.7424374 0.1447629 0.6540874 -0.6183087 -0.5180486 0.5910331 -0.635171 -0.63429 0.4407199 -0.8207611 -0.1411361 0.5535628 -0.8623871 -0.04198962 0.5045053 -0.8685347 9.89795e-4 0.4956275 -0.8680171 0.03019779 0.4956154 -0.8613764 0.0592972 0.5044944 -0.6837134 0.1547553 0.7131528 -0.8356403 0.100889 0.5399324 -0.197817 0.2315343 0.9525022 0.01108491 0.2129865 0.9769923 0.09995985 0.1027425 0.9896728 -0.9937446 -0.0123673 -0.1109897 -0.2251253 -0.6670443 0.7101905 -0.4469636 -0.576035 0.6844028 -0.4338902 -0.7269498 0.5322436 -0.3118166 -0.7727221 0.5528752 -0.09521687 -0.629006 0.7715473 -0.2675628 -0.900613 0.3425003 -0.1810056 -0.88075 0.4376261 -0.1243565 -0.6701569 0.7317276 -0.2671051 -0.7948525 0.5448527 -0.5419938 -0.8066285 0.2357822 -0.3281003 -0.8882723 0.3214383 -0.2250065 -0.66693 0.7103354 -0.6351335 -0.6342989 0.4407612 -0.7226513 -0.6838563 0.1005771 -0.6183307 -0.5180396 0.591018 -0.02212446 0.13085 0.9911554 0.02534133 0.1745638 0.9843197 -0.635178 0.7696127 -0.06515663 -0.6352337 0.7695686 -0.06513476 -0.5253966 0.8430166 -0.1152454 0.1622364 0.7973174 0.581347 0.1138684 0.8280334 0.5489944 -0.3201821 0.2568942 0.9118601 -0.5686816 0.2101988 0.795247 -0.1126276 0.2790971 0.9536352 -0.0713703 -0.9617305 0.2645388 -0.02150529 -0.8469746 -0.5311982 1.58744e-5 0.01569819 0.9998768 2.29599e-5 0.4434079 0.89632 0.08032244 0.1324245 0.9879332 0.1138722 0.8280215 0.5490116 -4.25242e-6 0.01571726 0.9998765 0.4509638 -0.5718328 0.685302 0.09093618 -0.621805 0.7778748 -0.4469352 -0.5759444 0.6844977 -0.09531402 -0.6291242 0.7714389 -0.9884829 0.09188073 0.1202475 -0.9797244 0.06929749 0.1879842 -0.9987788 0.04117095 -0.02731102 -0.9934056 0.005927205 -0.1144993 -0.9939309 0.002263247 -0.109983 -0.9930319 -0.01493602 -0.1168951 -0.9773884 -0.005199968 -0.211388 -0.9810738 -0.01348334 -0.1931642 -0.95961 -0.009028315 -0.281189 -0.9644805 -0.009981989 -0.2639655 -0.9987007 0.04877126 0.01477205 -0.9960253 0.02729302 -0.08478635 -0.9834091 0.01237535 -0.1809794 -0.9726704 0.05409061 0.2258019 -0.9693041 0.005963206 -0.2457926 0.5294434 -0.350501 -0.7725535 0.2642397 -0.6127431 -0.7447975 0.04002225 -0.10504 -0.9936623 0.4531707 -0.06450957 -0.8890866 0.6205198 -0.617042 -0.483957 0.3655979 -0.8906091 -0.2704694 0.7183936 -0.6950688 0.02810788 0.3697267 -0.8881166 0.2730406 0.7690297 -0.4504088 0.4535693 0.2816029 -0.6063937 0.7436307 0.7990811 -0.06037539 0.5981843 0.0897367 -0.09453636 0.9914687 0.777939 0.3544397 0.518829 -0.1920454 0.4866638 0.8522189 0.6208164 0.7707715 0.1431725 -0.4338181 0.8388335 0.3288773 0.4071891 0.7835242 -0.4693477 -0.4737164 0.8284857 -0.2986711 0.3637062 0.3538904 -0.8616724 -0.2777343 0.4806401 -0.8317745 0.4530482 -0.06438755 -0.8891578 0.03999543 -0.1049815 -0.9936696 0.8565337 -0.2153198 0.4690285 0.8888436 0.1520462 0.4322487 0.7700798 0.6121677 -0.1795213 0.6694812 0.4287047 -0.6066361 0.6208969 0.0927518 -0.7783858 0.6061059 -0.1597247 -0.7791815 0.6962228 -0.365734 -0.617667 0.7815806 -0.4085071 -0.4714381 0.8380272 -0.4666138 -0.2828111 0.8873087 -0.4611759 -4.71324e-4 0.8565478 -0.2152644 0.4690278 0.8565581 -0.215308 0.468989 0.6324291 -0.1494769 0.7600593 0.6125863 0.6109752 0.5014455 0.8888058 0.1520419 0.4323281 0.7700667 0.6121713 -0.179565 0.6475484 0.6300855 -0.4285712 0.6695252 0.4286341 -0.6066374 0.6209772 0.09269827 -0.7783279 0.6417901 -0.1794869 -0.7455803 0.6061321 -0.1597582 -0.7791542 0.6961088 -0.3657703 -0.6177739 0.7645952 -0.6393837 -0.08113455 0.7814803 -0.4086641 -0.471468 0.8379839 -0.4667308 -0.2827462 0.8873136 -0.4611663 -4.52131e-4 0.9695638 -0.2448357 -0.00128448 0.5294438 -0.3505104 -0.772549 0.2642355 -0.6127279 -0.7448114 0.04001998 -0.1050391 -0.9936626 0.4531941 -0.064516 -0.8890742 0.6205226 -0.6170424 -0.4839529 0.3656029 -0.8906027 -0.2704839 0.7183907 -0.6950716 0.02811229 0.3697299 -0.8881111 0.2730544 0.7690221 -0.4504148 0.4535763 0.2815944 -0.6063752 0.743649 0.7990794 -0.06038075 0.5981858 0.08973348 -0.09453296 0.9914693 0.7779402 0.3544362 0.5188297 -0.1920455 0.4866663 0.8522174 0.6208168 0.7707713 0.143172 -0.4338229 0.8388407 0.3288525 0.4071892 0.7835245 -0.4693465 -0.4737157 0.8284922 -0.2986542 0.3637089 0.3538874 -0.8616726 -0.2777364 0.480652 -0.8317669 0.4530671 -0.06441104 -0.8891465 0.03999626 -0.1049834 -0.9936695 0.8565535 -0.2152807 0.4690101 0.8888614 0.1520451 0.4322125 0.7700828 0.6121635 -0.1795225 0.6695001 0.4286984 -0.6066197 0.6209163 0.09273731 -0.7783719 0.6061094 -0.1597278 -0.779178 0.6962214 -0.3657162 -0.6176791 0.7815797 -0.4085069 -0.4714395 0.8380362 -0.466605 -0.2827986 0.887306 -0.4611809 -4.73857e-4 0.8565421 -0.2152345 0.469052 0.8565613 -0.2153183 0.4689785 0.6324145 -0.1494768 0.7600715 0.6125692 0.6109902 0.5014479 0.888818 0.1520437 0.4323023 0.7700565 0.6121893 -0.1795477 0.647534 0.6300992 -0.428573 0.6695389 0.4286254 -0.6066284 0.6209819 0.09269392 -0.7783247 0.6417844 -0.1795048 -0.7455809 0.6061317 -0.1597546 -0.7791554 0.6961061 -0.3657724 -0.6177757 0.7645873 -0.6393944 -0.08112478 0.7814806 -0.4086645 -0.4714674 0.8379846 -0.4667317 -0.2827428 0.8873138 -0.461166 -4.60386e-4 0.9695641 -0.2448344 -0.001280009 -0.5294435 -0.3505008 -0.7725534 -0.4531774 -0.06450074 -0.8890838 -0.0400446 -0.1050283 -0.9936627 -0.2642397 -0.612743 -0.7447977 -0.6205198 -0.617042 -0.4839571 -0.365598 -0.890609 -0.2704694 -0.7183936 -0.6950688 0.02810788 -0.3697267 -0.8881165 0.2730407 -0.7690294 -0.4504096 0.4535695 -0.2816029 -0.6063938 0.7436307 -0.7990809 -0.06037557 0.5981844 -0.08973681 -0.09453642 0.9914687 -0.7779393 0.3544396 0.5188288 0.1920453 0.4866636 0.8522189 -0.6208167 0.7707713 0.1431725 0.4338181 0.8388337 0.328877 -0.4071893 0.7835238 -0.469348 0.4737163 0.8284857 -0.2986709 -0.3637064 0.3538917 -0.8616719 0.2777343 0.4806402 -0.8317745 -0.453024 -0.06442338 -0.8891674 -0.03998935 -0.1049851 -0.9936695 -0.8888455 0.1521247 0.4322174 -0.8565519 -0.2152386 0.4690322 -0.7700884 0.6121628 -0.1795014 -0.6694689 0.4286918 -0.6066588 -0.620882 0.09271132 -0.7784023 -0.6061069 -0.1597206 -0.7791815 -0.6962228 -0.3657363 -0.6176657 -0.7815958 -0.4085292 -0.4713935 -0.8380491 -0.4665998 -0.2827692 -0.8872956 -0.4612009 -4.90665e-4 -0.8565532 -0.2152414 0.4690287 -0.8565831 -0.2152 0.468993 -0.8888083 0.1521484 0.4322854 -0.6125862 0.6109752 0.5014455 -0.6324291 -0.149477 0.7600593 -0.7700244 0.6121962 -0.1796621 -0.6695176 0.4286262 -0.6066514 -0.6475484 0.6300855 -0.4285712 -0.6209837 0.0927155 -0.7783207 -0.6061478 -0.1596743 -0.7791592 -0.64179 -0.1794867 -0.7455804 -0.6961081 -0.3657616 -0.61778 -0.781485 -0.4086704 -0.4714549 -0.7645951 -0.6393837 -0.08113485 -0.8380232 -0.466678 -0.2827167 -0.8873041 -0.4611848 -4.64946e-4 -0.9695638 -0.2448357 -0.00128448 -0.5294436 -0.3505111 -0.7725487 -0.4531804 -0.06453704 -0.8890796 -0.0400424 -0.1050273 -0.9936629 -0.2642354 -0.6127277 -0.7448117 -0.6205201 -0.6170375 -0.4839623 -0.3656012 -0.890603 -0.2704851 -0.7184169 -0.6950455 0.02808731 -0.369728 -0.8881115 0.2730554 -0.7690216 -0.4504049 0.4535871 -0.2815945 -0.6063752 0.743649 -0.7990794 -0.06038087 0.5981858 -0.08973366 -0.0945332 0.9914693 -0.77794 0.3544359 0.5188299 0.1920454 0.4866661 0.8522176 -0.6208174 0.7707706 0.1431733 0.4338229 0.8388407 0.3288527 -0.4071897 0.7835238 -0.4693476 0.4737156 0.8284922 -0.2986544 -0.3637084 0.3538872 -0.8616728 0.2777363 0.4806518 -0.8317671 -0.4530526 -0.06443184 -0.8891525 -0.0399903 -0.1049867 -0.9936693 -0.8888635 0.1521227 0.4321811 -0.8565492 -0.2151968 0.4690563 -0.7700917 0.6121581 -0.1795029 -0.6694872 0.4286732 -0.6066517 -0.6209025 0.09271299 -0.7783858 -0.6061103 -0.1597236 -0.7791783 -0.6962236 -0.3657369 -0.6176645 -0.7815958 -0.4085291 -0.4713938 -0.8380489 -0.4665983 -0.2827721 -0.8872921 -0.4612078 -4.92901e-4 -0.8565236 -0.2153145 0.4690493 -0.8565864 -0.2152099 0.4689824 -0.8888204 0.1521499 0.4322599 -0.6125792 0.6109836 0.5014438 -0.6324253 -0.1494721 0.7600634 -0.7700142 0.6122141 -0.1796447 -0.6695314 0.4286176 -0.6066421 -0.6475442 0.6300919 -0.4285682 -0.6209884 0.09271103 -0.7783175 -0.6061474 -0.1596707 -0.7791602 -0.6417941 -0.1795022 -0.7455732 -0.6961052 -0.365764 -0.6177818 -0.7815087 -0.4086362 -0.4714456 -0.7645943 -0.639386 -0.08112502 -0.8380022 -0.4666932 -0.282754 -0.8873046 -0.4611838 -4.72397e-4 -0.9695641 -0.2448346 -0.001280605 0.9817805 -0.1272034 0.1411611 0.6467862 -0.07471972 0.7590024 0.6945955 -0.135943 0.7064394 0.973637 -0.2046491 0.1007471 -0.7136271 0.08513706 0.695333 -0.6475609 0.1218982 0.7522006 0.8147814 -0.5770788 0.05577832 0.6298533 -0.4428371 0.6381068 0.3004069 -0.7008856 0.6469274 0.3935335 -0.91883 0.02971315 -0.4795739 0.3163719 0.8184852 -0.2478986 0.5545886 0.7943412 0.1096916 -0.9939653 8.66552e-4 0.0867449 -0.7434797 0.6631089 0 -0.752391 0.6587169 0 -0.9994773 -0.03232997 -0.0774101 0.6499612 0.7560146 0 0.6637861 0.7479225 -0.9829581 0.1838298 0 -0.8333532 0.5527408 0 -0.1179509 0.9930195 0 -0.4098868 0.9121364 0 -0.9929587 0.1184619 0 -0.9817805 -0.1272034 0.141161 -0.973637 -0.2046491 0.1007471 -0.6945955 -0.1359431 0.7064394 -0.6467866 -0.07471966 0.7590022 0.6475609 0.1218983 0.7522007 0.7136268 0.08513712 0.6953334 -0.8147814 -0.5770789 0.0557776 -0.3935335 -0.91883 0.02971273 -0.3004071 -0.7008855 0.6469274 -0.6298533 -0.4428373 0.6381065 0.479574 0.3163718 0.818485 0.2478982 0.5545887 0.7943412 -0.1096916 -0.9939653 8.66323e-4 -0.08674496 -0.7434796 0.663109 0.07741004 0.6499611 0.7560148 0.8333532 0.5527408 0 0.9829581 0.1838298 0 0.1179509 0.9930195 0 0.4098868 0.9121364 0 0.9929587 0.1184619 0 0.7387735 0.03537094 -0.673025 0.9978325 0.05080735 -0.04182177 0.981007 -0.188936 -0.04391479 0.7536176 -0.1547239 -0.6388436 0.07889068 -0.06883823 -0.9945037 0.1039463 -0.01842242 -0.9944123 0.5845022 -0.5078395 -0.6328161 0.7547644 -0.6547302 -0.04073166 0.3619098 -0.9312784 -0.04173928 0.2752276 -0.7128697 -0.6450322 0.03304332 -0.09597516 -0.9948351 0 -0.7237923 -0.690018 0.05680507 -0.7346893 -0.6760213 0.07700794 -0.9961578 -0.04170644 0 -0.9991245 -0.04183477 0.006584286 -0.08456033 -0.9963966 0 -0.09354138 -0.9956154 0.132303 0.003669321 -0.9912025 -0.738773 0.03537094 -0.6730256 -0.7536172 -0.1547238 -0.638844 -0.981007 -0.1889359 -0.04391521 -0.9978325 0.05080735 -0.04182171 -0.07889056 -0.06883817 -0.9945037 -0.5845021 -0.5078393 -0.6328164 -0.1039456 -0.01842242 -0.9944124 -0.2752279 -0.71287 -0.6450319 -0.3619097 -0.9312783 -0.04173982 -0.7547646 -0.6547301 -0.04073286 -0.0330435 -0.09597539 -0.9948351 -0.07700794 -0.9961578 -0.04170584 -0.05680501 -0.7346898 -0.6760208 -0.006584167 -0.08456033 -0.9963966 -0.1323015 0.003669381 -0.9912028 0.2144414 -0.5737231 0.7904788 0.5730655 -0.4072502 0.7111564 -0.002522289 -0.2598556 0.9656442 -0.04936939 -0.1254939 0.9908653 0.7214912 -0.08913344 0.6866627 0.6900157 0.1838098 0.700066 0.02870142 -0.004555463 0.9995777 0.3989031 -0.7062137 0.5849261 0.8158836 -0.4732999 0.3321464 0.8624093 0.2693445 0.4286069 0.8170521 0.4758849 0.3255141 0.6629432 0.3021164 0.6850052 0.9296502 -0.1079061 0.3522882 -9.16272e-5 -0.1759524 0.9843987 9.94578e-5 -0.5700324 0.8216224 -6.66678e-5 -0.1244135 0.9922305 -8.04365e-5 -0.07974004 0.9968157 1.04863e-4 -0.7938136 0.6081612 0.113011 0.01973676 0.9933977 -7.81864e-5 -0.1182471 0.9929842 7.02515e-5 0.05281907 -0.9986041 0.1791484 0.06806284 -0.9814649 0.08055233 0.09321904 -0.9923818 1.91443e-5 0.03012245 -0.9995463 0.1843129 0.06957811 -0.9804018 0.2283294 0.0674687 -0.9712434 6.94841e-5 0.05986946 -0.9982063 8.85874e-5 0.09268552 -0.9956955 0.08378648 0.08750605 -0.9926342 1.14882e-5 0.1179562 -0.9930189 0.3467084 -0.1329447 -0.9285036 0.3413548 -0.5418811 -0.7680116 0.3334689 -0.4660159 -0.8195289 0.2864376 0.004923343 -0.9580863 0.1152128 0.03532177 -0.9927127 0.09026384 0.04023444 -0.9951049 0.08662378 0.04482483 -0.9952322 0.1400162 0.02932262 -0.989715 0.177708 0.00624895 -0.9840635 0.1344298 0.05795133 -0.9892271 7.35968e-5 -0.6621223 -0.7493958 9.89432e-5 -0.651052 -0.7590332 -0.214441 -0.5737226 0.7904793 0.002522349 -0.2598556 0.9656442 -0.5730654 -0.4072499 0.7111566 0.04936933 -0.125494 0.9908653 -0.02870136 -0.004555404 0.9995777 -0.6900157 0.1838098 0.7000659 -0.7214912 -0.08913344 0.6866627 -0.3989028 -0.706213 0.5849272 -0.8158834 -0.4732999 0.3321469 -0.8624094 0.2693445 0.4286066 -0.6629435 0.3021165 0.6850048 -0.8170524 0.4758851 0.325513 -0.9296502 -0.1079061 0.3522883 -9.92864e-5 -0.5700303 0.8216237 9.19029e-5 -0.1759421 0.9844006 6.67572e-5 -0.1244539 0.9922255 8.05557e-5 -0.0797401 0.9968157 -1.0483e-4 -0.7938102 0.6081658 -0.113011 0.01973682 0.9933977 7.81822e-5 -0.1182519 0.9929836 -7.00504e-5 0.05281656 -0.9986042 -1.87653e-5 0.03012275 -0.9995462 -0.08055198 0.09321886 -0.9923818 -0.1791483 0.06806272 -0.981465 -0.1843128 0.06957811 -0.9804018 -8.84384e-5 0.09268426 -0.9956955 -6.92457e-5 0.05986738 -0.9982064 -0.2283291 0.06746864 -0.9712435 -0.08378624 0.08750599 -0.9926342 -1.11219e-5 0.1179525 -0.9930193 -0.3467082 -0.1329447 -0.9285037 -0.2864374 0.004923343 -0.9580864 -0.3334687 -0.4660155 -0.8195294 -0.3413549 -0.541881 -0.7680117 -0.1152131 0.03532177 -0.9927127 -0.1400166 0.02932262 -0.9897149 -0.08662402 0.04482483 -0.9952322 -0.0902639 0.04023438 -0.9951049 -0.1777078 0.00624895 -0.9840635 -0.1344297 0.05795133 -0.9892271 -9.88543e-5 -0.6510491 -0.7590357 -7.38045e-5 -0.6621243 -0.749394 0.3090818 0.1651334 -0.9365893 0.3091301 -0.1650869 -0.9365815 -0.3091065 -0.1651315 -0.9365814 -0.3090811 0.1651578 -0.9365852 0.3090814 0.4755063 -0.8236277 -0.3090808 0.4755268 -0.823616 0.3090815 0.7285298 -0.6113207 -0.3090792 0.7285415 -0.6113079 0.3090833 0.8936758 -0.3252864 -0.309078 0.8936851 -0.3252657 0.3090844 0.9510347 -9.28159e-6 -0.3090787 0.9510365 1.27295e-5 0.309131 0.8936825 0.3252223 -0.309125 0.8936877 0.325214 0.3090838 0.7285441 0.6113026 0.3091353 0.8936498 0.3253083 -0.3091294 0.8936489 0.3253165 -0.3090813 0.7285279 0.6113231 0.3091082 0.4755238 0.8236075 -0.3090911 0.4755277 0.8236116 0.3091073 -0.9510273 -1.4822e-5 -0.3090913 -0.9510324 1.48258e-5 -0.3090812 -0.8936846 -0.3252642 0.3090813 -0.8936777 -0.3252834 -0.3091292 -0.7285307 -0.6112955 0.3091292 -0.7285171 -0.6113117 -0.3091298 -0.4755202 -0.8236015 0.3090813 -0.4755099 -0.8236257 -0.3091303 -0.1651974 -0.936562 0.3091302 -0.1651974 -0.9365621 -0.309081 0.1651569 0.9365854 0.3090817 0.1651327 0.9365894 -0.3090809 -0.1651331 0.9365897 0.3090808 -0.1651546 0.9365859 -0.3090815 -0.4755091 0.8236261 0.30913 -0.4755198 0.8236016 -0.3091303 -0.7284902 0.6113432 0.3091302 -0.7284899 0.6113436 0.3091303 -0.7285611 0.6112587 -0.3091303 -0.7285611 0.6112588 -0.3091074 -0.8936687 0.325283 0.3090914 -0.893674 0.3252837 -0.8160411 -0.5448345 -0.1929569 -0.8160392 -0.5779749 -0.005023896 -0.9999926 0.003793656 -6.70462e-4 -0.9999926 0.003336787 0.001924991 -0.8160325 -0.4395362 -0.3753653 -0.8160457 -0.2933281 -0.4980244 -0.9999926 0.001317977 0.00362128 -0.8160399 -0.09541994 -0.5700649 -0.9999927 -0.00131613 0.003616034 -0.8160453 0.09541559 -0.5700579 -0.8160366 0.2933409 -0.4980316 -0.8160471 0.4395186 -0.3753539 -0.9999926 -0.003332734 0.001926362 -0.8160647 0.544804 -0.192943 -0.8160574 0.5779493 -0.005021572 -0.9999926 -0.003790557 -6.6768e-4 -0.8160567 0.5413764 0.2023937 -0.8160493 0.4459711 0.3676593 -0.9999927 -0.002476453 -0.002949297 -0.8160481 0.2846359 0.5030388 -0.8160389 0.1053076 0.5683229 -0.9999926 -1.03589e-6 -0.003850281 -0.8160382 -0.1053126 0.5683229 -0.8160405 -0.2846373 0.5030504 -0.9999927 0.002473771 -0.002949893 -0.816035 -0.4459905 0.3676674 -0.8160343 -0.5414081 0.202399 -0.3092724 -0.893628 -0.3252381 -0.3092604 -0.9509775 1.84625e-5 -0.3092894 -0.7284967 -0.6112549 -0.3092837 -0.4755017 -0.8235543 -0.3092704 -0.1651514 -0.9365239 -0.3092817 0.1651204 -0.9365256 -0.3093021 0.4754598 -0.8235716 -0.3092874 0.7284721 -0.6112853 -0.3092932 0.8936101 -0.3252674 -0.3092795 0.9509712 -1.99638e-5 -0.309271 0.8936318 0.3252289 -0.309301 0.7284933 0.6112532 -0.3092921 0.4754953 0.8235549 -0.3092681 0.16516 0.936523 -0.3093053 -0.1651098 0.9365196 -0.3092696 -0.4754751 0.8235749 -0.3092985 -0.7284674 0.6112854 -0.309298 -0.8936101 0.3252626 -1 -3.94357e-7 9.12655e-7 0.761758 0.09724313 -0.6405222 0.7617629 0.3372227 -0.553171 0.9840761 0.06079369 -0.1670283 0.7617636 0.4862055 -0.4281594 0.9840762 0.1539342 -0.0888729 0.7617598 0.6139052 -0.206984 0.7617758 0.6476562 -0.01546698 0.9840755 0.1750508 0.03086453 0.7617526 0.6033342 0.2360531 0.7617651 0.5060833 0.4044672 0.9840753 0.1142566 0.1361661 0.7617769 0.31044 0.568615 0.7617508 0.1276988 0.6351604 0.9840759 4.63844e-7 0.1777493 0.7868066 -0.3967272 0.4728034 0.7907624 -0.2093589 0.5752074 0.7868089 -0.6078207 0.1071723 0.7907609 -0.5301148 0.3060651 0.7868062 -0.5345119 -0.3085991 0.790762 -0.6028231 -0.1063004 0.7868071 -0.2110946 -0.5799772 0.7907627 -0.3934659 -0.4689126 0.3092881 0.1651555 -0.9365172 0.3092916 0.4754999 -0.8235525 0.3092895 0.7284982 -0.6112533 0.3092828 0.8936256 -0.3252348 0.3092747 0.9509728 1.49906e-5 0.3092608 0.8936198 0.3252716 0.3092995 0.7284702 0.6112815 0.3092808 0.4754698 0.8235739 0.3092786 0.1651067 0.936529 0.3092568 -0.16516 0.9365268 0.7617536 -0.1276996 0.6351569 0.7868074 -4.59642e-7 0.6171988 0.7280381 -0.2373269 0.6431459 0.7251267 0.003942549 0.6886042 0.7280378 -0.5952085 0.3401293 0.7240334 -0.4411953 0.5302097 0.7280378 -0.6745865 -0.1220418 0.7240372 -0.6787856 0.1225573 0.7280367 -0.438317 -0.527106 0.7240316 -0.598769 -0.3424239 0.790764 -1.10729e-6 -0.6121212 0.7280377 0.003044426 -0.6855304 0.7240348 -0.2385678 -0.6471932 0.9840767 -0.06079137 -0.167026 0.7617576 -0.09724253 -0.6405228 0.309272 -0.1651378 -0.9365257 0.7617631 -0.3372226 -0.5531709 0.9840761 -0.153934 -0.08887392 0.7617468 -0.4862227 -0.4281699 0.7617573 -0.6139076 -0.2069867 0.9840755 -0.1750509 0.03086531 0.761753 -0.6476832 -0.01546454 0.7617496 -0.6033384 0.2360516 0.9840754 -0.1142564 0.1361659 0.7617475 -0.5060994 0.4044801 0.7617762 -0.3104422 0.5686147 0.7907619 0.2093575 0.5752087 0.7868075 0.396727 0.4728021 0.7907674 0.5301108 0.3060545 0.7868059 0.6078238 0.1071758 0.7907633 0.6028229 -0.1062923 0.786807 0.5345113 -0.3085978 0.790763 0.393466 -0.468912 0.7868069 0.2110934 -0.5799779 0.3092831 -0.4754619 -0.8235776 0.3092905 -0.7284644 -0.6112929 0.3092726 -0.8936231 -0.3252514 0.3092602 -0.9509775 -2.92845e-5 0.3092985 -0.8936145 0.3252499 0.3092989 -0.7284958 0.6112513 0.3092814 -0.4754856 0.8235646 0.7292141 0.2299954 0.6444756 0.7251257 0.4456487 0.5249665 0.7292155 0.5904465 0.3458579 0.7251205 0.6788331 0.1156973 0.7292121 0.6746244 -0.1145938 0.725127 0.594376 -0.3477184 0.7292127 0.4431337 -0.5214225 0.7240343 0.2332484 -0.6491299 0.966354 -0.04356211 0.2535006 0.9665438 -0.196713 0.164612 0.9665437 -0.2565017 -3.45692e-4 0.966544 -0.1962675 -0.1651419 0.9665437 -0.04420006 -0.252665 0.966165 0.128666 0.2235404 0.9661648 0.2422537 0.08853733 0.966165 0.242487 -0.08789438 0.9663537 0.1301701 -0.2218481 1 -1.08155e-6 6.74797e-7 -0.3090818 0.1651332 -0.9365893 0.3090811 0.1651578 -0.9365852 0.3091303 -0.1650871 -0.9365814 -0.3091064 -0.1651313 -0.9365815 -0.3090819 0.4755098 -0.8236255 0.3091281 0.4755201 -0.8236021 -0.3090833 0.7285426 -0.6113047 0.3090767 0.7285375 -0.611314 -0.3090857 0.8936834 -0.325263 0.3091267 0.8936702 -0.3252606 -0.3090844 0.9510347 -9.55007e-6 0.3090787 0.9510365 1.25151e-5 -0.309131 0.8936825 0.3252223 0.309125 0.8936876 0.325214 -0.3090838 0.7285442 0.6113024 0.3090813 0.7285279 0.6113232 0.3091293 0.8936489 0.3253164 -0.3091353 0.8936498 0.3253082 -0.3091081 0.475524 0.8236075 0.3090912 0.4755277 0.8236117 -0.3091073 -0.9510273 1.4822e-5 -0.3090813 -0.8936777 -0.3252834 0.3090813 -0.8936846 -0.3252641 0.3090913 -0.9510324 -1.48258e-5 -0.3090806 -0.7285293 -0.6113219 0.3091292 -0.7285307 -0.6112955 -0.3090813 -0.47551 -0.8236257 0.3091299 -0.4755202 -0.8236015 -0.3091302 -0.1651974 -0.9365621 0.3091065 -0.1651557 -0.9365772 -0.3090817 0.1651328 0.9365894 0.309081 0.1651569 0.9365854 -0.3090808 -0.1651545 0.9365859 0.3090808 -0.1651332 0.9365896 -0.30913 -0.4755198 0.8236016 0.3090815 -0.4755091 0.8236261 -0.3091302 -0.7284899 0.6113436 0.3091303 -0.7284902 0.6113432 -0.3091065 -0.7285389 0.6112972 -0.3090914 -0.893674 0.3252837 0.3091074 -0.8936768 0.3252606 0.3091303 -0.7285611 0.6112588 0.8160412 -0.5448343 -0.192957 0.9999926 0.003336846 0.001924991 0.9999926 0.003793656 -6.70462e-4 0.8160392 -0.5779749 -0.005023896 0.8160325 -0.4395362 -0.3753653 0.8160456 -0.2933283 -0.4980242 0.9999926 0.001317977 0.00362128 0.8160399 -0.09541994 -0.5700649 0.8160453 0.09541559 -0.5700579 0.9999927 -0.00131613 0.003616034 0.8160366 0.2933409 -0.4980315 0.8160471 0.4395187 -0.3753539 0.9999926 -0.003332793 0.001926362 0.8160647 0.544804 -0.192943 0.8160572 0.5779492 -0.005021572 0.9999926 -0.003790676 -6.67683e-4 0.8160566 0.5413766 0.2023936 0.8160491 0.4459713 0.3676595 0.9999927 -0.002476394 -0.002949297 0.8160484 0.2846357 0.5030384 0.8160388 0.1053075 0.568323 0.9999926 -1.00472e-6 -0.003850281 0.8160383 -0.1053128 0.5683228 0.8160405 -0.2846376 0.5030503 0.9999927 0.002473771 -0.002949893 0.8160355 -0.4459902 0.3676671 0.8160341 -0.5414084 0.202399 0.3092726 -0.8936229 -0.3252516 0.3092893 -0.728466 -0.6112917 0.3092836 -0.4754607 -0.8235781 0.3092703 -0.1651375 -0.9365264 0.3092817 0.1651344 -0.9365231 0.3093021 0.4755012 -0.8235477 0.3092873 0.7285029 -0.6112486 0.3092932 0.8936263 -0.3252226 0.3092793 0.9509713 2.7772e-5 0.3092705 0.8936156 0.3252735 0.3093004 0.7284627 0.6112899 0.309293 0.4754828 0.8235618 0.3092682 0.1651127 0.9365314 0.3093053 -0.1651572 0.9365113 0.3092693 -0.475488 0.8235678 0.3092994 -0.728498 0.6112485 0.3092972 -0.8936153 0.3252491 1 -4.05624e-7 9.09838e-7 -0.761758 0.09724295 -0.6405222 -0.9840761 0.06079363 -0.1670283 -0.7617631 0.3372226 -0.553171 -0.9840763 0.1539341 -0.0888729 -0.7617459 0.4862246 -0.4281692 -0.7617591 0.6139054 -0.2069868 -0.9840756 0.1750507 0.03086453 -0.7617757 0.6476562 -0.01546698 -0.7617526 0.603334 0.2360533 -0.9840753 0.1142566 0.1361661 -0.7617654 0.5060831 0.4044668 -0.7617768 0.3104402 0.568615 -0.9840759 6.18459e-7 0.1777494 -0.7617506 0.127699 0.6351606 -0.7907624 -0.2093589 0.5752074 -0.7868066 -0.3967272 0.4728034 -0.7907608 -0.5301147 0.3060652 -0.7868089 -0.6078207 0.1071723 -0.7907621 -0.6028231 -0.1063005 -0.7868061 -0.5345119 -0.3085989 -0.7907628 -0.3934659 -0.4689126 -0.7868073 -0.2110946 -0.5799772 -0.3092882 0.1651082 -0.9365256 -0.3092887 0.4754599 -0.8235765 -0.3092901 0.728466 -0.6112912 -0.3092823 0.8936191 -0.3252531 -0.3092746 0.9509728 7.63684e-7 -0.3092602 0.8936362 0.325227 -0.3092998 0.7284796 0.6112701 -0.3092808 0.4755113 0.8235499 -0.3092781 0.1651538 0.9365208 -0.7617535 -0.1276994 0.6351571 -0.3092567 -0.1651127 0.9365352 -0.7868074 -4.57137e-7 0.6171986 -0.7251267 0.003942549 0.6886042 -0.7280381 -0.237327 0.6431457 -0.7240334 -0.4411953 0.5302098 -0.7280377 -0.5952085 0.3401294 -0.7240371 -0.6787858 0.1225572 -0.7280377 -0.6745865 -0.1220418 -0.7240315 -0.598769 -0.3424239 -0.7280368 -0.438317 -0.527106 -0.7240348 -0.2385679 -0.6471931 -0.7280377 0.003044486 -0.6855304 -0.790764 -9.96562e-7 -0.6121212 -0.7617576 -0.09724253 -0.6405227 -0.9840767 -0.06079143 -0.167026 -0.309272 -0.1651518 -0.9365232 -0.761763 -0.3372228 -0.5531709 -0.7617468 -0.4862226 -0.4281698 -0.9840761 -0.153934 -0.08887392 -0.7617571 -0.6139077 -0.2069867 -0.761753 -0.6476832 -0.01546454 -0.9840755 -0.175051 0.03086525 -0.7617493 -0.6033388 0.2360514 -0.761748 -0.5060989 0.4044799 -0.9840754 -0.1142564 0.1361659 -0.7617763 -0.310442 0.5686147 -0.7868076 0.3967269 0.4728021 -0.7907619 0.2093575 0.5752088 -0.786806 0.6078239 0.1071758 -0.7907675 0.5301109 0.3060544 -0.786807 0.5345112 -0.3085979 -0.7907633 0.602823 -0.1062922 -0.786807 0.2110936 -0.579978 -0.790763 0.393466 -0.468912 -0.309283 -0.4755034 -0.8235537 -0.3092906 -0.7284951 -0.6112563 -0.3092724 -0.8936278 -0.3252382 -0.3092604 -0.9509775 1.847e-5 -0.3092987 -0.8936098 0.325263 -0.3093006 -0.7284642 0.6112881 -0.3092815 -0.4754733 0.8235716 -0.7292141 0.2299956 0.6444757 -0.7292156 0.5904464 0.3458579 -0.7251258 0.4456487 0.5249666 -0.7292121 0.6746244 -0.1145938 -0.7251206 0.6788331 0.1156974 -0.7292126 0.4431337 -0.5214227 -0.7251271 0.594376 -0.3477184 -0.7240343 0.2332484 -0.64913 -0.966354 -0.04356205 0.2535006 -0.9665439 -0.1967132 0.164612 -0.9665437 -0.2565019 -3.45679e-4 -0.966544 -0.1962677 -0.1651419 -0.9665437 -0.04420024 -0.2526649 -0.966165 0.128666 0.2235404 -0.9661648 0.2422537 0.08853739 -0.966165 0.2424868 -0.08789438 -0.9663537 0.1301699 -0.2218481 -1 -1.08428e-6 6.74797e-7 0.3090811 0.1651362 -0.936589 -0.3090814 0.1651577 -0.9365851 0.3091289 0.4754999 -0.8236134 -0.3090808 0.4755268 -0.823616 0.3090808 0.7285418 -0.6113068 -0.3090811 0.7285399 -0.6113089 0.3091298 0.8936623 -0.3252793 -0.3090812 0.8936847 -0.325264 0.3091294 0.95102 -1.17317e-5 -0.3090808 0.9510358 1.1711e-5 0.3091064 0.8936787 0.3252564 -0.3091304 0.8936857 0.3252145 0.3090813 0.7285419 0.6113064 0.3091301 0.8936473 0.32532 -0.3091302 0.8936475 0.3253194 -0.3090813 0.728528 0.6113229 0.3091072 0.4755255 0.823607 0.3091073 -0.9510273 -1.48266e-5 -0.3090912 -0.9510324 1.48258e-5 -0.3090813 -0.8936848 -0.3252635 0.3090812 -0.8936769 -0.3252849 -0.3091291 -0.7285271 -0.6112999 0.3091291 -0.7285168 -0.6113121 -0.3091299 -0.4755154 -0.8236043 -0.309081 0.1651568 0.9365854 0.3090811 0.1651356 0.9365892 -0.3090808 -0.1651331 0.9365896 0.3090814 -0.475528 0.8236151 -0.3091303 -0.7284903 0.611343 0.3091303 -0.7284904 0.6113429 0.3091302 -0.7285611 0.6112589 -0.3091303 -0.7285603 0.6112597 -0.3091075 -0.8936687 0.3252827 0.3090915 -0.8936735 0.3252849 -0.8160426 -0.5448321 -0.1929578 -0.8160386 -0.5779759 -0.005023598 -0.9999926 0.003793478 -6.70451e-4 -0.9999926 0.003336012 0.001924157 -0.8160485 -0.4395149 -0.3753552 -0.8160448 -0.2933307 -0.498024 -0.9999926 0.001317977 0.003621339 -0.8160402 -0.09542 -0.5700647 -0.9999927 -0.00131613 0.003616034 -0.8160451 0.09541583 -0.5700582 -0.8160362 0.2933412 -0.498032 -0.8160469 0.4395186 -0.3753544 -0.9999926 -0.003334462 0.001926183 -0.8160431 0.5448319 -0.1929556 -0.8160371 0.577978 -0.005021214 -0.9999926 -0.003793418 -6.67666e-4 -0.8160362 0.5414039 0.2024025 -0.8160503 0.4459677 0.3676613 -0.9999927 -0.002476692 -0.002949416 -0.8160486 0.284636 0.5030381 -0.816039 0.1053078 0.5683226 -0.9999926 -1.0309e-6 -0.003850221 -0.8160381 -0.1053127 0.568323 -0.8160399 -0.2846383 0.5030508 -0.9999927 0.002472877 -0.002949595 -0.8160511 -0.4459725 0.3676539 -0.8160347 -0.5414062 0.2024026 -0.3092759 -0.8936265 -0.3252385 -0.3092585 -0.9509781 1.90958e-5 -0.3092903 -0.7284968 -0.6112545 -0.3092857 -0.4755037 -0.8235524 -0.309271 -0.1651515 -0.9365237 -0.3092811 0.1651203 -0.9365258 -0.3093011 0.4754597 -0.823572 -0.3092874 0.7284727 -0.6112847 -0.3092759 0.8936129 -0.325276 -0.30926 0.9509776 -1.98111e-5 -0.3092989 0.8936226 0.3252276 -0.3092973 0.7284913 0.6112573 -0.3092934 0.4754951 0.8235545 -0.3092686 0.1651598 0.9365229 -0.3092567 -0.1651126 0.9365352 -0.3092672 -0.4754756 0.8235756 -0.3093003 -0.7284719 0.611279 -0.3092564 -0.8936213 0.3252714 -1 -4.25342e-7 8.73219e-7 0.7617627 0.09723615 -0.6405177 0.7617533 0.3372358 -0.5531763 0.9840764 0.06079208 -0.1670268 0.7617636 0.4862058 -0.4281591 0.9840762 0.1539341 -0.08887243 0.7617809 0.6138806 -0.2069797 0.7617769 0.6476549 -0.01546424 0.9840757 0.1750501 0.03086465 0.7617731 0.603312 0.2360437 0.761767 0.5060819 0.4044654 0.9840763 0.114255 0.1361614 0.7617659 0.3104496 0.5686245 0.7617543 0.1276942 0.6351572 0.9840759 3.8069e-7 0.1777491 0.7868049 -0.396728 0.4728054 0.7907625 -0.2093588 0.5752076 0.7868089 -0.6078209 0.1071716 0.7907612 -0.5301141 0.3060651 0.7868101 -0.5345084 -0.3085949 0.7907602 -0.6028267 -0.106294 0.7868065 -0.2110948 -0.5799781 0.7907618 -0.3934623 -0.4689171 0.3092971 0.1651605 -0.9365135 0.3092582 0.4755045 -0.8235623 0.309293 0.728496 -0.611254 0.3092908 0.8936225 -0.3252353 0.3092796 0.9509711 1.9107e-5 0.3092683 0.8936195 0.3252651 0.309298 0.7284692 0.6112835 0.3092969 0.4754612 0.8235728 0.3092887 0.1651149 0.9365243 0.3092567 -0.16516 0.9365269 0.7617534 -0.1276997 0.6351571 0.7868074 -4.87822e-7 0.6171987 0.7280376 -0.2373243 0.6431474 0.7280377 -0.5952109 0.3401252 0.7240279 -0.441204 0.5302101 0.7280393 -0.6745854 -0.1220381 0.7240369 -0.6787858 0.1225584 0.7280377 -0.4383171 -0.5271046 0.7240377 -0.5987632 -0.3424208 0.7907637 -1.15566e-6 -0.6121216 0.7280377 0.003045499 -0.6855304 0.7240312 -0.2385743 -0.6471948 0.9840767 -0.06079173 -0.1670255 0.7617579 -0.09724265 -0.6405225 0.3092722 -0.1651379 -0.9365257 0.7617634 -0.3372253 -0.5531687 0.9840751 -0.1539381 -0.08887851 0.7617635 -0.4862031 -0.4281625 0.7617586 -0.6139057 -0.2069877 0.9840779 -0.1750383 0.03086364 0.761755 -0.6476807 -0.01546275 0.7617542 -0.6033336 0.2360491 0.9840752 -0.1142573 0.1361666 0.7617481 -0.5060996 0.4044791 0.7617756 -0.3104426 0.5686154 0.790762 0.2093575 0.5752087 0.786808 0.3967286 0.4727999 0.7907611 0.5301173 0.3060601 0.7868056 0.6078241 0.1071777 0.7907616 0.602825 -0.1062937 0.7868075 0.5345085 -0.308601 0.790762 0.3934653 -0.4689142 0.7868085 0.2110961 -0.579975 0.3092852 -0.475464 -0.8235756 0.3092915 -0.7284646 -0.6112921 0.309276 -0.8936217 -0.3252516 0.3092585 -0.9509781 -2.87667e-5 0.3093022 -0.8936134 0.3252496 0.3092978 -0.7284961 0.6112514 0.309279 -0.4754859 0.8235652 0.7292141 0.2299955 0.6444757 0.725126 0.4456484 0.5249666 0.7292138 0.5904487 0.3458577 0.725123 0.6788307 0.1156963 0.7292129 0.6746237 -0.1145925 0.7251262 0.5943734 -0.3477246 0.7292131 0.4431321 -0.5214233 0.7240334 0.2332536 -0.649129 0.966354 -0.04356151 0.2535004 0.9665442 -0.1967125 0.1646106 0.9665437 -0.2565016 -3.45577e-4 0.966544 -0.1962684 -0.1651406 0.9665439 -0.0442022 -0.2526644 0.9661652 0.1286668 0.223539 0.9661655 0.2422514 0.08853644 0.9661649 0.242488 -0.08789253 0.9663532 0.1301715 -0.221849 1 -5.96051e-7 9.09826e-7 -0.309081 0.1651362 -0.936589 0.3090813 0.1651577 -0.9365851 -0.3091289 0.4754999 -0.8236134 0.3090808 0.4755269 -0.823616 -0.3090809 0.7285304 -0.6113204 0.3090811 0.72854 -0.6113089 -0.3091298 0.8936623 -0.3252794 0.3090812 0.8936847 -0.325264 -0.3091294 0.95102 -1.17587e-5 0.3090808 0.9510358 1.17334e-5 -0.3091302 0.8936865 0.3252125 0.3091066 0.893678 0.3252583 -0.3090813 0.7285419 0.6113063 0.3090813 0.728528 0.6113229 0.3091302 0.8936475 0.3253194 -0.3091301 0.8936473 0.32532 -0.3091071 0.4755256 0.8236069 0.3090911 0.4755277 0.8236116 -0.3091073 -0.9510273 1.48266e-5 -0.3090813 -0.8936769 -0.3252849 0.3090813 -0.8936767 -0.3252858 0.3090912 -0.9510324 -1.48258e-5 -0.3091292 -0.7285169 -0.611312 0.3091291 -0.7285156 -0.6113135 0.3091298 -0.4754999 -0.8236131 -0.3090811 0.1651356 0.9365892 0.309081 0.1651568 0.9365854 0.3090808 -0.1651332 0.9365896 -0.3090814 -0.475528 0.8236151 -0.3091303 -0.7284904 0.6113429 0.3091303 -0.7284903 0.611343 -0.3091065 -0.7285388 0.6112974 -0.3090915 -0.8936735 0.3252849 0.3091075 -0.8936687 0.3252827 0.3091303 -0.7285603 0.6112597 0.8160426 -0.544832 -0.1929579 0.9999926 0.003336071 0.001924157 0.9999926 0.003793478 -6.7045e-4 0.8160386 -0.5779758 -0.005023598 0.8160486 -0.4395148 -0.3753551 0.8160448 -0.293331 -0.4980239 0.9999926 0.001317977 0.003621339 0.8160402 -0.09542 -0.5700647 0.816045 0.09541577 -0.5700583 0.9999927 -0.00131613 0.003616034 0.8160362 0.2933412 -0.498032 0.8160468 0.4395186 -0.3753544 0.9999926 -0.003334462 0.001926183 0.8160431 0.5448319 -0.1929556 0.8160371 0.5779778 -0.005021214 0.9999926 -0.003793478 -6.67669e-4 0.8160359 0.5414043 0.2024024 0.8160505 0.4459676 0.3676611 0.9999927 -0.002476572 -0.002949416 0.8160484 0.2846361 0.5030381 0.8160391 0.1053077 0.5683227 0.9999926 -1.00223e-6 -0.003850221 0.8160382 -0.1053129 0.5683229 0.8160398 -0.2846385 0.5030506 0.9999927 0.002472817 -0.002949595 0.8160514 -0.445972 0.3676536 0.8160344 -0.5414066 0.2024025 0.3092761 -0.8936215 -0.325252 0.3092905 -0.7284661 -0.611291 0.3092857 -0.4754628 -0.8235762 0.309271 -0.1651376 -0.9365261 0.3092811 0.1651343 -0.9365234 0.309301 0.4755012 -0.8235482 0.3092874 0.7284818 -0.6112739 0.3092761 0.8936292 -0.3252312 0.30926 0.9509776 2.80254e-5 0.3092981 0.8936066 0.3252723 0.3092984 0.728482 0.6112681 0.3092935 0.4754829 0.8235616 0.3092687 0.1651125 0.9365313 0.309267 -0.4754883 0.8235683 0.3093013 -0.7284806 0.6112681 0.3092555 -0.8936381 0.3252263 1 -4.19708e-7 8.87303e-7 -0.7617626 0.09723597 -0.6405177 -0.9840764 0.06079202 -0.1670268 -0.7617533 0.3372356 -0.5531764 -0.9840762 0.1539341 -0.08887243 -0.7617636 0.4862058 -0.4281591 -0.761781 0.6138806 -0.2069796 -0.9840757 0.17505 0.03086465 -0.7617769 0.6476549 -0.01546424 -0.7617733 0.6033116 0.2360439 -0.9840763 0.114255 0.1361614 -0.7617673 0.5060817 0.404465 -0.7617658 0.3104497 0.5686245 -0.9840759 5.7948e-7 0.1777491 -0.761754 0.1276944 0.6351575 -0.7907624 -0.2093588 0.5752076 -0.7868049 -0.3967281 0.4728054 -0.7907613 -0.5301142 0.3060649 -0.7868089 -0.6078209 0.1071717 -0.7907603 -0.6028266 -0.106294 -0.7868101 -0.5345084 -0.308595 -0.7907617 -0.3934623 -0.4689172 -0.7868065 -0.2110948 -0.5799781 -0.3092972 0.1651132 -0.9365218 -0.3092582 0.4754631 -0.8235862 -0.3092931 0.7284653 -0.6112905 -0.3092908 0.8936179 -0.3252484 -0.3092796 0.9509711 -2.86214e-5 -0.3092681 0.8936243 0.3252521 -0.3092983 0.7285004 0.6112461 -0.3092969 0.4755025 0.8235489 -0.3092882 0.1651619 0.9365162 -0.7617536 -0.1276994 0.635157 -0.3092566 -0.1651129 0.9365352 -0.7868075 -4.82186e-7 0.6171985 -0.7280375 -0.2373243 0.6431474 -0.7240279 -0.441204 0.5302101 -0.7280377 -0.595211 0.340125 -0.7240368 -0.6787859 0.1225583 -0.7280393 -0.6745854 -0.1220381 -0.7240377 -0.5987633 -0.3424208 -0.7280378 -0.4383171 -0.5271044 -0.7240312 -0.2385744 -0.6471948 -0.7280376 0.003045558 -0.6855305 -0.7907637 -9.94016e-7 -0.6121216 -0.7617579 -0.09724271 -0.6405225 -0.9840767 -0.06079173 -0.1670255 -0.3092722 -0.1651519 -0.9365232 -0.7617633 -0.3372254 -0.5531687 -0.7617634 -0.4862031 -0.4281624 -0.9840751 -0.1539381 -0.08887851 -0.7617584 -0.6139057 -0.2069877 -0.7617549 -0.6476808 -0.01546275 -0.9840778 -0.1750385 0.03086358 -0.7617542 -0.6033338 0.2360488 -0.7617484 -0.5060991 0.4044787 -0.9840753 -0.1142573 0.1361665 -0.7617757 -0.3104423 0.5686153 -0.7868079 0.3967285 0.4728 -0.7907621 0.2093576 0.5752085 -0.7868055 0.6078241 0.1071777 -0.7907609 0.5301172 0.3060604 -0.7868077 0.5345086 -0.3086009 -0.7907615 0.6028251 -0.1062936 -0.7868085 0.2110961 -0.5799749 -0.790762 0.3934653 -0.4689141 -0.3092851 -0.4755055 -0.8235516 -0.3092914 -0.7284952 -0.6112557 -0.309276 -0.8936265 -0.3252386 -0.3092585 -0.9509781 1.91033e-5 -0.3093026 -0.8936085 0.3252626 -0.3092995 -0.7284646 0.6112882 -0.3092792 -0.4754738 0.8235722 -0.7292141 0.2299957 0.6444756 -0.7292138 0.5904486 0.345858 -0.725126 0.4456484 0.5249665 -0.7292129 0.6746238 -0.1145924 -0.7251231 0.6788305 0.1156963 -0.7292131 0.443132 -0.5214233 -0.7251262 0.5943734 -0.3477246 -0.7240335 0.2332534 -0.6491289 -0.966354 -0.04356145 0.2535004 -0.9665441 -0.1967126 0.1646106 -0.9665437 -0.2565019 -3.4557e-4 -0.966544 -0.1962685 -0.1651406 -0.9665438 -0.04420238 -0.2526644 -0.9661652 0.1286668 0.2235391 -0.9661655 0.2422513 0.08853644 -0.9661649 0.242488 -0.08789253 -0.9663532 0.1301714 -0.2218491 -1 -5.98474e-7 9.12854e-7 -0.005954444 -0.7264984 0.6871423 -0.005393743 -0.7265412 0.6871017 0.2982035 -0.6088324 0.7351176 0.3031542 -0.5918105 0.7468989 -0.2102479 0.4909588 0.8454321 -0.2098575 0.4825639 0.8503481 2.51328e-7 0.7587756 0.6513521 2.82506e-7 0.7586086 0.6515468 -0.3031541 -0.5918104 0.7468991 -0.2982031 -0.6088324 0.7351177 0.2015682 0.4945356 0.8454614 0.1956477 0.4882012 0.8505184 0.09706401 -0.6846258 0.722403 0.135433 -0.6820401 0.7186649 0.1273679 -0.6811016 0.7210257 0.08902657 -0.6846884 0.7233783 0.2258424 -0.6783452 0.6991731 0.268368 -0.6642641 0.6976618 0.2677177 -0.6643135 0.6978645 0.2125499 -0.6827797 0.6990239 0.03813326 -0.677935 0.7341321 0.03843468 -0.6774966 0.7345211 0.05058592 -0.6811067 0.7304347 0.04048824 -0.6799529 0.7321371 0.2793474 -0.6602706 0.6971426 0.2923025 -0.6580917 0.6938837 0.2813633 -0.6655398 0.6912969 0.2717442 -0.664529 0.6961008 0.05423271 -0.684688 0.7268158 0.05898302 -0.6866534 0.7245882 0.05054473 -0.6872065 0.7247017 0.04544854 -0.6837842 0.7282676 0.1550567 -0.6823079 0.7144322 0.1779999 -0.6862579 0.7052419 0.1540022 -0.6964452 0.7008904 0.1342226 -0.6872843 0.71388 0.05409741 -0.6771214 -0.7338802 0.06011837 -0.6863535 -0.7247792 0.1471076 -0.9890939 -0.007249593 0.114043 -0.9934758 -5.12497e-5 0.2244583 -0.9744518 -0.007879078 0.07228106 -0.690526 -0.7196871 0.08707696 -0.6960455 -0.712698 0.2543875 -0.9670653 -0.008469998 0.02877348 -0.6739439 -0.738222 0.01884108 -0.6774612 -0.7353172 0.06342279 -0.9979767 -0.004473388 0.04371219 -0.9990442 -1.83098e-4 0.2580661 -0.965991 0.01622688 0.08022284 -0.7146953 -0.6948201 0.09114158 -0.7572144 -0.6467764 0.2708436 -0.9621335 0.03070801 0.03150212 -0.6852736 -0.7276042 0.04547286 -0.679671 -0.7321063 0.07826817 -0.9969184 -0.005285859 0.06807059 -0.9976683 -0.004948437 0.06187671 -0.6938709 -0.7174361 0.06447577 -0.6930737 -0.7179775 0.1861495 -0.9824577 -0.01118826 0.1671598 -0.9859185 0.004719018 0 -0.7180954 -0.6959447 0.06114864 -0.6960814 -0.7153542 0.03703916 -0.9992247 0.01334816 0 -0.9993546 0.03592228 1.0891e-6 -0.6802506 0.7329797 0 -0.679751 0.733443 0.02326911 -0.6782548 0.7344583 0.03117388 -0.6794452 0.7330638 -0.1342223 -0.6872843 0.7138801 -0.1550565 -0.682308 0.7144322 -0.135433 -0.6820401 0.7186649 -0.127368 -0.6811016 0.7210257 -0.2717442 -0.664529 0.6961008 -0.279347 -0.6602706 0.6971427 -0.2683676 -0.664264 0.6976619 -0.2677173 -0.6643135 0.6978646 -0.04544878 -0.6837841 0.7282677 -0.05423247 -0.6846879 0.7268159 -0.05058568 -0.6811066 0.7304348 -0.04048818 -0.6799529 0.7321371 -0.2825973 -0.6663337 0.6900277 -0.2946462 -0.6598181 0.6912479 -0.2923023 -0.6580919 0.6938836 -0.281363 -0.66554 0.6912968 -0.08902662 -0.6846883 0.7233783 -0.09706407 -0.6846258 0.722403 -0.05898314 -0.6866534 0.7245882 -0.0505445 -0.6872066 0.7247016 -0.2125508 -0.68278 0.6990234 -0.2258423 -0.678345 0.6991733 -0.178 -0.6862576 0.7052422 -0.1540034 -0.6964451 0.7008904 -0.1471069 -0.989094 -0.007249534 -0.06011819 -0.6863535 -0.7247791 -0.05409806 -0.6771214 -0.7338802 -0.1140434 -0.9934758 -5.12356e-5 -0.2244586 -0.9744517 -0.007879078 -0.2543877 -0.9670653 -0.008469879 -0.0870772 -0.6960455 -0.7126979 -0.0722813 -0.690526 -0.719687 -0.0634219 -0.9979768 -0.004473507 -0.01884013 -0.6774612 -0.7353173 -0.02877283 -0.6739441 -0.7382219 -0.04371196 -0.9990442 -1.83155e-4 -0.2580661 -0.965991 0.016227 -0.2708437 -0.9621335 0.03070813 -0.09114158 -0.7572146 -0.646776 -0.0802229 -0.7146955 -0.69482 -0.07826745 -0.9969184 -0.005285918 -0.04547226 -0.679671 -0.7321063 -0.03150153 -0.6852736 -0.7276041 -0.06807005 -0.9976683 -0.004948437 -0.1861497 -0.9824577 -0.01118826 -0.0644766 -0.6930736 -0.7179776 -0.06187695 -0.6938709 -0.7174361 -0.1671591 -0.9859187 0.004719257 -0.03703856 -0.9992247 0.01334822 -0.06114673 -0.6960818 -0.715354 -0.03843468 -0.6774967 0.734521 -0.02326911 -0.6782549 0.7344583 -0.03117346 -0.6794452 0.7330638 -0.03813368 -0.677935 0.7341321 0.08174848 -0.6855075 0.7234616 0.1897613 -0.6855584 0.7028516 1.22088e-7 -0.6799035 0.7333016 0.2825984 -0.6663333 0.6900276 0.2737776 -0.6680448 0.6919263 -0.08174842 -0.6855075 0.7234616 -0.1897618 -0.6855587 0.7028512 -0.2285195 -0.9657397 -0.1229862 -0.2737774 -0.6680449 0.6919263 0.294646 -0.6598178 0.6912484 0.09189933 -0.8033928 -0.5883151 0.2285191 -0.96574 -0.122986 -0.09189933 -0.8033928 -0.5883151</float_array>
          <technique_common>
            <accessor source="#lightning_mcqueen_lod0-mesh-normals-array" count="3099" stride="3">
              <param name="X" type="float"/>
              <param name="Y" type="float"/>
              <param name="Z" type="float"/>
            </accessor>
          </technique_common>
        </source>
        <source id="lightning_mcqueen_lod0-mesh-map-0">
          <float_array id="lightning_mcqueen_lod0-mesh-map-0-array" count="26220">0.976552 0.07429897 0.829059 0.01033902 0.981367 0.058438 0.967975 0.08844399 0.954759 0.09412598 0.829059 0.01033902 0.954759 0.09412598 0.940414 0.09482598 0.829059 0.01033902 0.940414 0.09482598 0.910343 0.08694005 0.829059 0.01033902 0.910343 0.08694005 0.829184 0.08210301 0.829059 0.01033902 0.535953 0.08100402 0.528304 0.068439 0.659372 0.01132798 0.547715 0.08603602 0.535953 0.08100402 0.659372 0.01132798 0.560473 0.086636 0.547715 0.08603602 0.659372 0.01132798 0.587203 0.07957601 0.560473 0.086636 0.659372 0.01132798 0.659372 0.07514899 0.587203 0.07957601 0.659372 0.01132798 0.952058 0.273193 0.952205 0.1545659 0.9551 0.15457 0.9551 0.15457 0.954953 0.273197 0.952058 0.273193 0.963874 0.207077 0.963852 0.220555 0.960674 0.2205489 0.960674 0.2205489 0.960696 0.207072 0.963874 0.207077 0.96064 0.240217 0.960674 0.2205489 0.963852 0.220555 0.963852 0.220555 0.963818 0.2402219 0.96064 0.240217 0.963897 0.1936119 0.963874 0.207077 0.960696 0.207072 0.960696 0.207072 0.960719 0.193606 0.963897 0.1936119 0.963917 0.181963 0.963897 0.1936119 0.960719 0.193606 0.960719 0.193606 0.960739 0.181957 0.963917 0.181963 0.963948 0.163398 0.963917 0.181963 0.960739 0.181957 0.960739 0.181957 0.96077 0.163393 0.963948 0.163398 0.964037 0.1108 0.963948 0.163398 0.96077 0.163393 0.96077 0.163393 0.960859 0.110795 0.964037 0.1108 0.829059 0.01033902 0.985859 0.02700901 0.981367 0.058438 0.523997 0.05434101 0.519953 0.02639698 0.659372 0.01132798 0.960607 0.260096 0.96064 0.240217 0.963818 0.2402219 0.963818 0.2402219 0.963785 0.260101 0.960607 0.260096 0.976552 0.07429897 0.967975 0.08844399 0.829059 0.01033902 0.528304 0.068439 0.523997 0.05434101 0.659372 0.01132798 0.829059 0.01033902 0.988994 0.01020699 0.985859 0.02700901 0.519953 0.02639698 0.517139 0.01146 0.659372 0.01132798 0.960583 0.274009 0.960607 0.260096 0.963785 0.260101 0.963785 0.260101 0.963761 0.274015 0.960583 0.274009 0.68179 0.07481199 0.67692 0.058968 0.829059 0.01033902 0.690416 0.08892601 0.829059 0.01033902 0.703652 0.094563 0.703652 0.094563 0.829059 0.01033902 0.717999 0.09521299 0.717999 0.09521299 0.829059 0.01033902 0.748042 0.08722198 0.748042 0.08722198 0.829059 0.01033902 0.829184 0.08210301 0.535953 0.08100402 0.659372 0.01132798 0.528304 0.068439 0.547715 0.08603602 0.659372 0.01132798 0.535953 0.08100402 0.560473 0.086636 0.659372 0.01132798 0.547715 0.08603602 0.587203 0.07957601 0.659372 0.01132798 0.560473 0.086636 0.659372 0.07514899 0.659372 0.01132798 0.587203 0.07957601 0.952058 0.273193 0.954953 0.273197 0.9551 0.15457 0.9551 0.15457 0.952205 0.1545659 0.952058 0.273193 0.963874 0.207077 0.960696 0.207072 0.960674 0.2205489 0.960674 0.2205489 0.963852 0.220555 0.963874 0.207077 0.96064 0.240217 0.963818 0.2402219 0.963852 0.220555 0.963852 0.220555 0.960674 0.2205489 0.96064 0.240217 0.963897 0.1936119 0.960719 0.193606 0.960696 0.207072 0.960696 0.207072 0.963874 0.207077 0.963897 0.1936119 0.963917 0.181963 0.960739 0.181957 0.960719 0.193606 0.960719 0.193606 0.963897 0.1936119 0.963917 0.181963 0.963948 0.163398 0.96077 0.163393 0.960739 0.181957 0.960739 0.181957 0.963917 0.181963 0.963948 0.163398 0.964037 0.1108 0.960859 0.110795 0.96077 0.163393 0.96077 0.163393 0.963948 0.163398 0.964037 0.1108 0.829059 0.01033902 0.67692 0.058968 0.672318 0.02755397 0.523997 0.05434101 0.659372 0.01132798 0.519953 0.02639698 0.960607 0.260096 0.963785 0.260101 0.963818 0.2402219 0.963818 0.2402219 0.96064 0.240217 0.960607 0.260096 0.68179 0.07481199 0.829059 0.01033902 0.690416 0.08892601 0.528304 0.068439 0.659372 0.01132798 0.523997 0.05434101 0.829059 0.01033902 0.672318 0.02755397 0.669125 0.01076298 0.519953 0.02639698 0.659372 0.01132798 0.517139 0.01146 0.960583 0.274009 0.963761 0.274015 0.963785 0.260101 0.963785 0.260101 0.960607 0.260096 0.960583 0.274009 0.985012 0.22854 0.992059 0.207942 0.991689 0.274774 0.991689 0.274774 0.986426 0.272154 0.985012 0.22854 0.984422 0.111432 0.990755 0.101383 0.984008 0.1403939 0.984422 0.111432 0.984571 0.102858 0.990755 0.101383 0.992059 0.207942 0.985012 0.22854 0.984093 0.181396 0.990755 0.101383 0.992059 0.207942 0.984093 0.181396 0.984093 0.181396 0.984008 0.1403939 0.990755 0.101383 0.98012 0.2285919 0.982091 0.272151 0.977112 0.275074 0.977112 0.275074 0.972457 0.208243 0.98012 0.2285919 0.972977 0.101616 0.979332 0.1115229 0.98067 0.140464 0.978848 0.10298 0.979332 0.1115229 0.972977 0.101616 0.98012 0.2285919 0.972457 0.208243 0.980586 0.181455 0.980586 0.181455 0.972457 0.208243 0.972977 0.101616 0.972977 0.101616 0.98067 0.140464 0.980586 0.181455 0.986426 0.272154 0.986327 0.278128 0.981849 0.278022 0.981849 0.278022 0.982091 0.272151 0.986426 0.272154 0.985012 0.22854 0.986426 0.272154 0.982091 0.272151 0.982091 0.272151 0.98012 0.2285919 0.985012 0.22854 0.984422 0.111432 0.984008 0.1403939 0.98067 0.140464 0.98067 0.140464 0.979332 0.1115229 0.984422 0.111432 0.984571 0.102858 0.984422 0.111432 0.979332 0.1115229 0.979332 0.1115229 0.978848 0.10298 0.984571 0.102858 0.983803 0.09925103 0.984571 0.102858 0.978848 0.10298 0.978848 0.10298 0.979326 0.09938502 0.983803 0.09925103 0.984093 0.181396 0.985012 0.22854 0.98012 0.2285919 0.98012 0.2285919 0.980586 0.181455 0.984093 0.181396 0.984008 0.1403939 0.984093 0.181396 0.980586 0.181455 0.980586 0.181455 0.98067 0.140464 0.984008 0.1403939 0.985012 0.22854 0.986426 0.272154 0.991689 0.274774 0.991689 0.274774 0.992059 0.207942 0.985012 0.22854 0.984422 0.111432 0.984008 0.1403939 0.990755 0.101383 0.984422 0.111432 0.990755 0.101383 0.984571 0.102858 0.992059 0.207942 0.984093 0.181396 0.985012 0.22854 0.990755 0.101383 0.984008 0.1403939 0.984093 0.181396 0.984093 0.181396 0.992059 0.207942 0.990755 0.101383 0.98012 0.2285919 0.972457 0.208243 0.977112 0.275074 0.977112 0.275074 0.982091 0.272151 0.98012 0.2285919 0.972977 0.101616 0.98067 0.140464 0.979332 0.1115229 0.978848 0.10298 0.972977 0.101616 0.979332 0.1115229 0.98012 0.2285919 0.980586 0.181455 0.972457 0.208243 0.980586 0.181455 0.98067 0.140464 0.972977 0.101616 0.972977 0.101616 0.972457 0.208243 0.980586 0.181455 0.986426 0.272154 0.982091 0.272151 0.981849 0.278022 0.981849 0.278022 0.986327 0.278128 0.986426 0.272154 0.985012 0.22854 0.98012 0.2285919 0.982091 0.272151 0.982091 0.272151 0.986426 0.272154 0.985012 0.22854 0.984422 0.111432 0.979332 0.1115229 0.98067 0.140464 0.98067 0.140464 0.984008 0.1403939 0.984422 0.111432 0.984571 0.102858 0.978848 0.10298 0.979332 0.1115229 0.979332 0.1115229 0.984422 0.111432 0.984571 0.102858 0.983803 0.09925103 0.979326 0.09938502 0.978848 0.10298 0.978848 0.10298 0.984571 0.102858 0.983803 0.09925103 0.984093 0.181396 0.980586 0.181455 0.98012 0.2285919 0.98012 0.2285919 0.985012 0.22854 0.984093 0.181396 0.984008 0.1403939 0.98067 0.140464 0.980586 0.181455 0.980586 0.181455 0.984093 0.181396 0.984008 0.1403939 0.766 0.947594 0.772878 0.943462 0.777633 0.946098 0.777633 0.946098 0.766095 0.953031 0.766 0.947594 0.758983 0.943704 0.766 0.947594 0.766095 0.953031 0.766095 0.953031 0.754322 0.946505 0.758983 0.943704 0.758843 0.935682 0.758983 0.943704 0.754322 0.946505 0.754322 0.946505 0.754087 0.933046 0.758843 0.935682 0.76572 0.93155 0.758843 0.935682 0.754087 0.933046 0.754087 0.933046 0.765626 0.926113 0.76572 0.93155 0.772738 0.93544 0.76572 0.93155 0.765626 0.926113 0.765626 0.926113 0.777399 0.93264 0.772738 0.93544 0.772878 0.943462 0.772738 0.93544 0.777399 0.93264 0.777399 0.93264 0.777633 0.946098 0.772878 0.943462 0.758983 0.943704 0.758843 0.935682 0.76572 0.93155 0.76572 0.93155 0.772738 0.93544 0.772878 0.943462 0.758983 0.943704 0.76572 0.93155 0.772878 0.943462 0.758983 0.943704 0.772878 0.943462 0.766 0.947594 0.794346 0.973411 0.798478 0.980288 0.795842 0.985044 0.795842 0.985044 0.788909 0.973505 0.794346 0.973411 0.798236 0.966393 0.794346 0.973411 0.788909 0.973505 0.788909 0.973505 0.795435 0.961732 0.798236 0.966393 0.806258 0.966254 0.798236 0.966393 0.795435 0.961732 0.795435 0.961732 0.808894 0.961498 0.806258 0.966254 0.81039 0.973131 0.806258 0.966254 0.808894 0.961498 0.808894 0.961498 0.815827 0.973036 0.81039 0.973131 0.8065 0.980148 0.81039 0.973131 0.815827 0.973036 0.815827 0.973036 0.809301 0.984809 0.8065 0.980148 0.798478 0.980288 0.8065 0.980148 0.809301 0.984809 0.809301 0.984809 0.795842 0.985044 0.798478 0.980288 0.798236 0.966393 0.806258 0.966254 0.81039 0.973131 0.81039 0.973131 0.8065 0.980148 0.798478 0.980288 0.798236 0.966393 0.81039 0.973131 0.798478 0.980288 0.798236 0.966393 0.798478 0.980288 0.794346 0.973411 0.73582 0.885072 0.728942 0.889204 0.724186 0.886567 0.724186 0.886567 0.735725 0.879635 0.73582 0.885072 0.742837 0.888961 0.73582 0.885072 0.735725 0.879635 0.735725 0.879635 0.747498 0.886161 0.742837 0.888961 0.742977 0.896983 0.742837 0.888961 0.747498 0.886161 0.747498 0.886161 0.747732 0.89962 0.742977 0.896983 0.736099 0.901116 0.742977 0.896983 0.747732 0.89962 0.747732 0.89962 0.736194 0.906553 0.736099 0.901116 0.729082 0.897226 0.736099 0.901116 0.736194 0.906553 0.736194 0.906553 0.724421 0.900027 0.729082 0.897226 0.728942 0.889204 0.729082 0.897226 0.724421 0.900027 0.724421 0.900027 0.724186 0.886567 0.728942 0.889204 0.742837 0.888961 0.742977 0.896983 0.736099 0.901116 0.736099 0.901116 0.729082 0.897226 0.728942 0.889204 0.742837 0.888961 0.736099 0.901116 0.728942 0.889204 0.742837 0.888961 0.728942 0.889204 0.73582 0.885072 0.802237 0.932052 0.79536 0.936184 0.790604 0.933548 0.790604 0.933548 0.802142 0.926615 0.802237 0.932052 0.809254 0.935942 0.802237 0.932052 0.802142 0.926615 0.802142 0.926615 0.813915 0.933142 0.809254 0.935942 0.809394 0.943964 0.809254 0.935942 0.813915 0.933142 0.813915 0.933142 0.81415 0.9466 0.809394 0.943964 0.802517 0.948096 0.809394 0.943964 0.81415 0.9466 0.81415 0.9466 0.802611 0.953533 0.802517 0.948096 0.795499 0.944206 0.802517 0.948096 0.802611 0.953533 0.802611 0.953533 0.790838 0.947007 0.795499 0.944206 0.79536 0.936184 0.795499 0.944206 0.790838 0.947007 0.790838 0.947007 0.790604 0.933548 0.79536 0.936184 0.809254 0.935942 0.809394 0.943964 0.802517 0.948096 0.802517 0.948096 0.795499 0.944206 0.79536 0.936184 0.809254 0.935942 0.802517 0.948096 0.79536 0.936184 0.809254 0.935942 0.79536 0.936184 0.802237 0.932052 0.758404 0.973411 0.762536 0.980288 0.7599 0.985044 0.7599 0.985044 0.752968 0.973505 0.758404 0.973411 0.762294 0.966393 0.758404 0.973411 0.752968 0.973505 0.752968 0.973505 0.759494 0.961732 0.762294 0.966393 0.770316 0.966254 0.762294 0.966393 0.759494 0.961732 0.759494 0.961732 0.772953 0.961498 0.770316 0.966254 0.774448 0.973131 0.770316 0.966254 0.772953 0.961498 0.772953 0.961498 0.779885 0.973036 0.774448 0.973131 0.770558 0.980148 0.774448 0.973131 0.779885 0.973036 0.779885 0.973036 0.773359 0.984809 0.770558 0.980148 0.762536 0.980288 0.770558 0.980148 0.773359 0.984809 0.773359 0.984809 0.7599 0.985044 0.762536 0.980288 0.762294 0.966393 0.770316 0.966254 0.774448 0.973131 0.774448 0.973131 0.770558 0.980148 0.762536 0.980288 0.762294 0.966393 0.774448 0.973131 0.762536 0.980288 0.762294 0.966393 0.762536 0.980288 0.758404 0.973411 0.733171 0.688495 0.727995 0.697833 0.723127 0.689031 0.723127 0.689031 0.727995 0.697833 0.718779 0.70337 0.718779 0.70337 0.713293 0.69494 0.723127 0.689031 0.718779 0.70337 0.708104 0.703557 0.713293 0.69494 0.713293 0.69494 0.708104 0.703557 0.698702 0.698345 0.698702 0.698345 0.703259 0.689378 0.713293 0.69494 0.698702 0.698345 0.693203 0.689193 0.703259 0.689378 0.703259 0.689378 0.693203 0.689193 0.693015 0.678444 0.693015 0.678444 0.703059 0.677908 0.703259 0.689378 0.693015 0.678444 0.698191 0.669106 0.703059 0.677908 0.703059 0.677908 0.698191 0.669106 0.707406 0.663569 0.707406 0.663569 0.712893 0.671999 0.703059 0.677908 0.707406 0.663569 0.718081 0.663383 0.712893 0.671999 0.712893 0.671999 0.718081 0.663383 0.727484 0.668595 0.727484 0.668595 0.722926 0.6775611 0.712893 0.671999 0.727484 0.668595 0.732983 0.677746 0.722926 0.6775611 0.722926 0.6775611 0.732983 0.677746 0.733171 0.688495 0.733171 0.688495 0.723127 0.689031 0.722926 0.6775611 0.723127 0.689031 0.713293 0.69494 0.713163 0.687472 0.713163 0.687472 0.716594 0.68541 0.723127 0.689031 0.713293 0.69494 0.703259 0.689378 0.709661 0.685531 0.709661 0.685531 0.713163 0.687472 0.713293 0.69494 0.703259 0.689378 0.703059 0.677908 0.709592 0.6815291 0.709592 0.6815291 0.709661 0.685531 0.703259 0.689378 0.703059 0.677908 0.712893 0.671999 0.713023 0.679467 0.713023 0.679467 0.709592 0.6815291 0.703059 0.677908 0.712893 0.671999 0.722926 0.6775611 0.716524 0.681408 0.716524 0.681408 0.713023 0.679467 0.712893 0.671999 0.722926 0.6775611 0.723127 0.689031 0.716594 0.68541 0.716594 0.68541 0.716524 0.681408 0.722926 0.6775611 0.716524 0.681408 0.716594 0.68541 0.709592 0.6815291 0.709592 0.6815291 0.713023 0.679467 0.716524 0.681408 0.709592 0.6815291 0.716594 0.68541 0.713163 0.687472 0.713163 0.687472 0.709661 0.685531 0.709592 0.6815291 0.766 0.947594 0.766095 0.953031 0.777633 0.946098 0.777633 0.946098 0.772878 0.943462 0.766 0.947594 0.758983 0.943704 0.754322 0.946505 0.766095 0.953031 0.766095 0.953031 0.766 0.947594 0.758983 0.943704 0.758843 0.935682 0.754087 0.933046 0.754322 0.946505 0.754322 0.946505 0.758983 0.943704 0.758843 0.935682 0.76572 0.93155 0.765626 0.926113 0.754087 0.933046 0.754087 0.933046 0.758843 0.935682 0.76572 0.93155 0.772738 0.93544 0.777399 0.93264 0.765626 0.926113 0.765626 0.926113 0.76572 0.93155 0.772738 0.93544 0.772878 0.943462 0.777633 0.946098 0.777399 0.93264 0.777399 0.93264 0.772738 0.93544 0.772878 0.943462 0.758983 0.943704 0.766 0.947594 0.772878 0.943462 0.772878 0.943462 0.772738 0.93544 0.76572 0.93155 0.758983 0.943704 0.772878 0.943462 0.76572 0.93155 0.758983 0.943704 0.76572 0.93155 0.758843 0.935682 0.794346 0.973411 0.788909 0.973505 0.795842 0.985044 0.795842 0.985044 0.798478 0.980288 0.794346 0.973411 0.798236 0.966393 0.795435 0.961732 0.788909 0.973505 0.788909 0.973505 0.794346 0.973411 0.798236 0.966393 0.806258 0.966254 0.808894 0.961498 0.795435 0.961732 0.795435 0.961732 0.798236 0.966393 0.806258 0.966254 0.81039 0.973131 0.815827 0.973036 0.808894 0.961498 0.808894 0.961498 0.806258 0.966254 0.81039 0.973131 0.8065 0.980148 0.809301 0.984809 0.815827 0.973036 0.815827 0.973036 0.81039 0.973131 0.8065 0.980148 0.798478 0.980288 0.795842 0.985044 0.809301 0.984809 0.809301 0.984809 0.8065 0.980148 0.798478 0.980288 0.798236 0.966393 0.794346 0.973411 0.798478 0.980288 0.798478 0.980288 0.8065 0.980148 0.81039 0.973131 0.798236 0.966393 0.798478 0.980288 0.81039 0.973131 0.798236 0.966393 0.81039 0.973131 0.806258 0.966254 0.73582 0.885072 0.735725 0.879635 0.724186 0.886567 0.724186 0.886567 0.728942 0.889204 0.73582 0.885072 0.742837 0.888961 0.747498 0.886161 0.735725 0.879635 0.735725 0.879635 0.73582 0.885072 0.742837 0.888961 0.742977 0.896983 0.747732 0.89962 0.747498 0.886161 0.747498 0.886161 0.742837 0.888961 0.742977 0.896983 0.736099 0.901116 0.736194 0.906553 0.747732 0.89962 0.747732 0.89962 0.742977 0.896983 0.736099 0.901116 0.729082 0.897226 0.724421 0.900027 0.736194 0.906553 0.736194 0.906553 0.736099 0.901116 0.729082 0.897226 0.728942 0.889204 0.724186 0.886567 0.724421 0.900027 0.724421 0.900027 0.729082 0.897226 0.728942 0.889204 0.742837 0.888961 0.73582 0.885072 0.728942 0.889204 0.728942 0.889204 0.729082 0.897226 0.736099 0.901116 0.742837 0.888961 0.728942 0.889204 0.736099 0.901116 0.742837 0.888961 0.736099 0.901116 0.742977 0.896983 0.802237 0.932052 0.802142 0.926615 0.790604 0.933548 0.790604 0.933548 0.79536 0.936184 0.802237 0.932052 0.809254 0.935942 0.813915 0.933142 0.802142 0.926615 0.802142 0.926615 0.802237 0.932052 0.809254 0.935942 0.809394 0.943964 0.81415 0.9466 0.813915 0.933142 0.813915 0.933142 0.809254 0.935942 0.809394 0.943964 0.802517 0.948096 0.802611 0.953533 0.81415 0.9466 0.81415 0.9466 0.809394 0.943964 0.802517 0.948096 0.795499 0.944206 0.790838 0.947007 0.802611 0.953533 0.802611 0.953533 0.802517 0.948096 0.795499 0.944206 0.79536 0.936184 0.790604 0.933548 0.790838 0.947007 0.790838 0.947007 0.795499 0.944206 0.79536 0.936184 0.809254 0.935942 0.802237 0.932052 0.79536 0.936184 0.79536 0.936184 0.795499 0.944206 0.802517 0.948096 0.809254 0.935942 0.79536 0.936184 0.802517 0.948096 0.809254 0.935942 0.802517 0.948096 0.809394 0.943964 0.758404 0.973411 0.752968 0.973505 0.7599 0.985044 0.7599 0.985044 0.762536 0.980288 0.758404 0.973411 0.762294 0.966393 0.759494 0.961732 0.752968 0.973505 0.752968 0.973505 0.758404 0.973411 0.762294 0.966393 0.770316 0.966254 0.772953 0.961498 0.759494 0.961732 0.759494 0.961732 0.762294 0.966393 0.770316 0.966254 0.774448 0.973131 0.779885 0.973036 0.772953 0.961498 0.772953 0.961498 0.770316 0.966254 0.774448 0.973131 0.770558 0.980148 0.773359 0.984809 0.779885 0.973036 0.779885 0.973036 0.774448 0.973131 0.770558 0.980148 0.762536 0.980288 0.7599 0.985044 0.773359 0.984809 0.773359 0.984809 0.770558 0.980148 0.762536 0.980288 0.762294 0.966393 0.758404 0.973411 0.762536 0.980288 0.762536 0.980288 0.770558 0.980148 0.774448 0.973131 0.762294 0.966393 0.762536 0.980288 0.774448 0.973131 0.762294 0.966393 0.774448 0.973131 0.770316 0.966254 0.733171 0.688495 0.723127 0.689031 0.727995 0.697833 0.723127 0.689031 0.713293 0.69494 0.718779 0.70337 0.718779 0.70337 0.727995 0.697833 0.723127 0.689031 0.718779 0.70337 0.713293 0.69494 0.708104 0.703557 0.713293 0.69494 0.703259 0.689378 0.698702 0.698345 0.698702 0.698345 0.708104 0.703557 0.713293 0.69494 0.698702 0.698345 0.703259 0.689378 0.693203 0.689193 0.703259 0.689378 0.703059 0.677908 0.693015 0.678444 0.693015 0.678444 0.693203 0.689193 0.703259 0.689378 0.693015 0.678444 0.703059 0.677908 0.698191 0.669106 0.703059 0.677908 0.712893 0.671999 0.707406 0.663569 0.707406 0.663569 0.698191 0.669106 0.703059 0.677908 0.707406 0.663569 0.712893 0.671999 0.718081 0.663383 0.712893 0.671999 0.722926 0.6775611 0.727484 0.668595 0.727484 0.668595 0.718081 0.663383 0.712893 0.671999 0.727484 0.668595 0.722926 0.6775611 0.732983 0.677746 0.722926 0.6775611 0.723127 0.689031 0.733171 0.688495 0.733171 0.688495 0.732983 0.677746 0.722926 0.6775611 0.723127 0.689031 0.716594 0.68541 0.713163 0.687472 0.713163 0.687472 0.713293 0.69494 0.723127 0.689031 0.713293 0.69494 0.713163 0.687472 0.709661 0.685531 0.709661 0.685531 0.703259 0.689378 0.713293 0.69494 0.703259 0.689378 0.709661 0.685531 0.709592 0.6815291 0.709592 0.6815291 0.703059 0.677908 0.703259 0.689378 0.703059 0.677908 0.709592 0.6815291 0.713023 0.679467 0.713023 0.679467 0.712893 0.671999 0.703059 0.677908 0.712893 0.671999 0.713023 0.679467 0.716524 0.681408 0.716524 0.681408 0.722926 0.6775611 0.712893 0.671999 0.722926 0.6775611 0.716524 0.681408 0.716594 0.68541 0.716594 0.68541 0.723127 0.689031 0.722926 0.6775611 0.716524 0.681408 0.713023 0.679467 0.709592 0.6815291 0.709592 0.6815291 0.716594 0.68541 0.716524 0.681408 0.709592 0.6815291 0.709661 0.685531 0.713163 0.687472 0.713163 0.687472 0.716594 0.68541 0.709592 0.6815291 0.766 0.947594 0.772878 0.943462 0.777633 0.946098 0.777633 0.946098 0.766095 0.953031 0.766 0.947594 0.758983 0.943704 0.766 0.947594 0.766095 0.953031 0.766095 0.953031 0.754322 0.946505 0.758983 0.943704 0.758843 0.935682 0.758983 0.943704 0.754322 0.946505 0.754322 0.946505 0.754087 0.933046 0.758843 0.935682 0.76572 0.93155 0.758843 0.935682 0.754087 0.933046 0.754087 0.933046 0.765626 0.926113 0.76572 0.93155 0.772738 0.93544 0.76572 0.93155 0.765626 0.926113 0.765626 0.926113 0.777399 0.93264 0.772738 0.93544 0.772878 0.943462 0.772738 0.93544 0.777399 0.93264 0.777399 0.93264 0.777633 0.946098 0.772878 0.943462 0.758983 0.943704 0.758843 0.935682 0.76572 0.93155 0.76572 0.93155 0.772738 0.93544 0.772878 0.943462 0.758983 0.943704 0.76572 0.93155 0.772878 0.943462 0.758983 0.943704 0.772878 0.943462 0.766 0.947594 0.794346 0.973411 0.798478 0.980288 0.795842 0.985044 0.795842 0.985044 0.788909 0.973505 0.794346 0.973411 0.798236 0.966393 0.794346 0.973411 0.788909 0.973505 0.788909 0.973505 0.795435 0.961732 0.798236 0.966393 0.806258 0.966254 0.798236 0.966393 0.795435 0.961732 0.795435 0.961732 0.808894 0.961498 0.806258 0.966254 0.81039 0.973131 0.806258 0.966254 0.808894 0.961498 0.808894 0.961498 0.815827 0.973036 0.81039 0.973131 0.8065 0.980148 0.81039 0.973131 0.815827 0.973036 0.815827 0.973036 0.809301 0.984809 0.8065 0.980148 0.798478 0.980288 0.8065 0.980148 0.809301 0.984809 0.809301 0.984809 0.795842 0.985044 0.798478 0.980288 0.798236 0.966393 0.806258 0.966254 0.81039 0.973131 0.81039 0.973131 0.8065 0.980148 0.798478 0.980288 0.798236 0.966393 0.81039 0.973131 0.798478 0.980288 0.798236 0.966393 0.798478 0.980288 0.794346 0.973411 0.73582 0.885072 0.728942 0.889204 0.724186 0.886567 0.724186 0.886567 0.735725 0.879635 0.73582 0.885072 0.742837 0.888961 0.73582 0.885072 0.735725 0.879635 0.735725 0.879635 0.747498 0.886161 0.742837 0.888961 0.742977 0.896983 0.742837 0.888961 0.747498 0.886161 0.747498 0.886161 0.747732 0.89962 0.742977 0.896983 0.736099 0.901116 0.742977 0.896983 0.747732 0.89962 0.747732 0.89962 0.736194 0.906553 0.736099 0.901116 0.729082 0.897226 0.736099 0.901116 0.736194 0.906553 0.736194 0.906553 0.724421 0.900027 0.729082 0.897226 0.728942 0.889204 0.729082 0.897226 0.724421 0.900027 0.724421 0.900027 0.724186 0.886567 0.728942 0.889204 0.742837 0.888961 0.742977 0.896983 0.736099 0.901116 0.736099 0.901116 0.729082 0.897226 0.728942 0.889204 0.742837 0.888961 0.736099 0.901116 0.728942 0.889204 0.742837 0.888961 0.728942 0.889204 0.73582 0.885072 0.802237 0.932052 0.79536 0.936184 0.790604 0.933548 0.790604 0.933548 0.802142 0.926615 0.802237 0.932052 0.809254 0.935942 0.802237 0.932052 0.802142 0.926615 0.802142 0.926615 0.813915 0.933142 0.809254 0.935942 0.809394 0.943964 0.809254 0.935942 0.813915 0.933142 0.813915 0.933142 0.81415 0.9466 0.809394 0.943964 0.802517 0.948096 0.809394 0.943964 0.81415 0.9466 0.81415 0.9466 0.802611 0.953533 0.802517 0.948096 0.795499 0.944206 0.802517 0.948096 0.802611 0.953533 0.802611 0.953533 0.790838 0.947007 0.795499 0.944206 0.79536 0.936184 0.795499 0.944206 0.790838 0.947007 0.790838 0.947007 0.790604 0.933548 0.79536 0.936184 0.809254 0.935942 0.809394 0.943964 0.802517 0.948096 0.802517 0.948096 0.795499 0.944206 0.79536 0.936184 0.809254 0.935942 0.802517 0.948096 0.79536 0.936184 0.809254 0.935942 0.79536 0.936184 0.802237 0.932052 0.758404 0.973411 0.762536 0.980288 0.7599 0.985044 0.7599 0.985044 0.752968 0.973505 0.758404 0.973411 0.762294 0.966393 0.758404 0.973411 0.752968 0.973505 0.752968 0.973505 0.759494 0.961732 0.762294 0.966393 0.770316 0.966254 0.762294 0.966393 0.759494 0.961732 0.759494 0.961732 0.772953 0.961498 0.770316 0.966254 0.774448 0.973131 0.770316 0.966254 0.772953 0.961498 0.772953 0.961498 0.779885 0.973036 0.774448 0.973131 0.770558 0.980148 0.774448 0.973131 0.779885 0.973036 0.779885 0.973036 0.773359 0.984809 0.770558 0.980148 0.762536 0.980288 0.770558 0.980148 0.773359 0.984809 0.773359 0.984809 0.7599 0.985044 0.762536 0.980288 0.762294 0.966393 0.770316 0.966254 0.774448 0.973131 0.774448 0.973131 0.770558 0.980148 0.762536 0.980288 0.762294 0.966393 0.774448 0.973131 0.762536 0.980288 0.762294 0.966393 0.762536 0.980288 0.758404 0.973411 0.733171 0.688495 0.727995 0.697833 0.723127 0.689031 0.723127 0.689031 0.727995 0.697833 0.718779 0.70337 0.718779 0.70337 0.713293 0.69494 0.723127 0.689031 0.718779 0.70337 0.708104 0.703557 0.713293 0.69494 0.713293 0.69494 0.708104 0.703557 0.698702 0.698345 0.698702 0.698345 0.703259 0.689378 0.713293 0.69494 0.698702 0.698345 0.693203 0.689193 0.703259 0.689378 0.703259 0.689378 0.693203 0.689193 0.693015 0.678444 0.693015 0.678444 0.703059 0.677908 0.703259 0.689378 0.693015 0.678444 0.698191 0.669106 0.703059 0.677908 0.703059 0.677908 0.698191 0.669106 0.707406 0.663569 0.707406 0.663569 0.712893 0.671999 0.703059 0.677908 0.707406 0.663569 0.718081 0.663383 0.712893 0.671999 0.712893 0.671999 0.718081 0.663383 0.727484 0.668595 0.727484 0.668595 0.722926 0.6775611 0.712893 0.671999 0.727484 0.668595 0.732983 0.677746 0.722926 0.6775611 0.722926 0.6775611 0.732983 0.677746 0.733171 0.688495 0.733171 0.688495 0.723127 0.689031 0.722926 0.6775611 0.723127 0.689031 0.713293 0.69494 0.713163 0.687472 0.713163 0.687472 0.716594 0.68541 0.723127 0.689031 0.713293 0.69494 0.703259 0.689378 0.709661 0.685531 0.709661 0.685531 0.713163 0.687472 0.713293 0.69494 0.703259 0.689378 0.703059 0.677908 0.709592 0.6815291 0.709592 0.6815291 0.709661 0.685531 0.703259 0.689378 0.703059 0.677908 0.712893 0.671999 0.713023 0.679467 0.713023 0.679467 0.709592 0.6815291 0.703059 0.677908 0.712893 0.671999 0.722926 0.6775611 0.716524 0.681408 0.716524 0.681408 0.713023 0.679467 0.712893 0.671999 0.722926 0.6775611 0.723127 0.689031 0.716594 0.68541 0.716594 0.68541 0.716524 0.681408 0.722926 0.6775611 0.716524 0.681408 0.716594 0.68541 0.709592 0.6815291 0.709592 0.6815291 0.713023 0.679467 0.716524 0.681408 0.709592 0.6815291 0.716594 0.68541 0.713163 0.687472 0.713163 0.687472 0.709661 0.685531 0.709592 0.6815291 0.766 0.947594 0.766095 0.953031 0.777633 0.946098 0.777633 0.946098 0.772878 0.943462 0.766 0.947594 0.758983 0.943704 0.754322 0.946505 0.766095 0.953031 0.766095 0.953031 0.766 0.947594 0.758983 0.943704 0.758843 0.935682 0.754087 0.933046 0.754322 0.946505 0.754322 0.946505 0.758983 0.943704 0.758843 0.935682 0.76572 0.93155 0.765626 0.926113 0.754087 0.933046 0.754087 0.933046 0.758843 0.935682 0.76572 0.93155 0.772738 0.93544 0.777399 0.93264 0.765626 0.926113 0.765626 0.926113 0.76572 0.93155 0.772738 0.93544 0.772878 0.943462 0.777633 0.946098 0.777399 0.93264 0.777399 0.93264 0.772738 0.93544 0.772878 0.943462 0.758983 0.943704 0.766 0.947594 0.772878 0.943462 0.772878 0.943462 0.772738 0.93544 0.76572 0.93155 0.758983 0.943704 0.772878 0.943462 0.76572 0.93155 0.758983 0.943704 0.76572 0.93155 0.758843 0.935682 0.794346 0.973411 0.788909 0.973505 0.795842 0.985044 0.795842 0.985044 0.798478 0.980288 0.794346 0.973411 0.798236 0.966393 0.795435 0.961732 0.788909 0.973505 0.788909 0.973505 0.794346 0.973411 0.798236 0.966393 0.806258 0.966254 0.808894 0.961498 0.795435 0.961732 0.795435 0.961732 0.798236 0.966393 0.806258 0.966254 0.81039 0.973131 0.815827 0.973036 0.808894 0.961498 0.808894 0.961498 0.806258 0.966254 0.81039 0.973131 0.8065 0.980148 0.809301 0.984809 0.815827 0.973036 0.815827 0.973036 0.81039 0.973131 0.8065 0.980148 0.798478 0.980288 0.795842 0.985044 0.809301 0.984809 0.809301 0.984809 0.8065 0.980148 0.798478 0.980288 0.798236 0.966393 0.794346 0.973411 0.798478 0.980288 0.798478 0.980288 0.8065 0.980148 0.81039 0.973131 0.798236 0.966393 0.798478 0.980288 0.81039 0.973131 0.798236 0.966393 0.81039 0.973131 0.806258 0.966254 0.73582 0.885072 0.735725 0.879635 0.724186 0.886567 0.724186 0.886567 0.728942 0.889204 0.73582 0.885072 0.742837 0.888961 0.747498 0.886161 0.735725 0.879635 0.735725 0.879635 0.73582 0.885072 0.742837 0.888961 0.742977 0.896983 0.747732 0.89962 0.747498 0.886161 0.747498 0.886161 0.742837 0.888961 0.742977 0.896983 0.736099 0.901116 0.736194 0.906553 0.747732 0.89962 0.747732 0.89962 0.742977 0.896983 0.736099 0.901116 0.729082 0.897226 0.724421 0.900027 0.736194 0.906553 0.736194 0.906553 0.736099 0.901116 0.729082 0.897226 0.728942 0.889204 0.724186 0.886567 0.724421 0.900027 0.724421 0.900027 0.729082 0.897226 0.728942 0.889204 0.742837 0.888961 0.73582 0.885072 0.728942 0.889204 0.728942 0.889204 0.729082 0.897226 0.736099 0.901116 0.742837 0.888961 0.728942 0.889204 0.736099 0.901116 0.742837 0.888961 0.736099 0.901116 0.742977 0.896983 0.802237 0.932052 0.802142 0.926615 0.790604 0.933548 0.790604 0.933548 0.79536 0.936184 0.802237 0.932052 0.809254 0.935942 0.813915 0.933142 0.802142 0.926615 0.802142 0.926615 0.802237 0.932052 0.809254 0.935942 0.809394 0.943964 0.81415 0.9466 0.813915 0.933142 0.813915 0.933142 0.809254 0.935942 0.809394 0.943964 0.802517 0.948096 0.802611 0.953533 0.81415 0.9466 0.81415 0.9466 0.809394 0.943964 0.802517 0.948096 0.795499 0.944206 0.790838 0.947007 0.802611 0.953533 0.802611 0.953533 0.802517 0.948096 0.795499 0.944206 0.79536 0.936184 0.790604 0.933548 0.790838 0.947007 0.790838 0.947007 0.795499 0.944206 0.79536 0.936184 0.809254 0.935942 0.802237 0.932052 0.79536 0.936184 0.79536 0.936184 0.795499 0.944206 0.802517 0.948096 0.809254 0.935942 0.79536 0.936184 0.802517 0.948096 0.809254 0.935942 0.802517 0.948096 0.809394 0.943964 0.758404 0.973411 0.752968 0.973505 0.7599 0.985044 0.7599 0.985044 0.762536 0.980288 0.758404 0.973411 0.762294 0.966393 0.759494 0.961732 0.752968 0.973505 0.752968 0.973505 0.758404 0.973411 0.762294 0.966393 0.770316 0.966254 0.772953 0.961498 0.759494 0.961732 0.759494 0.961732 0.762294 0.966393 0.770316 0.966254 0.774448 0.973131 0.779885 0.973036 0.772953 0.961498 0.772953 0.961498 0.770316 0.966254 0.774448 0.973131 0.770558 0.980148 0.773359 0.984809 0.779885 0.973036 0.779885 0.973036 0.774448 0.973131 0.770558 0.980148 0.762536 0.980288 0.7599 0.985044 0.773359 0.984809 0.773359 0.984809 0.770558 0.980148 0.762536 0.980288 0.762294 0.966393 0.758404 0.973411 0.762536 0.980288 0.762536 0.980288 0.770558 0.980148 0.774448 0.973131 0.762294 0.966393 0.762536 0.980288 0.774448 0.973131 0.762294 0.966393 0.774448 0.973131 0.770316 0.966254 0.733171 0.688495 0.723127 0.689031 0.727995 0.697833 0.723127 0.689031 0.713293 0.69494 0.718779 0.70337 0.718779 0.70337 0.727995 0.697833 0.723127 0.689031 0.718779 0.70337 0.713293 0.69494 0.708104 0.703557 0.713293 0.69494 0.703259 0.689378 0.698702 0.698345 0.698702 0.698345 0.708104 0.703557 0.713293 0.69494 0.698702 0.698345 0.703259 0.689378 0.693203 0.689193 0.703259 0.689378 0.703059 0.677908 0.693015 0.678444 0.693015 0.678444 0.693203 0.689193 0.703259 0.689378 0.693015 0.678444 0.703059 0.677908 0.698191 0.669106 0.703059 0.677908 0.712893 0.671999 0.707406 0.663569 0.707406 0.663569 0.698191 0.669106 0.703059 0.677908 0.707406 0.663569 0.712893 0.671999 0.718081 0.663383 0.712893 0.671999 0.722926 0.6775611 0.727484 0.668595 0.727484 0.668595 0.718081 0.663383 0.712893 0.671999 0.727484 0.668595 0.722926 0.6775611 0.732983 0.677746 0.722926 0.6775611 0.723127 0.689031 0.733171 0.688495 0.733171 0.688495 0.732983 0.677746 0.722926 0.6775611 0.723127 0.689031 0.716594 0.68541 0.713163 0.687472 0.713163 0.687472 0.713293 0.69494 0.723127 0.689031 0.713293 0.69494 0.713163 0.687472 0.709661 0.685531 0.709661 0.685531 0.703259 0.689378 0.713293 0.69494 0.703259 0.689378 0.709661 0.685531 0.709592 0.6815291 0.709592 0.6815291 0.703059 0.677908 0.703259 0.689378 0.703059 0.677908 0.709592 0.6815291 0.713023 0.679467 0.713023 0.679467 0.712893 0.671999 0.703059 0.677908 0.712893 0.671999 0.713023 0.679467 0.716524 0.681408 0.716524 0.681408 0.722926 0.6775611 0.712893 0.671999 0.722926 0.6775611 0.716524 0.681408 0.716594 0.68541 0.716594 0.68541 0.723127 0.689031 0.722926 0.6775611 0.716524 0.681408 0.713023 0.679467 0.709592 0.6815291 0.709592 0.6815291 0.716594 0.68541 0.716524 0.681408 0.709592 0.6815291 0.709661 0.685531 0.713163 0.687472 0.713163 0.687472 0.716594 0.68541 0.709592 0.6815291 0.904998 0.907167 0.904998 0.901377 0.923153 0.901377 0.923153 0.901377 0.923153 0.907167 0.904998 0.907167 0.923153 0.907167 0.94088 0.907167 0.94088 0.921928 0.94088 0.921928 0.923153 0.921928 0.923153 0.907167 0.94088 0.907167 0.94088 0.901377 0.958608 0.901377 0.958608 0.901377 0.958608 0.907167 0.94088 0.907167 0.958608 0.907167 0.976321 0.907167 0.976321 0.921928 0.976321 0.921928 0.958608 0.921928 0.958608 0.907167 0.84681 0.907167 0.866826 0.907167 0.866826 0.921928 0.866826 0.921928 0.84681 0.921928 0.84681 0.907167 0.886843 0.907167 0.866826 0.907167 0.866826 0.901377 0.866826 0.901377 0.886843 0.901377 0.886843 0.907167 0.904998 0.921928 0.904998 0.907167 0.923153 0.907167 0.923153 0.907167 0.923153 0.921928 0.904998 0.921928 0.958608 0.901377 0.976321 0.901377 0.976321 0.907167 0.976321 0.907167 0.958608 0.907167 0.958608 0.901377 0.923153 0.901377 0.904998 0.901377 0.904998 0.907167 0.904998 0.907167 0.923153 0.907167 0.923153 0.901377 0.94088 0.921928 0.94088 0.907167 0.923153 0.907167 0.923153 0.907167 0.923153 0.921928 0.94088 0.921928 0.958608 0.901377 0.94088 0.901377 0.94088 0.907167 0.94088 0.907167 0.958608 0.907167 0.958608 0.901377 0.958608 0.907167 0.958608 0.921928 0.976321 0.921928 0.976321 0.921928 0.976321 0.907167 0.958608 0.907167 0.84681 0.907167 0.84681 0.921928 0.866826 0.921928 0.866826 0.921928 0.866826 0.907167 0.84681 0.907167 0.866826 0.901377 0.866826 0.907167 0.886843 0.907167 0.886843 0.907167 0.886843 0.901377 0.866826 0.901377 0.923153 0.907167 0.904998 0.907167 0.904998 0.921928 0.904998 0.921928 0.923153 0.921928 0.923153 0.907167 0.976321 0.907167 0.976321 0.901377 0.958608 0.901377 0.958608 0.901377 0.958608 0.907167 0.976321 0.907167 0.787727 0.637382 0.785962 0.569911 0.769207 0.635466 0.724635 0.604222 0.73632 0.618172 0.785962 0.569911 0.724635 0.604222 0.785962 0.569911 0.716929 0.587981 0.722431 0.535914 0.715784 0.552384 0.785962 0.569911 0.722431 0.535914 0.785962 0.569911 0.733188 0.521599 0.783221 0.500643 0.76487 0.503209 0.785962 0.569911 0.783221 0.500643 0.785962 0.569911 0.801723 0.502545 0.846311 0.533724 0.83461 0.519792 0.785962 0.569911 0.846311 0.533724 0.785962 0.569911 0.854039 0.549957 0.848584 0.60207 0.855224 0.585576 0.785962 0.569911 0.848584 0.60207 0.785962 0.569911 0.837823 0.616411 0.787727 0.637382 0.806102 0.634819 0.785962 0.569911 0.769207 0.635466 0.785962 0.569911 0.751948 0.628259 0.785962 0.569911 0.73632 0.618172 0.751948 0.628259 0.716929 0.587981 0.785962 0.569911 0.714646 0.57021 0.785962 0.569911 0.715784 0.552384 0.714646 0.57021 0.733188 0.521599 0.785962 0.569911 0.748125 0.511 0.785962 0.569911 0.76487 0.503209 0.748125 0.511 0.801723 0.502545 0.785962 0.569911 0.818977 0.50973 0.785962 0.569911 0.83461 0.519792 0.818977 0.50973 0.854039 0.549957 0.785962 0.569911 0.856345 0.567735 0.785962 0.569911 0.855224 0.585576 0.856345 0.567735 0.837823 0.616411 0.785962 0.569911 0.822873 0.627029 0.785962 0.569911 0.806102 0.634819 0.822873 0.627029 0.78807 0.650035 0.787727 0.637382 0.769207 0.635466 0.769207 0.635466 0.766194 0.64773 0.78807 0.650035 0.745832 0.639356 0.751948 0.628259 0.73632 0.618172 0.73632 0.618172 0.727514 0.627336 0.745832 0.639356 0.713666 0.610813 0.724635 0.604222 0.716929 0.587981 0.716929 0.587981 0.704597 0.591507 0.713666 0.610813 0.701775 0.570499 0.714646 0.57021 0.715784 0.552384 0.715784 0.552384 0.703268 0.54941 0.701775 0.570499 0.711105 0.529813 0.722431 0.535914 0.733188 0.521599 0.733188 0.521599 0.723884 0.512827 0.711105 0.529813 0.741407 0.500175 0.748125 0.511 0.76487 0.503209 0.76487 0.503209 0.761188 0.491086 0.741407 0.500175 0.78287 0.487986 0.783221 0.500643 0.801723 0.502545 0.801723 0.502545 0.804729 0.490277 0.78287 0.487986 0.825084 0.498625 0.818977 0.50973 0.83461 0.519792 0.83461 0.519792 0.843408 0.510618 0.825084 0.498625 0.857274 0.527122 0.846311 0.533724 0.854039 0.549957 0.854039 0.549957 0.866367 0.54642 0.857274 0.527122 0.869214 0.567435 0.856345 0.567735 0.855224 0.585576 0.855224 0.585576 0.86774 0.588541 0.869214 0.567435 0.859911 0.608163 0.848584 0.60207 0.837823 0.616411 0.837823 0.616411 0.847128 0.625179 0.859911 0.608163 0.829586 0.637859 0.822873 0.627029 0.806102 0.634819 0.806102 0.634819 0.809771 0.646938 0.829586 0.637859 0.766194 0.64773 0.769207 0.635466 0.751948 0.628259 0.751948 0.628259 0.745832 0.639356 0.766194 0.64773 0.727514 0.627336 0.73632 0.618172 0.724635 0.604222 0.724635 0.604222 0.713666 0.610813 0.727514 0.627336 0.704597 0.591507 0.716929 0.587981 0.714646 0.57021 0.714646 0.57021 0.701775 0.570499 0.704597 0.591507 0.703268 0.54941 0.715784 0.552384 0.722431 0.535914 0.722431 0.535914 0.711105 0.529813 0.703268 0.54941 0.723884 0.512827 0.733188 0.521599 0.748125 0.511 0.748125 0.511 0.741407 0.500175 0.723884 0.512827 0.761188 0.491086 0.76487 0.503209 0.783221 0.500643 0.783221 0.500643 0.78287 0.487986 0.761188 0.491086 0.804729 0.490277 0.801723 0.502545 0.818977 0.50973 0.818977 0.50973 0.825084 0.498625 0.804729 0.490277 0.843408 0.510618 0.83461 0.519792 0.846311 0.533724 0.846311 0.533724 0.857274 0.527122 0.843408 0.510618 0.866367 0.54642 0.854039 0.549957 0.856345 0.567735 0.856345 0.567735 0.869214 0.567435 0.866367 0.54642 0.86774 0.588541 0.855224 0.585576 0.848584 0.60207 0.848584 0.60207 0.859911 0.608163 0.86774 0.588541 0.847128 0.625179 0.837823 0.616411 0.822873 0.627029 0.822873 0.627029 0.829586 0.637859 0.847128 0.625179 0.809771 0.646938 0.806102 0.634819 0.787727 0.637382 0.787727 0.637382 0.78807 0.650035 0.809771 0.646938 0.736694 0.530117 0.7274 0.5457111 0.788807 0.572057 0.725512 0.598725 0.788807 0.572057 0.721578 0.58148 0.725512 0.598725 0.73352 0.614192 0.788807 0.572057 0.776754 0.640156 0.788807 0.572057 0.760226 0.635779 0.776754 0.640156 0.794016 0.640066 0.788807 0.572057 0.839218 0.613127 0.788807 0.572057 0.826576 0.625984 0.839218 0.613127 0.848512 0.597553 0.788807 0.572057 0.850461 0.544565 0.788807 0.572057 0.85437 0.561813 0.850461 0.544565 0.842471 0.529086 0.788807 0.572057 0.799228 0.503059 0.788807 0.572057 0.815771 0.507454 0.799228 0.503059 0.781945 0.503136 0.788807 0.572057 0.736694 0.530117 0.788807 0.572057 0.749348 0.517239 0.7274 0.5457111 0.722908 0.563397 0.788807 0.572057 0.788807 0.572057 0.722908 0.563397 0.721578 0.58148 0.73352 0.614192 0.745857 0.626307 0.788807 0.572057 0.788807 0.572057 0.745857 0.626307 0.760226 0.635779 0.794016 0.640066 0.81085 0.634547 0.788807 0.572057 0.788807 0.572057 0.81085 0.634547 0.826576 0.625984 0.848512 0.597553 0.853019 0.579886 0.788807 0.572057 0.788807 0.572057 0.853019 0.579886 0.85437 0.561813 0.842471 0.529086 0.830142 0.516949 0.788807 0.572057 0.788807 0.572057 0.830142 0.516949 0.815771 0.507454 0.781945 0.503136 0.765088 0.5086531 0.788807 0.572057 0.788807 0.572057 0.765088 0.5086531 0.749348 0.517239 0.727164 0.522493 0.716218 0.540938 0.7274 0.5457111 0.7274 0.5457111 0.736694 0.530117 0.727164 0.522493 0.710819 0.561728 0.709412 0.583038 0.721578 0.58148 0.721578 0.58148 0.722908 0.563397 0.710819 0.561728 0.714067 0.6034711 0.723639 0.6217851 0.73352 0.614192 0.73352 0.614192 0.725512 0.598725 0.714067 0.6034711 0.738152 0.636204 0.755236 0.647295 0.760226 0.635779 0.760226 0.635779 0.745857 0.626307 0.738152 0.636204 0.774861 0.6525591 0.795352 0.65244 0.794016 0.640066 0.794016 0.640066 0.776754 0.640156 0.774861 0.6525591 0.815267 0.646093 0.833757 0.63591 0.826576 0.625984 0.826576 0.625984 0.81085 0.634547 0.815267 0.646093 0.848747 0.620758 0.859693 0.602335 0.848512 0.597553 0.848512 0.597553 0.839218 0.613127 0.848747 0.620758 0.865108 0.581566 0.866539 0.560266 0.85437 0.561813 0.85437 0.561813 0.853019 0.579886 0.865108 0.581566 0.861911 0.5398311 0.852358 0.521503 0.842471 0.529086 0.842471 0.529086 0.850461 0.544565 0.861911 0.5398311 0.837854 0.507061 0.820768 0.495944 0.815771 0.507454 0.815771 0.507454 0.830142 0.516949 0.837854 0.507061 0.801128 0.49066 0.780612 0.490763 0.781945 0.503136 0.781945 0.503136 0.799228 0.503059 0.801128 0.49066 0.760664 0.49711 0.742162 0.507325 0.749348 0.517239 0.749348 0.517239 0.765088 0.5086531 0.760664 0.49711 0.716218 0.540938 0.710819 0.561728 0.722908 0.563397 0.722908 0.563397 0.7274 0.5457111 0.716218 0.540938 0.709412 0.583038 0.714067 0.6034711 0.725512 0.598725 0.725512 0.598725 0.721578 0.58148 0.709412 0.583038 0.723639 0.6217851 0.738152 0.636204 0.745857 0.626307 0.745857 0.626307 0.73352 0.614192 0.723639 0.6217851 0.755236 0.647295 0.774861 0.6525591 0.776754 0.640156 0.776754 0.640156 0.760226 0.635779 0.755236 0.647295 0.795352 0.65244 0.815267 0.646093 0.81085 0.634547 0.81085 0.634547 0.794016 0.640066 0.795352 0.65244 0.833757 0.63591 0.848747 0.620758 0.839218 0.613127 0.839218 0.613127 0.826576 0.625984 0.833757 0.63591 0.859693 0.602335 0.865108 0.581566 0.853019 0.579886 0.853019 0.579886 0.848512 0.597553 0.859693 0.602335 0.866539 0.560266 0.861911 0.5398311 0.850461 0.544565 0.850461 0.544565 0.85437 0.561813 0.866539 0.560266 0.852358 0.521503 0.837854 0.507061 0.830142 0.516949 0.830142 0.516949 0.842471 0.529086 0.852358 0.521503 0.820768 0.495944 0.801128 0.49066 0.799228 0.503059 0.799228 0.503059 0.815771 0.507454 0.820768 0.495944 0.780612 0.490763 0.760664 0.49711 0.765088 0.5086531 0.765088 0.5086531 0.781945 0.503136 0.780612 0.490763 0.742162 0.507325 0.727164 0.522493 0.736694 0.530117 0.736694 0.530117 0.749348 0.517239 0.742162 0.507325 0.936845 0.76136 0.926747 0.831105 0.911237 0.76136 0.965091 0.76136 0.958177 0.831105 0.936845 0.76136 0.987811 0.831105 0.958177 0.831105 0.965091 0.76136 0.965091 0.76136 0.992276 0.76136 0.987811 0.831105 0.886202 0.831105 0.886202 0.76136 0.911237 0.76136 0.911237 0.76136 0.926747 0.831105 0.886202 0.831105 0.958177 0.831105 0.926747 0.831105 0.936845 0.76136 0.936845 0.76136 0.911237 0.76136 0.926747 0.831105 0.965091 0.76136 0.936845 0.76136 0.958177 0.831105 0.987811 0.831105 0.992276 0.76136 0.965091 0.76136 0.965091 0.76136 0.958177 0.831105 0.987811 0.831105 0.886202 0.831105 0.926747 0.831105 0.911237 0.76136 0.911237 0.76136 0.886202 0.76136 0.886202 0.831105 0.958177 0.831105 0.936845 0.76136 0.926747 0.831105 0.901051 0.395769 0.906242 0.395769 0.906242 0.399608 0.906242 0.399608 0.901051 0.399608 0.901051 0.395769 0.901012 0.387941 0.906369 0.387941 0.906369 0.390491 0.906369 0.390491 0.901012 0.390491 0.901012 0.387941 0.901012 0.390491 0.906369 0.390491 0.906369 0.39313 0.906369 0.39313 0.901012 0.39313 0.901012 0.390491 0.901051 0.395769 0.901012 0.39313 0.906369 0.39313 0.906369 0.39313 0.906242 0.395769 0.901051 0.395769 0.891212 0.399608 0.891212 0.395769 0.901051 0.395769 0.901051 0.395769 0.901051 0.399608 0.891212 0.399608 0.891212 0.390491 0.891212 0.387941 0.901012 0.387941 0.901012 0.387941 0.901012 0.390491 0.891212 0.390491 0.891212 0.39313 0.891212 0.390491 0.901012 0.390491 0.901012 0.390491 0.901012 0.39313 0.891212 0.39313 0.891212 0.395769 0.891212 0.39313 0.901012 0.39313 0.901012 0.39313 0.901051 0.395769 0.891212 0.395769 0.874273 0.392449 0.876558 0.392446 0.875419 0.394426 0.874273 0.392449 0.875419 0.394426 0.873134 0.3944301 0.874273 0.392449 0.873134 0.3944301 0.871988 0.392452 0.874273 0.392449 0.871988 0.392452 0.873128 0.390471 0.874273 0.392449 0.873128 0.390471 0.875413 0.390469 0.874273 0.392449 0.875413 0.390469 0.876558 0.392446 0.876558 0.392446 0.88004 0.39244 0.877166 0.397438 0.877166 0.397438 0.875419 0.394426 0.876558 0.392446 0.875419 0.394426 0.877166 0.397438 0.871399 0.397449 0.871399 0.397449 0.873134 0.3944301 0.875419 0.394426 0.873134 0.3944301 0.871399 0.397449 0.868507 0.392456 0.868507 0.392456 0.871988 0.392452 0.873134 0.3944301 0.871988 0.392452 0.868507 0.392456 0.871386 0.387457 0.871386 0.387457 0.873128 0.390471 0.871988 0.392452 0.873128 0.390471 0.871386 0.387457 0.877152 0.387452 0.877152 0.387452 0.875413 0.390469 0.873128 0.390471 0.875413 0.390469 0.877152 0.387452 0.88004 0.39244 0.88004 0.39244 0.876558 0.392446 0.875413 0.390469 0.877166 0.397438 0.88004 0.39244 0.88533 0.392434 0.88533 0.392434 0.879816 0.402018 0.877166 0.397438 0.871399 0.397449 0.877166 0.397438 0.879816 0.402018 0.879816 0.402018 0.868757 0.402036 0.871399 0.397449 0.868507 0.392456 0.871399 0.397449 0.868757 0.402036 0.868757 0.402036 0.863212 0.392465 0.868507 0.392456 0.871386 0.387457 0.868507 0.392456 0.863212 0.392465 0.863212 0.392465 0.86873 0.382879 0.871386 0.387457 0.877152 0.387452 0.871386 0.387457 0.86873 0.382879 0.86873 0.382879 0.879789 0.382866 0.877152 0.387452 0.88004 0.39244 0.877152 0.387452 0.879789 0.382866 0.879789 0.382866 0.88533 0.392434 0.88004 0.39244 0.946441 0.399608 0.906242 0.399608 0.906242 0.395769 0.906242 0.395769 0.946441 0.395769 0.946441 0.399608 0.946407 0.390491 0.906369 0.390491 0.906369 0.387941 0.906369 0.387941 0.946407 0.387941 0.946407 0.390491 0.946407 0.39313 0.906369 0.39313 0.906369 0.390491 0.906369 0.390491 0.946407 0.390491 0.946407 0.39313 0.946441 0.395769 0.906242 0.395769 0.906369 0.39313 0.906369 0.39313 0.946407 0.39313 0.946441 0.395769 0.951725 0.399608 0.946441 0.399608 0.946441 0.395769 0.946441 0.395769 0.951725 0.395769 0.951725 0.399608 0.951765 0.390491 0.946407 0.390491 0.946407 0.387941 0.946407 0.387941 0.951765 0.387941 0.951765 0.390491 0.951765 0.39313 0.946407 0.39313 0.946407 0.390491 0.946407 0.390491 0.951765 0.390491 0.951765 0.39313 0.951725 0.395769 0.946441 0.395769 0.946407 0.39313 0.946407 0.39313 0.951765 0.39313 0.951725 0.395769 0.961564 0.399608 0.951725 0.399608 0.951725 0.395769 0.951725 0.395769 0.961564 0.395769 0.961564 0.399608 0.961564 0.390491 0.951765 0.390491 0.951765 0.387941 0.951765 0.387941 0.961564 0.387941 0.961564 0.390491 0.961564 0.39313 0.951765 0.39313 0.951765 0.390491 0.951765 0.390491 0.961564 0.390491 0.961564 0.39313 0.961564 0.395769 0.951725 0.395769 0.951765 0.39313 0.951765 0.39313 0.961564 0.39313 0.961564 0.395769 0.977392 0.392646 0.976216 0.394687 0.975036 0.392649 0.977392 0.392646 0.978572 0.394685 0.976216 0.394687 0.977392 0.392646 0.979747 0.392643 0.978572 0.394685 0.977392 0.392646 0.978567 0.390604 0.979747 0.392643 0.977392 0.392646 0.976211 0.390607 0.978567 0.390604 0.977392 0.392646 0.975036 0.392649 0.976211 0.390607 0.975036 0.392649 0.976216 0.394687 0.974398 0.397845 0.974398 0.397845 0.971393 0.392653 0.975036 0.392649 0.976216 0.394687 0.978572 0.394685 0.980397 0.397837 0.980397 0.397837 0.974398 0.397845 0.976216 0.394687 0.978572 0.394685 0.979747 0.392643 0.98339 0.392639 0.98339 0.392639 0.980397 0.397837 0.978572 0.394685 0.979747 0.392643 0.978567 0.390604 0.980385 0.387447 0.980385 0.387447 0.98339 0.392639 0.979747 0.392643 0.978567 0.390604 0.976211 0.390607 0.974386 0.387455 0.974386 0.387455 0.980385 0.387447 0.978567 0.390604 0.976211 0.390607 0.975036 0.392649 0.971393 0.392653 0.971393 0.392653 0.974386 0.387455 0.976211 0.390607 0.974398 0.397845 0.972491 0.401157 0.967571 0.392658 0.967571 0.392658 0.971393 0.392653 0.974398 0.397845 0.980397 0.397837 0.982312 0.401145 0.972491 0.401157 0.972491 0.401157 0.974398 0.397845 0.980397 0.397837 0.98339 0.392639 0.987212 0.392634 0.982312 0.401145 0.982312 0.401145 0.980397 0.397837 0.98339 0.392639 0.980385 0.387447 0.982292 0.384135 0.987212 0.392634 0.987212 0.392634 0.98339 0.392639 0.980385 0.387447 0.974386 0.387455 0.972471 0.384147 0.982292 0.384135 0.982292 0.384135 0.980385 0.387447 0.974386 0.387455 0.971393 0.392653 0.967571 0.392658 0.972471 0.384147 0.972471 0.384147 0.974386 0.387455 0.971393 0.392653 0.901051 0.395769 0.906242 0.395769 0.906242 0.399608 0.906242 0.399608 0.901051 0.399608 0.901051 0.395769 0.901012 0.387941 0.906369 0.387941 0.906369 0.390491 0.906369 0.390491 0.901012 0.390491 0.901012 0.387941 0.901012 0.390491 0.906369 0.390491 0.906369 0.39313 0.906369 0.39313 0.901012 0.39313 0.901012 0.390491 0.901051 0.395769 0.901012 0.39313 0.906369 0.39313 0.906369 0.39313 0.906242 0.395769 0.901051 0.395769 0.891212 0.399608 0.891212 0.395769 0.901051 0.395769 0.901051 0.395769 0.901051 0.399608 0.891212 0.399608 0.891212 0.390491 0.891212 0.387941 0.901012 0.387941 0.901012 0.387941 0.901012 0.390491 0.891212 0.390491 0.891212 0.39313 0.891212 0.390491 0.901012 0.390491 0.901012 0.390491 0.901012 0.39313 0.891212 0.39313 0.891212 0.395769 0.891212 0.39313 0.901012 0.39313 0.901012 0.39313 0.901051 0.395769 0.891212 0.395769 0.874273 0.392449 0.876558 0.392446 0.875419 0.394426 0.874273 0.392449 0.875419 0.394426 0.873134 0.3944301 0.874273 0.392449 0.873134 0.3944301 0.871988 0.392452 0.874273 0.392449 0.871988 0.392452 0.873128 0.390471 0.874273 0.392449 0.873128 0.390471 0.875413 0.390469 0.874273 0.392449 0.875413 0.390469 0.876558 0.392446 0.876558 0.392446 0.88004 0.39244 0.877166 0.397438 0.877166 0.397438 0.875419 0.394426 0.876558 0.392446 0.875419 0.394426 0.877166 0.397438 0.871399 0.397449 0.871399 0.397449 0.873134 0.3944301 0.875419 0.394426 0.873134 0.3944301 0.871399 0.397449 0.868507 0.392456 0.868507 0.392456 0.871988 0.392452 0.873134 0.3944301 0.871988 0.392452 0.868507 0.392456 0.871386 0.387457 0.871386 0.387457 0.873128 0.390471 0.871988 0.392452 0.873128 0.390471 0.871386 0.387457 0.877152 0.387452 0.877152 0.387452 0.875413 0.390469 0.873128 0.390471 0.875413 0.390469 0.877152 0.387452 0.88004 0.39244 0.88004 0.39244 0.876558 0.392446 0.875413 0.390469 0.877166 0.397438 0.88004 0.39244 0.88533 0.392434 0.88533 0.392434 0.879816 0.402018 0.877166 0.397438 0.871399 0.397449 0.877166 0.397438 0.879816 0.402018 0.879816 0.402018 0.868757 0.402036 0.871399 0.397449 0.868507 0.392456 0.871399 0.397449 0.868757 0.402036 0.868757 0.402036 0.863212 0.392465 0.868507 0.392456 0.871386 0.387457 0.868507 0.392456 0.863212 0.392465 0.863212 0.392465 0.86873 0.382879 0.871386 0.387457 0.877152 0.387452 0.871386 0.387457 0.86873 0.382879 0.86873 0.382879 0.879789 0.382866 0.877152 0.387452 0.88004 0.39244 0.877152 0.387452 0.879789 0.382866 0.879789 0.382866 0.88533 0.392434 0.88004 0.39244 0.946441 0.399608 0.906242 0.399608 0.906242 0.395769 0.906242 0.395769 0.946441 0.395769 0.946441 0.399608 0.946407 0.390491 0.906369 0.390491 0.906369 0.387941 0.906369 0.387941 0.946407 0.387941 0.946407 0.390491 0.946407 0.39313 0.906369 0.39313 0.906369 0.390491 0.906369 0.390491 0.946407 0.390491 0.946407 0.39313 0.946441 0.395769 0.906242 0.395769 0.906369 0.39313 0.906369 0.39313 0.946407 0.39313 0.946441 0.395769 0.951725 0.399608 0.946441 0.399608 0.946441 0.395769 0.946441 0.395769 0.951725 0.395769 0.951725 0.399608 0.951765 0.390491 0.946407 0.390491 0.946407 0.387941 0.946407 0.387941 0.951765 0.387941 0.951765 0.390491 0.951765 0.39313 0.946407 0.39313 0.946407 0.390491 0.946407 0.390491 0.951765 0.390491 0.951765 0.39313 0.951725 0.395769 0.946441 0.395769 0.946407 0.39313 0.946407 0.39313 0.951765 0.39313 0.951725 0.395769 0.961564 0.399608 0.951725 0.399608 0.951725 0.395769 0.951725 0.395769 0.961564 0.395769 0.961564 0.399608 0.961564 0.390491 0.951765 0.390491 0.951765 0.387941 0.951765 0.387941 0.961564 0.387941 0.961564 0.390491 0.961564 0.39313 0.951765 0.39313 0.951765 0.390491 0.951765 0.390491 0.961564 0.390491 0.961564 0.39313 0.961564 0.395769 0.951725 0.395769 0.951765 0.39313 0.951765 0.39313 0.961564 0.39313 0.961564 0.395769 0.977392 0.392646 0.976216 0.394687 0.975036 0.392649 0.977392 0.392646 0.978572 0.394685 0.976216 0.394687 0.977392 0.392646 0.979747 0.392643 0.978572 0.394685 0.977392 0.392646 0.978567 0.390604 0.979747 0.392643 0.977392 0.392646 0.976211 0.390607 0.978567 0.390604 0.977392 0.392646 0.975036 0.392649 0.976211 0.390607 0.975036 0.392649 0.976216 0.394687 0.974398 0.397845 0.974398 0.397845 0.971393 0.392653 0.975036 0.392649 0.976216 0.394687 0.978572 0.394685 0.980397 0.397837 0.980397 0.397837 0.974398 0.397845 0.976216 0.394687 0.978572 0.394685 0.979747 0.392643 0.98339 0.392639 0.98339 0.392639 0.980397 0.397837 0.978572 0.394685 0.979747 0.392643 0.978567 0.390604 0.980385 0.387447 0.980385 0.387447 0.98339 0.392639 0.979747 0.392643 0.978567 0.390604 0.976211 0.390607 0.974386 0.387455 0.974386 0.387455 0.980385 0.387447 0.978567 0.390604 0.976211 0.390607 0.975036 0.392649 0.971393 0.392653 0.971393 0.392653 0.974386 0.387455 0.976211 0.390607 0.974398 0.397845 0.972491 0.401157 0.967571 0.392658 0.967571 0.392658 0.971393 0.392653 0.974398 0.397845 0.980397 0.397837 0.982312 0.401145 0.972491 0.401157 0.972491 0.401157 0.974398 0.397845 0.980397 0.397837 0.98339 0.392639 0.987212 0.392634 0.982312 0.401145 0.982312 0.401145 0.980397 0.397837 0.98339 0.392639 0.980385 0.387447 0.982292 0.384135 0.987212 0.392634 0.987212 0.392634 0.98339 0.392639 0.980385 0.387447 0.974386 0.387455 0.972471 0.384147 0.982292 0.384135 0.982292 0.384135 0.980385 0.387447 0.974386 0.387455 0.971393 0.392653 0.967571 0.392658 0.972471 0.384147 0.972471 0.384147 0.974386 0.387455 0.971393 0.392653 0.901051 0.395769 0.906242 0.395769 0.906242 0.399608 0.906242 0.399608 0.901051 0.399608 0.901051 0.395769 0.901012 0.387941 0.906369 0.387941 0.906369 0.390491 0.906369 0.390491 0.901012 0.390491 0.901012 0.387941 0.901012 0.390491 0.906369 0.390491 0.906369 0.39313 0.906369 0.39313 0.901012 0.39313 0.901012 0.390491 0.901051 0.395769 0.901012 0.39313 0.906369 0.39313 0.906369 0.39313 0.906242 0.395769 0.901051 0.395769 0.891212 0.399608 0.891212 0.395769 0.901051 0.395769 0.901051 0.395769 0.901051 0.399608 0.891212 0.399608 0.891212 0.390491 0.891212 0.387941 0.901012 0.387941 0.901012 0.387941 0.901012 0.390491 0.891212 0.390491 0.891212 0.39313 0.891212 0.390491 0.901012 0.390491 0.901012 0.390491 0.901012 0.39313 0.891212 0.39313 0.891212 0.395769 0.891212 0.39313 0.901012 0.39313 0.901012 0.39313 0.901051 0.395769 0.891212 0.395769 0.874273 0.392449 0.876558 0.392446 0.875419 0.394426 0.874273 0.392449 0.875419 0.394426 0.873134 0.3944301 0.874273 0.392449 0.873134 0.3944301 0.871988 0.392452 0.874273 0.392449 0.871988 0.392452 0.873128 0.390471 0.874273 0.392449 0.873128 0.390471 0.875413 0.390469 0.874273 0.392449 0.875413 0.390469 0.876558 0.392446 0.876558 0.392446 0.88004 0.39244 0.877166 0.397438 0.877166 0.397438 0.875419 0.394426 0.876558 0.392446 0.875419 0.394426 0.877166 0.397438 0.871399 0.397449 0.871399 0.397449 0.873134 0.3944301 0.875419 0.394426 0.873134 0.3944301 0.871399 0.397449 0.868507 0.392456 0.868507 0.392456 0.871988 0.392452 0.873134 0.3944301 0.871988 0.392452 0.868507 0.392456 0.871386 0.387457 0.871386 0.387457 0.873128 0.390471 0.871988 0.392452 0.873128 0.390471 0.871386 0.387457 0.877152 0.387452 0.877152 0.387452 0.875413 0.390469 0.873128 0.390471 0.875413 0.390469 0.877152 0.387452 0.88004 0.39244 0.88004 0.39244 0.876558 0.392446 0.875413 0.390469 0.877166 0.397438 0.88004 0.39244 0.88533 0.392434 0.88533 0.392434 0.879816 0.402018 0.877166 0.397438 0.871399 0.397449 0.877166 0.397438 0.879816 0.402018 0.879816 0.402018 0.868757 0.402036 0.871399 0.397449 0.868507 0.392456 0.871399 0.397449 0.868757 0.402036 0.868757 0.402036 0.863212 0.392465 0.868507 0.392456 0.871386 0.387457 0.868507 0.392456 0.863212 0.392465 0.863212 0.392465 0.86873 0.382879 0.871386 0.387457 0.877152 0.387452 0.871386 0.387457 0.86873 0.382879 0.86873 0.382879 0.879789 0.382866 0.877152 0.387452 0.88004 0.39244 0.877152 0.387452 0.879789 0.382866 0.879789 0.382866 0.88533 0.392434 0.88004 0.39244 0.946441 0.399608 0.906242 0.399608 0.906242 0.395769 0.906242 0.395769 0.946441 0.395769 0.946441 0.399608 0.946407 0.390491 0.906369 0.390491 0.906369 0.387941 0.906369 0.387941 0.946407 0.387941 0.946407 0.390491 0.946407 0.39313 0.906369 0.39313 0.906369 0.390491 0.906369 0.390491 0.946407 0.390491 0.946407 0.39313 0.946441 0.395769 0.906242 0.395769 0.906369 0.39313 0.906369 0.39313 0.946407 0.39313 0.946441 0.395769 0.951725 0.399608 0.946441 0.399608 0.946441 0.395769 0.946441 0.395769 0.951725 0.395769 0.951725 0.399608 0.951765 0.390491 0.946407 0.390491 0.946407 0.387941 0.946407 0.387941 0.951765 0.387941 0.951765 0.390491 0.951765 0.39313 0.946407 0.39313 0.946407 0.390491 0.946407 0.390491 0.951765 0.390491 0.951765 0.39313 0.951725 0.395769 0.946441 0.395769 0.946407 0.39313 0.946407 0.39313 0.951765 0.39313 0.951725 0.395769 0.961564 0.399608 0.951725 0.399608 0.951725 0.395769 0.951725 0.395769 0.961564 0.395769 0.961564 0.399608 0.961564 0.390491 0.951765 0.390491 0.951765 0.387941 0.951765 0.387941 0.961564 0.387941 0.961564 0.390491 0.961564 0.39313 0.951765 0.39313 0.951765 0.390491 0.951765 0.390491 0.961564 0.390491 0.961564 0.39313 0.961564 0.395769 0.951725 0.395769 0.951765 0.39313 0.951765 0.39313 0.961564 0.39313 0.961564 0.395769 0.977392 0.392646 0.976216 0.394687 0.975036 0.392649 0.977392 0.392646 0.978572 0.394685 0.976216 0.394687 0.977392 0.392646 0.979747 0.392643 0.978572 0.394685 0.977392 0.392646 0.978567 0.390604 0.979747 0.392643 0.977392 0.392646 0.976211 0.390607 0.978567 0.390604 0.977392 0.392646 0.975036 0.392649 0.976211 0.390607 0.975036 0.392649 0.976216 0.394687 0.974398 0.397845 0.974398 0.397845 0.971393 0.392653 0.975036 0.392649 0.976216 0.394687 0.978572 0.394685 0.980397 0.397837 0.980397 0.397837 0.974398 0.397845 0.976216 0.394687 0.978572 0.394685 0.979747 0.392643 0.98339 0.392639 0.98339 0.392639 0.980397 0.397837 0.978572 0.394685 0.979747 0.392643 0.978567 0.390604 0.980385 0.387447 0.980385 0.387447 0.98339 0.392639 0.979747 0.392643 0.978567 0.390604 0.976211 0.390607 0.974386 0.387455 0.974386 0.387455 0.980385 0.387447 0.978567 0.390604 0.976211 0.390607 0.975036 0.392649 0.971393 0.392653 0.971393 0.392653 0.974386 0.387455 0.976211 0.390607 0.974398 0.397845 0.972491 0.401157 0.967571 0.392658 0.967571 0.392658 0.971393 0.392653 0.974398 0.397845 0.980397 0.397837 0.982312 0.401145 0.972491 0.401157 0.972491 0.401157 0.974398 0.397845 0.980397 0.397837 0.98339 0.392639 0.987212 0.392634 0.982312 0.401145 0.982312 0.401145 0.980397 0.397837 0.98339 0.392639 0.980385 0.387447 0.982292 0.384135 0.987212 0.392634 0.987212 0.392634 0.98339 0.392639 0.980385 0.387447 0.974386 0.387455 0.972471 0.384147 0.982292 0.384135 0.982292 0.384135 0.980385 0.387447 0.974386 0.387455 0.971393 0.392653 0.967571 0.392658 0.972471 0.384147 0.972471 0.384147 0.974386 0.387455 0.971393 0.392653 0.901051 0.395769 0.901051 0.399608 0.906242 0.399608 0.906242 0.399608 0.906242 0.395769 0.901051 0.395769 0.901012 0.387941 0.901012 0.390491 0.906369 0.390491 0.906369 0.390491 0.906369 0.387941 0.901012 0.387941 0.901012 0.390491 0.901012 0.39313 0.906369 0.39313 0.906369 0.39313 0.906369 0.390491 0.901012 0.390491 0.901051 0.395769 0.906242 0.395769 0.906369 0.39313 0.906369 0.39313 0.901012 0.39313 0.901051 0.395769 0.891212 0.399608 0.901051 0.399608 0.901051 0.395769 0.901051 0.395769 0.891212 0.395769 0.891212 0.399608 0.891212 0.390491 0.901012 0.390491 0.901012 0.387941 0.901012 0.387941 0.891212 0.387941 0.891212 0.390491 0.891212 0.39313 0.901012 0.39313 0.901012 0.390491 0.901012 0.390491 0.891212 0.390491 0.891212 0.39313 0.891212 0.395769 0.901051 0.395769 0.901012 0.39313 0.901012 0.39313 0.891212 0.39313 0.891212 0.395769 0.874273 0.392449 0.875419 0.394426 0.876558 0.392446 0.874273 0.392449 0.873134 0.3944301 0.875419 0.394426 0.874273 0.392449 0.871988 0.392452 0.873134 0.3944301 0.874273 0.392449 0.873128 0.390471 0.871988 0.392452 0.874273 0.392449 0.875413 0.390469 0.873128 0.390471 0.874273 0.392449 0.876558 0.392446 0.875413 0.390469 0.876558 0.392446 0.875419 0.394426 0.877166 0.397438 0.877166 0.397438 0.88004 0.39244 0.876558 0.392446 0.875419 0.394426 0.873134 0.3944301 0.871399 0.397449 0.871399 0.397449 0.877166 0.397438 0.875419 0.394426 0.873134 0.3944301 0.871988 0.392452 0.868507 0.392456 0.868507 0.392456 0.871399 0.397449 0.873134 0.3944301 0.871988 0.392452 0.873128 0.390471 0.871386 0.387457 0.871386 0.387457 0.868507 0.392456 0.871988 0.392452 0.873128 0.390471 0.875413 0.390469 0.877152 0.387452 0.877152 0.387452 0.871386 0.387457 0.873128 0.390471 0.875413 0.390469 0.876558 0.392446 0.88004 0.39244 0.88004 0.39244 0.877152 0.387452 0.875413 0.390469 0.877166 0.397438 0.879816 0.402018 0.88533 0.392434 0.88533 0.392434 0.88004 0.39244 0.877166 0.397438 0.871399 0.397449 0.868757 0.402036 0.879816 0.402018 0.879816 0.402018 0.877166 0.397438 0.871399 0.397449 0.868507 0.392456 0.863212 0.392465 0.868757 0.402036 0.868757 0.402036 0.871399 0.397449 0.868507 0.392456 0.871386 0.387457 0.86873 0.382879 0.863212 0.392465 0.863212 0.392465 0.868507 0.392456 0.871386 0.387457 0.877152 0.387452 0.879789 0.382866 0.86873 0.382879 0.86873 0.382879 0.871386 0.387457 0.877152 0.387452 0.88004 0.39244 0.88533 0.392434 0.879789 0.382866 0.879789 0.382866 0.877152 0.387452 0.88004 0.39244 0.946441 0.399608 0.946441 0.395769 0.906242 0.395769 0.906242 0.395769 0.906242 0.399608 0.946441 0.399608 0.946407 0.390491 0.946407 0.387941 0.906369 0.387941 0.906369 0.387941 0.906369 0.390491 0.946407 0.390491 0.946407 0.39313 0.946407 0.390491 0.906369 0.390491 0.906369 0.390491 0.906369 0.39313 0.946407 0.39313 0.946441 0.395769 0.946407 0.39313 0.906369 0.39313 0.906369 0.39313 0.906242 0.395769 0.946441 0.395769 0.951725 0.399608 0.951725 0.395769 0.946441 0.395769 0.946441 0.395769 0.946441 0.399608 0.951725 0.399608 0.951765 0.390491 0.951765 0.387941 0.946407 0.387941 0.946407 0.387941 0.946407 0.390491 0.951765 0.390491 0.951765 0.39313 0.951765 0.390491 0.946407 0.390491 0.946407 0.390491 0.946407 0.39313 0.951765 0.39313 0.951725 0.395769 0.951765 0.39313 0.946407 0.39313 0.946407 0.39313 0.946441 0.395769 0.951725 0.395769 0.961564 0.399608 0.961564 0.395769 0.951725 0.395769 0.951725 0.395769 0.951725 0.399608 0.961564 0.399608 0.961564 0.390491 0.961564 0.387941 0.951765 0.387941 0.951765 0.387941 0.951765 0.390491 0.961564 0.390491 0.961564 0.39313 0.961564 0.390491 0.951765 0.390491 0.951765 0.390491 0.951765 0.39313 0.961564 0.39313 0.961564 0.395769 0.961564 0.39313 0.951765 0.39313 0.951765 0.39313 0.951725 0.395769 0.961564 0.395769 0.977392 0.392646 0.975036 0.392649 0.976216 0.394687 0.977392 0.392646 0.976216 0.394687 0.978572 0.394685 0.977392 0.392646 0.978572 0.394685 0.979747 0.392643 0.977392 0.392646 0.979747 0.392643 0.978567 0.390604 0.977392 0.392646 0.978567 0.390604 0.976211 0.390607 0.977392 0.392646 0.976211 0.390607 0.975036 0.392649 0.975036 0.392649 0.971393 0.392653 0.974398 0.397845 0.974398 0.397845 0.976216 0.394687 0.975036 0.392649 0.976216 0.394687 0.974398 0.397845 0.980397 0.397837 0.980397 0.397837 0.978572 0.394685 0.976216 0.394687 0.978572 0.394685 0.980397 0.397837 0.98339 0.392639 0.98339 0.392639 0.979747 0.392643 0.978572 0.394685 0.979747 0.392643 0.98339 0.392639 0.980385 0.387447 0.980385 0.387447 0.978567 0.390604 0.979747 0.392643 0.978567 0.390604 0.980385 0.387447 0.974386 0.387455 0.974386 0.387455 0.976211 0.390607 0.978567 0.390604 0.976211 0.390607 0.974386 0.387455 0.971393 0.392653 0.971393 0.392653 0.975036 0.392649 0.976211 0.390607 0.974398 0.397845 0.971393 0.392653 0.967571 0.392658 0.967571 0.392658 0.972491 0.401157 0.974398 0.397845 0.980397 0.397837 0.974398 0.397845 0.972491 0.401157 0.972491 0.401157 0.982312 0.401145 0.980397 0.397837 0.98339 0.392639 0.980397 0.397837 0.982312 0.401145 0.982312 0.401145 0.987212 0.392634 0.98339 0.392639 0.980385 0.387447 0.98339 0.392639 0.987212 0.392634 0.987212 0.392634 0.982292 0.384135 0.980385 0.387447 0.974386 0.387455 0.980385 0.387447 0.982292 0.384135 0.982292 0.384135 0.972471 0.384147 0.974386 0.387455 0.971393 0.392653 0.974386 0.387455 0.972471 0.384147 0.972471 0.384147 0.967571 0.392658 0.971393 0.392653 0.901051 0.395769 0.901051 0.399608 0.906242 0.399608 0.906242 0.399608 0.906242 0.395769 0.901051 0.395769 0.901012 0.387941 0.901012 0.390491 0.906369 0.390491 0.906369 0.390491 0.906369 0.387941 0.901012 0.387941 0.901012 0.390491 0.901012 0.39313 0.906369 0.39313 0.906369 0.39313 0.906369 0.390491 0.901012 0.390491 0.901051 0.395769 0.906242 0.395769 0.906369 0.39313 0.906369 0.39313 0.901012 0.39313 0.901051 0.395769 0.891212 0.399608 0.901051 0.399608 0.901051 0.395769 0.901051 0.395769 0.891212 0.395769 0.891212 0.399608 0.891212 0.390491 0.901012 0.390491 0.901012 0.387941 0.901012 0.387941 0.891212 0.387941 0.891212 0.390491 0.891212 0.39313 0.901012 0.39313 0.901012 0.390491 0.901012 0.390491 0.891212 0.390491 0.891212 0.39313 0.891212 0.395769 0.901051 0.395769 0.901012 0.39313 0.901012 0.39313 0.891212 0.39313 0.891212 0.395769 0.874273 0.392449 0.875419 0.394426 0.876558 0.392446 0.874273 0.392449 0.873134 0.3944301 0.875419 0.394426 0.874273 0.392449 0.871988 0.392452 0.873134 0.3944301 0.874273 0.392449 0.873128 0.390471 0.871988 0.392452 0.874273 0.392449 0.875413 0.390469 0.873128 0.390471 0.874273 0.392449 0.876558 0.392446 0.875413 0.390469 0.876558 0.392446 0.875419 0.394426 0.877166 0.397438 0.877166 0.397438 0.88004 0.39244 0.876558 0.392446 0.875419 0.394426 0.873134 0.3944301 0.871399 0.397449 0.871399 0.397449 0.877166 0.397438 0.875419 0.394426 0.873134 0.3944301 0.871988 0.392452 0.868507 0.392456 0.868507 0.392456 0.871399 0.397449 0.873134 0.3944301 0.871988 0.392452 0.873128 0.390471 0.871386 0.387457 0.871386 0.387457 0.868507 0.392456 0.871988 0.392452 0.873128 0.390471 0.875413 0.390469 0.877152 0.387452 0.877152 0.387452 0.871386 0.387457 0.873128 0.390471 0.875413 0.390469 0.876558 0.392446 0.88004 0.39244 0.88004 0.39244 0.877152 0.387452 0.875413 0.390469 0.877166 0.397438 0.879816 0.402018 0.88533 0.392434 0.88533 0.392434 0.88004 0.39244 0.877166 0.397438 0.871399 0.397449 0.868757 0.402036 0.879816 0.402018 0.879816 0.402018 0.877166 0.397438 0.871399 0.397449 0.868507 0.392456 0.863212 0.392465 0.868757 0.402036 0.868757 0.402036 0.871399 0.397449 0.868507 0.392456 0.871386 0.387457 0.86873 0.382879 0.863212 0.392465 0.863212 0.392465 0.868507 0.392456 0.871386 0.387457 0.877152 0.387452 0.879789 0.382866 0.86873 0.382879 0.86873 0.382879 0.871386 0.387457 0.877152 0.387452 0.88004 0.39244 0.88533 0.392434 0.879789 0.382866 0.879789 0.382866 0.877152 0.387452 0.88004 0.39244 0.946441 0.399608 0.946441 0.395769 0.906242 0.395769 0.906242 0.395769 0.906242 0.399608 0.946441 0.399608 0.946407 0.390491 0.946407 0.387941 0.906369 0.387941 0.906369 0.387941 0.906369 0.390491 0.946407 0.390491 0.946407 0.39313 0.946407 0.390491 0.906369 0.390491 0.906369 0.390491 0.906369 0.39313 0.946407 0.39313 0.946441 0.395769 0.946407 0.39313 0.906369 0.39313 0.906369 0.39313 0.906242 0.395769 0.946441 0.395769 0.951725 0.399608 0.951725 0.395769 0.946441 0.395769 0.946441 0.395769 0.946441 0.399608 0.951725 0.399608 0.951765 0.390491 0.951765 0.387941 0.946407 0.387941 0.946407 0.387941 0.946407 0.390491 0.951765 0.390491 0.951765 0.39313 0.951765 0.390491 0.946407 0.390491 0.946407 0.390491 0.946407 0.39313 0.951765 0.39313 0.951725 0.395769 0.951765 0.39313 0.946407 0.39313 0.946407 0.39313 0.946441 0.395769 0.951725 0.395769 0.961564 0.399608 0.961564 0.395769 0.951725 0.395769 0.951725 0.395769 0.951725 0.399608 0.961564 0.399608 0.961564 0.390491 0.961564 0.387941 0.951765 0.387941 0.951765 0.387941 0.951765 0.390491 0.961564 0.390491 0.961564 0.39313 0.961564 0.390491 0.951765 0.390491 0.951765 0.390491 0.951765 0.39313 0.961564 0.39313 0.961564 0.395769 0.961564 0.39313 0.951765 0.39313 0.951765 0.39313 0.951725 0.395769 0.961564 0.395769 0.977392 0.392646 0.975036 0.392649 0.976216 0.394687 0.977392 0.392646 0.976216 0.394687 0.978572 0.394685 0.977392 0.392646 0.978572 0.394685 0.979747 0.392643 0.977392 0.392646 0.979747 0.392643 0.978567 0.390604 0.977392 0.392646 0.978567 0.390604 0.976211 0.390607 0.977392 0.392646 0.976211 0.390607 0.975036 0.392649 0.975036 0.392649 0.971393 0.392653 0.974398 0.397845 0.974398 0.397845 0.976216 0.394687 0.975036 0.392649 0.976216 0.394687 0.974398 0.397845 0.980397 0.397837 0.980397 0.397837 0.978572 0.394685 0.976216 0.394687 0.978572 0.394685 0.980397 0.397837 0.98339 0.392639 0.98339 0.392639 0.979747 0.392643 0.978572 0.394685 0.979747 0.392643 0.98339 0.392639 0.980385 0.387447 0.980385 0.387447 0.978567 0.390604 0.979747 0.392643 0.978567 0.390604 0.980385 0.387447 0.974386 0.387455 0.974386 0.387455 0.976211 0.390607 0.978567 0.390604 0.976211 0.390607 0.974386 0.387455 0.971393 0.392653 0.971393 0.392653 0.975036 0.392649 0.976211 0.390607 0.974398 0.397845 0.971393 0.392653 0.967571 0.392658 0.967571 0.392658 0.972491 0.401157 0.974398 0.397845 0.980397 0.397837 0.974398 0.397845 0.972491 0.401157 0.972491 0.401157 0.982312 0.401145 0.980397 0.397837 0.98339 0.392639 0.980397 0.397837 0.982312 0.401145 0.982312 0.401145 0.987212 0.392634 0.98339 0.392639 0.980385 0.387447 0.98339 0.392639 0.987212 0.392634 0.987212 0.392634 0.982292 0.384135 0.980385 0.387447 0.974386 0.387455 0.980385 0.387447 0.982292 0.384135 0.982292 0.384135 0.972471 0.384147 0.974386 0.387455 0.971393 0.392653 0.974386 0.387455 0.972471 0.384147 0.972471 0.384147 0.967571 0.392658 0.971393 0.392653 0.977112 0.483064 0.905275 0.4832 0.905275 0.471214 0.905275 0.471214 0.977112 0.471147 0.977112 0.483064 0.977112 0.495826 0.905275 0.496034 0.905275 0.4832 0.905275 0.4832 0.977112 0.483064 0.977112 0.495826 0.977112 0.471147 0.905275 0.471214 0.905275 0.460816 0.905275 0.460816 0.977112 0.460807 0.977112 0.471147 0.97706 0.461487 0.97706 0.473206 0.905262 0.473284 0.905262 0.473284 0.905262 0.461497 0.97706 0.461487 0.97706 0.484096 0.97706 0.495721 0.905262 0.495927 0.905262 0.495927 0.905262 0.484235 0.97706 0.484096 0.97706 0.473206 0.97706 0.484096 0.905262 0.484235 0.905262 0.484235 0.905262 0.473284 0.97706 0.473206 0.905137 0.47045 0.905137 0.461017 0.976569 0.461006 0.976569 0.461006 0.976569 0.470385 0.905137 0.47045 0.905137 0.486367 0.976569 0.486212 0.976569 0.496055 0.976569 0.496055 0.905137 0.496266 0.905137 0.486367 0.905137 0.479413 0.976569 0.479298 0.976569 0.486212 0.976569 0.486212 0.905137 0.486367 0.905137 0.479413 0.905137 0.47045 0.976569 0.470385 0.976569 0.479298 0.976569 0.479298 0.905137 0.479413 0.905137 0.47045 0.905217 0.460775 0.976595 0.460759 0.976595 0.471192 0.976595 0.471192 0.905217 0.471268 0.905217 0.460775 0.905217 0.482992 0.976595 0.48285 0.976595 0.495991 0.976595 0.495991 0.905217 0.496208 0.905217 0.482992 0.905217 0.471268 0.976595 0.471192 0.976595 0.48285 0.976595 0.48285 0.905217 0.482992 0.905217 0.471268 0.977152 0.461736 0.977152 0.473387 0.905339 0.473467 0.905339 0.473467 0.905339 0.461749 0.977152 0.461736 0.977152 0.484176 0.977152 0.495691 0.905339 0.495898 0.905339 0.495898 0.905339 0.484317 0.977152 0.484176 0.977152 0.473387 0.977152 0.484176 0.905339 0.484317 0.905339 0.484317 0.905339 0.473467 0.977152 0.473387 0.905322 0.496378 0.905322 0.485476 0.976795 0.485334 0.976795 0.485334 0.976795 0.496174 0.905322 0.496378 0.905322 0.474611 0.976795 0.474531 0.976795 0.485334 0.976795 0.485334 0.905322 0.485476 0.905322 0.474611 0.905322 0.467127 0.976795 0.46709 0.976795 0.474531 0.976795 0.474531 0.905322 0.474611 0.905322 0.467127 0.905322 0.460508 0.976795 0.460508 0.976795 0.46709 0.976795 0.46709 0.905322 0.467127 0.905322 0.460508 0.110046 0.813702 0.067191 0.794129 0.09713995 0.773858 0.04279798 0.888975 0.03349196 0.861228 0.054892 0.885805 0.01610296 0.774067 0.03321099 0.774027 0.03349196 0.861228 0.03349196 0.861228 0.01844096 0.862504 0.01610296 0.774067 0.03321099 0.774027 0.04875397 0.739869 0.07120198 0.7496441 0.06525695 0.844097 0.09099596 0.867952 0.071276 0.881511 0.071276 0.881511 0.03349196 0.861228 0.06525695 0.844097 0.03321099 0.774027 0.073794 0.820128 0.06525695 0.844097 0.06525695 0.844097 0.03349196 0.861228 0.03321099 0.774027 0.07120198 0.7496441 0.09713995 0.773858 0.067191 0.794129 0.067191 0.794129 0.03321099 0.774027 0.07120198 0.7496441 0.06525695 0.844097 0.104733 0.844404 0.09099596 0.867952 0.110046 0.813702 0.104733 0.844404 0.06525695 0.844097 0.06525695 0.844097 0.073794 0.820128 0.110046 0.813702 0.110046 0.813702 0.073794 0.820128 0.067191 0.794129 0.073794 0.820128 0.03321099 0.774027 0.067191 0.794129 0.01610296 0.774067 0.02646899 0.734635 0.04875397 0.739869 0.04875397 0.739869 0.03321099 0.774027 0.01610296 0.774067 0.03349196 0.861228 0.04279798 0.888975 0.03104096 0.887181 0.03104096 0.887181 0.01844096 0.862504 0.03349196 0.861228 0.105915 0.800784 0.04879999 0.782467 0.09732198 0.771925 0.03353697 0.8541 0.075764 0.877634 0.06272 0.888345 0.06272 0.888345 0.02113497 0.861397 0.03353697 0.8541 0.01877498 0.764284 0.03014695 0.770524 0.03353697 0.8541 0.03353697 0.8541 0.02113497 0.861397 0.01877498 0.764284 0.07342898 0.745227 0.08679598 0.753142 0.04879999 0.782467 0.05500298 0.832979 0.09495198 0.852751 0.075764 0.877634 0.075764 0.877634 0.03353697 0.8541 0.05500298 0.832979 0.03014695 0.770524 0.05545198 0.80563 0.05500298 0.832979 0.05500298 0.832979 0.03353697 0.8541 0.03014695 0.770524 0.04879999 0.782467 0.08679598 0.753142 0.09732198 0.771925 0.05500298 0.832979 0.103478 0.828006 0.09495198 0.852751 0.105915 0.800784 0.103478 0.828006 0.05500298 0.832979 0.05500298 0.832979 0.05545198 0.80563 0.105915 0.800784 0.105915 0.800784 0.05545198 0.80563 0.04879999 0.782467 0.05545198 0.80563 0.03014695 0.770524 0.04879999 0.782467 0.01877498 0.764284 0.04433697 0.739741 0.06019598 0.737392 0.06019598 0.737392 0.03014695 0.770524 0.01877498 0.764284 0.01379698 0.1111389 0.05237799 0.09901601 0.05658799 0.222661 0.05658799 0.222661 0.013906 0.2193629 0.01379698 0.1111389 0.111886 0.01122701 0.11176 0.2442259 0.05658799 0.222661 0.05658799 0.222661 0.05237799 0.09901601 0.111886 0.01122701 0.11176 0.2442259 0.05967599 0.279247 0.05658799 0.222661 0.111784 0.370197 0.06105595 0.369911 0.05967599 0.279247 0.05967599 0.279247 0.11176 0.2442259 0.111784 0.370197 0.05967599 0.279247 0.01409596 0.271782 0.01419794 0.24213 0.01419794 0.24213 0.05658799 0.222661 0.05967599 0.279247 0.05658799 0.222661 0.01419794 0.24213 0.013906 0.2193629 0.06105595 0.369911 0.111784 0.370197 0.111343 0.404737 0.05237799 0.09901601 0.05691295 0.01590502 0.111886 0.01122701 0.03552597 0.377736 0.06105595 0.369911 0.111343 0.404737 0.111343 0.404737 0.04048997 0.400972 0.03552597 0.377736 0.921268 0.74079 0.912301 0.740781 0.851329 0.70871 0.851329 0.70871 0.921301 0.708782 0.921268 0.74079 0.988404 0.638878 0.988332 0.708851 0.921301 0.708782 0.921301 0.708782 0.921373 0.638809 0.988404 0.638878 0.988332 0.708851 0.988299 0.740858 0.921268 0.74079 0.921268 0.74079 0.921301 0.708782 0.988332 0.708851 0.977112 0.483064 0.977112 0.471147 0.905275 0.471214 0.905275 0.471214 0.905275 0.4832 0.977112 0.483064 0.977112 0.495826 0.977112 0.483064 0.905275 0.4832 0.905275 0.4832 0.905275 0.496034 0.977112 0.495826 0.977112 0.471147 0.977112 0.460807 0.905275 0.460816 0.905275 0.460816 0.905275 0.471214 0.977112 0.471147 0.97706 0.461487 0.905262 0.461497 0.905262 0.473284 0.905262 0.473284 0.97706 0.473206 0.97706 0.461487 0.97706 0.484096 0.905262 0.484235 0.905262 0.495927 0.905262 0.495927 0.97706 0.495721 0.97706 0.484096 0.97706 0.473206 0.905262 0.473284 0.905262 0.484235 0.905262 0.484235 0.97706 0.484096 0.97706 0.473206 0.905137 0.47045 0.976569 0.470385 0.976569 0.461006 0.976569 0.461006 0.905137 0.461017 0.905137 0.47045 0.905137 0.486367 0.905137 0.496266 0.976569 0.496055 0.976569 0.496055 0.976569 0.486212 0.905137 0.486367 0.905137 0.479413 0.905137 0.486367 0.976569 0.486212 0.976569 0.486212 0.976569 0.479298 0.905137 0.479413 0.905137 0.47045 0.905137 0.479413 0.976569 0.479298 0.976569 0.479298 0.976569 0.470385 0.905137 0.47045 0.905217 0.460775 0.905217 0.471268 0.976595 0.471192 0.976595 0.471192 0.976595 0.460759 0.905217 0.460775 0.905217 0.482992 0.905217 0.496208 0.976595 0.495991 0.976595 0.495991 0.976595 0.48285 0.905217 0.482992 0.905217 0.471268 0.905217 0.482992 0.976595 0.48285 0.976595 0.48285 0.976595 0.471192 0.905217 0.471268 0.977152 0.461736 0.905339 0.461749 0.905339 0.473467 0.905339 0.473467 0.977152 0.473387 0.977152 0.461736 0.977152 0.484176 0.905339 0.484317 0.905339 0.495898 0.905339 0.495898 0.977152 0.495691 0.977152 0.484176 0.977152 0.473387 0.905339 0.473467 0.905339 0.484317 0.905339 0.484317 0.977152 0.484176 0.977152 0.473387 0.905322 0.496378 0.976795 0.496174 0.976795 0.485334 0.976795 0.485334 0.905322 0.485476 0.905322 0.496378 0.905322 0.474611 0.905322 0.485476 0.976795 0.485334 0.976795 0.485334 0.976795 0.474531 0.905322 0.474611 0.905322 0.467127 0.905322 0.474611 0.976795 0.474531 0.976795 0.474531 0.976795 0.46709 0.905322 0.467127 0.905322 0.460508 0.905322 0.467127 0.976795 0.46709 0.976795 0.46709 0.976795 0.460508 0.905322 0.460508 0.110046 0.813702 0.09713995 0.773858 0.067191 0.794129 0.05536097 0.885682 0.071276 0.881511 0.03349196 0.861228 0.01610296 0.774067 0.01844096 0.862504 0.03349196 0.861228 0.03349196 0.861228 0.03321099 0.774027 0.01610296 0.774067 0.03321099 0.774027 0.07120198 0.7496441 0.04875397 0.739869 0.06525695 0.844097 0.03349196 0.861228 0.071276 0.881511 0.071276 0.881511 0.09099596 0.867952 0.06525695 0.844097 0.03321099 0.774027 0.03349196 0.861228 0.06525695 0.844097 0.06525695 0.844097 0.073794 0.820128 0.03321099 0.774027 0.07120198 0.7496441 0.03321099 0.774027 0.067191 0.794129 0.067191 0.794129 0.09713995 0.773858 0.07120198 0.7496441 0.06525695 0.844097 0.09099596 0.867952 0.104733 0.844404 0.110046 0.813702 0.073794 0.820128 0.06525695 0.844097 0.06525695 0.844097 0.104733 0.844404 0.110046 0.813702 0.110046 0.813702 0.067191 0.794129 0.073794 0.820128 0.073794 0.820128 0.067191 0.794129 0.03321099 0.774027 0.01610296 0.774067 0.03321099 0.774027 0.04875397 0.739869 0.04875397 0.739869 0.02646899 0.734635 0.01610296 0.774067 0.03349196 0.861228 0.01844096 0.862504 0.03104096 0.887181 0.03104096 0.887181 0.04279798 0.888975 0.03349196 0.861228 0.105915 0.800784 0.09732198 0.771925 0.04865998 0.78252 0.03353697 0.8541 0.02113497 0.861397 0.06272 0.888345 0.06272 0.888345 0.075764 0.877634 0.03353697 0.8541 0.01877498 0.764284 0.02113497 0.861397 0.03353697 0.8541 0.03353697 0.8541 0.03014695 0.770524 0.01877498 0.764284 0.03014695 0.770524 0.07349097 0.745264 0.06019598 0.737392 0.05500298 0.832979 0.03353697 0.8541 0.075764 0.877634 0.075764 0.877634 0.09495198 0.852751 0.05500298 0.832979 0.03014695 0.770524 0.03353697 0.8541 0.05500298 0.832979 0.05500298 0.832979 0.05545198 0.80563 0.03014695 0.770524 0.05500298 0.832979 0.09495198 0.852751 0.103478 0.828006 0.105915 0.800784 0.05545198 0.80563 0.05500298 0.832979 0.05500298 0.832979 0.103478 0.828006 0.105915 0.800784 0.105915 0.800784 0.04865998 0.78252 0.05545198 0.80563 0.05545198 0.80563 0.04865998 0.78252 0.03014695 0.770524 0.01877498 0.764284 0.03014695 0.770524 0.06019598 0.737392 0.06019598 0.737392 0.04433697 0.739741 0.01877498 0.764284 0.01379698 0.1111389 0.013906 0.2193629 0.05658799 0.222661 0.05658799 0.222661 0.05237799 0.09901601 0.01379698 0.1111389 0.111886 0.01122701 0.05237799 0.09901601 0.05658799 0.222661 0.05658799 0.222661 0.11176 0.2442259 0.111886 0.01122701 0.11176 0.2442259 0.05658799 0.222661 0.05967599 0.279247 0.111784 0.370197 0.11176 0.2442259 0.05967599 0.279247 0.05967599 0.279247 0.06105595 0.369911 0.111784 0.370197 0.05967599 0.279247 0.05658799 0.222661 0.01419794 0.24213 0.01419794 0.24213 0.01409596 0.271782 0.05967599 0.279247 0.05658799 0.222661 0.013906 0.2193629 0.01419794 0.24213 0.06105595 0.369911 0.111343 0.404737 0.111784 0.370197 0.05237799 0.09901601 0.111886 0.01122701 0.05691295 0.01590502 0.03552597 0.377736 0.04048997 0.400972 0.111343 0.404737 0.111343 0.404737 0.06105595 0.369911 0.03552597 0.377736 0.921268 0.74079 0.921301 0.708782 0.851329 0.70871 0.851329 0.70871 0.912301 0.740781 0.921268 0.74079 0.988404 0.638878 0.921373 0.638809 0.921301 0.708782 0.921301 0.708782 0.988332 0.708851 0.988404 0.638878 0.988332 0.708851 0.921301 0.708782 0.921268 0.74079 0.921268 0.74079 0.988299 0.740858 0.988332 0.708851 0.04879999 0.782467 0.03014695 0.770524 0.07342898 0.745227 0.03349196 0.861228 0.071276 0.881511 0.054892 0.885805 0.03349196 0.861228 0.04279798 0.888975 0.05536097 0.885682 0.04865998 0.78252 0.09732198 0.771925 0.08679598 0.753142 0.04865998 0.78252 0.08679598 0.753142 0.07349097 0.745264 0.03014695 0.770524 0.04865998 0.78252 0.07349097 0.745264 0.03014695 0.770524 0.06019598 0.737392 0.07342898 0.745227 0.353955 0.210465 0.353842 0.192902 0.377942 0.19311 0.377942 0.19311 0.378354 0.2102149 0.353955 0.210465 0.41057 0.178286 0.407586 0.1651 0.427289 0.1649529 0.427289 0.1649529 0.435119 0.177277 0.41057 0.178286 0.460961 0.151902 0.459544 0.1621649 0.443684 0.156728 0.443684 0.156728 0.44307 0.1501079 0.460961 0.151902 0.422288 0.09236901 0.447245 0.1200339 0.430923 0.1297799 0.430923 0.1297799 0.409446 0.104896 0.422288 0.09236901 0.429148 0.05249297 0.445661 0.071087 0.437267 0.07820302 0.437267 0.07820302 0.420183 0.060395 0.429148 0.05249297 0.378354 0.2102149 0.378604 0.240391 0.354175 0.2371829 0.354175 0.2371829 0.353955 0.210465 0.378354 0.2102149 0.415011 0.1924009 0.418314 0.20959 0.378354 0.2102149 0.378354 0.2102149 0.377942 0.19311 0.415011 0.1924009 0.472885 0.01937299 0.50299 0.05655199 0.445661 0.071087 0.445661 0.071087 0.429148 0.05249297 0.472885 0.01937299 0.491049 0.156413 0.49273 0.13848 0.50793 0.1443359 0.50793 0.1443359 0.505818 0.1609659 0.491049 0.156413 0.52987 0.1943389 0.554145 0.198215 0.546215 0.223828 0.546215 0.223828 0.522862 0.219528 0.52987 0.1943389 0.558273 0.1432639 0.560179 0.170099 0.535679 0.169286 0.535679 0.169286 0.532407 0.14871 0.558273 0.1432639 0.536321 0.318306 0.539159 0.345175 0.521433 0.346856 0.521433 0.346856 0.518672 0.316876 0.536321 0.318306 0.539159 0.345175 0.546475 0.372409 0.525733 0.384223 0.525733 0.384223 0.521433 0.346856 0.539159 0.345175 0.578752 0.410338 0.571354 0.456387 0.538671 0.434541 0.538671 0.434541 0.559628 0.394262 0.578752 0.410338 0.525733 0.384223 0.546475 0.372409 0.559628 0.394262 0.559628 0.394262 0.538671 0.434541 0.525733 0.384223 0.578752 0.410338 0.608432 0.419858 0.607928 0.465507 0.607928 0.465507 0.571354 0.456387 0.578752 0.410338 0.607928 0.465507 0.608432 0.419858 0.645361 0.421724 0.645361 0.421724 0.645132 0.467152 0.607928 0.465507 0.645361 0.421724 0.66522 0.421117 0.667217 0.466158 0.667217 0.466158 0.645132 0.467152 0.645361 0.421724 0.66522 0.421117 0.67626 0.42049 0.679301 0.462915 0.679301 0.462915 0.667217 0.466158 0.66522 0.421117 0.607928 0.465507 0.645132 0.467152 0.646646 0.495992 0.646646 0.495992 0.60667 0.49669 0.607928 0.465507 0.661003 0.709472 0.621856 0.719747 0.613764 0.6727311 0.613764 0.6727311 0.657332 0.6676 0.661003 0.709472 0.621856 0.719747 0.595463 0.735581 0.576614 0.686495 0.576614 0.686495 0.613764 0.6727311 0.621856 0.719747 0.54458 0.766097 0.549601 0.7082991 0.580466 0.753967 0.580466 0.753967 0.572715 0.775592 0.54458 0.766097 0.568436 0.8132 0.57228 0.846007 0.53819 0.851885 0.53819 0.851885 0.539953 0.809385 0.568436 0.8132 0.582283 0.86866 0.599486 0.888079 0.57376 0.912468 0.57376 0.912468 0.541507 0.889454 0.582283 0.86866 0.53819 0.851885 0.57228 0.846007 0.582283 0.86866 0.582283 0.86866 0.541507 0.889454 0.53819 0.851885 0.621298 0.901204 0.642565 0.909209 0.619646 0.937855 0.619646 0.937855 0.600296 0.927705 0.621298 0.901204 0.596875 0.1644309 0.616819 0.157036 0.621855 0.1969559 0.621855 0.1969559 0.601998 0.2004849 0.596875 0.1644309 0.616819 0.157036 0.633784 0.1535339 0.646784 0.196967 0.646784 0.196967 0.621855 0.1969559 0.616819 0.157036 0.600296 0.927705 0.57376 0.912468 0.599486 0.888079 0.599486 0.888079 0.621298 0.901204 0.600296 0.927705 0.568436 0.8132 0.539953 0.809385 0.54458 0.766097 0.54458 0.766097 0.572715 0.775592 0.568436 0.8132 0.61128 0.630713 0.660489 0.6317 0.657332 0.6676 0.657332 0.6676 0.613764 0.6727311 0.61128 0.630713 0.668885 0.494756 0.646646 0.495992 0.645132 0.467152 0.645132 0.467152 0.667217 0.466158 0.668885 0.494756 0.673806 0.667216 0.675187 0.707006 0.661003 0.709472 0.661003 0.709472 0.657332 0.6676 0.673806 0.667216 0.549601 0.7082991 0.576614 0.686495 0.595463 0.735581 0.595463 0.735581 0.580466 0.753967 0.549601 0.7082991 0.61128 0.630713 0.572301 0.640339 0.571621 0.589497 0.571621 0.589497 0.609098 0.5834 0.61128 0.630713 0.532407 0.14871 0.509868 0.130348 0.541504 0.1071069 0.541504 0.1071069 0.558273 0.1432639 0.532407 0.14871 0.478998 0.104519 0.445661 0.071087 0.50299 0.05655199 0.4992 0.186828 0.505818 0.1609659 0.521246 0.165795 0.521246 0.165795 0.515298 0.191258 0.4992 0.186828 0.50299 0.05655199 0.541504 0.1071069 0.509868 0.130348 0.509868 0.130348 0.478998 0.104519 0.50299 0.05655199 0.415011 0.1924009 0.41057 0.178286 0.435119 0.177277 0.435119 0.177277 0.445289 0.1926029 0.415011 0.1924009 0.477878 0.1534469 0.471203 0.173475 0.459544 0.1621649 0.459544 0.1621649 0.460961 0.151902 0.477878 0.1534469 0.437267 0.07820302 0.465914 0.109583 0.447245 0.1200339 0.447245 0.1200339 0.422288 0.09236901 0.437267 0.07820302 0.405193 0.07555299 0.422288 0.09236901 0.409446 0.104896 0.409446 0.104896 0.393231 0.08889001 0.405193 0.07555299 0.376592 0.1775 0.37572 0.1635019 0.407586 0.1651 0.407586 0.1651 0.41057 0.178286 0.376592 0.1775 0.459422 0.140524 0.460961 0.151902 0.44307 0.1501079 0.44307 0.1501079 0.440443 0.14346 0.459422 0.140524 0.505818 0.1609659 0.4992 0.186828 0.483831 0.1804339 0.483831 0.1804339 0.491049 0.156413 0.505818 0.1609659 0.560179 0.170099 0.554145 0.198215 0.52987 0.1943389 0.52987 0.1943389 0.535679 0.169286 0.560179 0.170099 0.505818 0.1609659 0.50793 0.1443359 0.522701 0.150515 0.522701 0.150515 0.521246 0.165795 0.505818 0.1609659 0.49273 0.13848 0.491049 0.156413 0.477878 0.1534469 0.477878 0.1534469 0.478532 0.1375679 0.49273 0.13848 0.446594 0.1748539 0.43574 0.163564 0.441101 0.1610689 0.441101 0.1610689 0.454687 0.1700239 0.446594 0.1748539 0.522862 0.219528 0.546215 0.223828 0.540873 0.2491139 0.540873 0.2491139 0.519038 0.2435269 0.522862 0.219528 0.509648 0.213925 0.490432 0.211328 0.4992 0.186828 0.4992 0.186828 0.515298 0.191258 0.509648 0.213925 0.483831 0.1804339 0.470264 0.202471 0.458007 0.1881989 0.458007 0.1881989 0.471203 0.173475 0.483831 0.1804339 0.651475 0.578347 0.648795 0.531399 0.67166 0.529977 0.67166 0.529977 0.675212 0.575423 0.651475 0.578347 0.569551 0.536133 0.568634 0.494007 0.60667 0.49669 0.60667 0.49669 0.607366 0.534215 0.569551 0.536133 0.441101 0.1610689 0.43574 0.163564 0.430571 0.156435 0.430571 0.156435 0.433554 0.155089 0.441101 0.1610689 0.433559 0.1491879 0.44307 0.1501079 0.443684 0.156728 0.443684 0.156728 0.434526 0.1529909 0.433559 0.1491879 0.407586 0.1651 0.405996 0.157984 0.424197 0.1574079 0.424197 0.1574079 0.427289 0.1649529 0.407586 0.1651 0.440443 0.14346 0.44307 0.1501079 0.433559 0.1491879 0.433559 0.1491879 0.431557 0.144936 0.440443 0.14346 0.404354 0.110736 0.409446 0.104896 0.430923 0.1297799 0.430923 0.1297799 0.42454 0.1342279 0.404354 0.110736 0.405996 0.157984 0.407586 0.1651 0.37572 0.1635019 0.37572 0.1635019 0.375905 0.1565729 0.405996 0.157984 0.375905 0.1565729 0.37572 0.1635019 0.353746 0.162827 0.353746 0.162827 0.353717 0.15578 0.375905 0.1565729 0.483969 0.307734 0.461094 0.29729 0.468102 0.254274 0.468102 0.254274 0.486903 0.265392 0.483969 0.307734 0.400193 0.278646 0.425053 0.231899 0.446703 0.243556 0.446703 0.243556 0.43525 0.289631 0.400193 0.278646 0.483969 0.307734 0.486903 0.265392 0.503871 0.273675 0.503871 0.273675 0.504041 0.314454 0.483969 0.307734 0.486683 0.346973 0.483969 0.307734 0.504041 0.314454 0.504041 0.314454 0.506992 0.347726 0.486683 0.346973 0.486683 0.346973 0.490107 0.387946 0.46375 0.388759 0.46375 0.388759 0.461748 0.344358 0.486683 0.346973 0.490107 0.387946 0.486683 0.346973 0.506992 0.347726 0.506992 0.347726 0.510425 0.386423 0.490107 0.387946 0.433558 0.388626 0.39816 0.387665 0.398399 0.339938 0.398399 0.339938 0.433123 0.342095 0.433558 0.388626 0.490107 0.387946 0.510425 0.386423 0.515358 0.434684 0.515358 0.434684 0.494189 0.435384 0.490107 0.387946 0.539628 0.489093 0.538671 0.434541 0.571354 0.456387 0.571354 0.456387 0.568634 0.494007 0.539628 0.489093 0.494189 0.435384 0.515358 0.434684 0.521292 0.487166 0.521292 0.487166 0.50298 0.488996 0.494189 0.435384 0.572301 0.640339 0.548188 0.650457 0.547943 0.594352 0.547943 0.594352 0.571621 0.589497 0.572301 0.640339 0.571621 0.589497 0.547943 0.594352 0.543749 0.536504 0.543749 0.536504 0.569551 0.536133 0.571621 0.589497 0.465708 0.434702 0.46375 0.388759 0.490107 0.387946 0.490107 0.387946 0.494189 0.435384 0.465708 0.434702 0.398207 0.463201 0.355216 0.461196 0.354767 0.427866 0.354767 0.427866 0.398078 0.430253 0.398207 0.463201 0.434957 0.469498 0.398207 0.463201 0.398078 0.430253 0.398078 0.430253 0.434216 0.4329 0.434957 0.469498 0.466415 0.491632 0.467013 0.477826 0.50298 0.488996 0.50298 0.488996 0.485904 0.496023 0.466415 0.491632 0.60667 0.49669 0.646646 0.495992 0.648795 0.531399 0.648795 0.531399 0.607366 0.534215 0.60667 0.49669 0.67166 0.529977 0.648795 0.531399 0.646646 0.495992 0.646646 0.495992 0.668885 0.494756 0.67166 0.529977 0.568634 0.494007 0.571354 0.456387 0.607928 0.465507 0.607928 0.465507 0.60667 0.49669 0.568634 0.494007 0.568634 0.494007 0.569551 0.536133 0.543749 0.536504 0.543749 0.536504 0.539628 0.489093 0.568634 0.494007 0.517372 0.534329 0.50298 0.488996 0.521292 0.487166 0.521292 0.487166 0.529228 0.535295 0.517372 0.534329 0.41985 0.537045 0.421727 0.531824 0.444445 0.543943 0.444445 0.543943 0.44498 0.553132 0.41985 0.537045 0.530629 0.657085 0.515475 0.65454 0.521669 0.597664 0.521669 0.597664 0.533973 0.596244 0.530629 0.657085 0.530629 0.657085 0.527125 0.708578 0.500961 0.705009 0.520766 0.761765 0.527125 0.708578 0.549601 0.7082991 0.549601 0.7082991 0.54458 0.766097 0.520766 0.761765 0.54458 0.766097 0.539953 0.809385 0.516028 0.806677 0.516028 0.806677 0.520766 0.761765 0.54458 0.766097 0.51291 0.854542 0.516028 0.806677 0.539953 0.809385 0.539953 0.809385 0.53819 0.851885 0.51291 0.854542 0.426236 0.952848 0.433131 0.971787 0.357251 0.971209 0.357251 0.971209 0.357195 0.952643 0.426236 0.952848 0.446777 0.972338 0.446131 0.952454 0.466415 0.952152 0.466415 0.952152 0.466905 0.972691 0.446777 0.972338 0.510439 0.971009 0.489844 0.972444 0.488682 0.951664 0.488682 0.951664 0.510359 0.950794 0.510439 0.971009 0.5288 0.969251 0.510439 0.971009 0.510359 0.950794 0.510359 0.950794 0.531541 0.951811 0.5288 0.969251 0.560328 0.93818 0.553873 0.954884 0.531541 0.951811 0.531541 0.951811 0.534561 0.927624 0.560328 0.93818 0.571509 0.978316 0.563323 0.9687 0.571671 0.960588 0.571671 0.960588 0.582203 0.973154 0.571509 0.978316 0.628149 0.231665 0.630634 0.246371 0.610353 0.252039 0.610353 0.252039 0.607341 0.234597 0.628149 0.231665 0.768834 0.263879 0.673677 0.262223 0.672106 0.244238 0.672106 0.244238 0.768834 0.2462409 0.768834 0.263879 0.69939 0.278303 0.605509 0.274914 0.612991 0.264553 0.612991 0.264553 0.631952 0.262368 0.69939 0.278303 0.69939 0.278303 0.673677 0.262223 0.768834 0.263879 0.768834 0.263879 0.768834 0.280151 0.69939 0.278303 0.672106 0.244238 0.67062 0.230098 0.768834 0.232949 0.768834 0.232949 0.768834 0.2462409 0.672106 0.244238 0.768834 0.212396 0.768834 0.232949 0.722017 0.2100129 0.560328 0.93818 0.582657 0.949241 0.571671 0.960588 0.571671 0.960588 0.553873 0.954884 0.560328 0.93818 0.57376 0.912468 0.600296 0.927705 0.582657 0.949241 0.582657 0.949241 0.560328 0.93818 0.57376 0.912468 0.600296 0.927705 0.619646 0.937855 0.595991 0.963074 0.595991 0.963074 0.582657 0.949241 0.600296 0.927705 0.556111 0.337328 0.681119 0.296691 0.571485 0.356122 0.675201 0.2076309 0.628149 0.231665 0.646784 0.196967 0.601998 0.2004849 0.621855 0.1969559 0.628149 0.231665 0.628149 0.231665 0.607341 0.234597 0.601998 0.2004849 0.57376 0.912468 0.560328 0.93818 0.534561 0.927624 0.534561 0.927624 0.541507 0.889454 0.57376 0.912468 0.489095 0.857426 0.493911 0.805635 0.516028 0.806677 0.516028 0.806677 0.51291 0.854542 0.489095 0.857426 0.51291 0.854542 0.53819 0.851885 0.541507 0.889454 0.541507 0.889454 0.511632 0.889844 0.51291 0.854542 0.534561 0.927624 0.510901 0.923172 0.511632 0.889844 0.511632 0.889844 0.541507 0.889454 0.534561 0.927624 0.489095 0.857426 0.51291 0.854542 0.511632 0.889844 0.511632 0.889844 0.488021 0.89123 0.489095 0.857426 0.488021 0.89123 0.511632 0.889844 0.510901 0.923172 0.510901 0.923172 0.488187 0.923063 0.488021 0.89123 0.409691 0.818332 0.356902 0.867517 0.356384 0.822095 0.501831 0.761454 0.520766 0.761765 0.516028 0.806677 0.516028 0.806677 0.493911 0.805635 0.501831 0.761454 0.442812 0.601475 0.44286 0.633449 0.418622 0.630435 0.418622 0.630435 0.417824 0.597211 0.442812 0.601475 0.39048 0.628668 0.390086 0.595112 0.417824 0.597211 0.417824 0.597211 0.418622 0.630435 0.39048 0.628668 0.443524 0.559929 0.442719 0.578006 0.417322 0.570365 0.417322 0.570365 0.418113 0.547861 0.443524 0.559929 0.389939 0.567105 0.390347 0.5441311 0.418113 0.547861 0.418113 0.547861 0.417322 0.570365 0.389939 0.567105 0.456234 0.565367 0.455996 0.580897 0.442719 0.578006 0.442719 0.578006 0.443524 0.559929 0.456234 0.565367 0.443315 0.66775 0.442571 0.713114 0.417647 0.712716 0.417647 0.712716 0.41936 0.6658501 0.443315 0.66775 0.390885 0.6648901 0.41936 0.6658501 0.417647 0.712716 0.417647 0.712716 0.390087 0.71243 0.390885 0.6648901 0.456947 0.668158 0.443315 0.66775 0.44286 0.633449 0.44286 0.633449 0.45648 0.633534 0.456947 0.668158 0.418113 0.547861 0.41985 0.537045 0.44498 0.553132 0.44498 0.553132 0.443524 0.559929 0.418113 0.547861 0.681268 0.493432 0.668885 0.494756 0.667217 0.466158 0.667217 0.466158 0.679301 0.462915 0.681268 0.493432 0.681268 0.493432 0.683665 0.529324 0.67166 0.529977 0.67166 0.529977 0.668885 0.494756 0.681268 0.493432 0.420183 0.060395 0.437267 0.07820302 0.422288 0.09236901 0.422288 0.09236901 0.405193 0.07555299 0.420183 0.060395 0.377942 0.19311 0.376592 0.1775 0.41057 0.178286 0.41057 0.178286 0.415011 0.1924009 0.377942 0.19311 0.491049 0.156413 0.483831 0.1804339 0.471203 0.173475 0.471203 0.173475 0.477878 0.1534469 0.491049 0.156413 0.445661 0.071087 0.478998 0.104519 0.465914 0.109583 0.465914 0.109583 0.437267 0.07820302 0.445661 0.071087 0.447245 0.1200339 0.465914 0.109583 0.478532 0.1375679 0.478532 0.1375679 0.459422 0.140524 0.447245 0.1200339 0.459544 0.1621649 0.471203 0.173475 0.454687 0.1700239 0.372601 0.01802003 0.376139 0.01016402 0.394373 0.02185797 0.394373 0.02185797 0.389131 0.029563 0.372601 0.01802003 0.389131 0.029563 0.394373 0.02185797 0.406091 0.03081202 0.406091 0.03081202 0.400429 0.03841698 0.389131 0.029563 0.372601 0.01802003 0.389131 0.029563 0.386317 0.05908697 0.386317 0.05908697 0.356032 0.02937501 0.372601 0.01802003 0.389131 0.029563 0.400429 0.03841698 0.386317 0.05908697 0.314656 0.02760797 0.311294 0.01947402 0.332351 0.009424984 0.332351 0.009424984 0.334105 0.01659899 0.314656 0.02760797 0.30952 0.05503201 0.314656 0.02760797 0.334105 0.01659899 0.334105 0.01659899 0.346965 0.02859503 0.30952 0.05503201 0.333654 0.08008599 0.30952 0.05503201 0.346965 0.02859503 0.346965 0.02859503 0.347605 0.04189902 0.333654 0.08008599 0.35806 0.005596995 0.355974 0.01285201 0.355207 0.005860984 0.346961 0.01392 0.348793 0.007100045 0.352796 0.006484031 0.352796 0.006484031 0.355974 0.01285201 0.346961 0.01392 0.362965 0.006292998 0.376139 0.01016402 0.372601 0.01802003 0.372601 0.01802003 0.355974 0.01285201 0.362965 0.006292998 0.343501 0.007552981 0.348793 0.007100045 0.346961 0.01392 0.355974 0.01285201 0.356032 0.02937501 0.346965 0.02859503 0.346965 0.02859503 0.346961 0.01392 0.355974 0.01285201 0.372601 0.01802003 0.356032 0.02937501 0.355974 0.01285201 0.346965 0.02859503 0.356032 0.02937501 0.35236 0.04196602 0.35236 0.04196602 0.347605 0.04189902 0.346965 0.02859503 0.35236 0.04196602 0.360975 0.08027702 0.333654 0.08008599 0.333654 0.08008599 0.347605 0.04189902 0.35236 0.04196602 0.378354 0.2102149 0.418314 0.20959 0.425053 0.231899 0.425053 0.231899 0.378604 0.240391 0.378354 0.2102149 0.398078 0.430253 0.39816 0.387665 0.433558 0.388626 0.433558 0.388626 0.434216 0.4329 0.398078 0.430253 0.461748 0.344358 0.461094 0.29729 0.483969 0.307734 0.483969 0.307734 0.486683 0.346973 0.461748 0.344358 0.398399 0.339938 0.400193 0.278646 0.43525 0.289631 0.43525 0.289631 0.433123 0.342095 0.398399 0.339938 0.43525 0.289631 0.446703 0.243556 0.468102 0.254274 0.468102 0.254274 0.461094 0.29729 0.43525 0.289631 0.461748 0.344358 0.433123 0.342095 0.43525 0.289631 0.43525 0.289631 0.461094 0.29729 0.461748 0.344358 0.433558 0.388626 0.433123 0.342095 0.461748 0.344358 0.461748 0.344358 0.46375 0.388759 0.433558 0.388626 0.434216 0.4329 0.433558 0.388626 0.46375 0.388759 0.46375 0.388759 0.465708 0.434702 0.434216 0.4329 0.434216 0.4329 0.465708 0.434702 0.467013 0.477826 0.467013 0.477826 0.434957 0.469498 0.434216 0.4329 0.518672 0.316876 0.517526 0.278872 0.536874 0.280994 0.536874 0.280994 0.536321 0.318306 0.518672 0.316876 0.445289 0.1926029 0.458007 0.1881989 0.470264 0.202471 0.609098 0.5834 0.651475 0.578347 0.660489 0.6317 0.660489 0.6317 0.61128 0.630713 0.609098 0.5834 0.651475 0.578347 0.675212 0.575423 0.682925 0.634104 0.682925 0.634104 0.660489 0.6317 0.651475 0.578347 0.41936 0.6658501 0.418622 0.630435 0.44286 0.633449 0.44286 0.633449 0.443315 0.66775 0.41936 0.6658501 0.39048 0.628668 0.390885 0.6648901 0.356081 0.663983 0.356081 0.663983 0.356022 0.627127 0.39048 0.628668 0.45648 0.633534 0.44286 0.633449 0.442812 0.601475 0.442812 0.601475 0.455815 0.602391 0.45648 0.633534 0.691646 0.62643 0.682925 0.634104 0.675212 0.575423 0.675212 0.575423 0.687151 0.574062 0.691646 0.62643 0.569551 0.536133 0.607366 0.534215 0.609098 0.5834 0.609098 0.5834 0.571621 0.589497 0.569551 0.536133 0.607366 0.534215 0.648795 0.531399 0.651475 0.578347 0.651475 0.578347 0.609098 0.5834 0.607366 0.534215 0.521669 0.597664 0.517372 0.534329 0.529228 0.535295 0.529228 0.535295 0.533973 0.596244 0.521669 0.597664 0.417824 0.597211 0.417322 0.570365 0.442719 0.578006 0.442719 0.578006 0.442812 0.601475 0.417824 0.597211 0.389939 0.567105 0.390086 0.595112 0.355963 0.593615 0.355963 0.593615 0.355915 0.564946 0.389939 0.567105 0.442812 0.601475 0.442719 0.578006 0.455996 0.580897 0.455996 0.580897 0.455815 0.602391 0.442812 0.601475 0.687151 0.574062 0.675212 0.575423 0.67166 0.529977 0.67166 0.529977 0.683665 0.529324 0.687151 0.574062 0.67062 0.230098 0.672106 0.244238 0.630634 0.246371 0.630634 0.246371 0.628149 0.231665 0.67062 0.230098 0.673677 0.262223 0.69939 0.278303 0.631952 0.262368 0.627244 0.365593 0.596952 0.365403 0.681119 0.296691 0.489844 0.972444 0.466905 0.972691 0.466415 0.952152 0.466415 0.952152 0.488682 0.951664 0.489844 0.972444 0.488187 0.923063 0.455725 0.923942 0.455489 0.893177 0.455489 0.893177 0.488021 0.89123 0.488187 0.923063 0.463042 0.806862 0.493911 0.805635 0.489095 0.857426 0.489095 0.857426 0.455684 0.855759 0.463042 0.806862 0.480036 0.760584 0.463042 0.806862 0.470064 0.75628 0.548188 0.650457 0.530629 0.657085 0.533973 0.596244 0.533973 0.596244 0.547943 0.594352 0.548188 0.650457 0.547943 0.594352 0.533973 0.596244 0.529228 0.535295 0.529228 0.535295 0.543749 0.536504 0.547943 0.594352 0.529228 0.535295 0.521292 0.487166 0.539628 0.489093 0.539628 0.489093 0.543749 0.536504 0.529228 0.535295 0.539628 0.489093 0.521292 0.487166 0.515358 0.434684 0.515358 0.434684 0.538671 0.434541 0.539628 0.489093 0.538671 0.434541 0.515358 0.434684 0.510425 0.386423 0.510425 0.386423 0.525733 0.384223 0.538671 0.434541 0.510425 0.386423 0.506992 0.347726 0.521433 0.346856 0.521433 0.346856 0.525733 0.384223 0.510425 0.386423 0.506992 0.347726 0.504041 0.314454 0.518672 0.316876 0.518672 0.316876 0.521433 0.346856 0.506992 0.347726 0.504041 0.314454 0.503871 0.273675 0.517526 0.278872 0.517526 0.278872 0.518672 0.316876 0.504041 0.314454 0.503871 0.273675 0.506973 0.255073 0.517526 0.278872 0.506408 0.2375289 0.509648 0.213925 0.522862 0.219528 0.522862 0.219528 0.519038 0.2435269 0.506408 0.2375289 0.515298 0.191258 0.521246 0.165795 0.535679 0.169286 0.535679 0.169286 0.52987 0.1943389 0.515298 0.191258 0.44498 0.553132 0.463495 0.559139 0.456234 0.565367 0.456234 0.565367 0.443524 0.559929 0.44498 0.553132 0.456234 0.565367 0.463495 0.559139 0.468423 0.576579 0.468423 0.576579 0.455996 0.580897 0.456234 0.565367 0.455996 0.580897 0.468423 0.576579 0.469771 0.599017 0.469771 0.599017 0.455815 0.602391 0.455996 0.580897 0.455815 0.602391 0.469771 0.599017 0.471039 0.630406 0.471039 0.630406 0.45648 0.633534 0.455815 0.602391 0.45648 0.633534 0.471039 0.630406 0.470623 0.665667 0.470623 0.665667 0.456947 0.668158 0.45648 0.633534 0.456947 0.668158 0.470623 0.665667 0.470331 0.710122 0.470331 0.710122 0.456541 0.7131701 0.456947 0.668158 0.500961 0.705009 0.527125 0.708578 0.501831 0.761454 0.442639 0.810075 0.463042 0.806862 0.455684 0.855759 0.455684 0.855759 0.429201 0.859172 0.442639 0.810075 0.455725 0.923942 0.446131 0.952454 0.426236 0.952848 0.426236 0.952848 0.423925 0.9267 0.455725 0.923942 0.677195 0.643023 0.673806 0.667216 0.657332 0.6676 0.657332 0.6676 0.660489 0.6317 0.677195 0.643023 0.613764 0.6727311 0.576614 0.686495 0.572301 0.640339 0.572301 0.640339 0.61128 0.630713 0.613764 0.6727311 0.576614 0.686495 0.549601 0.7082991 0.548188 0.650457 0.548188 0.650457 0.572301 0.640339 0.576614 0.686495 0.548188 0.650457 0.549601 0.7082991 0.527125 0.708578 0.527125 0.708578 0.530629 0.657085 0.548188 0.650457 0.660489 0.6317 0.682925 0.634104 0.677195 0.643023 0.863303 0.450567 0.864358 0.482927 0.837208 0.474204 0.837208 0.474204 0.835539 0.445451 0.863303 0.450567 0.425053 0.231899 0.446996 0.2307569 0.446703 0.243556 0.79761 0.417065 0.800858 0.440861 0.764976 0.442218 0.764976 0.442218 0.757809 0.421363 0.79761 0.417065 0.860667 0.420954 0.863303 0.450567 0.835539 0.445451 0.835539 0.445451 0.832744 0.418419 0.860667 0.420954 0.446703 0.243556 0.446996 0.2307569 0.470046 0.240535 0.470046 0.240535 0.468102 0.254274 0.446703 0.243556 0.800858 0.440861 0.79761 0.417065 0.835539 0.445451 0.435119 0.177277 0.427289 0.1649529 0.43574 0.163564 0.43574 0.163564 0.446594 0.1748539 0.435119 0.177277 0.509868 0.130348 0.50793 0.1443359 0.49273 0.13848 0.49273 0.13848 0.478998 0.104519 0.509868 0.130348 0.445289 0.1926029 0.435119 0.177277 0.446594 0.1748539 0.446594 0.1748539 0.458007 0.1881989 0.445289 0.1926029 0.447245 0.1200339 0.459422 0.140524 0.440443 0.14346 0.440443 0.14346 0.430923 0.1297799 0.447245 0.1200339 0.532407 0.14871 0.522701 0.150515 0.50793 0.1443359 0.50793 0.1443359 0.509868 0.130348 0.532407 0.14871 0.49273 0.13848 0.478532 0.1375679 0.465914 0.109583 0.465914 0.109583 0.478998 0.104519 0.49273 0.13848 0.427289 0.1649529 0.424197 0.1574079 0.430571 0.156435 0.430571 0.156435 0.43574 0.163564 0.427289 0.1649529 0.430923 0.1297799 0.440443 0.14346 0.431557 0.144936 0.431557 0.144936 0.42454 0.1342279 0.430923 0.1297799 0.460961 0.151902 0.459422 0.140524 0.478532 0.1375679 0.478532 0.1375679 0.477878 0.1534469 0.460961 0.151902 0.35806 0.005596995 0.362965 0.006292998 0.355974 0.01285201 0.332351 0.009424984 0.343501 0.007552981 0.346961 0.01392 0.346961 0.01392 0.334105 0.01659899 0.332351 0.009424984 0.346961 0.01392 0.346965 0.02859503 0.334105 0.01659899 0.35236 0.04196602 0.356032 0.02937501 0.386317 0.05908697 0.386317 0.05908697 0.360975 0.08027702 0.35236 0.04196602 0.521246 0.165795 0.522701 0.150515 0.532407 0.14871 0.532407 0.14871 0.535679 0.169286 0.521246 0.165795 0.860667 0.420954 0.884983 0.423344 0.884994 0.454612 0.884994 0.454612 0.863303 0.450567 0.860667 0.420954 0.519038 0.2435269 0.540873 0.2491139 0.536874 0.280994 0.536874 0.280994 0.517526 0.278872 0.519038 0.2435269 0.884994 0.454612 0.888683 0.478097 0.864358 0.482927 0.864358 0.482927 0.863303 0.450567 0.884994 0.454612 0.483831 0.1804339 0.4992 0.186828 0.490432 0.211328 0.490432 0.211328 0.470264 0.202471 0.483831 0.1804339 0.454687 0.1700239 0.441101 0.1610689 0.443684 0.156728 0.443684 0.156728 0.459544 0.1621649 0.454687 0.1700239 0.441101 0.1610689 0.433554 0.155089 0.434526 0.1529909 0.434526 0.1529909 0.443684 0.156728 0.441101 0.1610689 0.454687 0.1700239 0.471203 0.173475 0.458007 0.1881989 0.458007 0.1881989 0.446594 0.1748539 0.454687 0.1700239 0.515298 0.191258 0.52987 0.1943389 0.522862 0.219528 0.522862 0.219528 0.509648 0.213925 0.515298 0.191258 0.352796 0.006484031 0.355207 0.005860984 0.355974 0.01285201 0.398207 0.463201 0.398978 0.479973 0.354704 0.477932 0.354704 0.477932 0.355216 0.461196 0.398207 0.463201 0.434957 0.469498 0.435455 0.484792 0.398978 0.479973 0.398978 0.479973 0.398207 0.463201 0.434957 0.469498 0.467013 0.477826 0.466415 0.491632 0.435455 0.484792 0.435455 0.484792 0.434957 0.469498 0.467013 0.477826 0.467013 0.477826 0.465708 0.434702 0.494189 0.435384 0.494189 0.435384 0.50298 0.488996 0.467013 0.477826 0.423925 0.9267 0.426236 0.952848 0.357195 0.952643 0.357195 0.952643 0.357063 0.927273 0.423925 0.9267 0.446131 0.952454 0.455725 0.923942 0.466415 0.952152 0.488682 0.951664 0.488187 0.923063 0.510901 0.923172 0.510901 0.923172 0.510359 0.950794 0.488682 0.951664 0.510359 0.950794 0.510901 0.923172 0.534561 0.927624 0.534561 0.927624 0.531541 0.951811 0.510359 0.950794 0.553873 0.954884 0.548862 0.967664 0.5288 0.969251 0.5288 0.969251 0.531541 0.951811 0.553873 0.954884 0.571671 0.960588 0.582657 0.949241 0.595991 0.963074 0.595991 0.963074 0.582203 0.973154 0.571671 0.960588 0.630634 0.246371 0.631952 0.262368 0.612991 0.264553 0.612991 0.264553 0.610353 0.252039 0.630634 0.246371 0.571671 0.960588 0.563323 0.9687 0.548862 0.967664 0.548862 0.967664 0.553873 0.954884 0.571671 0.960588 0.672106 0.244238 0.673677 0.262223 0.631952 0.262368 0.631952 0.262368 0.630634 0.246371 0.672106 0.244238 0.466415 0.952152 0.455725 0.923942 0.488187 0.923063 0.488187 0.923063 0.488682 0.951664 0.466415 0.952152 0.446131 0.952454 0.446777 0.972338 0.433131 0.971787 0.433131 0.971787 0.426236 0.952848 0.446131 0.952454 0.550471 0.311225 0.553667 0.29209 0.681119 0.296691 0.681119 0.296691 0.6717 0.358087 0.653803 0.362167 0.463495 0.559139 0.44498 0.553132 0.50298 0.488996 0.50298 0.488996 0.517372 0.534329 0.463495 0.559139 0.50298 0.488996 0.44498 0.553132 0.444445 0.543943 0.444445 0.543943 0.485904 0.496023 0.50298 0.488996 0.468423 0.576579 0.463495 0.559139 0.517372 0.534329 0.515475 0.65454 0.470623 0.665667 0.471039 0.630406 0.471039 0.630406 0.521669 0.597664 0.515475 0.65454 0.471039 0.630406 0.469771 0.599017 0.521669 0.597664 0.521669 0.597664 0.469771 0.599017 0.468423 0.576579 0.468423 0.576579 0.517372 0.534329 0.521669 0.597664 0.470623 0.665667 0.515475 0.65454 0.500961 0.705009 0.500961 0.705009 0.470331 0.710122 0.470623 0.665667 0.442571 0.713114 0.443315 0.66775 0.456947 0.668158 0.456947 0.668158 0.456541 0.7131701 0.442571 0.713114 0.470331 0.710122 0.500961 0.705009 0.480036 0.760584 0.480036 0.760584 0.470064 0.75628 0.470331 0.710122 0.456541 0.7131701 0.454488 0.758003 0.440357 0.754792 0.440357 0.754792 0.442571 0.713114 0.456541 0.7131701 0.442571 0.713114 0.440357 0.754792 0.414201 0.75575 0.414201 0.75575 0.417647 0.712716 0.442571 0.713114 0.417647 0.712716 0.414201 0.75575 0.390087 0.71243 0.354428 0.339749 0.398399 0.339938 0.39816 0.387665 0.39816 0.387665 0.354612 0.386667 0.354428 0.339749 0.392038 0.524101 0.391348 0.534183 0.355588 0.530398 0.355588 0.530398 0.355677 0.521904 0.392038 0.524101 0.355726 0.541805 0.355588 0.530398 0.391348 0.534183 0.391348 0.534183 0.390347 0.5441311 0.355726 0.541805 0.297015 0.02726 0.311294 0.01947402 0.314656 0.02760797 0.314656 0.02760797 0.301281 0.036282 0.297015 0.02726 0.301281 0.036282 0.314656 0.02760797 0.30952 0.05503201 0.354612 0.386667 0.39816 0.387665 0.398078 0.430253 0.398078 0.430253 0.354767 0.427866 0.354612 0.386667 0.354361 0.272471 0.400193 0.278646 0.398399 0.339938 0.398399 0.339938 0.354428 0.339749 0.354361 0.272471 0.378604 0.240391 0.425053 0.231899 0.400193 0.278646 0.378604 0.240391 0.400193 0.278646 0.354361 0.272471 0.470064 0.75628 0.454488 0.758003 0.456541 0.7131701 0.456541 0.7131701 0.470331 0.710122 0.470064 0.75628 0.455684 0.855759 0.455489 0.893177 0.425108 0.897443 0.425108 0.897443 0.429201 0.859172 0.455684 0.855759 0.356941 0.901305 0.356902 0.867517 0.429201 0.859172 0.429201 0.859172 0.425108 0.897443 0.356941 0.901305 0.480036 0.760584 0.501831 0.761454 0.493911 0.805635 0.493911 0.805635 0.463042 0.806862 0.480036 0.760584 0.501831 0.761454 0.480036 0.760584 0.500961 0.705009 0.500961 0.705009 0.515475 0.65454 0.530629 0.657085 0.454488 0.758003 0.470064 0.75628 0.463042 0.806862 0.463042 0.806862 0.442639 0.810075 0.454488 0.758003 0.455489 0.893177 0.455725 0.923942 0.423925 0.9267 0.423925 0.9267 0.425108 0.897443 0.455489 0.893177 0.356941 0.901305 0.425108 0.897443 0.423925 0.9267 0.423925 0.9267 0.357063 0.927273 0.356941 0.901305 0.455489 0.893177 0.455684 0.855759 0.489095 0.857426 0.489095 0.857426 0.488021 0.89123 0.455489 0.893177 0.440357 0.754792 0.442639 0.810075 0.409691 0.818332 0.409691 0.818332 0.414201 0.75575 0.440357 0.754792 0.356226 0.757018 0.414201 0.75575 0.409691 0.818332 0.409691 0.818332 0.356384 0.822095 0.356226 0.757018 0.454488 0.758003 0.442639 0.810075 0.440357 0.754792 0.409691 0.818332 0.442639 0.810075 0.429201 0.859172 0.527125 0.708578 0.520766 0.761765 0.501831 0.761454 0.653803 0.362167 0.627244 0.365593 0.681119 0.296691 0.768834 0.322995 0.692452 0.323527 0.69939 0.278303 0.69939 0.278303 0.768834 0.280151 0.768834 0.322995 0.556111 0.337328 0.550471 0.311225 0.681119 0.296691 0.681119 0.296691 0.596952 0.365403 0.571485 0.356122 0.409691 0.818332 0.429201 0.859172 0.356902 0.867517 0.390086 0.595112 0.39048 0.628668 0.356022 0.627127 0.356022 0.627127 0.355963 0.593615 0.390086 0.595112 0.390347 0.5441311 0.389939 0.567105 0.355915 0.564946 0.355915 0.564946 0.355726 0.541805 0.390347 0.5441311 0.390885 0.6648901 0.390087 0.71243 0.356142 0.712405 0.356142 0.712405 0.356081 0.663983 0.390885 0.6648901 0.390885 0.6648901 0.39048 0.628668 0.418622 0.630435 0.418622 0.630435 0.41936 0.6658501 0.390885 0.6648901 0.390086 0.595112 0.389939 0.567105 0.417322 0.570365 0.417322 0.570365 0.417824 0.597211 0.390086 0.595112 0.41985 0.537045 0.391348 0.534183 0.392038 0.524101 0.392038 0.524101 0.421727 0.531824 0.41985 0.537045 0.390347 0.5441311 0.391348 0.534183 0.41985 0.537045 0.41985 0.537045 0.418113 0.547861 0.390347 0.5441311 0.356226 0.757018 0.356142 0.712405 0.390087 0.71243 0.414201 0.75575 0.356226 0.757018 0.390087 0.71243 0.354175 0.2371829 0.378604 0.240391 0.354361 0.272471 0.353746 0.162827 0.37572 0.1635019 0.376592 0.1775 0.376592 0.1775 0.353797 0.177218 0.353746 0.162827 0.38793 0.094783 0.393231 0.08889001 0.409446 0.104896 0.409446 0.104896 0.404354 0.110736 0.38793 0.094783 0.353842 0.192902 0.353797 0.177218 0.376592 0.1775 0.376592 0.1775 0.377942 0.19311 0.353842 0.192902 0.353955 0.210465 0.329581 0.2105759 0.329783 0.1934419 0.329783 0.1934419 0.353842 0.192902 0.353955 0.210465 0.297073 0.178803 0.272528 0.1779389 0.280265 0.16557 0.280265 0.16557 0.299956 0.1655859 0.297073 0.178803 0.246519 0.152763 0.264396 0.1508489 0.263826 0.15747 0.263826 0.15747 0.2480069 0.163015 0.246519 0.152763 0.284796 0.09297698 0.297721 0.1054189 0.276409 0.1304439 0.276409 0.1304439 0.260023 0.1208069 0.284796 0.09297698 0.277668 0.05314803 0.286687 0.06099003 0.269722 0.07891201 0.269722 0.07891201 0.26128 0.07185202 0.277668 0.05314803 0.329581 0.2105759 0.353955 0.210465 0.354175 0.2371829 0.354175 0.2371829 0.329822 0.240719 0.329581 0.2105759 0.292741 0.1929709 0.329783 0.1934419 0.329581 0.2105759 0.329581 0.2105759 0.289669 0.210209 0.292741 0.1929709 0.2337099 0.02032202 0.277668 0.05314803 0.26128 0.07185202 0.26128 0.07185202 0.203855 0.05770301 0.2337099 0.02032202 0.216467 0.1574789 0.201732 0.162135 0.199504 0.145518 0.199504 0.145518 0.214663 0.139559 0.216467 0.1574789 0.177913 0.19567 0.185095 0.220807 0.161772 0.2252719 0.161772 0.2252719 0.1536639 0.199715 0.177913 0.19567 0.149156 0.1447899 0.175058 0.1500599 0.171928 0.170659 0.171928 0.170659 0.1474339 0.17164 0.149156 0.1447899 0.172315 0.319695 0.1899459 0.318127 0.187447 0.348148 0.187447 0.348148 0.169705 0.34662 0.172315 0.319695 0.169705 0.34662 0.187447 0.348148 0.183491 0.385562 0.183491 0.385562 0.162634 0.373938 0.169705 0.34662 0.13068 0.412198 0.149669 0.395923 0.171011 0.436001 0.171011 0.436001 0.1385419 0.458173 0.13068 0.412198 0.183491 0.385562 0.171011 0.436001 0.149669 0.395923 0.149669 0.395923 0.162634 0.373938 0.183491 0.385562 0.05147397 0.7121461 0.05472499 0.670241 0.09833496 0.674917 0.09833496 0.674917 0.09071201 0.722018 0.05147397 0.7121461 0.09071201 0.722018 0.09833496 0.674917 0.135582 0.688287 0.135582 0.688287 0.117245 0.737592 0.09071201 0.722018 0.168639 0.767542 0.140523 0.777306 0.132466 0.755837 0.132466 0.755837 0.162676 0.709817 0.168639 0.767542 0.1450279 0.814802 0.173471 0.810769 0.175493 0.853263 0.175493 0.853263 0.141372 0.847634 0.1450279 0.814802 0.1315219 0.870386 0.1724449 0.890881 0.14037 0.914151 0.14037 0.914151 0.114462 0.88995 0.1315219 0.870386 0.175493 0.853263 0.1724449 0.890881 0.1315219 0.870386 0.1315219 0.870386 0.141372 0.847634 0.175493 0.853263 0.09274995 0.903244 0.11395 0.929588 0.09467595 0.939881 0.09467595 0.939881 0.07154399 0.911407 0.09274995 0.903244 0.940795 0.164433 0.935671 0.200486 0.915814 0.1969569 0.915814 0.1969569 0.920851 0.157037 0.940795 0.164433 0.920851 0.157037 0.915814 0.1969569 0.890885 0.196967 0.890885 0.196967 0.903886 0.153535 0.920851 0.157037 0.11395 0.929588 0.09274995 0.903244 0.114462 0.88995 0.114462 0.88995 0.14037 0.914151 0.11395 0.929588 0.1450279 0.814802 0.140523 0.777306 0.168639 0.767542 0.168639 0.767542 0.173471 0.810769 0.1450279 0.814802 0.1004199 0.632883 0.09833496 0.674917 0.05472499 0.670241 0.05472499 0.670241 0.05121099 0.634383 0.1004199 0.632883 0.03824996 0.670027 0.05472499 0.670241 0.05147397 0.7121461 0.05147397 0.7121461 0.03726798 0.709826 0.03824996 0.670027 0.162676 0.709817 0.132466 0.755837 0.117245 0.737592 0.117245 0.737592 0.135582 0.688287 0.162676 0.709817 0.1004199 0.632883 0.102082 0.585559 0.139589 0.591267 0.139589 0.591267 0.139558 0.642101 0.1004199 0.632883 0.175058 0.1500599 0.149156 0.1447899 0.1656799 0.108518 0.1656799 0.108518 0.197472 0.1315439 0.175058 0.1500599 0.2281669 0.105506 0.203855 0.05770301 0.26128 0.07185202 0.208537 0.187951 0.192466 0.192489 0.186338 0.167069 0.186338 0.167069 0.201732 0.162135 0.208537 0.187951 0.203855 0.05770301 0.2281669 0.105506 0.197472 0.1315439 0.197472 0.1315439 0.1656799 0.108518 0.203855 0.05770301 0.292741 0.1929709 0.262252 0.1935369 0.272528 0.1779389 0.272528 0.1779389 0.297073 0.178803 0.292741 0.1929709 0.229615 0.1544229 0.246519 0.152763 0.2480069 0.163015 0.2480069 0.163015 0.236429 0.1744019 0.229615 0.1544229 0.269722 0.07891201 0.284796 0.09297698 0.260023 0.1208069 0.260023 0.1208069 0.241285 0.1104819 0.269722 0.07891201 0.301778 0.07604801 0.313829 0.08930498 0.297721 0.1054189 0.297721 0.1054189 0.284796 0.09297698 0.301778 0.07604801 0.33102 0.1777579 0.297073 0.178803 0.299956 0.1655859 0.299956 0.1655859 0.331789 0.1637279 0.33102 0.1777579 0.247982 0.141377 0.26698 0.144186 0.264396 0.1508489 0.264396 0.1508489 0.246519 0.152763 0.247982 0.141377 0.201732 0.162135 0.216467 0.1574789 0.223855 0.18145 0.223855 0.18145 0.208537 0.187951 0.201732 0.162135 0.1474339 0.17164 0.171928 0.170659 0.177913 0.19567 0.177913 0.19567 0.1536639 0.199715 0.1474339 0.17164 0.201732 0.162135 0.186338 0.167069 0.184776 0.151799 0.184776 0.151799 0.199504 0.145518 0.201732 0.162135 0.214663 0.139559 0.228853 0.138549 0.229615 0.1544229 0.229615 0.1544229 0.216467 0.1574789 0.214663 0.139559 0.261048 0.1756169 0.252919 0.17084 0.266436 0.161789 0.266436 0.161789 0.271811 0.1642429 0.261048 0.1756169 0.185095 0.220807 0.189088 0.244773 0.167295 0.25052 0.167295 0.25052 0.161772 0.2252719 0.185095 0.220807 0.198272 0.2151129 0.192466 0.192489 0.208537 0.187951 0.208537 0.187951 0.217481 0.2123879 0.198272 0.2151129 0.223855 0.18145 0.236429 0.1744019 0.249728 0.189022 0.249728 0.189022 0.237522 0.2034159 0.223855 0.18145 0.05966097 0.580945 0.03589695 0.578269 0.03897798 0.53279 0.03897798 0.53279 0.06185698 0.533974 0.05966097 0.580945 0.141152 0.537886 0.103314 0.536359 0.103631 0.498836 0.103631 0.498836 0.141641 0.495765 0.141152 0.537886 0.266436 0.161789 0.27394 0.155758 0.276928 0.1570789 0.276928 0.1570789 0.271811 0.1642429 0.266436 0.161789 0.2739 0.1498659 0.272957 0.153671 0.263826 0.15747 0.263826 0.15747 0.264396 0.1508489 0.2739 0.1498659 0.299956 0.1655859 0.280265 0.16557 0.283301 0.1580049 0.283301 0.1580049 0.30149 0.158455 0.299956 0.1655859 0.26698 0.144186 0.275874 0.145603 0.2739 0.1498659 0.2739 0.1498659 0.264396 0.1508489 0.26698 0.144186 0.302851 0.1112239 0.282821 0.13485 0.276409 0.1304439 0.276409 0.1304439 0.297721 0.1054189 0.302851 0.1112239 0.30149 0.158455 0.331547 0.156795 0.331789 0.1637279 0.331789 0.1637279 0.299956 0.1655859 0.30149 0.158455 0.331547 0.156795 0.353717 0.15578 0.353746 0.162827 0.353746 0.162827 0.331789 0.1637279 0.331547 0.156795 0.224516 0.308699 0.221422 0.266336 0.240193 0.255048 0.240193 0.255048 0.247215 0.2980901 0.224516 0.308699 0.308347 0.278962 0.27306 0.290121 0.261608 0.2441959 0.261608 0.2441959 0.283241 0.2324969 0.308347 0.278962 0.224516 0.308699 0.20454 0.315582 0.204495 0.274784 0.204495 0.274784 0.221422 0.266336 0.224516 0.308699 0.22222 0.347991 0.201903 0.348902 0.20454 0.315582 0.20454 0.315582 0.224516 0.308699 0.22222 0.347991 0.22222 0.347991 0.247162 0.345199 0.245598 0.389589 0.245598 0.389589 0.21919 0.388986 0.22222 0.347991 0.21919 0.388986 0.198834 0.38763 0.201903 0.348902 0.201903 0.348902 0.22222 0.347991 0.21919 0.388986 0.275881 0.389222 0.275557 0.342607 0.310246 0.339999 0.310246 0.339999 0.311189 0.387644 0.275881 0.389222 0.21919 0.388986 0.215515 0.436439 0.194332 0.435926 0.194332 0.435926 0.198834 0.38763 0.21919 0.388986 0.170586 0.490555 0.141641 0.495765 0.1385419 0.458173 0.1385419 0.458173 0.171011 0.436001 0.170586 0.490555 0.215515 0.436439 0.207203 0.490103 0.188892 0.488445 0.188892 0.488445 0.194332 0.435926 0.215515 0.436439 0.139558 0.642101 0.139589 0.591267 0.163236 0.595873 0.163236 0.595873 0.163928 0.65195 0.139558 0.642101 0.139589 0.591267 0.141152 0.537886 0.166978 0.537997 0.166978 0.537997 0.163236 0.595873 0.139589 0.591267 0.243996 0.435514 0.215515 0.436439 0.21919 0.388986 0.21919 0.388986 0.245598 0.389589 0.243996 0.435514 0.311627 0.463345 0.311523 0.430358 0.354767 0.427866 0.354767 0.427866 0.355216 0.461196 0.311627 0.463345 0.275009 0.470028 0.275477 0.433436 0.311523 0.430358 0.311523 0.430358 0.311627 0.463345 0.275009 0.470028 0.243039 0.478635 0.2444649 0.488675 0.222308 0.495466 0.222308 0.495466 0.207203 0.490103 0.243039 0.478635 0.103631 0.498836 0.103314 0.536359 0.06185698 0.533974 0.06185698 0.533974 0.06364595 0.498549 0.103631 0.498836 0.03897798 0.53279 0.04139494 0.497542 0.06364595 0.498549 0.06364595 0.498549 0.06185698 0.533974 0.03897798 0.53279 0.141641 0.495765 0.170586 0.490555 0.166978 0.537997 0.166978 0.537997 0.141152 0.537886 0.141641 0.495765 0.19346 0.53554 0.181533 0.5366401 0.188892 0.488445 0.188892 0.488445 0.207203 0.490103 0.19346 0.53554 0.287749 0.530866 0.292857 0.53915 0.26632 0.55327 0.26632 0.55327 0.268587 0.5443 0.287749 0.530866 0.181677 0.65834 0.17717 0.597602 0.189678 0.59883 0.189678 0.59883 0.196737 0.655576 0.181677 0.65834 0.181677 0.65834 0.2114289 0.706006 0.185142 0.709824 0.192365 0.762898 0.168639 0.767542 0.162676 0.709817 0.162676 0.709817 0.185142 0.709824 0.192365 0.762898 0.168639 0.767542 0.192365 0.762898 0.197328 0.807841 0.197328 0.807841 0.173471 0.810769 0.168639 0.767542 0.200774 0.8557 0.175493 0.853263 0.173471 0.810769 0.173471 0.810769 0.197328 0.807841 0.200774 0.8557 0.288238 0.952811 0.357195 0.952643 0.357251 0.971209 0.357251 0.971209 0.281512 0.971816 0.288238 0.952811 0.2681 0.972605 0.248069 0.973368 0.248205 0.95284 0.248205 0.95284 0.268455 0.952722 0.2681 0.972605 0.204251 0.97237 0.2040269 0.952097 0.225809 0.952851 0.225809 0.952851 0.2250429 0.973569 0.204251 0.97237 0.185766 0.970688 0.182884 0.953245 0.2040269 0.952097 0.2040269 0.952097 0.204251 0.97237 0.185766 0.970688 0.1539919 0.939778 0.179671 0.929035 0.182884 0.953245 0.182884 0.953245 0.160573 0.956452 0.1539919 0.939778 0.143096 0.98 0.132368 0.97491 0.142813 0.962273 0.142813 0.962273 0.151216 0.970331 0.143096 0.98 0.909519 0.231666 0.930327 0.2345989 0.927314 0.252041 0.927314 0.252041 0.907034 0.2463719 0.909519 0.231666 0.768834 0.263879 0.768834 0.2462409 0.865562 0.244238 0.865562 0.244238 0.863991 0.262223 0.768834 0.263879 0.838326 0.278325 0.905715 0.26237 0.924676 0.264555 0.924676 0.264555 0.932157 0.274916 0.838326 0.278325 0.838326 0.278325 0.768834 0.280151 0.768834 0.263879 0.768834 0.263879 0.863991 0.262223 0.838326 0.278325 0.768834 0.232949 0.867048 0.230098 0.865562 0.244238 0.865562 0.244238 0.768834 0.2462409 0.768834 0.232949 0.768834 0.212396 0.815651 0.2100129 0.768834 0.232949 0.1539919 0.939778 0.160573 0.956452 0.142813 0.962273 0.142813 0.962273 0.1317459 0.951 0.1539919 0.939778 0.14037 0.914151 0.1539919 0.939778 0.1317459 0.951 0.1317459 0.951 0.11395 0.929588 0.14037 0.914151 0.11395 0.929588 0.1317459 0.951 0.118511 0.964927 0.118511 0.964927 0.09467595 0.939881 0.11395 0.929588 0.983658 0.337072 0.968284 0.355865 0.858719 0.296461 0.862468 0.2076309 0.909519 0.231666 0.867048 0.230098 0.935671 0.200486 0.930327 0.2345989 0.909519 0.231666 0.909519 0.231666 0.915814 0.1969569 0.935671 0.200486 0.14037 0.914151 0.1724449 0.890881 0.179671 0.929035 0.179671 0.929035 0.1539919 0.939778 0.14037 0.914151 0.224595 0.858345 0.200774 0.8557 0.197328 0.807841 0.197328 0.807841 0.219367 0.806599 0.224595 0.858345 0.200774 0.8557 0.202305 0.891015 0.1724449 0.890881 0.1724449 0.890881 0.175493 0.853263 0.200774 0.8557 0.179671 0.929035 0.1724449 0.890881 0.202305 0.891015 0.202305 0.891015 0.203259 0.924385 0.179671 0.929035 0.224595 0.858345 0.22574 0.892275 0.202305 0.891015 0.202305 0.891015 0.200774 0.8557 0.224595 0.858345 0.22574 0.892275 0.225908 0.92429 0.203259 0.924385 0.203259 0.924385 0.202305 0.891015 0.22574 0.892275 0.303278 0.818683 0.356384 0.822095 0.356902 0.867517 0.211127 0.762439 0.219367 0.806599 0.197328 0.807841 0.197328 0.807841 0.192365 0.762898 0.211127 0.762439 0.269034 0.601777 0.29409 0.5974521 0.29339 0.630639 0.29339 0.630639 0.269068 0.6337381 0.269034 0.601777 0.321558 0.628769 0.29339 0.630639 0.29409 0.5974521 0.29409 0.5974521 0.321855 0.595189 0.321558 0.628769 0.267899 0.560164 0.293393 0.548162 0.294348 0.570649 0.294348 0.570649 0.268895 0.578296 0.267899 0.560164 0.321825 0.567252 0.294348 0.570649 0.293393 0.548162 0.293393 0.548162 0.321142 0.544307 0.321825 0.567252 0.255193 0.565745 0.267899 0.560164 0.268895 0.578296 0.268895 0.578296 0.255559 0.581297 0.255193 0.565745 0.268831 0.668047 0.292785 0.666057 0.294621 0.712938 0.294621 0.712938 0.269734 0.71346 0.268831 0.668047 0.321272 0.664993 0.322207 0.71253 0.294621 0.712938 0.294621 0.712938 0.292785 0.666057 0.321272 0.664993 0.255224 0.668611 0.255381 0.63394 0.269068 0.6337381 0.269068 0.6337381 0.268831 0.668047 0.255224 0.668611 0.293393 0.548162 0.267899 0.560164 0.26632 0.55327 0.26632 0.55327 0.292857 0.53915 0.293393 0.548162 0.028997 0.496345 0.04139494 0.497542 0.03897798 0.53279 0.03897798 0.53279 0.02696698 0.532261 0.028997 0.496345 0.286687 0.06099003 0.301778 0.07604801 0.284796 0.09297698 0.284796 0.09297698 0.269722 0.07891201 0.286687 0.06099003 0.329783 0.1934419 0.292741 0.1929709 0.297073 0.178803 0.297073 0.178803 0.33102 0.1777579 0.329783 0.1934419 0.216467 0.1574789 0.229615 0.1544229 0.236429 0.1744019 0.236429 0.1744019 0.223855 0.18145 0.216467 0.1574789 0.26128 0.07185202 0.269722 0.07891201 0.241285 0.1104819 0.241285 0.1104819 0.2281669 0.105506 0.26128 0.07185202 0.260023 0.1208069 0.247982 0.141377 0.228853 0.138549 0.228853 0.138549 0.241285 0.1104819 0.260023 0.1208069 0.2480069 0.163015 0.252919 0.17084 0.236429 0.1744019 0.372645 0.018009 0.389175 0.02955198 0.394417 0.021847 0.394417 0.021847 0.376183 0.01015299 0.372645 0.018009 0.389175 0.02955198 0.400473 0.03840601 0.406135 0.03080201 0.406135 0.03080201 0.394417 0.021847 0.389175 0.02955198 0.372645 0.018009 0.356076 0.02936398 0.38636 0.05907702 0.38636 0.05907702 0.389175 0.02955198 0.372645 0.018009 0.389175 0.02955198 0.38636 0.05907702 0.400473 0.03840601 0.314699 0.02759701 0.334149 0.01658803 0.332395 0.009414017 0.332395 0.009414017 0.311337 0.019463 0.314699 0.02759701 0.309564 0.05502098 0.347009 0.028584 0.334149 0.01658803 0.334149 0.01658803 0.314699 0.02759701 0.309564 0.05502098 0.333698 0.08007502 0.347649 0.04188799 0.347009 0.028584 0.347009 0.028584 0.309564 0.05502098 0.333698 0.08007502 0.358103 0.005586981 0.355251 0.005850017 0.356018 0.01284199 0.347005 0.01390999 0.356018 0.01284199 0.35284 0.006473004 0.35284 0.006473004 0.348837 0.007089018 0.347005 0.01390999 0.363009 0.006282985 0.356018 0.01284199 0.372645 0.018009 0.372645 0.018009 0.376183 0.01015299 0.363009 0.006282985 0.343545 0.007542014 0.347005 0.01390999 0.348837 0.007089018 0.356018 0.01284199 0.347005 0.01390999 0.347009 0.028584 0.347009 0.028584 0.356076 0.02936398 0.356018 0.01284199 0.372645 0.018009 0.356018 0.01284199 0.356076 0.02936398 0.347009 0.028584 0.347649 0.04188799 0.352404 0.041956 0.352404 0.041956 0.356076 0.02936398 0.347009 0.028584 0.352404 0.041956 0.347649 0.04188799 0.333698 0.08007502 0.333698 0.08007502 0.361019 0.08026599 0.352404 0.041956 0.329581 0.2105759 0.329822 0.240719 0.283241 0.2324969 0.283241 0.2324969 0.289669 0.210209 0.329581 0.2105759 0.311523 0.430358 0.275477 0.433436 0.275881 0.389222 0.275881 0.389222 0.311189 0.387644 0.311523 0.430358 0.247162 0.345199 0.22222 0.347991 0.224516 0.308699 0.224516 0.308699 0.247215 0.2980901 0.247162 0.345199 0.310246 0.339999 0.275557 0.342607 0.27306 0.290121 0.27306 0.290121 0.308347 0.278962 0.310246 0.339999 0.27306 0.290121 0.247215 0.2980901 0.240193 0.255048 0.240193 0.255048 0.261608 0.2441959 0.27306 0.290121 0.247162 0.345199 0.247215 0.2980901 0.27306 0.290121 0.27306 0.290121 0.275557 0.342607 0.247162 0.345199 0.275881 0.389222 0.245598 0.389589 0.247162 0.345199 0.247162 0.345199 0.275557 0.342607 0.275881 0.389222 0.275477 0.433436 0.243996 0.435514 0.245598 0.389589 0.245598 0.389589 0.275881 0.389222 0.275477 0.433436 0.275477 0.433436 0.275009 0.470028 0.243039 0.478635 0.243039 0.478635 0.243996 0.435514 0.275477 0.433436 0.1899459 0.318127 0.172315 0.319695 0.171526 0.282369 0.171526 0.282369 0.190868 0.280104 0.1899459 0.318127 0.237522 0.2034159 0.249728 0.189022 0.262252 0.1935369 0.102082 0.585559 0.1004199 0.632883 0.05121099 0.634383 0.05121099 0.634383 0.05966097 0.580945 0.102082 0.585559 0.05966097 0.580945 0.05121099 0.634383 0.02879995 0.637026 0.02879995 0.637026 0.03589695 0.578269 0.05966097 0.580945 0.292785 0.666057 0.268831 0.668047 0.269068 0.6337381 0.269068 0.6337381 0.29339 0.630639 0.292785 0.666057 0.321558 0.628769 0.356022 0.627127 0.356081 0.663983 0.356081 0.663983 0.321272 0.664993 0.321558 0.628769 0.255381 0.63394 0.255937 0.602787 0.269034 0.601777 0.269034 0.601777 0.269068 0.6337381 0.255381 0.63394 0.01999998 0.629445 0.02394497 0.5770331 0.03589695 0.578269 0.03589695 0.578269 0.02879995 0.637026 0.01999998 0.629445 0.141152 0.537886 0.139589 0.591267 0.102082 0.585559 0.102082 0.585559 0.103314 0.536359 0.141152 0.537886 0.103314 0.536359 0.102082 0.585559 0.05966097 0.580945 0.05966097 0.580945 0.06185698 0.533974 0.103314 0.536359 0.189678 0.59883 0.17717 0.597602 0.181533 0.5366401 0.181533 0.5366401 0.19346 0.53554 0.189678 0.59883 0.29409 0.5974521 0.269034 0.601777 0.268895 0.578296 0.268895 0.578296 0.294348 0.570649 0.29409 0.5974521 0.321825 0.567252 0.355915 0.564946 0.355963 0.593615 0.355963 0.593615 0.321855 0.595189 0.321825 0.567252 0.269034 0.601777 0.255937 0.602787 0.255559 0.581297 0.255559 0.581297 0.268895 0.578296 0.269034 0.601777 0.02394497 0.5770331 0.02696698 0.532261 0.03897798 0.53279 0.03897798 0.53279 0.03589695 0.578269 0.02394497 0.5770331 0.867048 0.230098 0.909519 0.231666 0.907034 0.2463719 0.907034 0.2463719 0.865562 0.244238 0.867048 0.230098 0.863991 0.262223 0.905715 0.26237 0.838326 0.278325 0.912526 0.365334 0.858719 0.296461 0.942818 0.365145 0.2250429 0.973569 0.225809 0.952851 0.248205 0.95284 0.248205 0.95284 0.248069 0.973368 0.2250429 0.973569 0.225908 0.92429 0.22574 0.892275 0.258128 0.893761 0.258128 0.893761 0.258303 0.924438 0.225908 0.92429 0.250161 0.807564 0.257991 0.856402 0.224595 0.858345 0.224595 0.858345 0.219367 0.806599 0.250161 0.807564 0.232807 0.761398 0.2426339 0.757003 0.250161 0.807564 0.163928 0.65195 0.163236 0.595873 0.17717 0.597602 0.17717 0.597602 0.181677 0.65834 0.163928 0.65195 0.163236 0.595873 0.166978 0.537997 0.181533 0.5366401 0.181533 0.5366401 0.17717 0.597602 0.163236 0.595873 0.181533 0.5366401 0.166978 0.537997 0.170586 0.490555 0.170586 0.490555 0.188892 0.488445 0.181533 0.5366401 0.170586 0.490555 0.171011 0.436001 0.194332 0.435926 0.194332 0.435926 0.188892 0.488445 0.170586 0.490555 0.171011 0.436001 0.183491 0.385562 0.198834 0.38763 0.198834 0.38763 0.194332 0.435926 0.171011 0.436001 0.198834 0.38763 0.183491 0.385562 0.187447 0.348148 0.187447 0.348148 0.201903 0.348902 0.198834 0.38763 0.201903 0.348902 0.187447 0.348148 0.1899459 0.318127 0.1899459 0.318127 0.20454 0.315582 0.201903 0.348902 0.20454 0.315582 0.1899459 0.318127 0.190868 0.280104 0.190868 0.280104 0.204495 0.274784 0.20454 0.315582 0.204495 0.274784 0.190868 0.280104 0.2012439 0.256214 0.201673 0.238681 0.189088 0.244773 0.185095 0.220807 0.185095 0.220807 0.198272 0.2151129 0.201673 0.238681 0.192466 0.192489 0.177913 0.19567 0.171928 0.170659 0.171928 0.170659 0.186338 0.167069 0.192466 0.192489 0.26632 0.55327 0.267899 0.560164 0.255193 0.565745 0.255193 0.565745 0.24781 0.559582 0.26632 0.55327 0.255193 0.565745 0.255559 0.581297 0.243005 0.577102 0.243005 0.577102 0.24781 0.559582 0.255193 0.565745 0.255559 0.581297 0.255937 0.602787 0.24181 0.59956 0.24181 0.59956 0.243005 0.577102 0.255559 0.581297 0.255937 0.602787 0.255381 0.63394 0.240785 0.630961 0.240785 0.630961 0.24181 0.59956 0.255937 0.602787 0.255381 0.63394 0.255224 0.668611 0.241564 0.666273 0.241564 0.666273 0.240785 0.630961 0.255381 0.63394 0.255224 0.668611 0.255828 0.713679 0.242081 0.710793 0.242081 0.710793 0.241564 0.666273 0.255224 0.668611 0.2114289 0.706006 0.211127 0.762439 0.185142 0.709824 0.270491 0.810637 0.284497 0.859633 0.257991 0.856402 0.257991 0.856402 0.250161 0.807564 0.270491 0.810637 0.258303 0.924438 0.290195 0.926664 0.288238 0.952811 0.288238 0.952811 0.268455 0.952722 0.258303 0.924438 0.034621 0.645876 0.05121099 0.634383 0.05472499 0.670241 0.05472499 0.670241 0.03824996 0.670027 0.034621 0.645876 0.09833496 0.674917 0.1004199 0.632883 0.139558 0.642101 0.139558 0.642101 0.135582 0.688287 0.09833496 0.674917 0.135582 0.688287 0.139558 0.642101 0.163928 0.65195 0.163928 0.65195 0.162676 0.709817 0.135582 0.688287 0.163928 0.65195 0.181677 0.65834 0.185142 0.709824 0.185142 0.709824 0.162676 0.709817 0.163928 0.65195 0.05121099 0.634383 0.034621 0.645876 0.02879995 0.637026 0.753387 0.396454 0.7262 0.404882 0.728099 0.372562 0.728099 0.372562 0.754832 0.368171 0.753387 0.396454 0.283241 0.2324969 0.261238 0.231539 0.289669 0.210209 0.794424 0.341606 0.834464 0.346583 0.826573 0.367152 0.826573 0.367152 0.790418 0.36535 0.794424 0.341606 0.731514 0.343035 0.759459 0.341376 0.754832 0.368171 0.754832 0.368171 0.728099 0.372562 0.731514 0.343035 0.261608 0.2441959 0.240193 0.255048 0.238119 0.241244 0.238119 0.241244 0.261238 0.231539 0.261608 0.2441959 0.790418 0.36535 0.754832 0.368171 0.794424 0.341606 0.272528 0.1779389 0.261048 0.1756169 0.271811 0.1642429 0.271811 0.1642429 0.280265 0.16557 0.272528 0.1779389 0.197472 0.1315439 0.2281669 0.105506 0.214663 0.139559 0.214663 0.139559 0.199504 0.145518 0.197472 0.1315439 0.262252 0.1935369 0.249728 0.189022 0.261048 0.1756169 0.261048 0.1756169 0.272528 0.1779389 0.262252 0.1935369 0.260023 0.1208069 0.276409 0.1304439 0.26698 0.144186 0.26698 0.144186 0.247982 0.141377 0.260023 0.1208069 0.175058 0.1500599 0.197472 0.1315439 0.199504 0.145518 0.199504 0.145518 0.184776 0.151799 0.175058 0.1500599 0.214663 0.139559 0.2281669 0.105506 0.241285 0.1104819 0.241285 0.1104819 0.228853 0.138549 0.214663 0.139559 0.280265 0.16557 0.271811 0.1642429 0.276928 0.1570789 0.276928 0.1570789 0.283301 0.1580049 0.280265 0.16557 0.276409 0.1304439 0.282821 0.13485 0.275874 0.145603 0.275874 0.145603 0.26698 0.144186 0.276409 0.1304439 0.246519 0.152763 0.229615 0.1544229 0.228853 0.138549 0.228853 0.138549 0.247982 0.141377 0.246519 0.152763 0.358103 0.005586981 0.356018 0.01284199 0.363009 0.006282985 0.332395 0.009414017 0.334149 0.01658803 0.347005 0.01390999 0.347005 0.01390999 0.343545 0.007542014 0.332395 0.009414017 0.347005 0.01390999 0.334149 0.01658803 0.347009 0.028584 0.352404 0.041956 0.361019 0.08026599 0.38636 0.05907702 0.38636 0.05907702 0.356076 0.02936398 0.352404 0.041956 0.186338 0.167069 0.171928 0.170659 0.175058 0.1500599 0.175058 0.1500599 0.184776 0.151799 0.186338 0.167069 0.731514 0.343035 0.728099 0.372562 0.7063 0.376053 0.7063 0.376053 0.707129 0.344794 0.731514 0.343035 0.189088 0.244773 0.190868 0.280104 0.171526 0.282369 0.171526 0.282369 0.167295 0.25052 0.189088 0.244773 0.7063 0.376053 0.728099 0.372562 0.7262 0.404882 0.7262 0.404882 0.702006 0.399436 0.7063 0.376053 0.223855 0.18145 0.237522 0.2034159 0.217481 0.2123879 0.217481 0.2123879 0.208537 0.187951 0.223855 0.18145 0.252919 0.17084 0.2480069 0.163015 0.263826 0.15747 0.263826 0.15747 0.266436 0.161789 0.252919 0.17084 0.266436 0.161789 0.263826 0.15747 0.272957 0.153671 0.272957 0.153671 0.27394 0.155758 0.266436 0.161789 0.252919 0.17084 0.261048 0.1756169 0.249728 0.189022 0.249728 0.189022 0.236429 0.1744019 0.252919 0.17084 0.192466 0.192489 0.198272 0.2151129 0.185095 0.220807 0.185095 0.220807 0.177913 0.19567 0.192466 0.192489 0.35284 0.006473004 0.356018 0.01284199 0.355251 0.005850017 0.354704 0.477932 0.311005 0.48016 0.311627 0.463345 0.311627 0.463345 0.355216 0.461196 0.354704 0.477932 0.274632 0.485314 0.275009 0.470028 0.311627 0.463345 0.311627 0.463345 0.311005 0.48016 0.274632 0.485314 0.274632 0.485314 0.2444649 0.488675 0.243039 0.478635 0.243039 0.478635 0.275009 0.470028 0.274632 0.485314 0.243039 0.478635 0.207203 0.490103 0.215515 0.436439 0.215515 0.436439 0.243996 0.435514 0.243039 0.478635 0.290195 0.926664 0.357063 0.927273 0.357195 0.952643 0.357195 0.952643 0.288238 0.952811 0.290195 0.926664 0.268455 0.952722 0.248205 0.95284 0.258303 0.924438 0.225809 0.952851 0.2040269 0.952097 0.203259 0.924385 0.203259 0.924385 0.225908 0.92429 0.225809 0.952851 0.2040269 0.952097 0.182884 0.953245 0.179671 0.929035 0.179671 0.929035 0.203259 0.924385 0.2040269 0.952097 0.160573 0.956452 0.182884 0.953245 0.185766 0.970688 0.185766 0.970688 0.165671 0.969205 0.160573 0.956452 0.142813 0.962273 0.132368 0.97491 0.118511 0.964927 0.118511 0.964927 0.1317459 0.951 0.142813 0.962273 0.907034 0.2463719 0.927314 0.252041 0.924676 0.264555 0.924676 0.264555 0.905715 0.26237 0.907034 0.2463719 0.142813 0.962273 0.160573 0.956452 0.165671 0.969205 0.165671 0.969205 0.151216 0.970331 0.142813 0.962273 0.865562 0.244238 0.907034 0.2463719 0.905715 0.26237 0.905715 0.26237 0.863991 0.262223 0.865562 0.244238 0.248205 0.95284 0.225809 0.952851 0.225908 0.92429 0.225908 0.92429 0.258303 0.924438 0.248205 0.95284 0.268455 0.952722 0.288238 0.952811 0.281512 0.971816 0.281512 0.971816 0.2681 0.972605 0.268455 0.952722 0.989299 0.310969 0.858719 0.296461 0.986104 0.291834 0.858719 0.296461 0.885967 0.361907 0.868072 0.357827 0.24781 0.559582 0.19346 0.53554 0.207203 0.490103 0.207203 0.490103 0.26632 0.55327 0.24781 0.559582 0.222308 0.495466 0.268587 0.5443 0.26632 0.55327 0.26632 0.55327 0.207203 0.490103 0.222308 0.495466 0.243005 0.577102 0.19346 0.53554 0.24781 0.559582 0.196737 0.655576 0.189678 0.59883 0.240785 0.630961 0.240785 0.630961 0.241564 0.666273 0.196737 0.655576 0.240785 0.630961 0.189678 0.59883 0.24181 0.59956 0.189678 0.59883 0.19346 0.53554 0.243005 0.577102 0.243005 0.577102 0.24181 0.59956 0.189678 0.59883 0.241564 0.666273 0.242081 0.710793 0.2114289 0.706006 0.2114289 0.706006 0.196737 0.655576 0.241564 0.666273 0.269734 0.71346 0.255828 0.713679 0.255224 0.668611 0.255224 0.668611 0.268831 0.668047 0.269734 0.71346 0.242081 0.710793 0.2426339 0.757003 0.232807 0.761398 0.232807 0.761398 0.2114289 0.706006 0.242081 0.710793 0.255828 0.713679 0.269734 0.71346 0.272008 0.755248 0.272008 0.755248 0.25808 0.75858 0.255828 0.713679 0.269734 0.71346 0.294621 0.712938 0.298172 0.755922 0.298172 0.755922 0.272008 0.755248 0.269734 0.71346 0.294621 0.712938 0.322207 0.71253 0.298172 0.755922 0.354428 0.339749 0.354612 0.386667 0.311189 0.387644 0.311189 0.387644 0.310246 0.339999 0.354428 0.339749 0.355677 0.521904 0.355588 0.530398 0.320287 0.532763 0.320287 0.532763 0.317902 0.524143 0.355677 0.521904 0.355726 0.541805 0.321142 0.544307 0.320287 0.532763 0.320287 0.532763 0.355588 0.530398 0.355726 0.541805 0.297059 0.02725005 0.301325 0.03627097 0.314699 0.02759701 0.314699 0.02759701 0.311337 0.019463 0.297059 0.02725005 0.301325 0.03627097 0.309564 0.05502098 0.314699 0.02759701 0.354612 0.386667 0.354767 0.427866 0.311523 0.430358 0.311523 0.430358 0.311189 0.387644 0.354612 0.386667 0.354361 0.272471 0.354428 0.339749 0.310246 0.339999 0.310246 0.339999 0.308347 0.278962 0.354361 0.272471 0.329822 0.240719 0.308347 0.278962 0.283241 0.2324969 0.329822 0.240719 0.354361 0.272471 0.308347 0.278962 0.2426339 0.757003 0.242081 0.710793 0.255828 0.713679 0.255828 0.713679 0.25808 0.75858 0.2426339 0.757003 0.257991 0.856402 0.284497 0.859633 0.288662 0.897609 0.288662 0.897609 0.258128 0.893761 0.257991 0.856402 0.356941 0.901305 0.288662 0.897609 0.284497 0.859633 0.284497 0.859633 0.356902 0.867517 0.356941 0.901305 0.232807 0.761398 0.250161 0.807564 0.219367 0.806599 0.219367 0.806599 0.211127 0.762439 0.232807 0.761398 0.211127 0.762439 0.2114289 0.706006 0.232807 0.761398 0.2114289 0.706006 0.181677 0.65834 0.196737 0.655576 0.25808 0.75858 0.270491 0.810637 0.250161 0.807564 0.250161 0.807564 0.2426339 0.757003 0.25808 0.75858 0.258128 0.893761 0.288662 0.897609 0.290195 0.926664 0.290195 0.926664 0.258303 0.924438 0.258128 0.893761 0.356941 0.901305 0.357063 0.927273 0.290195 0.926664 0.290195 0.926664 0.288662 0.897609 0.356941 0.901305 0.258128 0.893761 0.22574 0.892275 0.224595 0.858345 0.224595 0.858345 0.257991 0.856402 0.258128 0.893761 0.272008 0.755248 0.298172 0.755922 0.303278 0.818683 0.303278 0.818683 0.270491 0.810637 0.272008 0.755248 0.356226 0.757018 0.356384 0.822095 0.303278 0.818683 0.303278 0.818683 0.298172 0.755922 0.356226 0.757018 0.25808 0.75858 0.272008 0.755248 0.270491 0.810637 0.303278 0.818683 0.284497 0.859633 0.270491 0.810637 0.185142 0.709824 0.211127 0.762439 0.192365 0.762898 0.885967 0.361907 0.858719 0.296461 0.912526 0.365334 0.768834 0.322995 0.768834 0.280151 0.838326 0.278325 0.838326 0.278325 0.845215 0.323527 0.768834 0.322995 0.983658 0.337072 0.858719 0.296461 0.989299 0.310969 0.858719 0.296461 0.968284 0.355865 0.942818 0.365145 0.303278 0.818683 0.356902 0.867517 0.284497 0.859633 0.321855 0.595189 0.355963 0.593615 0.356022 0.627127 0.356022 0.627127 0.321558 0.628769 0.321855 0.595189 0.321142 0.544307 0.355726 0.541805 0.355915 0.564946 0.355915 0.564946 0.321825 0.567252 0.321142 0.544307 0.321272 0.664993 0.356081 0.663983 0.356142 0.712405 0.356142 0.712405 0.322207 0.71253 0.321272 0.664993 0.321272 0.664993 0.292785 0.666057 0.29339 0.630639 0.29339 0.630639 0.321558 0.628769 0.321272 0.664993 0.321855 0.595189 0.29409 0.5974521 0.294348 0.570649 0.294348 0.570649 0.321825 0.567252 0.321855 0.595189 0.287749 0.530866 0.317902 0.524143 0.320287 0.532763 0.320287 0.532763 0.292857 0.53915 0.287749 0.530866 0.321142 0.544307 0.293393 0.548162 0.292857 0.53915 0.292857 0.53915 0.320287 0.532763 0.321142 0.544307 0.356226 0.757018 0.322207 0.71253 0.356142 0.712405 0.298172 0.755922 0.322207 0.71253 0.356226 0.757018 0.354175 0.2371829 0.354361 0.272471 0.329822 0.240719 0.353746 0.162827 0.353797 0.177218 0.33102 0.1777579 0.33102 0.1777579 0.331789 0.1637279 0.353746 0.162827 0.319169 0.09516197 0.302851 0.1112239 0.297721 0.1054189 0.297721 0.1054189 0.313829 0.08930498 0.319169 0.09516197 0.353842 0.192902 0.329783 0.1934419 0.33102 0.1777579 0.33102 0.1777579 0.353797 0.177218 0.353842 0.192902 0.489025 0.251578 0.486903 0.265392 0.468102 0.254274 0.468102 0.254274 0.470046 0.240535 0.489025 0.251578 0.80544 0.465551 0.800858 0.440861 0.835539 0.445451 0.835539 0.445451 0.837208 0.474204 0.80544 0.465551 0.506973 0.255073 0.503871 0.273675 0.486903 0.265392 0.486903 0.265392 0.489025 0.251578 0.506973 0.255073 0.240193 0.255048 0.221422 0.266336 0.219205 0.25253 0.219205 0.25253 0.238119 0.241244 0.240193 0.255048 0.754832 0.368171 0.790418 0.36535 0.785416 0.389167 0.785416 0.389167 0.753387 0.396454 0.754832 0.368171 0.221422 0.266336 0.204495 0.274784 0.2012439 0.256214 0.2012439 0.256214 0.219205 0.25253 0.221422 0.266336 0.425053 0.231899 0.418314 0.20959 0.446996 0.2307569 0.283241 0.2324969 0.261608 0.2441959 0.261238 0.231539 0.506973 0.255073 0.506408 0.2375289 0.519038 0.2435269 0.506973 0.255073 0.519038 0.2435269 0.517526 0.278872 0.189088 0.244773 0.201673 0.238681 0.2012439 0.256214 0.190868 0.280104 0.189088 0.244773 0.2012439 0.256214 0.764976 0.442218 0.800858 0.440861 0.80544 0.465551 0.785416 0.389167 0.790418 0.36535 0.826573 0.367152 0.79761 0.417065 0.832744 0.418419 0.835539 0.445451 0.754832 0.368171 0.759459 0.341376 0.794424 0.341606 0.13068 0.412198 0.1385419 0.458173 0.102061 0.467669 0.102061 0.467669 0.101092 0.422023 0.13068 0.412198 0.102061 0.467669 0.06452798 0.469677 0.06417995 0.424265 0.06417995 0.424265 0.101092 0.422023 0.102061 0.467669 0.06417995 0.424265 0.06452798 0.469677 0.04243695 0.468907 0.04243695 0.468907 0.04431295 0.423859 0.06417995 0.424265 0.04431295 0.423859 0.04243695 0.468907 0.03065598 0.465803 0.03065598 0.465803 0.03326696 0.423345 0.04431295 0.423859 0.102061 0.467669 0.103631 0.498836 0.06364595 0.498549 0.06364595 0.498549 0.06452798 0.469677 0.102061 0.467669 0.04139494 0.497542 0.04243695 0.468907 0.06452798 0.469677 0.06452798 0.469677 0.06364595 0.498549 0.04139494 0.497542 0.141641 0.495765 0.103631 0.498836 0.102061 0.467669 0.102061 0.467669 0.1385419 0.458173 0.141641 0.495765 0.028997 0.496345 0.03065598 0.465803 0.04243695 0.468907 0.04243695 0.468907 0.04139494 0.497542 0.028997 0.496345 0.768834 0.232949 0.67062 0.230098 0.722017 0.2100129 0.768834 0.232949 0.815651 0.2100129 0.867048 0.230098 0.67062 0.230098 0.675201 0.2076309 0.722017 0.2100129 0.815651 0.2100129 0.862468 0.2076309 0.867048 0.230098 0.675201 0.2076309 0.67062 0.230098 0.628149 0.231665 0.862468 0.2076309 0.890885 0.196967 0.909519 0.231666 0.628149 0.231665 0.621855 0.1969559 0.646784 0.196967 0.890885 0.196967 0.915814 0.1969569 0.909519 0.231666 0.89575 0.519826 0.895985 0.557854 0.88585 0.557917 0.88585 0.557917 0.885614 0.519889 0.89575 0.519826 0.905052 0.519768 0.905288 0.557797 0.895985 0.557854 0.895985 0.557854 0.89575 0.519826 0.905052 0.519768 0.914381 0.51971 0.914617 0.557739 0.905288 0.557797 0.905288 0.557797 0.905052 0.519768 0.914381 0.51971 0.924635 0.519647 0.924871 0.557675 0.914617 0.557739 0.914617 0.557739 0.914381 0.51971 0.924635 0.519647 0.935645 0.519578 0.935881 0.557607 0.924871 0.557675 0.924871 0.557675 0.924635 0.519647 0.935645 0.519578 0.946949 0.519508 0.947185 0.557537 0.935881 0.557607 0.935881 0.557607 0.935645 0.519578 0.946949 0.519508 0.957616 0.519442 0.957852 0.55747 0.947185 0.557537 0.947185 0.557537 0.946949 0.519508 0.957616 0.519442 0.967805 0.519379 0.968041 0.557407 0.957852 0.55747 0.957852 0.55747 0.957616 0.519442 0.967805 0.519379 0.978533 0.519312 0.978769 0.557341 0.968041 0.557407 0.968041 0.557407 0.967805 0.519379 0.978533 0.519312 0.990361 0.519239 0.990597 0.557267 0.978769 0.557341 0.978769 0.557341 0.978533 0.519312 0.990361 0.519239 0.885614 0.519889 0.885594 0.516727 0.89573 0.516664 0.89573 0.516664 0.89575 0.519826 0.885614 0.519889 0.89575 0.519826 0.89573 0.516664 0.905032 0.516606 0.905032 0.516606 0.905052 0.519768 0.89575 0.519826 0.905052 0.519768 0.905032 0.516606 0.914361 0.516548 0.914361 0.516548 0.914381 0.51971 0.905052 0.519768 0.914381 0.51971 0.914361 0.516548 0.924616 0.516485 0.924616 0.516485 0.924635 0.519647 0.914381 0.51971 0.924635 0.519647 0.924616 0.516485 0.935625 0.516416 0.935625 0.516416 0.935645 0.519578 0.924635 0.519647 0.935645 0.519578 0.935625 0.516416 0.94693 0.516346 0.94693 0.516346 0.946949 0.519508 0.935645 0.519578 0.946949 0.519508 0.94693 0.516346 0.957596 0.5162801 0.957596 0.5162801 0.957616 0.519442 0.946949 0.519508 0.957616 0.519442 0.957596 0.5162801 0.967785 0.516217 0.967785 0.516217 0.967805 0.519379 0.957616 0.519442 0.967805 0.519379 0.967785 0.516217 0.978513 0.51615 0.978513 0.51615 0.978533 0.519312 0.967805 0.519379 0.978533 0.519312 0.978513 0.51615 0.990342 0.5160771 0.990342 0.5160771 0.990361 0.519239 0.978533 0.519312 0.962854 0.415654 0.959983 0.422976 0.952053 0.426335 0.952053 0.426335 0.951267 0.417411 0.962854 0.415654 0.951267 0.417411 0.952053 0.426335 0.942905 0.424583 0.942905 0.424583 0.952053 0.426335 0.951875 0.431798 0.951875 0.431798 0.940665 0.434975 0.942905 0.424583 0.940665 0.434975 0.951875 0.431798 0.94579 0.445699 0.94579 0.445699 0.951875 0.431798 0.958263 0.436864 0.958263 0.436864 0.957492 0.45196 0.94579 0.445699 0.957492 0.45196 0.958263 0.436864 0.971302 0.449648 0.971302 0.449648 0.958263 0.436864 0.966392 0.431653 0.966392 0.431653 0.980267 0.440587 0.971302 0.449648 0.980267 0.440587 0.966392 0.431653 0.98076 0.428964 0.98076 0.428964 0.966392 0.431653 0.959983 0.422976 0.959983 0.422976 0.973866 0.420396 0.98076 0.428964 0.973866 0.420396 0.959983 0.422976 0.962854 0.415654 0.959983 0.422976 0.958517 0.429652 0.952053 0.426335 0.952053 0.426335 0.958517 0.429652 0.951875 0.431798 0.951875 0.431798 0.958517 0.429652 0.958263 0.436864 0.958263 0.436864 0.958517 0.429652 0.966392 0.431653 0.966392 0.431653 0.958517 0.429652 0.959983 0.422976 0.89575 0.519826 0.895985 0.557854 0.88585 0.557917 0.88585 0.557917 0.885614 0.519889 0.89575 0.519826 0.905052 0.519768 0.905288 0.557797 0.895985 0.557854 0.895985 0.557854 0.89575 0.519826 0.905052 0.519768 0.914381 0.51971 0.914617 0.557739 0.905288 0.557797 0.905288 0.557797 0.905052 0.519768 0.914381 0.51971 0.924635 0.519647 0.924871 0.557675 0.914617 0.557739 0.914617 0.557739 0.914381 0.51971 0.924635 0.519647 0.935645 0.519578 0.935881 0.557607 0.924871 0.557675 0.924871 0.557675 0.924635 0.519647 0.935645 0.519578 0.946949 0.519508 0.947185 0.557537 0.935881 0.557607 0.935881 0.557607 0.935645 0.519578 0.946949 0.519508 0.957616 0.519442 0.957852 0.55747 0.947185 0.557537 0.947185 0.557537 0.946949 0.519508 0.957616 0.519442 0.967805 0.519379 0.968041 0.557407 0.957852 0.55747 0.957852 0.55747 0.957616 0.519442 0.967805 0.519379 0.978533 0.519312 0.978769 0.557341 0.968041 0.557407 0.968041 0.557407 0.967805 0.519379 0.978533 0.519312 0.990361 0.519239 0.990597 0.557267 0.978769 0.557341 0.978769 0.557341 0.978533 0.519312 0.990361 0.519239 0.885614 0.519889 0.885594 0.516727 0.89573 0.516664 0.89573 0.516664 0.89575 0.519826 0.885614 0.519889 0.89575 0.519826 0.89573 0.516664 0.905032 0.516606 0.905032 0.516606 0.905052 0.519768 0.89575 0.519826 0.905052 0.519768 0.905032 0.516606 0.914361 0.516548 0.914361 0.516548 0.914381 0.51971 0.905052 0.519768 0.914381 0.51971 0.914361 0.516548 0.924616 0.516485 0.924616 0.516485 0.924635 0.519647 0.914381 0.51971 0.924635 0.519647 0.924616 0.516485 0.935625 0.516416 0.935625 0.516416 0.935645 0.519578 0.924635 0.519647 0.935645 0.519578 0.935625 0.516416 0.94693 0.516346 0.94693 0.516346 0.946949 0.519508 0.935645 0.519578 0.946949 0.519508 0.94693 0.516346 0.957596 0.5162801 0.957596 0.5162801 0.957616 0.519442 0.946949 0.519508 0.957616 0.519442 0.957596 0.5162801 0.967785 0.516217 0.967785 0.516217 0.967805 0.519379 0.957616 0.519442 0.967805 0.519379 0.967785 0.516217 0.978513 0.51615 0.978513 0.51615 0.978533 0.519312 0.967805 0.519379 0.978533 0.519312 0.978513 0.51615 0.990342 0.5160771 0.990342 0.5160771 0.990361 0.519239 0.978533 0.519312 0.962854 0.415654 0.959983 0.422976 0.952053 0.426335 0.952053 0.426335 0.951267 0.417411 0.962854 0.415654 0.951267 0.417411 0.952053 0.426335 0.942905 0.424583 0.942905 0.424583 0.952053 0.426335 0.951875 0.431798 0.951875 0.431798 0.940665 0.434975 0.942905 0.424583 0.940665 0.434975 0.951875 0.431798 0.94579 0.445699 0.94579 0.445699 0.951875 0.431798 0.958263 0.436864 0.958263 0.436864 0.957492 0.45196 0.94579 0.445699 0.957492 0.45196 0.958263 0.436864 0.971302 0.449648 0.971302 0.449648 0.958263 0.436864 0.966392 0.431653 0.966392 0.431653 0.980267 0.440587 0.971302 0.449648 0.980267 0.440587 0.966392 0.431653 0.98076 0.428964 0.98076 0.428964 0.966392 0.431653 0.959983 0.422976 0.959983 0.422976 0.973866 0.420396 0.98076 0.428964 0.973866 0.420396 0.959983 0.422976 0.962854 0.415654 0.959983 0.422976 0.958517 0.429652 0.952053 0.426335 0.952053 0.426335 0.958517 0.429652 0.951875 0.431798 0.951875 0.431798 0.958517 0.429652 0.958263 0.436864 0.958263 0.436864 0.958517 0.429652 0.966392 0.431653 0.966392 0.431653 0.958517 0.429652 0.959983 0.422976 0.89575 0.519826 0.885614 0.519889 0.88585 0.557917 0.88585 0.557917 0.895985 0.557854 0.89575 0.519826 0.905052 0.519768 0.89575 0.519826 0.895985 0.557854 0.895985 0.557854 0.905288 0.557797 0.905052 0.519768 0.914381 0.51971 0.905052 0.519768 0.905288 0.557797 0.905288 0.557797 0.914617 0.557739 0.914381 0.51971 0.924635 0.519647 0.914381 0.51971 0.914617 0.557739 0.914617 0.557739 0.924871 0.557675 0.924635 0.519647 0.935645 0.519578 0.924635 0.519647 0.924871 0.557675 0.924871 0.557675 0.935881 0.557607 0.935645 0.519578 0.946949 0.519508 0.935645 0.519578 0.935881 0.557607 0.935881 0.557607 0.947185 0.557537 0.946949 0.519508 0.957616 0.519442 0.946949 0.519508 0.947185 0.557537 0.947185 0.557537 0.957852 0.55747 0.957616 0.519442 0.967805 0.519379 0.957616 0.519442 0.957852 0.55747 0.957852 0.55747 0.968041 0.557407 0.967805 0.519379 0.978533 0.519312 0.967805 0.519379 0.968041 0.557407 0.968041 0.557407 0.978769 0.557341 0.978533 0.519312 0.990361 0.519239 0.978533 0.519312 0.978769 0.557341 0.978769 0.557341 0.990597 0.557267 0.990361 0.519239 0.885614 0.519889 0.89575 0.519826 0.89573 0.516664 0.89573 0.516664 0.885594 0.516727 0.885614 0.519889 0.89575 0.519826 0.905052 0.519768 0.905032 0.516606 0.905032 0.516606 0.89573 0.516664 0.89575 0.519826 0.905052 0.519768 0.914381 0.51971 0.914361 0.516548 0.914361 0.516548 0.905032 0.516606 0.905052 0.519768 0.914381 0.51971 0.924635 0.519647 0.924616 0.516485 0.924616 0.516485 0.914361 0.516548 0.914381 0.51971 0.924635 0.519647 0.935645 0.519578 0.935625 0.516416 0.935625 0.516416 0.924616 0.516485 0.924635 0.519647 0.935645 0.519578 0.946949 0.519508 0.94693 0.516346 0.94693 0.516346 0.935625 0.516416 0.935645 0.519578 0.946949 0.519508 0.957616 0.519442 0.957596 0.5162801 0.957596 0.5162801 0.94693 0.516346 0.946949 0.519508 0.957616 0.519442 0.967805 0.519379 0.967785 0.516217 0.967785 0.516217 0.957596 0.5162801 0.957616 0.519442 0.967805 0.519379 0.978533 0.519312 0.978513 0.51615 0.978513 0.51615 0.967785 0.516217 0.967805 0.519379 0.978533 0.519312 0.990361 0.519239 0.990342 0.5160771 0.990342 0.5160771 0.978513 0.51615 0.978533 0.519312 0.962854 0.415654 0.951267 0.417411 0.952053 0.426335 0.952053 0.426335 0.959983 0.422976 0.962854 0.415654 0.951267 0.417411 0.942905 0.424583 0.952053 0.426335 0.942905 0.424583 0.940665 0.434975 0.951875 0.431798 0.951875 0.431798 0.952053 0.426335 0.942905 0.424583 0.940665 0.434975 0.94579 0.445699 0.951875 0.431798 0.94579 0.445699 0.957492 0.45196 0.958263 0.436864 0.958263 0.436864 0.951875 0.431798 0.94579 0.445699 0.957492 0.45196 0.971302 0.449648 0.958263 0.436864 0.971302 0.449648 0.980267 0.440587 0.966392 0.431653 0.966392 0.431653 0.958263 0.436864 0.971302 0.449648 0.980267 0.440587 0.98076 0.428964 0.966392 0.431653 0.98076 0.428964 0.973866 0.420396 0.959983 0.422976 0.959983 0.422976 0.966392 0.431653 0.98076 0.428964 0.973866 0.420396 0.962854 0.415654 0.959983 0.422976 0.959983 0.422976 0.952053 0.426335 0.958517 0.429652 0.952053 0.426335 0.951875 0.431798 0.958517 0.429652 0.951875 0.431798 0.958263 0.436864 0.958517 0.429652 0.958263 0.436864 0.966392 0.431653 0.958517 0.429652 0.966392 0.431653 0.959983 0.422976 0.958517 0.429652 0.89575 0.519826 0.885614 0.519889 0.88585 0.557917 0.88585 0.557917 0.895985 0.557854 0.89575 0.519826 0.905052 0.519768 0.89575 0.519826 0.895985 0.557854 0.895985 0.557854 0.905288 0.557797 0.905052 0.519768 0.914381 0.51971 0.905052 0.519768 0.905288 0.557797 0.905288 0.557797 0.914617 0.557739 0.914381 0.51971 0.924635 0.519647 0.914381 0.51971 0.914617 0.557739 0.914617 0.557739 0.924871 0.557675 0.924635 0.519647 0.935645 0.519578 0.924635 0.519647 0.924871 0.557675 0.924871 0.557675 0.935881 0.557607 0.935645 0.519578 0.946949 0.519508 0.935645 0.519578 0.935881 0.557607 0.935881 0.557607 0.947185 0.557537 0.946949 0.519508 0.957616 0.519442 0.946949 0.519508 0.947185 0.557537 0.947185 0.557537 0.957852 0.55747 0.957616 0.519442 0.967805 0.519379 0.957616 0.519442 0.957852 0.55747 0.957852 0.55747 0.968041 0.557407 0.967805 0.519379 0.978533 0.519312 0.967805 0.519379 0.968041 0.557407 0.968041 0.557407 0.978769 0.557341 0.978533 0.519312 0.990361 0.519239 0.978533 0.519312 0.978769 0.557341 0.978769 0.557341 0.990597 0.557267 0.990361 0.519239 0.885614 0.519889 0.89575 0.519826 0.89573 0.516664 0.89573 0.516664 0.885594 0.516727 0.885614 0.519889 0.89575 0.519826 0.905052 0.519768 0.905032 0.516606 0.905032 0.516606 0.89573 0.516664 0.89575 0.519826 0.905052 0.519768 0.914381 0.51971 0.914361 0.516548 0.914361 0.516548 0.905032 0.516606 0.905052 0.519768 0.914381 0.51971 0.924635 0.519647 0.924616 0.516485 0.924616 0.516485 0.914361 0.516548 0.914381 0.51971 0.924635 0.519647 0.935645 0.519578 0.935625 0.516416 0.935625 0.516416 0.924616 0.516485 0.924635 0.519647 0.935645 0.519578 0.946949 0.519508 0.94693 0.516346 0.94693 0.516346 0.935625 0.516416 0.935645 0.519578 0.946949 0.519508 0.957616 0.519442 0.957596 0.5162801 0.957596 0.5162801 0.94693 0.516346 0.946949 0.519508 0.957616 0.519442 0.967805 0.519379 0.967785 0.516217 0.967785 0.516217 0.957596 0.5162801 0.957616 0.519442 0.967805 0.519379 0.978533 0.519312 0.978513 0.51615 0.978513 0.51615 0.967785 0.516217 0.967805 0.519379 0.978533 0.519312 0.990361 0.519239 0.990342 0.5160771 0.990342 0.5160771 0.978513 0.51615 0.978533 0.519312 0.962854 0.415654 0.951267 0.417411 0.952053 0.426335 0.952053 0.426335 0.959983 0.422976 0.962854 0.415654 0.951267 0.417411 0.942905 0.424583 0.952053 0.426335 0.942905 0.424583 0.940665 0.434975 0.951875 0.431798 0.951875 0.431798 0.952053 0.426335 0.942905 0.424583 0.940665 0.434975 0.94579 0.445699 0.951875 0.431798 0.94579 0.445699 0.957492 0.45196 0.958263 0.436864 0.958263 0.436864 0.951875 0.431798 0.94579 0.445699 0.957492 0.45196 0.971302 0.449648 0.958263 0.436864 0.971302 0.449648 0.980267 0.440587 0.966392 0.431653 0.966392 0.431653 0.958263 0.436864 0.971302 0.449648 0.980267 0.440587 0.98076 0.428964 0.966392 0.431653 0.98076 0.428964 0.973866 0.420396 0.959983 0.422976 0.959983 0.422976 0.966392 0.431653 0.98076 0.428964 0.973866 0.420396 0.962854 0.415654 0.959983 0.422976 0.959983 0.422976 0.952053 0.426335 0.958517 0.429652 0.952053 0.426335 0.951875 0.431798 0.958517 0.429652 0.951875 0.431798 0.958263 0.436864 0.958517 0.429652 0.958263 0.436864 0.966392 0.431653 0.958517 0.429652 0.966392 0.431653 0.959983 0.422976 0.958517 0.429652 0.984605 0.56633 0.984605 0.579425 0.966975 0.579425 0.966975 0.579425 0.966975 0.56633 0.984605 0.56633 0.984605 0.579425 0.984605 0.584786 0.966975 0.584786 0.966975 0.584786 0.966975 0.579425 0.984605 0.579425 0.949438 0.566329 0.949438 0.579425 0.932529 0.579425 0.932529 0.579425 0.932529 0.566329 0.949438 0.566329 0.949438 0.584786 0.932529 0.584786 0.932529 0.579425 0.932529 0.579425 0.949438 0.579425 0.949438 0.584786 0.915953 0.566329 0.915953 0.579425 0.895447 0.579424 0.895447 0.579424 0.895447 0.566329 0.915953 0.566329 0.915953 0.579425 0.915953 0.584786 0.895447 0.584786 0.895447 0.584786 0.895447 0.579424 0.915953 0.579425 0.932529 0.566329 0.932529 0.579425 0.915953 0.579425 0.915953 0.579425 0.915953 0.566329 0.932529 0.566329 0.915953 0.579425 0.932529 0.579425 0.932529 0.584786 0.932529 0.584786 0.915953 0.584786 0.915953 0.579425 0.966975 0.56633 0.966975 0.579425 0.949438 0.579425 0.949438 0.579425 0.949438 0.566329 0.966975 0.56633 0.966975 0.579425 0.966975 0.584786 0.949438 0.584786 0.949438 0.584786 0.949438 0.579425 0.966975 0.579425 0.966975 0.584786 0.966975 0.599073 0.949438 0.599073 0.949438 0.599073 0.949438 0.584786 0.966975 0.584786 0.915953 0.584786 0.915953 0.599073 0.895447 0.599073 0.895447 0.599073 0.895447 0.584786 0.915953 0.584786 0.932529 0.584786 0.932529 0.599073 0.915953 0.599073 0.915953 0.599073 0.915953 0.584786 0.932529 0.584786 0.949438 0.584786 0.949438 0.599073 0.932529 0.599073 0.932529 0.599073 0.932529 0.584786 0.949438 0.584786 0.984605 0.584786 0.984605 0.599073 0.966975 0.599073 0.966975 0.599073 0.966975 0.584786 0.984605 0.584786 0.984605 0.56633 0.966975 0.56633 0.966975 0.579425 0.966975 0.579425 0.984605 0.579425 0.984605 0.56633 0.984605 0.579425 0.966975 0.579425 0.966975 0.584786 0.966975 0.584786 0.984605 0.584786 0.984605 0.579425 0.949438 0.566329 0.932529 0.566329 0.932529 0.579425 0.932529 0.579425 0.949438 0.579425 0.949438 0.566329 0.949438 0.584786 0.949438 0.579425 0.932529 0.579425 0.932529 0.579425 0.932529 0.584786 0.949438 0.584786 0.915953 0.566329 0.895447 0.566329 0.895447 0.579424 0.895447 0.579424 0.915953 0.579425 0.915953 0.566329 0.915953 0.579425 0.895447 0.579424 0.895447 0.584786 0.895447 0.584786 0.915953 0.584786 0.915953 0.579425 0.932529 0.566329 0.915953 0.566329 0.915953 0.579425 0.915953 0.579425 0.932529 0.579425 0.932529 0.566329 0.915953 0.579425 0.915953 0.584786 0.932529 0.584786 0.932529 0.584786 0.932529 0.579425 0.915953 0.579425 0.966975 0.56633 0.949438 0.566329 0.949438 0.579425 0.949438 0.579425 0.966975 0.579425 0.966975 0.56633 0.966975 0.579425 0.949438 0.579425 0.949438 0.584786 0.949438 0.584786 0.966975 0.584786 0.966975 0.579425 0.966975 0.584786 0.949438 0.584786 0.949438 0.599073 0.949438 0.599073 0.966975 0.599073 0.966975 0.584786 0.915953 0.584786 0.895447 0.584786 0.895447 0.599073 0.895447 0.599073 0.915953 0.599073 0.915953 0.584786 0.932529 0.584786 0.915953 0.584786 0.915953 0.599073 0.915953 0.599073 0.932529 0.599073 0.932529 0.584786 0.949438 0.584786 0.932529 0.584786 0.932529 0.599073 0.932529 0.599073 0.949438 0.599073 0.949438 0.584786 0.984605 0.584786 0.966975 0.584786 0.966975 0.599073 0.966975 0.599073 0.984605 0.599073 0.984605 0.584786 0.985373 0.610524 0.985373 0.620319 0.955115 0.620319 0.955115 0.620319 0.955115 0.610524 0.985373 0.610524 0.941564 0.606446 0.955115 0.606446 0.955115 0.610524 0.955115 0.610524 0.941564 0.610524 0.941564 0.606446 0.941564 0.610524 0.941564 0.620319 0.927071 0.620319 0.927071 0.620319 0.927071 0.610523 0.941564 0.610524 0.941564 0.606446 0.941564 0.610524 0.927071 0.610523 0.927071 0.610523 0.927071 0.606446 0.941564 0.606446 0.955115 0.610524 0.955115 0.620319 0.941564 0.620319 0.941564 0.620319 0.941564 0.610524 0.955115 0.610524 0.893631 0.610523 0.910968 0.610523 0.910968 0.620319 0.910968 0.620319 0.893631 0.620319 0.893631 0.610523 0.910968 0.606446 0.910968 0.610523 0.893631 0.610523 0.893631 0.610523 0.893631 0.606446 0.910968 0.606446 0.985373 0.610524 0.955115 0.610524 0.955115 0.606446 0.955115 0.606446 0.985373 0.606447 0.985373 0.610524 0.927071 0.610523 0.927071 0.620319 0.910968 0.620319 0.910968 0.620319 0.910968 0.610523 0.927071 0.610523 0.910968 0.606446 0.927071 0.606446 0.927071 0.610523 0.927071 0.610523 0.910968 0.610523 0.910968 0.606446 0.985373 0.610524 0.955115 0.610524 0.955115 0.620319 0.955115 0.620319 0.985373 0.620319 0.985373 0.610524 0.941564 0.606446 0.941564 0.610524 0.955115 0.610524 0.955115 0.610524 0.955115 0.606446 0.941564 0.606446 0.941564 0.610524 0.927071 0.610523 0.927071 0.620319 0.927071 0.620319 0.941564 0.620319 0.941564 0.610524 0.941564 0.606446 0.927071 0.606446 0.927071 0.610523 0.927071 0.610523 0.941564 0.610524 0.941564 0.606446 0.955115 0.610524 0.941564 0.610524 0.941564 0.620319 0.941564 0.620319 0.955115 0.620319 0.955115 0.610524 0.893631 0.610523 0.893631 0.620319 0.910968 0.620319 0.910968 0.620319 0.910968 0.610523 0.893631 0.610523 0.910968 0.606446 0.893631 0.606446 0.893631 0.610523 0.893631 0.610523 0.910968 0.610523 0.910968 0.606446 0.985373 0.610524 0.985373 0.606447 0.955115 0.606446 0.955115 0.606446 0.955115 0.610524 0.985373 0.610524 0.927071 0.610523 0.910968 0.610523 0.910968 0.620319 0.910968 0.620319 0.927071 0.620319 0.927071 0.610523 0.910968 0.606446 0.910968 0.610523 0.927071 0.610523 0.927071 0.610523 0.927071 0.606446 0.910968 0.606446 0.161076 0.08291202 0.1607969 0.065234 0.169474 0.07066798 0.175755 0.05483698 0.159825 0.05104899 0.1622869 0.030721 0.1622869 0.030721 0.178571 0.03420299 0.175755 0.05483698 0.15499 0.08264899 0.153764 0.06445401 0.1607969 0.065234 0.1607969 0.065234 0.161076 0.08291202 0.15499 0.08264899 0.1544499 0.02944099 0.153127 0.01292902 0.1657209 0.01252001 0.1657209 0.01252001 0.1622869 0.030721 0.1544499 0.02944099 0.153764 0.06445401 0.154178 0.05064201 0.159825 0.05104899 0.159825 0.05104899 0.1607969 0.065234 0.153764 0.06445401 0.161076 0.08291202 0.169474 0.07066798 0.177588 0.07838797 0.177588 0.07838797 0.164784 0.09157097 0.161076 0.08291202 0.187225 0.059138 0.175755 0.05483698 0.178571 0.03420299 0.178571 0.03420299 0.190133 0.03573298 0.187225 0.059138 0.154085 0.09424501 0.15499 0.08264899 0.161076 0.08291202 0.161076 0.08291202 0.164784 0.09157097 0.154085 0.09424501 0.178571 0.03420299 0.1622869 0.030721 0.1657209 0.01252001 0.1657209 0.01252001 0.179811 0.01379197 0.178571 0.03420299 0.154178 0.05064201 0.1544499 0.02944099 0.1622869 0.030721 0.1622869 0.030721 0.159825 0.05104899 0.154178 0.05064201 0.190133 0.03573298 0.178571 0.03420299 0.179811 0.01379197 0.179811 0.01379197 0.188337 0.014274 0.190133 0.03573298 0.175755 0.05483698 0.169474 0.07066798 0.1607969 0.065234 0.1607969 0.065234 0.159825 0.05104899 0.175755 0.05483698 0.187225 0.059138 0.177588 0.07838797 0.169474 0.07066798 0.169474 0.07066798 0.175755 0.05483698 0.187225 0.059138 0.131613 0.07542198 0.1437 0.06646102 0.145316 0.08062005 0.145316 0.08062005 0.1406649 0.08796 0.131613 0.07542198 0.141148 0.03159201 0.142453 0.05190902 0.125177 0.05504399 0.125177 0.05504399 0.125218 0.03153902 0.141148 0.03159201 0.1391 0.01304799 0.141148 0.03159201 0.125218 0.03153902 0.125218 0.03153902 0.128823 0.009865999 0.1391 0.01304799 0.1437 0.06646102 0.131613 0.07542198 0.125177 0.05504399 0.125177 0.05504399 0.142453 0.05190902 0.1437 0.06646102 0.153764 0.06445401 0.15499 0.08264899 0.145316 0.08062005 0.145316 0.08062005 0.1437 0.06646102 0.153764 0.06445401 0.153127 0.01292902 0.1544499 0.02944099 0.141148 0.03159201 0.141148 0.03159201 0.1391 0.01304799 0.153127 0.01292902 0.154178 0.05064201 0.153764 0.06445401 0.1437 0.06646102 0.1437 0.06646102 0.142453 0.05190902 0.154178 0.05064201 0.15499 0.08264899 0.154085 0.09424501 0.1406649 0.08796 0.1406649 0.08796 0.145316 0.08062005 0.15499 0.08264899 0.1544499 0.02944099 0.154178 0.05064201 0.142453 0.05190902 0.142453 0.05190902 0.141148 0.03159201 0.1544499 0.02944099 0.161076 0.08291202 0.169474 0.07066798 0.1607969 0.065234 0.175755 0.05483698 0.178571 0.03420299 0.1622869 0.030721 0.1622869 0.030721 0.159825 0.05104899 0.175755 0.05483698 0.15499 0.08264899 0.161076 0.08291202 0.1607969 0.065234 0.1607969 0.065234 0.153764 0.06445401 0.15499 0.08264899 0.1544499 0.02944099 0.1622869 0.030721 0.1657209 0.01252001 0.1657209 0.01252001 0.153127 0.01292902 0.1544499 0.02944099 0.153764 0.06445401 0.1607969 0.065234 0.159825 0.05104899 0.159825 0.05104899 0.154178 0.05064201 0.153764 0.06445401 0.161076 0.08291202 0.164784 0.09157097 0.177588 0.07838797 0.177588 0.07838797 0.169474 0.07066798 0.161076 0.08291202 0.187225 0.059138 0.190133 0.03573298 0.178571 0.03420299 0.178571 0.03420299 0.175755 0.05483698 0.187225 0.059138 0.154085 0.09424501 0.164784 0.09157097 0.161076 0.08291202 0.161076 0.08291202 0.15499 0.08264899 0.154085 0.09424501 0.178571 0.03420299 0.179811 0.01379197 0.1657209 0.01252001 0.1657209 0.01252001 0.1622869 0.030721 0.178571 0.03420299 0.154178 0.05064201 0.159825 0.05104899 0.1622869 0.030721 0.1622869 0.030721 0.1544499 0.02944099 0.154178 0.05064201 0.190133 0.03573298 0.188337 0.014274 0.179811 0.01379197 0.179811 0.01379197 0.178571 0.03420299 0.190133 0.03573298 0.175755 0.05483698 0.159825 0.05104899 0.1607969 0.065234 0.1607969 0.065234 0.169474 0.07066798 0.175755 0.05483698 0.187225 0.059138 0.175755 0.05483698 0.169474 0.07066798 0.169474 0.07066798 0.177588 0.07838797 0.187225 0.059138 0.131613 0.07542198 0.1406649 0.08796 0.145316 0.08062005 0.145316 0.08062005 0.1437 0.06646102 0.131613 0.07542198 0.141148 0.03159201 0.125218 0.03153902 0.125177 0.05504399 0.125177 0.05504399 0.142453 0.05190902 0.141148 0.03159201 0.1391 0.01304799 0.128823 0.009865999 0.125218 0.03153902 0.125218 0.03153902 0.141148 0.03159201 0.1391 0.01304799 0.1437 0.06646102 0.142453 0.05190902 0.125177 0.05504399 0.125177 0.05504399 0.131613 0.07542198 0.1437 0.06646102 0.153764 0.06445401 0.1437 0.06646102 0.145316 0.08062005 0.145316 0.08062005 0.15499 0.08264899 0.153764 0.06445401 0.153127 0.01292902 0.1391 0.01304799 0.141148 0.03159201 0.141148 0.03159201 0.1544499 0.02944099 0.153127 0.01292902 0.154178 0.05064201 0.142453 0.05190902 0.1437 0.06646102 0.1437 0.06646102 0.153764 0.06445401 0.154178 0.05064201 0.15499 0.08264899 0.145316 0.08062005 0.1406649 0.08796 0.1406649 0.08796 0.154085 0.09424501 0.15499 0.08264899 0.1544499 0.02944099 0.141148 0.03159201 0.142453 0.05190902 0.142453 0.05190902 0.154178 0.05064201 0.1544499 0.02944099 0.871339 0.988171 0.848016 0.988171 0.848016 0.93067 0.848016 0.93067 0.871339 0.93067 0.871339 0.988171 0.894598 0.988171 0.871339 0.988171 0.871339 0.93067 0.871339 0.93067 0.894598 0.93067 0.894598 0.988171 0.91785 0.988171 0.894598 0.988171 0.894598 0.93067 0.894598 0.93067 0.91785 0.93067 0.91785 0.988171 0.941113 0.988171 0.91785 0.988171 0.91785 0.93067 0.91785 0.93067 0.941113 0.93067 0.941113 0.988171 0.964367 0.988171 0.941113 0.988171 0.941113 0.93067 0.941113 0.93067 0.964368 0.93067 0.964367 0.988171 0.987551 0.988171 0.964367 0.988171 0.964368 0.93067 0.964368 0.93067 0.987551 0.93067 0.987551 0.988171 0.871207 0.988171 0.848016 0.988171 0.848016 0.93067 0.848016 0.93067 0.871207 0.93067 0.871207 0.988171 0.894459 0.988171 0.871207 0.988171 0.871207 0.93067 0.871207 0.93067 0.894459 0.93067 0.894459 0.988171 0.89459 0.988171 0.89459 0.93067 0.917853 0.93067 0.917853 0.93067 0.917853 0.988171 0.89459 0.988171 0.917853 0.988171 0.917853 0.93067 0.941108 0.93067 0.941108 0.93067 0.941108 0.988171 0.917853 0.988171 0.941108 0.988171 0.941108 0.93067 0.964367 0.93067 0.964367 0.93067 0.964367 0.988171 0.941108 0.988171 0.964367 0.988171 0.964367 0.93067 0.987551 0.93067 0.987551 0.93067 0.987551 0.988171 0.964367 0.988171 0.894459 0.988171 0.894459 0.93067 0.917714 0.93067 0.917714 0.93067 0.917714 0.988171 0.894459 0.988171 0.917714 0.988171 0.917714 0.93067 0.940964 0.93067 0.940964 0.93067 0.940964 0.988171 0.917714 0.988171 0.940964 0.988171 0.940964 0.93067 0.964218 0.93067 0.964218 0.93067 0.964218 0.988171 0.940964 0.988171 0.964218 0.988171 0.964218 0.93067 0.987551 0.93067 0.987551 0.93067 0.987551 0.988171 0.964218 0.988171 0.848016 0.988171 0.848016 0.93067 0.871334 0.93067 0.871334 0.93067 0.871334 0.988171 0.848016 0.988171 0.871334 0.93067 0.89459 0.93067 0.89459 0.988171 0.89459 0.988171 0.871334 0.988171 0.871334 0.93067 0.676416 0.90633 0.691117 0.903738 0.696694 0.915095 0.696694 0.915095 0.67506 0.91891 0.676416 0.90633 0.676416 0.90633 0.67506 0.91891 0.663487 0.913794 0.653891 0.92523 0.663487 0.913794 0.67506 0.91891 0.67506 0.91891 0.660939 0.935739 0.653891 0.92523 0.653891 0.92523 0.660939 0.935739 0.648785 0.939259 0.648785 0.939259 0.660939 0.935739 0.660939 0.957707 0.660939 0.957707 0.648785 0.954187 0.648785 0.939259 0.648785 0.954187 0.660939 0.957707 0.653891 0.968216 0.663487 0.979652 0.653891 0.968216 0.660939 0.957707 0.660939 0.957707 0.67506 0.974536 0.663487 0.979652 0.663487 0.979652 0.67506 0.974536 0.676416 0.987117 0.691117 0.989709 0.676416 0.987117 0.67506 0.974536 0.67506 0.974536 0.696694 0.978351 0.691117 0.989709 0.691117 0.989709 0.696694 0.978351 0.705819 0.987117 0.718748 0.979652 0.705819 0.987117 0.696694 0.978351 0.696694 0.978351 0.715719 0.967367 0.718748 0.979652 0.718748 0.979652 0.715719 0.967367 0.728343 0.968216 0.733449 0.954187 0.728343 0.968216 0.715719 0.967367 0.715719 0.967367 0.723233 0.946723 0.733449 0.954187 0.733449 0.954187 0.723233 0.946723 0.733449 0.939259 0.728344 0.92523 0.733449 0.939259 0.723233 0.946723 0.723233 0.946723 0.715719 0.92608 0.728344 0.92523 0.728344 0.92523 0.715719 0.92608 0.718748 0.913794 0.705819 0.90633 0.718748 0.913794 0.715719 0.92608 0.715719 0.92608 0.696694 0.915095 0.705819 0.90633 0.705819 0.90633 0.696694 0.915095 0.691117 0.903738 0.675619 0.904142 0.691117 0.901409 0.691117 0.903738 0.691117 0.903738 0.676416 0.90633 0.675619 0.904142 0.66199 0.91201 0.675619 0.904142 0.676416 0.90633 0.676416 0.90633 0.663487 0.913794 0.66199 0.91201 0.651875 0.924066 0.66199 0.91201 0.663487 0.913794 0.663487 0.913794 0.653891 0.92523 0.651875 0.924066 0.646492 0.938854 0.651875 0.924066 0.653891 0.92523 0.653891 0.92523 0.648785 0.939259 0.646492 0.938854 0.646492 0.954592 0.646492 0.938854 0.648785 0.939259 0.648785 0.939259 0.648785 0.954187 0.646492 0.954592 0.651875 0.96938 0.646492 0.954592 0.648785 0.954187 0.648785 0.954187 0.653891 0.968216 0.651875 0.96938 0.66199 0.981436 0.651875 0.96938 0.653891 0.968216 0.653891 0.968216 0.663487 0.979652 0.66199 0.981436 0.675619 0.989305 0.66199 0.981436 0.663487 0.979652 0.663487 0.979652 0.676416 0.987117 0.675619 0.989305 0.691117 0.992038 0.675619 0.989305 0.676416 0.987117 0.676416 0.987117 0.691117 0.989709 0.691117 0.992038 0.706616 0.989305 0.691117 0.992038 0.691117 0.989709 0.691117 0.989709 0.705819 0.987117 0.706616 0.989305 0.720244 0.981436 0.706616 0.989305 0.705819 0.987117 0.705819 0.987117 0.718748 0.979652 0.720244 0.981436 0.73036 0.96938 0.720244 0.981436 0.718748 0.979652 0.718748 0.979652 0.728343 0.968216 0.73036 0.96938 0.735742 0.954592 0.73036 0.96938 0.728343 0.968216 0.728343 0.968216 0.733449 0.954187 0.735742 0.954592 0.735742 0.938854 0.735742 0.954592 0.733449 0.954187 0.733449 0.954187 0.733449 0.939259 0.735742 0.938854 0.73036 0.924066 0.735742 0.938854 0.733449 0.939259 0.733449 0.939259 0.728344 0.92523 0.73036 0.924066 0.720244 0.91201 0.73036 0.924066 0.728344 0.92523 0.728344 0.92523 0.718748 0.913794 0.720244 0.91201 0.706616 0.904142 0.720244 0.91201 0.718748 0.913794 0.718748 0.913794 0.705819 0.90633 0.706616 0.904142 0.691117 0.901409 0.706616 0.904142 0.705819 0.90633 0.705819 0.90633 0.691117 0.903738 0.691117 0.901409 0.696694 0.915095 0.691117 0.946723 0.67506 0.91891 0.67506 0.91891 0.691117 0.946723 0.660939 0.935739 0.660939 0.935739 0.691117 0.946723 0.660939 0.957707 0.660939 0.957707 0.691117 0.946723 0.67506 0.974536 0.67506 0.974536 0.691117 0.946723 0.696694 0.978351 0.696694 0.978351 0.691117 0.946723 0.715719 0.967367 0.715719 0.967367 0.691117 0.946723 0.723233 0.946723 0.723233 0.946723 0.691117 0.946723 0.715719 0.92608 0.715719 0.92608 0.691117 0.946723 0.696694 0.915095 0.686721 0.733809 0.712125 0.742983 0.696575 0.746307 0.696575 0.746307 0.712125 0.742983 0.73282 0.760354 0.73282 0.760354 0.732275 0.776226 0.696575 0.746307 0.73282 0.760354 0.746325 0.783729 0.732275 0.776226 0.732275 0.776226 0.746325 0.783729 0.750745 0.810335 0.750745 0.810335 0.740035 0.822069 0.732275 0.776226 0.750745 0.810335 0.746003 0.836804 0.740035 0.822069 0.740035 0.822069 0.746003 0.836804 0.732654 0.860183 0.732654 0.860183 0.716905 0.862376 0.740035 0.822069 0.732654 0.860183 0.712034 0.877498 0.716905 0.862376 0.716905 0.862376 0.712034 0.877498 0.686706 0.886685 0.686706 0.886685 0.673245 0.878201 0.716905 0.862376 0.696575 0.746307 0.70571 0.771529 0.690461 0.762756 0.732275 0.776226 0.722909 0.801416 0.716946 0.784977 0.740035 0.822069 0.716909 0.835447 0.722808 0.818944 0.716905 0.862376 0.690514 0.857649 0.705639 0.848839 0.687411 0.72984 0.714134 0.739496 0.712125 0.742983 0.712125 0.742983 0.686721 0.733809 0.687411 0.72984 0.714134 0.739496 0.7359 0.757758 0.73282 0.760354 0.73282 0.760354 0.712125 0.742983 0.714134 0.739496 0.7359 0.757758 0.750105 0.782354 0.746325 0.783729 0.746325 0.783729 0.73282 0.760354 0.7359 0.757758 0.750105 0.782354 0.754794 0.810326 0.750745 0.810335 0.750745 0.810335 0.746325 0.783729 0.750105 0.782354 0.754794 0.810326 0.74981 0.838195 0.746003 0.836804 0.746003 0.836804 0.750745 0.810335 0.754794 0.810326 0.74981 0.838195 0.73575 0.862776 0.732654 0.860183 0.732654 0.860183 0.746003 0.836804 0.74981 0.838195 0.73575 0.862776 0.714049 0.880999 0.712034 0.877498 0.712034 0.877498 0.732654 0.860183 0.73575 0.862776 0.714049 0.880999 0.687413 0.890666 0.686706 0.886685 0.686706 0.886685 0.712034 0.877498 0.714049 0.880999 0.686706 0.886685 0.687413 0.890666 0.659081 0.890674 0.659081 0.890674 0.659786 0.886692 0.686706 0.886685 0.673198 0.759579 0.690461 0.762756 0.685171 0.77743 0.685171 0.77743 0.673153 0.774968 0.673198 0.759579 0.70571 0.771529 0.716946 0.784977 0.703416 0.79285 0.703416 0.79285 0.695838 0.783286 0.70571 0.771529 0.722909 0.801416 0.722808 0.818944 0.707402 0.816165 0.707402 0.816165 0.707741 0.80412 0.722909 0.801416 0.716909 0.835447 0.705639 0.848839 0.695625 0.836842 0.695625 0.836842 0.703681 0.827651 0.716909 0.835447 0.690514 0.857649 0.673244 0.860637 0.673213 0.845023 0.673213 0.845023 0.685288 0.84319 0.690514 0.857649 0.70571 0.771529 0.695838 0.783286 0.685171 0.77743 0.685171 0.77743 0.690461 0.762756 0.70571 0.771529 0.722909 0.801416 0.707741 0.80412 0.703416 0.79285 0.703416 0.79285 0.716946 0.784977 0.722909 0.801416 0.716909 0.835447 0.703681 0.827651 0.707402 0.816165 0.707402 0.816165 0.722808 0.818944 0.716909 0.835447 0.690514 0.857649 0.685288 0.84319 0.695625 0.836842 0.695625 0.836842 0.705639 0.848839 0.690514 0.857649 0.690514 0.857649 0.673245 0.878201 0.673244 0.860637 0.70571 0.771529 0.732275 0.776226 0.716946 0.784977 0.722909 0.801416 0.740035 0.822069 0.722808 0.818944 0.716909 0.835447 0.740035 0.822069 0.716905 0.862376 0.686706 0.886685 0.659786 0.886692 0.673245 0.878201 0.673198 0.759579 0.696575 0.746307 0.690461 0.762756 0.696575 0.746307 0.649838 0.746318 0.65969 0.733813 0.65969 0.733813 0.686721 0.733809 0.696575 0.746307 0.687411 0.72984 0.686721 0.733809 0.65969 0.733813 0.65969 0.733813 0.658998 0.729844 0.687411 0.72984 0.65969 0.733813 0.649838 0.746318 0.634291 0.743002 0.649838 0.746318 0.614164 0.776263 0.613608 0.760388 0.613608 0.760388 0.634291 0.743002 0.649838 0.746318 0.613608 0.760388 0.614164 0.776263 0.600122 0.783772 0.614164 0.776263 0.606427 0.822116 0.595711 0.81038 0.595711 0.81038 0.600122 0.783772 0.614164 0.776263 0.595711 0.81038 0.606427 0.822116 0.600463 0.836848 0.606427 0.822116 0.629577 0.862408 0.613824 0.860221 0.613824 0.860221 0.600463 0.836848 0.606427 0.822116 0.613824 0.860221 0.629577 0.862408 0.634453 0.877523 0.629577 0.862408 0.673245 0.878201 0.659786 0.886692 0.659786 0.886692 0.634453 0.877523 0.629577 0.862408 0.649838 0.746318 0.655944 0.762778 0.640713 0.771555 0.614164 0.776263 0.629489 0.785009 0.623536 0.801462 0.606427 0.822116 0.623647 0.819008 0.629576 0.835505 0.629577 0.862408 0.640858 0.848874 0.655977 0.857661 0.658998 0.729844 0.65969 0.733813 0.634291 0.743002 0.634291 0.743002 0.632279 0.739517 0.658998 0.729844 0.632279 0.739517 0.634291 0.743002 0.613608 0.760388 0.613608 0.760388 0.610526 0.757794 0.632279 0.739517 0.610526 0.757794 0.613608 0.760388 0.600122 0.783772 0.600122 0.783772 0.59634 0.7824 0.610526 0.757794 0.59634 0.7824 0.600122 0.783772 0.595711 0.81038 0.595711 0.81038 0.591662 0.810373 0.59634 0.7824 0.591662 0.810373 0.595711 0.81038 0.600463 0.836848 0.600463 0.836848 0.596657 0.838241 0.591662 0.810373 0.596657 0.838241 0.600463 0.836848 0.613824 0.860221 0.613824 0.860221 0.610729 0.862815 0.596657 0.838241 0.610729 0.862815 0.613824 0.860221 0.634453 0.877523 0.634453 0.877523 0.63244 0.881026 0.610729 0.862815 0.63244 0.881026 0.634453 0.877523 0.659786 0.886692 0.659786 0.886692 0.659081 0.890674 0.63244 0.881026 0.673198 0.759579 0.673153 0.774968 0.661259 0.777479 0.661259 0.777479 0.655944 0.762778 0.673198 0.759579 0.640713 0.771555 0.650581 0.783334 0.643038 0.792831 0.643038 0.792831 0.629489 0.785009 0.640713 0.771555 0.623536 0.801462 0.638687 0.804176 0.639005 0.816247 0.639005 0.816247 0.623647 0.819008 0.623536 0.801462 0.629576 0.835505 0.642872 0.827788 0.650881 0.836844 0.650881 0.836844 0.640858 0.848874 0.629576 0.835505 0.655977 0.857661 0.661228 0.843187 0.673213 0.845023 0.673213 0.845023 0.673244 0.860637 0.655977 0.857661 0.640713 0.771555 0.655944 0.762778 0.661259 0.777479 0.661259 0.777479 0.650581 0.783334 0.640713 0.771555 0.623536 0.801462 0.629489 0.785009 0.643038 0.792831 0.643038 0.792831 0.638687 0.804176 0.623536 0.801462 0.629576 0.835505 0.623647 0.819008 0.639005 0.816247 0.639005 0.816247 0.642872 0.827788 0.629576 0.835505 0.655977 0.857661 0.640858 0.848874 0.650881 0.836844 0.650881 0.836844 0.661228 0.843187 0.655977 0.857661 0.655977 0.857661 0.673245 0.878201 0.629577 0.862408 0.673198 0.759579 0.649838 0.746318 0.696575 0.746307 0.640713 0.771555 0.614164 0.776263 0.649838 0.746318 0.623536 0.801462 0.623647 0.819008 0.606427 0.822116 0.629576 0.835505 0.629577 0.862408 0.606427 0.822116 0.673198 0.759579 0.655944 0.762778 0.649838 0.746318 0.676591 0.790968 0.685171 0.77743 0.695838 0.783286 0.695838 0.783286 0.688047 0.797641 0.676591 0.790968 0.688047 0.797641 0.703416 0.79285 0.707741 0.80412 0.707741 0.80412 0.692466 0.810147 0.688047 0.797641 0.692466 0.810147 0.707402 0.816165 0.703681 0.827651 0.703681 0.827651 0.688088 0.822679 0.692466 0.810147 0.688088 0.822679 0.695625 0.836842 0.685288 0.84319 0.685288 0.84319 0.67663 0.829321 0.688088 0.822679 0.685171 0.77743 0.676591 0.790968 0.673153 0.774968 0.703416 0.79285 0.688047 0.797641 0.695838 0.783286 0.707402 0.816165 0.692466 0.810147 0.707741 0.80412 0.695625 0.836842 0.688088 0.822679 0.703681 0.827651 0.673213 0.845023 0.67663 0.829321 0.685288 0.84319 0.661259 0.777479 0.663538 0.793376 0.650581 0.783334 0.643038 0.792831 0.655046 0.803537 0.638687 0.804176 0.639005 0.816247 0.655044 0.816811 0.642872 0.827788 0.650881 0.836844 0.663571 0.826966 0.661228 0.843187 0.676591 0.790968 0.663538 0.793376 0.661259 0.777479 0.661259 0.777479 0.673153 0.774968 0.676591 0.790968 0.663538 0.793376 0.655046 0.803537 0.643038 0.792831 0.643038 0.792831 0.650581 0.783334 0.663538 0.793376 0.655046 0.803537 0.655044 0.816811 0.639005 0.816247 0.639005 0.816247 0.638687 0.804176 0.655046 0.803537 0.655044 0.816811 0.663571 0.826966 0.650881 0.836844 0.650881 0.836844 0.642872 0.827788 0.655044 0.816811 0.67663 0.829321 0.673213 0.845023 0.661228 0.843187 0.661228 0.843187 0.663571 0.826966 0.67663 0.829321 0.688047 0.797641 0.673224 0.810161 0.676591 0.790968 0.692466 0.810147 0.673224 0.810161 0.688047 0.797641 0.688088 0.822679 0.673224 0.810161 0.692466 0.810147 0.67663 0.829321 0.673224 0.810161 0.688088 0.822679 0.676591 0.790968 0.673224 0.810161 0.663538 0.793376 0.663538 0.793376 0.673224 0.810161 0.655046 0.803537 0.655046 0.803537 0.673224 0.810161 0.655044 0.816811 0.655044 0.816811 0.673224 0.810161 0.663571 0.826966 0.663571 0.826966 0.673224 0.810161 0.67663 0.829321 0.629576 0.835505 0.640858 0.848874 0.629577 0.862408 0.690514 0.857649 0.716905 0.862376 0.673245 0.878201 0.655977 0.857661 0.673244 0.860637 0.673245 0.878201 0.722909 0.801416 0.732275 0.776226 0.740035 0.822069 0.716905 0.862376 0.705639 0.848839 0.716909 0.835447 0.70571 0.771529 0.696575 0.746307 0.732275 0.776226 0.640713 0.771555 0.629489 0.785009 0.614164 0.776263 0.606427 0.822116 0.614164 0.776263 0.623536 0.801462 0.871339 0.988171 0.871339 0.93067 0.848016 0.93067 0.848016 0.93067 0.848016 0.988171 0.871339 0.988171 0.894598 0.988171 0.894598 0.93067 0.871339 0.93067 0.871339 0.93067 0.871339 0.988171 0.894598 0.988171 0.91785 0.988171 0.91785 0.93067 0.894598 0.93067 0.894598 0.93067 0.894598 0.988171 0.91785 0.988171 0.941113 0.988171 0.941113 0.93067 0.91785 0.93067 0.91785 0.93067 0.91785 0.988171 0.941113 0.988171 0.964367 0.988171 0.964368 0.93067 0.941113 0.93067 0.941113 0.93067 0.941113 0.988171 0.964367 0.988171 0.987551 0.988171 0.987551 0.93067 0.964368 0.93067 0.964368 0.93067 0.964367 0.988171 0.987551 0.988171 0.871207 0.988171 0.871207 0.93067 0.848016 0.93067 0.848016 0.93067 0.848016 0.988171 0.871207 0.988171 0.894459 0.988171 0.894459 0.93067 0.871207 0.93067 0.871207 0.93067 0.871207 0.988171 0.894459 0.988171 0.89459 0.988171 0.917853 0.988171 0.917853 0.93067 0.917853 0.93067 0.89459 0.93067 0.89459 0.988171 0.917853 0.988171 0.941108 0.988171 0.941108 0.93067 0.941108 0.93067 0.917853 0.93067 0.917853 0.988171 0.941108 0.988171 0.964367 0.988171 0.964367 0.93067 0.964367 0.93067 0.941108 0.93067 0.941108 0.988171 0.964367 0.988171 0.987551 0.988171 0.987551 0.93067 0.987551 0.93067 0.964367 0.93067 0.964367 0.988171 0.894459 0.988171 0.917714 0.988171 0.917714 0.93067 0.917714 0.93067 0.894459 0.93067 0.894459 0.988171 0.917714 0.988171 0.940964 0.988171 0.940964 0.93067 0.940964 0.93067 0.917714 0.93067 0.917714 0.988171 0.940964 0.988171 0.964218 0.988171 0.964218 0.93067 0.964218 0.93067 0.940964 0.93067 0.940964 0.988171 0.964218 0.988171 0.987551 0.988171 0.987551 0.93067 0.987551 0.93067 0.964218 0.93067 0.964218 0.988171 0.848016 0.988171 0.871334 0.988171 0.871334 0.93067 0.871334 0.93067 0.848016 0.93067 0.848016 0.988171 0.871334 0.93067 0.871334 0.988171 0.89459 0.988171 0.89459 0.988171 0.89459 0.93067 0.871334 0.93067 0.676416 0.90633 0.67506 0.91891 0.696694 0.915095 0.696694 0.915095 0.691117 0.903738 0.676416 0.90633 0.676416 0.90633 0.663487 0.913794 0.67506 0.91891 0.653891 0.92523 0.660939 0.935739 0.67506 0.91891 0.67506 0.91891 0.663487 0.913794 0.653891 0.92523 0.653891 0.92523 0.648785 0.939259 0.660939 0.935739 0.648785 0.939259 0.648785 0.954187 0.660939 0.957707 0.660939 0.957707 0.660939 0.935739 0.648785 0.939259 0.648785 0.954187 0.653891 0.968216 0.660939 0.957707 0.663487 0.979652 0.67506 0.974536 0.660939 0.957707 0.660939 0.957707 0.653891 0.968216 0.663487 0.979652 0.663487 0.979652 0.676416 0.987117 0.67506 0.974536 0.691117 0.989709 0.696694 0.978351 0.67506 0.974536 0.67506 0.974536 0.676416 0.987117 0.691117 0.989709 0.691117 0.989709 0.705819 0.987117 0.696694 0.978351 0.718748 0.979652 0.715719 0.967367 0.696694 0.978351 0.696694 0.978351 0.705819 0.987117 0.718748 0.979652 0.718748 0.979652 0.728343 0.968216 0.715719 0.967367 0.733449 0.954187 0.723233 0.946723 0.715719 0.967367 0.715719 0.967367 0.728343 0.968216 0.733449 0.954187 0.733449 0.954187 0.733449 0.939259 0.723233 0.946723 0.728344 0.92523 0.715719 0.92608 0.723233 0.946723 0.723233 0.946723 0.733449 0.939259 0.728344 0.92523 0.728344 0.92523 0.718748 0.913794 0.715719 0.92608 0.705819 0.90633 0.696694 0.915095 0.715719 0.92608 0.715719 0.92608 0.718748 0.913794 0.705819 0.90633 0.705819 0.90633 0.691117 0.903738 0.696694 0.915095 0.675619 0.904142 0.676416 0.90633 0.691117 0.903738 0.691117 0.903738 0.691117 0.901409 0.675619 0.904142 0.66199 0.91201 0.663487 0.913794 0.676416 0.90633 0.676416 0.90633 0.675619 0.904142 0.66199 0.91201 0.651875 0.924066 0.653891 0.92523 0.663487 0.913794 0.663487 0.913794 0.66199 0.91201 0.651875 0.924066 0.646492 0.938854 0.648785 0.939259 0.653891 0.92523 0.653891 0.92523 0.651875 0.924066 0.646492 0.938854 0.646492 0.954592 0.648785 0.954187 0.648785 0.939259 0.648785 0.939259 0.646492 0.938854 0.646492 0.954592 0.651875 0.96938 0.653891 0.968216 0.648785 0.954187 0.648785 0.954187 0.646492 0.954592 0.651875 0.96938 0.66199 0.981436 0.663487 0.979652 0.653891 0.968216 0.653891 0.968216 0.651875 0.96938 0.66199 0.981436 0.675619 0.989305 0.676416 0.987117 0.663487 0.979652 0.663487 0.979652 0.66199 0.981436 0.675619 0.989305 0.691117 0.992038 0.691117 0.989709 0.676416 0.987117 0.676416 0.987117 0.675619 0.989305 0.691117 0.992038 0.706616 0.989305 0.705819 0.987117 0.691117 0.989709 0.691117 0.989709 0.691117 0.992038 0.706616 0.989305 0.720244 0.981436 0.718748 0.979652 0.705819 0.987117 0.705819 0.987117 0.706616 0.989305 0.720244 0.981436 0.73036 0.96938 0.728343 0.968216 0.718748 0.979652 0.718748 0.979652 0.720244 0.981436 0.73036 0.96938 0.735742 0.954592 0.733449 0.954187 0.728343 0.968216 0.728343 0.968216 0.73036 0.96938 0.735742 0.954592 0.735742 0.938854 0.733449 0.939259 0.733449 0.954187 0.733449 0.954187 0.735742 0.954592 0.735742 0.938854 0.73036 0.924066 0.728344 0.92523 0.733449 0.939259 0.733449 0.939259 0.735742 0.938854 0.73036 0.924066 0.720244 0.91201 0.718748 0.913794 0.728344 0.92523 0.728344 0.92523 0.73036 0.924066 0.720244 0.91201 0.706616 0.904142 0.705819 0.90633 0.718748 0.913794 0.718748 0.913794 0.720244 0.91201 0.706616 0.904142 0.691117 0.901409 0.691117 0.903738 0.705819 0.90633 0.705819 0.90633 0.706616 0.904142 0.691117 0.901409 0.696694 0.915095 0.67506 0.91891 0.691117 0.946723 0.67506 0.91891 0.660939 0.935739 0.691117 0.946723 0.660939 0.935739 0.660939 0.957707 0.691117 0.946723 0.660939 0.957707 0.67506 0.974536 0.691117 0.946723 0.67506 0.974536 0.696694 0.978351 0.691117 0.946723 0.696694 0.978351 0.715719 0.967367 0.691117 0.946723 0.715719 0.967367 0.723233 0.946723 0.691117 0.946723 0.723233 0.946723 0.715719 0.92608 0.691117 0.946723 0.715719 0.92608 0.696694 0.915095 0.691117 0.946723 0.659736 0.733809 0.649881 0.746307 0.634332 0.742983 0.649881 0.746307 0.614181 0.776226 0.613636 0.760354 0.613636 0.760354 0.634332 0.742983 0.649881 0.746307 0.613636 0.760354 0.614181 0.776226 0.600132 0.783729 0.614181 0.776226 0.606421 0.822069 0.595711 0.810335 0.595711 0.810335 0.600132 0.783729 0.614181 0.776226 0.595711 0.810335 0.606421 0.822069 0.600453 0.836804 0.606421 0.822069 0.629551 0.862376 0.613803 0.860183 0.613803 0.860183 0.600453 0.836804 0.606421 0.822069 0.613803 0.860183 0.629551 0.862376 0.634423 0.877498 0.629551 0.862376 0.673212 0.878201 0.659751 0.886685 0.659751 0.886685 0.634423 0.877498 0.629551 0.862376 0.649881 0.746307 0.655996 0.762756 0.640746 0.771529 0.614181 0.776226 0.629511 0.784977 0.623547 0.801416 0.606421 0.822069 0.623649 0.818944 0.629547 0.835447 0.629551 0.862376 0.640817 0.848839 0.655942 0.857649 0.659046 0.72984 0.659736 0.733809 0.634332 0.742983 0.634332 0.742983 0.632322 0.739496 0.659046 0.72984 0.632322 0.739496 0.634332 0.742983 0.613636 0.760354 0.613636 0.760354 0.610556 0.757758 0.632322 0.739496 0.610556 0.757758 0.613636 0.760354 0.600132 0.783729 0.600132 0.783729 0.596351 0.782354 0.610556 0.757758 0.596351 0.782354 0.600132 0.783729 0.595711 0.810335 0.595711 0.810335 0.591662 0.810326 0.596351 0.782354 0.591662 0.810326 0.595711 0.810335 0.600453 0.836804 0.600453 0.836804 0.596647 0.838195 0.591662 0.810326 0.596647 0.838195 0.600453 0.836804 0.613803 0.860183 0.613803 0.860183 0.610707 0.862776 0.596647 0.838195 0.610707 0.862776 0.613803 0.860183 0.634423 0.877498 0.634423 0.877498 0.632407 0.880999 0.610707 0.862776 0.632407 0.880999 0.634423 0.877498 0.659751 0.886685 0.659751 0.886685 0.659043 0.890666 0.632407 0.880999 0.659751 0.886685 0.686671 0.886692 0.687375 0.890674 0.687375 0.890674 0.659043 0.890666 0.659751 0.886685 0.673259 0.759579 0.673304 0.774968 0.661285 0.77743 0.661285 0.77743 0.655996 0.762756 0.673259 0.759579 0.640746 0.771529 0.650618 0.783286 0.643041 0.79285 0.643041 0.79285 0.629511 0.784977 0.640746 0.771529 0.623547 0.801416 0.638715 0.80412 0.639055 0.816165 0.639055 0.816165 0.623649 0.818944 0.623547 0.801416 0.629547 0.835447 0.642775 0.827651 0.650831 0.836842 0.650831 0.836842 0.640817 0.848839 0.629547 0.835447 0.655942 0.857649 0.661169 0.84319 0.673243 0.845023 0.673243 0.845023 0.673212 0.860637 0.655942 0.857649 0.640746 0.771529 0.655996 0.762756 0.661285 0.77743 0.661285 0.77743 0.650618 0.783286 0.640746 0.771529 0.623547 0.801416 0.629511 0.784977 0.643041 0.79285 0.643041 0.79285 0.638715 0.80412 0.623547 0.801416 0.629547 0.835447 0.623649 0.818944 0.639055 0.816165 0.639055 0.816165 0.642775 0.827651 0.629547 0.835447 0.655942 0.857649 0.640817 0.848839 0.650831 0.836842 0.650831 0.836842 0.661169 0.84319 0.655942 0.857649 0.655942 0.857649 0.673212 0.860637 0.673212 0.878201 0.640746 0.771529 0.629511 0.784977 0.614181 0.776226 0.623547 0.801416 0.623649 0.818944 0.606421 0.822069 0.629547 0.835447 0.629551 0.862376 0.606421 0.822069 0.659751 0.886685 0.673212 0.878201 0.686671 0.886692 0.673259 0.759579 0.655996 0.762756 0.649881 0.746307 0.649881 0.746307 0.659736 0.733809 0.686766 0.733813 0.686766 0.733813 0.696618 0.746318 0.649881 0.746307 0.659046 0.72984 0.687459 0.729844 0.686766 0.733813 0.686766 0.733813 0.659736 0.733809 0.659046 0.72984 0.686766 0.733813 0.712166 0.743002 0.696618 0.746318 0.696618 0.746318 0.712166 0.743002 0.732848 0.760388 0.732848 0.760388 0.732293 0.776263 0.696618 0.746318 0.732848 0.760388 0.746334 0.783772 0.732293 0.776263 0.732293 0.776263 0.746334 0.783772 0.750746 0.81038 0.750746 0.81038 0.740029 0.822116 0.732293 0.776263 0.750746 0.81038 0.745993 0.836848 0.740029 0.822116 0.740029 0.822116 0.745993 0.836848 0.732633 0.860221 0.732633 0.860221 0.716879 0.862408 0.740029 0.822116 0.732633 0.860221 0.712003 0.877523 0.716879 0.862408 0.716879 0.862408 0.712003 0.877523 0.686671 0.886692 0.686671 0.886692 0.673212 0.878201 0.716879 0.862408 0.696618 0.746318 0.705743 0.771555 0.690512 0.762778 0.732293 0.776263 0.72292 0.801462 0.716968 0.785009 0.740029 0.822116 0.71688 0.835505 0.722809 0.819008 0.716879 0.862408 0.690479 0.857661 0.705598 0.848874 0.687459 0.729844 0.714177 0.739517 0.712166 0.743002 0.712166 0.743002 0.686766 0.733813 0.687459 0.729844 0.714177 0.739517 0.735931 0.757794 0.732848 0.760388 0.732848 0.760388 0.712166 0.743002 0.714177 0.739517 0.735931 0.757794 0.750116 0.7824 0.746334 0.783772 0.746334 0.783772 0.732848 0.760388 0.735931 0.757794 0.750116 0.7824 0.754794 0.810373 0.750746 0.81038 0.750746 0.81038 0.746334 0.783772 0.750116 0.7824 0.754794 0.810373 0.749799 0.838241 0.745993 0.836848 0.745993 0.836848 0.750746 0.81038 0.754794 0.810373 0.749799 0.838241 0.735727 0.862815 0.732633 0.860221 0.732633 0.860221 0.745993 0.836848 0.749799 0.838241 0.735727 0.862815 0.714017 0.881026 0.712003 0.877523 0.712003 0.877523 0.732633 0.860221 0.735727 0.862815 0.714017 0.881026 0.687375 0.890674 0.686671 0.886692 0.686671 0.886692 0.712003 0.877523 0.714017 0.881026 0.673259 0.759579 0.690512 0.762778 0.685197 0.777479 0.685197 0.777479 0.673304 0.774968 0.673259 0.759579 0.705743 0.771555 0.716968 0.785009 0.703418 0.792831 0.703418 0.792831 0.695876 0.783334 0.705743 0.771555 0.72292 0.801462 0.722809 0.819008 0.707451 0.816247 0.707451 0.816247 0.707769 0.804176 0.72292 0.801462 0.71688 0.835505 0.705598 0.848874 0.695576 0.836844 0.695576 0.836844 0.703584 0.827788 0.71688 0.835505 0.690479 0.857661 0.673212 0.860637 0.673243 0.845023 0.673243 0.845023 0.685228 0.843187 0.690479 0.857661 0.705743 0.771555 0.695876 0.783334 0.685197 0.777479 0.685197 0.777479 0.690512 0.762778 0.705743 0.771555 0.72292 0.801462 0.707769 0.804176 0.703418 0.792831 0.703418 0.792831 0.716968 0.785009 0.72292 0.801462 0.71688 0.835505 0.703584 0.827788 0.707451 0.816247 0.707451 0.816247 0.722809 0.819008 0.71688 0.835505 0.690479 0.857661 0.685228 0.843187 0.695576 0.836844 0.695576 0.836844 0.705598 0.848874 0.690479 0.857661 0.690479 0.857661 0.716879 0.862408 0.673212 0.878201 0.673259 0.759579 0.649881 0.746307 0.696618 0.746318 0.705743 0.771555 0.696618 0.746318 0.732293 0.776263 0.72292 0.801462 0.740029 0.822116 0.722809 0.819008 0.71688 0.835505 0.740029 0.822116 0.716879 0.862408 0.673259 0.759579 0.696618 0.746318 0.690512 0.762778 0.669866 0.790968 0.65841 0.797641 0.650618 0.783286 0.650618 0.783286 0.661285 0.77743 0.669866 0.790968 0.65841 0.797641 0.65399 0.810147 0.638715 0.80412 0.638715 0.80412 0.643041 0.79285 0.65841 0.797641 0.65399 0.810147 0.658369 0.822679 0.642775 0.827651 0.642775 0.827651 0.639055 0.816165 0.65399 0.810147 0.658369 0.822679 0.669826 0.829321 0.661169 0.84319 0.661169 0.84319 0.650831 0.836842 0.658369 0.822679 0.661285 0.77743 0.673304 0.774968 0.669866 0.790968 0.643041 0.79285 0.650618 0.783286 0.65841 0.797641 0.639055 0.816165 0.638715 0.80412 0.65399 0.810147 0.650831 0.836842 0.642775 0.827651 0.658369 0.822679 0.673243 0.845023 0.661169 0.84319 0.669826 0.829321 0.685197 0.777479 0.695876 0.783334 0.682918 0.793376 0.703418 0.792831 0.707769 0.804176 0.69141 0.803537 0.707451 0.816247 0.703584 0.827788 0.691412 0.816811 0.695576 0.836844 0.685228 0.843187 0.682886 0.826966 0.669866 0.790968 0.673304 0.774968 0.685197 0.777479 0.685197 0.777479 0.682918 0.793376 0.669866 0.790968 0.682918 0.793376 0.695876 0.783334 0.703418 0.792831 0.703418 0.792831 0.69141 0.803537 0.682918 0.793376 0.69141 0.803537 0.707769 0.804176 0.707451 0.816247 0.707451 0.816247 0.691412 0.816811 0.69141 0.803537 0.691412 0.816811 0.703584 0.827788 0.695576 0.836844 0.695576 0.836844 0.682886 0.826966 0.691412 0.816811 0.669826 0.829321 0.682886 0.826966 0.685228 0.843187 0.685228 0.843187 0.673243 0.845023 0.669826 0.829321 0.65841 0.797641 0.669866 0.790968 0.673232 0.810161 0.65399 0.810147 0.65841 0.797641 0.673232 0.810161 0.658369 0.822679 0.65399 0.810147 0.673232 0.810161 0.669826 0.829321 0.658369 0.822679 0.673232 0.810161 0.669866 0.790968 0.682918 0.793376 0.673232 0.810161 0.682918 0.793376 0.69141 0.803537 0.673232 0.810161 0.69141 0.803537 0.691412 0.816811 0.673232 0.810161 0.691412 0.816811 0.682886 0.826966 0.673232 0.810161 0.682886 0.826966 0.669826 0.829321 0.673232 0.810161 0.71688 0.835505 0.716879 0.862408 0.705598 0.848874 0.655942 0.857649 0.673212 0.878201 0.629551 0.862376 0.690479 0.857661 0.673212 0.878201 0.673212 0.860637 0.623547 0.801416 0.606421 0.822069 0.614181 0.776226 0.629551 0.862376 0.629547 0.835447 0.640817 0.848839 0.640746 0.771529 0.614181 0.776226 0.649881 0.746307 0.705743 0.771555 0.732293 0.776263 0.716968 0.785009 0.740029 0.822116 0.72292 0.801462 0.732293 0.776263 0.871339 0.988171 0.848016 0.988171 0.848016 0.93067 0.848016 0.93067 0.871339 0.93067 0.871339 0.988171 0.894598 0.988171 0.871339 0.988171 0.871339 0.93067 0.871339 0.93067 0.894598 0.93067 0.894598 0.988171 0.91785 0.988171 0.894598 0.988171 0.894598 0.93067 0.894598 0.93067 0.91785 0.93067 0.91785 0.988171 0.941113 0.988171 0.91785 0.988171 0.91785 0.93067 0.91785 0.93067 0.941113 0.93067 0.941113 0.988171 0.964367 0.988171 0.941113 0.988171 0.941113 0.93067 0.941113 0.93067 0.964368 0.93067 0.964367 0.988171 0.987551 0.988171 0.964367 0.988171 0.964368 0.93067 0.964368 0.93067 0.987551 0.93067 0.987551 0.988171 0.871207 0.988171 0.848016 0.988171 0.848016 0.93067 0.848016 0.93067 0.871207 0.93067 0.871207 0.988171 0.894459 0.988171 0.871207 0.988171 0.871207 0.93067 0.871207 0.93067 0.894459 0.93067 0.894459 0.988171 0.89459 0.988171 0.89459 0.93067 0.917853 0.93067 0.917853 0.93067 0.917853 0.988171 0.89459 0.988171 0.917853 0.988171 0.917853 0.93067 0.941108 0.93067 0.941108 0.93067 0.941108 0.988171 0.917853 0.988171 0.941108 0.988171 0.941108 0.93067 0.964367 0.93067 0.964367 0.93067 0.964367 0.988171 0.941108 0.988171 0.964367 0.988171 0.964367 0.93067 0.987551 0.93067 0.987551 0.93067 0.987551 0.988171 0.964367 0.988171 0.894459 0.988171 0.894459 0.93067 0.917714 0.93067 0.917714 0.93067 0.917714 0.988171 0.894459 0.988171 0.917714 0.988171 0.917714 0.93067 0.940964 0.93067 0.940964 0.93067 0.940964 0.988171 0.917714 0.988171 0.940964 0.988171 0.940964 0.93067 0.964218 0.93067 0.964218 0.93067 0.964218 0.988171 0.940964 0.988171 0.964218 0.988171 0.964218 0.93067 0.987551 0.93067 0.987551 0.93067 0.987551 0.988171 0.964218 0.988171 0.848016 0.988171 0.848016 0.93067 0.871334 0.93067 0.871334 0.93067 0.871334 0.988171 0.848016 0.988171 0.871334 0.93067 0.89459 0.93067 0.89459 0.988171 0.89459 0.988171 0.871334 0.988171 0.871334 0.93067 0.676416 0.90633 0.691117 0.903738 0.696694 0.915095 0.696694 0.915095 0.67506 0.91891 0.676416 0.90633 0.676416 0.90633 0.67506 0.91891 0.663487 0.913794 0.653891 0.92523 0.663487 0.913794 0.67506 0.91891 0.67506 0.91891 0.660939 0.935739 0.653891 0.92523 0.653891 0.92523 0.660939 0.935739 0.648785 0.939259 0.648785 0.939259 0.660939 0.935739 0.660939 0.957707 0.660939 0.957707 0.648785 0.954187 0.648785 0.939259 0.648785 0.954187 0.660939 0.957707 0.653891 0.968216 0.663487 0.979652 0.653891 0.968216 0.660939 0.957707 0.660939 0.957707 0.67506 0.974536 0.663487 0.979652 0.663487 0.979652 0.67506 0.974536 0.676416 0.987117 0.691117 0.989709 0.676416 0.987117 0.67506 0.974536 0.67506 0.974536 0.696694 0.978351 0.691117 0.989709 0.691117 0.989709 0.696694 0.978351 0.705819 0.987117 0.718748 0.979652 0.705819 0.987117 0.696694 0.978351 0.696694 0.978351 0.715719 0.967367 0.718748 0.979652 0.718748 0.979652 0.715719 0.967367 0.728343 0.968216 0.733449 0.954187 0.728343 0.968216 0.715719 0.967367 0.715719 0.967367 0.723233 0.946723 0.733449 0.954187 0.733449 0.954187 0.723233 0.946723 0.733449 0.939259 0.728344 0.92523 0.733449 0.939259 0.723233 0.946723 0.723233 0.946723 0.715719 0.92608 0.728344 0.92523 0.728344 0.92523 0.715719 0.92608 0.718748 0.913794 0.705819 0.90633 0.718748 0.913794 0.715719 0.92608 0.715719 0.92608 0.696694 0.915095 0.705819 0.90633 0.705819 0.90633 0.696694 0.915095 0.691117 0.903738 0.675619 0.904142 0.691117 0.901409 0.691117 0.903738 0.691117 0.903738 0.676416 0.90633 0.675619 0.904142 0.66199 0.91201 0.675619 0.904142 0.676416 0.90633 0.676416 0.90633 0.663487 0.913794 0.66199 0.91201 0.651875 0.924066 0.66199 0.91201 0.663487 0.913794 0.663487 0.913794 0.653891 0.92523 0.651875 0.924066 0.646492 0.938854 0.651875 0.924066 0.653891 0.92523 0.653891 0.92523 0.648785 0.939259 0.646492 0.938854 0.646492 0.954592 0.646492 0.938854 0.648785 0.939259 0.648785 0.939259 0.648785 0.954187 0.646492 0.954592 0.651875 0.96938 0.646492 0.954592 0.648785 0.954187 0.648785 0.954187 0.653891 0.968216 0.651875 0.96938 0.66199 0.981436 0.651875 0.96938 0.653891 0.968216 0.653891 0.968216 0.663487 0.979652 0.66199 0.981436 0.675619 0.989305 0.66199 0.981436 0.663487 0.979652 0.663487 0.979652 0.676416 0.987117 0.675619 0.989305 0.691117 0.992038 0.675619 0.989305 0.676416 0.987117 0.676416 0.987117 0.691117 0.989709 0.691117 0.992038 0.706616 0.989305 0.691117 0.992038 0.691117 0.989709 0.691117 0.989709 0.705819 0.987117 0.706616 0.989305 0.720244 0.981436 0.706616 0.989305 0.705819 0.987117 0.705819 0.987117 0.718748 0.979652 0.720244 0.981436 0.73036 0.96938 0.720244 0.981436 0.718748 0.979652 0.718748 0.979652 0.728343 0.968216 0.73036 0.96938 0.735742 0.954592 0.73036 0.96938 0.728343 0.968216 0.728343 0.968216 0.733449 0.954187 0.735742 0.954592 0.735742 0.938854 0.735742 0.954592 0.733449 0.954187 0.733449 0.954187 0.733449 0.939259 0.735742 0.938854 0.73036 0.924066 0.735742 0.938854 0.733449 0.939259 0.733449 0.939259 0.728344 0.92523 0.73036 0.924066 0.720244 0.91201 0.73036 0.924066 0.728344 0.92523 0.728344 0.92523 0.718748 0.913794 0.720244 0.91201 0.706616 0.904142 0.720244 0.91201 0.718748 0.913794 0.718748 0.913794 0.705819 0.90633 0.706616 0.904142 0.691117 0.901409 0.706616 0.904142 0.705819 0.90633 0.705819 0.90633 0.691117 0.903738 0.691117 0.901409 0.696694 0.915095 0.691117 0.946723 0.67506 0.91891 0.67506 0.91891 0.691117 0.946723 0.660939 0.935739 0.660939 0.935739 0.691117 0.946723 0.660939 0.957707 0.660939 0.957707 0.691117 0.946723 0.67506 0.974536 0.67506 0.974536 0.691117 0.946723 0.696694 0.978351 0.696694 0.978351 0.691117 0.946723 0.715719 0.967367 0.715719 0.967367 0.691117 0.946723 0.723233 0.946723 0.723233 0.946723 0.691117 0.946723 0.715719 0.92608 0.715719 0.92608 0.691117 0.946723 0.696694 0.915095 0.686721 0.733809 0.712125 0.742983 0.696575 0.746307 0.696575 0.746307 0.712125 0.742983 0.73282 0.760354 0.73282 0.760354 0.732275 0.776226 0.696575 0.746307 0.73282 0.760354 0.746325 0.783729 0.732275 0.776226 0.732275 0.776226 0.746325 0.783729 0.750745 0.810335 0.750745 0.810335 0.740035 0.822069 0.732275 0.776226 0.750745 0.810335 0.746003 0.836804 0.740035 0.822069 0.740035 0.822069 0.746003 0.836804 0.732654 0.860183 0.732654 0.860183 0.716905 0.862376 0.740035 0.822069 0.732654 0.860183 0.712034 0.877498 0.716905 0.862376 0.716905 0.862376 0.712034 0.877498 0.686706 0.886685 0.686706 0.886685 0.673245 0.878201 0.716905 0.862376 0.696575 0.746307 0.70571 0.771529 0.690461 0.762756 0.732275 0.776226 0.722909 0.801416 0.716946 0.784977 0.740035 0.822069 0.716909 0.835447 0.722808 0.818944 0.716905 0.862376 0.690514 0.857649 0.705639 0.848839 0.687411 0.72984 0.714134 0.739496 0.712125 0.742983 0.712125 0.742983 0.686721 0.733809 0.687411 0.72984 0.714134 0.739496 0.7359 0.757758 0.73282 0.760354 0.73282 0.760354 0.712125 0.742983 0.714134 0.739496 0.7359 0.757758 0.750105 0.782354 0.746325 0.783729 0.746325 0.783729 0.73282 0.760354 0.7359 0.757758 0.750105 0.782354 0.754794 0.810326 0.750745 0.810335 0.750745 0.810335 0.746325 0.783729 0.750105 0.782354 0.754794 0.810326 0.74981 0.838195 0.746003 0.836804 0.746003 0.836804 0.750745 0.810335 0.754794 0.810326 0.74981 0.838195 0.73575 0.862776 0.732654 0.860183 0.732654 0.860183 0.746003 0.836804 0.74981 0.838195 0.73575 0.862776 0.714049 0.880999 0.712034 0.877498 0.712034 0.877498 0.732654 0.860183 0.73575 0.862776 0.714049 0.880999 0.687413 0.890666 0.686706 0.886685 0.686706 0.886685 0.712034 0.877498 0.714049 0.880999 0.686706 0.886685 0.687413 0.890666 0.659081 0.890674 0.659081 0.890674 0.659786 0.886692 0.686706 0.886685 0.673198 0.759579 0.690461 0.762756 0.685171 0.77743 0.685171 0.77743 0.673153 0.774968 0.673198 0.759579 0.70571 0.771529 0.716946 0.784977 0.703416 0.79285 0.703416 0.79285 0.695838 0.783286 0.70571 0.771529 0.722909 0.801416 0.722808 0.818944 0.707402 0.816165 0.707402 0.816165 0.707741 0.80412 0.722909 0.801416 0.716909 0.835447 0.705639 0.848839 0.695625 0.836842 0.695625 0.836842 0.703681 0.827651 0.716909 0.835447 0.690514 0.857649 0.673244 0.860637 0.673213 0.845023 0.673213 0.845023 0.685288 0.84319 0.690514 0.857649 0.70571 0.771529 0.695838 0.783286 0.685171 0.77743 0.685171 0.77743 0.690461 0.762756 0.70571 0.771529 0.722909 0.801416 0.707741 0.80412 0.703416 0.79285 0.703416 0.79285 0.716946 0.784977 0.722909 0.801416 0.716909 0.835447 0.703681 0.827651 0.707402 0.816165 0.707402 0.816165 0.722808 0.818944 0.716909 0.835447 0.690514 0.857649 0.685288 0.84319 0.695625 0.836842 0.695625 0.836842 0.705639 0.848839 0.690514 0.857649 0.690514 0.857649 0.673245 0.878201 0.673244 0.860637 0.70571 0.771529 0.732275 0.776226 0.716946 0.784977 0.722909 0.801416 0.740035 0.822069 0.722808 0.818944 0.716909 0.835447 0.740035 0.822069 0.716905 0.862376 0.686706 0.886685 0.659786 0.886692 0.673245 0.878201 0.673198 0.759579 0.696575 0.746307 0.690461 0.762756 0.696575 0.746307 0.649838 0.746318 0.65969 0.733813 0.65969 0.733813 0.686721 0.733809 0.696575 0.746307 0.687411 0.72984 0.686721 0.733809 0.65969 0.733813 0.65969 0.733813 0.658998 0.729844 0.687411 0.72984 0.65969 0.733813 0.649838 0.746318 0.634291 0.743002 0.649838 0.746318 0.614164 0.776263 0.613608 0.760388 0.613608 0.760388 0.634291 0.743002 0.649838 0.746318 0.613608 0.760388 0.614164 0.776263 0.600122 0.783772 0.614164 0.776263 0.606427 0.822116 0.595711 0.81038 0.595711 0.81038 0.600122 0.783772 0.614164 0.776263 0.595711 0.81038 0.606427 0.822116 0.600463 0.836848 0.606427 0.822116 0.629577 0.862408 0.613824 0.860221 0.613824 0.860221 0.600463 0.836848 0.606427 0.822116 0.613824 0.860221 0.629577 0.862408 0.634453 0.877523 0.629577 0.862408 0.673245 0.878201 0.659786 0.886692 0.659786 0.886692 0.634453 0.877523 0.629577 0.862408 0.649838 0.746318 0.655944 0.762778 0.640713 0.771555 0.614164 0.776263 0.629489 0.785009 0.623536 0.801462 0.606427 0.822116 0.623647 0.819008 0.629576 0.835505 0.629577 0.862408 0.640858 0.848874 0.655977 0.857661 0.658998 0.729844 0.65969 0.733813 0.634291 0.743002 0.634291 0.743002 0.632279 0.739517 0.658998 0.729844 0.632279 0.739517 0.634291 0.743002 0.613608 0.760388 0.613608 0.760388 0.610526 0.757794 0.632279 0.739517 0.610526 0.757794 0.613608 0.760388 0.600122 0.783772 0.600122 0.783772 0.59634 0.7824 0.610526 0.757794 0.59634 0.7824 0.600122 0.783772 0.595711 0.81038 0.595711 0.81038 0.591662 0.810373 0.59634 0.7824 0.591662 0.810373 0.595711 0.81038 0.600463 0.836848 0.600463 0.836848 0.596657 0.838241 0.591662 0.810373 0.596657 0.838241 0.600463 0.836848 0.613824 0.860221 0.613824 0.860221 0.610729 0.862815 0.596657 0.838241 0.610729 0.862815 0.613824 0.860221 0.634453 0.877523 0.634453 0.877523 0.63244 0.881026 0.610729 0.862815 0.63244 0.881026 0.634453 0.877523 0.659786 0.886692 0.659786 0.886692 0.659081 0.890674 0.63244 0.881026 0.673198 0.759579 0.673153 0.774968 0.661259 0.777479 0.661259 0.777479 0.655944 0.762778 0.673198 0.759579 0.640713 0.771555 0.650581 0.783334 0.643038 0.792831 0.643038 0.792831 0.629489 0.785009 0.640713 0.771555 0.623536 0.801462 0.638687 0.804176 0.639005 0.816247 0.639005 0.816247 0.623647 0.819008 0.623536 0.801462 0.629576 0.835505 0.642872 0.827788 0.650881 0.836844 0.650881 0.836844 0.640858 0.848874 0.629576 0.835505 0.655977 0.857661 0.661228 0.843187 0.673213 0.845023 0.673213 0.845023 0.673244 0.860637 0.655977 0.857661 0.640713 0.771555 0.655944 0.762778 0.661259 0.777479 0.661259 0.777479 0.650581 0.783334 0.640713 0.771555 0.623536 0.801462 0.629489 0.785009 0.643038 0.792831 0.643038 0.792831 0.638687 0.804176 0.623536 0.801462 0.629576 0.835505 0.623647 0.819008 0.639005 0.816247 0.639005 0.816247 0.642872 0.827788 0.629576 0.835505 0.655977 0.857661 0.640858 0.848874 0.650881 0.836844 0.650881 0.836844 0.661228 0.843187 0.655977 0.857661 0.655977 0.857661 0.673245 0.878201 0.629577 0.862408 0.673198 0.759579 0.649838 0.746318 0.696575 0.746307 0.640713 0.771555 0.614164 0.776263 0.649838 0.746318 0.623536 0.801462 0.623647 0.819008 0.606427 0.822116 0.629576 0.835505 0.629577 0.862408 0.606427 0.822116 0.673198 0.759579 0.655944 0.762778 0.649838 0.746318 0.676591 0.790968 0.685171 0.77743 0.695838 0.783286 0.695838 0.783286 0.688047 0.797641 0.676591 0.790968 0.688047 0.797641 0.703416 0.79285 0.707741 0.80412 0.707741 0.80412 0.692466 0.810147 0.688047 0.797641 0.692466 0.810147 0.707402 0.816165 0.703681 0.827651 0.703681 0.827651 0.688088 0.822679 0.692466 0.810147 0.688088 0.822679 0.695625 0.836842 0.685288 0.84319 0.685288 0.84319 0.67663 0.829321 0.688088 0.822679 0.685171 0.77743 0.676591 0.790968 0.673153 0.774968 0.703416 0.79285 0.688047 0.797641 0.695838 0.783286 0.707402 0.816165 0.692466 0.810147 0.707741 0.80412 0.695625 0.836842 0.688088 0.822679 0.703681 0.827651 0.673213 0.845023 0.67663 0.829321 0.685288 0.84319 0.661259 0.777479 0.663538 0.793376 0.650581 0.783334 0.643038 0.792831 0.655046 0.803537 0.638687 0.804176 0.639005 0.816247 0.655044 0.816811 0.642872 0.827788 0.650881 0.836844 0.663571 0.826966 0.661228 0.843187 0.676591 0.790968 0.663538 0.793376 0.661259 0.777479 0.661259 0.777479 0.673153 0.774968 0.676591 0.790968 0.663538 0.793376 0.655046 0.803537 0.643038 0.792831 0.643038 0.792831 0.650581 0.783334 0.663538 0.793376 0.655046 0.803537 0.655044 0.816811 0.639005 0.816247 0.639005 0.816247 0.638687 0.804176 0.655046 0.803537 0.655044 0.816811 0.663571 0.826966 0.650881 0.836844 0.650881 0.836844 0.642872 0.827788 0.655044 0.816811 0.67663 0.829321 0.673213 0.845023 0.661228 0.843187 0.661228 0.843187 0.663571 0.826966 0.67663 0.829321 0.688047 0.797641 0.673224 0.810161 0.676591 0.790968 0.692466 0.810147 0.673224 0.810161 0.688047 0.797641 0.688088 0.822679 0.673224 0.810161 0.692466 0.810147 0.67663 0.829321 0.673224 0.810161 0.688088 0.822679 0.676591 0.790968 0.673224 0.810161 0.663538 0.793376 0.663538 0.793376 0.673224 0.810161 0.655046 0.803537 0.655046 0.803537 0.673224 0.810161 0.655044 0.816811 0.655044 0.816811 0.673224 0.810161 0.663571 0.826966 0.663571 0.826966 0.673224 0.810161 0.67663 0.829321 0.629576 0.835505 0.640858 0.848874 0.629577 0.862408 0.690514 0.857649 0.716905 0.862376 0.673245 0.878201 0.655977 0.857661 0.673244 0.860637 0.673245 0.878201 0.722909 0.801416 0.732275 0.776226 0.740035 0.822069 0.716905 0.862376 0.705639 0.848839 0.716909 0.835447 0.70571 0.771529 0.696575 0.746307 0.732275 0.776226 0.640713 0.771555 0.629489 0.785009 0.614164 0.776263 0.606427 0.822116 0.614164 0.776263 0.623536 0.801462 0.871339 0.988171 0.871339 0.93067 0.848016 0.93067 0.848016 0.93067 0.848016 0.988171 0.871339 0.988171 0.894598 0.988171 0.894598 0.93067 0.871339 0.93067 0.871339 0.93067 0.871339 0.988171 0.894598 0.988171 0.91785 0.988171 0.91785 0.93067 0.894598 0.93067 0.894598 0.93067 0.894598 0.988171 0.91785 0.988171 0.941113 0.988171 0.941113 0.93067 0.91785 0.93067 0.91785 0.93067 0.91785 0.988171 0.941113 0.988171 0.964367 0.988171 0.964368 0.93067 0.941113 0.93067 0.941113 0.93067 0.941113 0.988171 0.964367 0.988171 0.987551 0.988171 0.987551 0.93067 0.964368 0.93067 0.964368 0.93067 0.964367 0.988171 0.987551 0.988171 0.871207 0.988171 0.871207 0.93067 0.848016 0.93067 0.848016 0.93067 0.848016 0.988171 0.871207 0.988171 0.894459 0.988171 0.894459 0.93067 0.871207 0.93067 0.871207 0.93067 0.871207 0.988171 0.894459 0.988171 0.89459 0.988171 0.917853 0.988171 0.917853 0.93067 0.917853 0.93067 0.89459 0.93067 0.89459 0.988171 0.917853 0.988171 0.941108 0.988171 0.941108 0.93067 0.941108 0.93067 0.917853 0.93067 0.917853 0.988171 0.941108 0.988171 0.964367 0.988171 0.964367 0.93067 0.964367 0.93067 0.941108 0.93067 0.941108 0.988171 0.964367 0.988171 0.987551 0.988171 0.987551 0.93067 0.987551 0.93067 0.964367 0.93067 0.964367 0.988171 0.894459 0.988171 0.917714 0.988171 0.917714 0.93067 0.917714 0.93067 0.894459 0.93067 0.894459 0.988171 0.917714 0.988171 0.940964 0.988171 0.940964 0.93067 0.940964 0.93067 0.917714 0.93067 0.917714 0.988171 0.940964 0.988171 0.964218 0.988171 0.964218 0.93067 0.964218 0.93067 0.940964 0.93067 0.940964 0.988171 0.964218 0.988171 0.987551 0.988171 0.987551 0.93067 0.987551 0.93067 0.964218 0.93067 0.964218 0.988171 0.848016 0.988171 0.871334 0.988171 0.871334 0.93067 0.871334 0.93067 0.848016 0.93067 0.848016 0.988171 0.871334 0.93067 0.871334 0.988171 0.89459 0.988171 0.89459 0.988171 0.89459 0.93067 0.871334 0.93067 0.676416 0.90633 0.67506 0.91891 0.696694 0.915095 0.696694 0.915095 0.691117 0.903738 0.676416 0.90633 0.676416 0.90633 0.663487 0.913794 0.67506 0.91891 0.653891 0.92523 0.660939 0.935739 0.67506 0.91891 0.67506 0.91891 0.663487 0.913794 0.653891 0.92523 0.653891 0.92523 0.648785 0.939259 0.660939 0.935739 0.648785 0.939259 0.648785 0.954187 0.660939 0.957707 0.660939 0.957707 0.660939 0.935739 0.648785 0.939259 0.648785 0.954187 0.653891 0.968216 0.660939 0.957707 0.663487 0.979652 0.67506 0.974536 0.660939 0.957707 0.660939 0.957707 0.653891 0.968216 0.663487 0.979652 0.663487 0.979652 0.676416 0.987117 0.67506 0.974536 0.691117 0.989709 0.696694 0.978351 0.67506 0.974536 0.67506 0.974536 0.676416 0.987117 0.691117 0.989709 0.691117 0.989709 0.705819 0.987117 0.696694 0.978351 0.718748 0.979652 0.715719 0.967367 0.696694 0.978351 0.696694 0.978351 0.705819 0.987117 0.718748 0.979652 0.718748 0.979652 0.728343 0.968216 0.715719 0.967367 0.733449 0.954187 0.723233 0.946723 0.715719 0.967367 0.715719 0.967367 0.728343 0.968216 0.733449 0.954187 0.733449 0.954187 0.733449 0.939259 0.723233 0.946723 0.728344 0.92523 0.715719 0.92608 0.723233 0.946723 0.723233 0.946723 0.733449 0.939259 0.728344 0.92523 0.728344 0.92523 0.718748 0.913794 0.715719 0.92608 0.705819 0.90633 0.696694 0.915095 0.715719 0.92608 0.715719 0.92608 0.718748 0.913794 0.705819 0.90633 0.705819 0.90633 0.691117 0.903738 0.696694 0.915095 0.675619 0.904142 0.676416 0.90633 0.691117 0.903738 0.691117 0.903738 0.691117 0.901409 0.675619 0.904142 0.66199 0.91201 0.663487 0.913794 0.676416 0.90633 0.676416 0.90633 0.675619 0.904142 0.66199 0.91201 0.651875 0.924066 0.653891 0.92523 0.663487 0.913794 0.663487 0.913794 0.66199 0.91201 0.651875 0.924066 0.646492 0.938854 0.648785 0.939259 0.653891 0.92523 0.653891 0.92523 0.651875 0.924066 0.646492 0.938854 0.646492 0.954592 0.648785 0.954187 0.648785 0.939259 0.648785 0.939259 0.646492 0.938854 0.646492 0.954592 0.651875 0.96938 0.653891 0.968216 0.648785 0.954187 0.648785 0.954187 0.646492 0.954592 0.651875 0.96938 0.66199 0.981436 0.663487 0.979652 0.653891 0.968216 0.653891 0.968216 0.651875 0.96938 0.66199 0.981436 0.675619 0.989305 0.676416 0.987117 0.663487 0.979652 0.663487 0.979652 0.66199 0.981436 0.675619 0.989305 0.691117 0.992038 0.691117 0.989709 0.676416 0.987117 0.676416 0.987117 0.675619 0.989305 0.691117 0.992038 0.706616 0.989305 0.705819 0.987117 0.691117 0.989709 0.691117 0.989709 0.691117 0.992038 0.706616 0.989305 0.720244 0.981436 0.718748 0.979652 0.705819 0.987117 0.705819 0.987117 0.706616 0.989305 0.720244 0.981436 0.73036 0.96938 0.728343 0.968216 0.718748 0.979652 0.718748 0.979652 0.720244 0.981436 0.73036 0.96938 0.735742 0.954592 0.733449 0.954187 0.728343 0.968216 0.728343 0.968216 0.73036 0.96938 0.735742 0.954592 0.735742 0.938854 0.733449 0.939259 0.733449 0.954187 0.733449 0.954187 0.735742 0.954592 0.735742 0.938854 0.73036 0.924066 0.728344 0.92523 0.733449 0.939259 0.733449 0.939259 0.735742 0.938854 0.73036 0.924066 0.720244 0.91201 0.718748 0.913794 0.728344 0.92523 0.728344 0.92523 0.73036 0.924066 0.720244 0.91201 0.706616 0.904142 0.705819 0.90633 0.718748 0.913794 0.718748 0.913794 0.720244 0.91201 0.706616 0.904142 0.691117 0.901409 0.691117 0.903738 0.705819 0.90633 0.705819 0.90633 0.706616 0.904142 0.691117 0.901409 0.696694 0.915095 0.67506 0.91891 0.691117 0.946723 0.67506 0.91891 0.660939 0.935739 0.691117 0.946723 0.660939 0.935739 0.660939 0.957707 0.691117 0.946723 0.660939 0.957707 0.67506 0.974536 0.691117 0.946723 0.67506 0.974536 0.696694 0.978351 0.691117 0.946723 0.696694 0.978351 0.715719 0.967367 0.691117 0.946723 0.715719 0.967367 0.723233 0.946723 0.691117 0.946723 0.723233 0.946723 0.715719 0.92608 0.691117 0.946723 0.715719 0.92608 0.696694 0.915095 0.691117 0.946723 0.659736 0.733809 0.649881 0.746307 0.634332 0.742983 0.649881 0.746307 0.614181 0.776226 0.613636 0.760354 0.613636 0.760354 0.634332 0.742983 0.649881 0.746307 0.613636 0.760354 0.614181 0.776226 0.600132 0.783729 0.614181 0.776226 0.606421 0.822069 0.595711 0.810335 0.595711 0.810335 0.600132 0.783729 0.614181 0.776226 0.595711 0.810335 0.606421 0.822069 0.600453 0.836804 0.606421 0.822069 0.629551 0.862376 0.613803 0.860183 0.613803 0.860183 0.600453 0.836804 0.606421 0.822069 0.613803 0.860183 0.629551 0.862376 0.634423 0.877498 0.629551 0.862376 0.673212 0.878201 0.659751 0.886685 0.659751 0.886685 0.634423 0.877498 0.629551 0.862376 0.649881 0.746307 0.655996 0.762756 0.640746 0.771529 0.614181 0.776226 0.629511 0.784977 0.623547 0.801416 0.606421 0.822069 0.623649 0.818944 0.629547 0.835447 0.629551 0.862376 0.640817 0.848839 0.655942 0.857649 0.659046 0.72984 0.659736 0.733809 0.634332 0.742983 0.634332 0.742983 0.632322 0.739496 0.659046 0.72984 0.632322 0.739496 0.634332 0.742983 0.613636 0.760354 0.613636 0.760354 0.610556 0.757758 0.632322 0.739496 0.610556 0.757758 0.613636 0.760354 0.600132 0.783729 0.600132 0.783729 0.596351 0.782354 0.610556 0.757758 0.596351 0.782354 0.600132 0.783729 0.595711 0.810335 0.595711 0.810335 0.591662 0.810326 0.596351 0.782354 0.591662 0.810326 0.595711 0.810335 0.600453 0.836804 0.600453 0.836804 0.596647 0.838195 0.591662 0.810326 0.596647 0.838195 0.600453 0.836804 0.613803 0.860183 0.613803 0.860183 0.610707 0.862776 0.596647 0.838195 0.610707 0.862776 0.613803 0.860183 0.634423 0.877498 0.634423 0.877498 0.632407 0.880999 0.610707 0.862776 0.632407 0.880999 0.634423 0.877498 0.659751 0.886685 0.659751 0.886685 0.659043 0.890666 0.632407 0.880999 0.659751 0.886685 0.686671 0.886692 0.687375 0.890674 0.687375 0.890674 0.659043 0.890666 0.659751 0.886685 0.673259 0.759579 0.673304 0.774968 0.661285 0.77743 0.661285 0.77743 0.655996 0.762756 0.673259 0.759579 0.640746 0.771529 0.650618 0.783286 0.643041 0.79285 0.643041 0.79285 0.629511 0.784977 0.640746 0.771529 0.623547 0.801416 0.638715 0.80412 0.639055 0.816165 0.639055 0.816165 0.623649 0.818944 0.623547 0.801416 0.629547 0.835447 0.642775 0.827651 0.650831 0.836842 0.650831 0.836842 0.640817 0.848839 0.629547 0.835447 0.655942 0.857649 0.661169 0.84319 0.673243 0.845023 0.673243 0.845023 0.673212 0.860637 0.655942 0.857649 0.640746 0.771529 0.655996 0.762756 0.661285 0.77743 0.661285 0.77743 0.650618 0.783286 0.640746 0.771529 0.623547 0.801416 0.629511 0.784977 0.643041 0.79285 0.643041 0.79285 0.638715 0.80412 0.623547 0.801416 0.629547 0.835447 0.623649 0.818944 0.639055 0.816165 0.639055 0.816165 0.642775 0.827651 0.629547 0.835447 0.655942 0.857649 0.640817 0.848839 0.650831 0.836842 0.650831 0.836842 0.661169 0.84319 0.655942 0.857649 0.655942 0.857649 0.673212 0.860637 0.673212 0.878201 0.640746 0.771529 0.629511 0.784977 0.614181 0.776226 0.623547 0.801416 0.623649 0.818944 0.606421 0.822069 0.629547 0.835447 0.629551 0.862376 0.606421 0.822069 0.659751 0.886685 0.673212 0.878201 0.686671 0.886692 0.673259 0.759579 0.655996 0.762756 0.649881 0.746307 0.649881 0.746307 0.659736 0.733809 0.686766 0.733813 0.686766 0.733813 0.696618 0.746318 0.649881 0.746307 0.659046 0.72984 0.687459 0.729844 0.686766 0.733813 0.686766 0.733813 0.659736 0.733809 0.659046 0.72984 0.686766 0.733813 0.712166 0.743002 0.696618 0.746318 0.696618 0.746318 0.712166 0.743002 0.732848 0.760388 0.732848 0.760388 0.732293 0.776263 0.696618 0.746318 0.732848 0.760388 0.746334 0.783772 0.732293 0.776263 0.732293 0.776263 0.746334 0.783772 0.750746 0.81038 0.750746 0.81038 0.740029 0.822116 0.732293 0.776263 0.750746 0.81038 0.745993 0.836848 0.740029 0.822116 0.740029 0.822116 0.745993 0.836848 0.732633 0.860221 0.732633 0.860221 0.716879 0.862408 0.740029 0.822116 0.732633 0.860221 0.712003 0.877523 0.716879 0.862408 0.716879 0.862408 0.712003 0.877523 0.686671 0.886692 0.686671 0.886692 0.673212 0.878201 0.716879 0.862408 0.696618 0.746318 0.705743 0.771555 0.690512 0.762778 0.732293 0.776263 0.72292 0.801462 0.716968 0.785009 0.740029 0.822116 0.71688 0.835505 0.722809 0.819008 0.716879 0.862408 0.690479 0.857661 0.705598 0.848874 0.687459 0.729844 0.714177 0.739517 0.712166 0.743002 0.712166 0.743002 0.686766 0.733813 0.687459 0.729844 0.714177 0.739517 0.735931 0.757794 0.732848 0.760388 0.732848 0.760388 0.712166 0.743002 0.714177 0.739517 0.735931 0.757794 0.750116 0.7824 0.746334 0.783772 0.746334 0.783772 0.732848 0.760388 0.735931 0.757794 0.750116 0.7824 0.754794 0.810373 0.750746 0.81038 0.750746 0.81038 0.746334 0.783772 0.750116 0.7824 0.754794 0.810373 0.749799 0.838241 0.745993 0.836848 0.745993 0.836848 0.750746 0.81038 0.754794 0.810373 0.749799 0.838241 0.735727 0.862815 0.732633 0.860221 0.732633 0.860221 0.745993 0.836848 0.749799 0.838241 0.735727 0.862815 0.714017 0.881026 0.712003 0.877523 0.712003 0.877523 0.732633 0.860221 0.735727 0.862815 0.714017 0.881026 0.687375 0.890674 0.686671 0.886692 0.686671 0.886692 0.712003 0.877523 0.714017 0.881026 0.673259 0.759579 0.690512 0.762778 0.685197 0.777479 0.685197 0.777479 0.673304 0.774968 0.673259 0.759579 0.705743 0.771555 0.716968 0.785009 0.703418 0.792831 0.703418 0.792831 0.695876 0.783334 0.705743 0.771555 0.72292 0.801462 0.722809 0.819008 0.707451 0.816247 0.707451 0.816247 0.707769 0.804176 0.72292 0.801462 0.71688 0.835505 0.705598 0.848874 0.695576 0.836844 0.695576 0.836844 0.703584 0.827788 0.71688 0.835505 0.690479 0.857661 0.673212 0.860637 0.673243 0.845023 0.673243 0.845023 0.685228 0.843187 0.690479 0.857661 0.705743 0.771555 0.695876 0.783334 0.685197 0.777479 0.685197 0.777479 0.690512 0.762778 0.705743 0.771555 0.72292 0.801462 0.707769 0.804176 0.703418 0.792831 0.703418 0.792831 0.716968 0.785009 0.72292 0.801462 0.71688 0.835505 0.703584 0.827788 0.707451 0.816247 0.707451 0.816247 0.722809 0.819008 0.71688 0.835505 0.690479 0.857661 0.685228 0.843187 0.695576 0.836844 0.695576 0.836844 0.705598 0.848874 0.690479 0.857661 0.690479 0.857661 0.716879 0.862408 0.673212 0.878201 0.673259 0.759579 0.649881 0.746307 0.696618 0.746318 0.705743 0.771555 0.696618 0.746318 0.732293 0.776263 0.72292 0.801462 0.740029 0.822116 0.722809 0.819008 0.71688 0.835505 0.740029 0.822116 0.716879 0.862408 0.673259 0.759579 0.696618 0.746318 0.690512 0.762778 0.669866 0.790968 0.65841 0.797641 0.650618 0.783286 0.650618 0.783286 0.661285 0.77743 0.669866 0.790968 0.65841 0.797641 0.65399 0.810147 0.638715 0.80412 0.638715 0.80412 0.643041 0.79285 0.65841 0.797641 0.65399 0.810147 0.658369 0.822679 0.642775 0.827651 0.642775 0.827651 0.639055 0.816165 0.65399 0.810147 0.658369 0.822679 0.669826 0.829321 0.661169 0.84319 0.661169 0.84319 0.650831 0.836842 0.658369 0.822679 0.661285 0.77743 0.673304 0.774968 0.669866 0.790968 0.643041 0.79285 0.650618 0.783286 0.65841 0.797641 0.639055 0.816165 0.638715 0.80412 0.65399 0.810147 0.650831 0.836842 0.642775 0.827651 0.658369 0.822679 0.673243 0.845023 0.661169 0.84319 0.669826 0.829321 0.685197 0.777479 0.695876 0.783334 0.682918 0.793376 0.703418 0.792831 0.707769 0.804176 0.69141 0.803537 0.707451 0.816247 0.703584 0.827788 0.691412 0.816811 0.695576 0.836844 0.685228 0.843187 0.682886 0.826966 0.669866 0.790968 0.673304 0.774968 0.685197 0.777479 0.685197 0.777479 0.682918 0.793376 0.669866 0.790968 0.682918 0.793376 0.695876 0.783334 0.703418 0.792831 0.703418 0.792831 0.69141 0.803537 0.682918 0.793376 0.69141 0.803537 0.707769 0.804176 0.707451 0.816247 0.707451 0.816247 0.691412 0.816811 0.69141 0.803537 0.691412 0.816811 0.703584 0.827788 0.695576 0.836844 0.695576 0.836844 0.682886 0.826966 0.691412 0.816811 0.669826 0.829321 0.682886 0.826966 0.685228 0.843187 0.685228 0.843187 0.673243 0.845023 0.669826 0.829321 0.65841 0.797641 0.669866 0.790968 0.673232 0.810161 0.65399 0.810147 0.65841 0.797641 0.673232 0.810161 0.658369 0.822679 0.65399 0.810147 0.673232 0.810161 0.669826 0.829321 0.658369 0.822679 0.673232 0.810161 0.669866 0.790968 0.682918 0.793376 0.673232 0.810161 0.682918 0.793376 0.69141 0.803537 0.673232 0.810161 0.69141 0.803537 0.691412 0.816811 0.673232 0.810161 0.691412 0.816811 0.682886 0.826966 0.673232 0.810161 0.682886 0.826966 0.669826 0.829321 0.673232 0.810161 0.71688 0.835505 0.716879 0.862408 0.705598 0.848874 0.655942 0.857649 0.673212 0.878201 0.629551 0.862376 0.690479 0.857661 0.673212 0.878201 0.673212 0.860637 0.623547 0.801416 0.606421 0.822069 0.614181 0.776226 0.629551 0.862376 0.629547 0.835447 0.640817 0.848839 0.640746 0.771529 0.614181 0.776226 0.649881 0.746307 0.705743 0.771555 0.732293 0.776263 0.716968 0.785009 0.740029 0.822116 0.72292 0.801462 0.732293 0.776263 0.904998 0.907167 0.886843 0.907167 0.886843 0.901377 0.886843 0.901377 0.904998 0.901377 0.904998 0.907167 0.958608 0.907167 0.958608 0.921928 0.94088 0.921928 0.94088 0.921928 0.94088 0.907167 0.958608 0.907167 0.923153 0.907167 0.923153 0.901377 0.94088 0.901377 0.94088 0.901377 0.94088 0.907167 0.923153 0.907167 0.994035 0.907167 0.994035 0.921928 0.976321 0.921928 0.976321 0.921928 0.976321 0.907167 0.994035 0.907167 0.886843 0.907167 0.886843 0.921928 0.866826 0.921928 0.866826 0.921928 0.866826 0.907167 0.886843 0.907167 0.84681 0.907167 0.84681 0.901377 0.866826 0.901377 0.866826 0.901377 0.866826 0.907167 0.84681 0.907167 0.886843 0.921928 0.886843 0.907167 0.904998 0.907167 0.904998 0.907167 0.904998 0.921928 0.886843 0.921928 0.994035 0.901377 0.994035 0.907167 0.976321 0.907167 0.976321 0.907167 0.976321 0.901377 0.994035 0.901377 0.886843 0.901377 0.886843 0.907167 0.904998 0.907167 0.904998 0.907167 0.904998 0.901377 0.886843 0.901377 0.958608 0.921928 0.958608 0.907167 0.94088 0.907167 0.94088 0.907167 0.94088 0.921928 0.958608 0.921928 0.923153 0.901377 0.923153 0.907167 0.94088 0.907167 0.94088 0.907167 0.94088 0.901377 0.923153 0.901377 0.994035 0.921928 0.994035 0.907167 0.976321 0.907167 0.976321 0.907167 0.976321 0.921928 0.994035 0.921928 0.866826 0.921928 0.886843 0.921928 0.886843 0.907167 0.886843 0.907167 0.866826 0.907167 0.866826 0.921928 0.84681 0.901377 0.84681 0.907167 0.866826 0.907167 0.866826 0.907167 0.866826 0.901377 0.84681 0.901377 0.904998 0.907167 0.886843 0.907167 0.886843 0.921928 0.886843 0.921928 0.904998 0.921928 0.904998 0.907167 0.976321 0.907167 0.994035 0.907167 0.994035 0.901377 0.994035 0.901377 0.976321 0.901377 0.976321 0.907167 0.899448 0.860179 0.90946 0.860179 0.909163 0.874927 0.909163 0.874927 0.897874 0.874927 0.899448 0.860179 0.939373 0.860179 0.948109 0.860179 0.951384 0.874927 0.951384 0.874927 0.942969 0.874927 0.939373 0.860179 0.867416 0.874774 0.868222 0.860135 0.875579 0.860168 0.875579 0.860168 0.874626 0.874944 0.867416 0.874774 0.956845 0.860179 0.970373 0.860179 0.97061 0.874927 0.97061 0.874927 0.959799 0.874927 0.956845 0.860179 0.882936 0.860202 0.891192 0.86019 0.889856 0.87502 0.889856 0.87502 0.881837 0.875114 0.882936 0.860202 0.919471 0.860179 0.929422 0.860179 0.931711 0.874927 0.931711 0.874927 0.920452 0.874927 0.919471 0.860179 0.901371 0.841592 0.910079 0.841592 0.909756 0.845432 0.909756 0.845432 0.901022 0.845432 0.901371 0.841592 0.935777 0.845432 0.935551 0.841592 0.944389 0.841592 0.944389 0.841592 0.944834 0.845432 0.935777 0.845432 0.869338 0.841592 0.876561 0.841592 0.876836 0.845432 0.876836 0.845432 0.869828 0.845432 0.869338 0.841592 0.953891 0.845432 0.953228 0.841592 0.969882 0.841592 0.969882 0.841592 0.970136 0.845432 0.953891 0.845432 0.883784 0.841592 0.892578 0.841592 0.892432 0.845432 0.892432 0.845432 0.883843 0.845432 0.883784 0.841592 0.918787 0.841592 0.927169 0.841592 0.927134 0.845432 0.927134 0.845432 0.91849 0.845432 0.918787 0.841592 0.855746 0.841592 0.862542 0.841592 0.862787 0.845432 0.862787 0.845432 0.855746 0.845432 0.855746 0.841592 0.855746 0.874927 0.855746 0.860179 0.861984 0.860157 0.861984 0.860157 0.861581 0.87485 0.855746 0.874927 0.920452 0.874927 0.919471 0.860179 0.90946 0.860179 0.90946 0.860179 0.909163 0.874927 0.920452 0.874927 0.959799 0.874927 0.956845 0.860179 0.948109 0.860179 0.948109 0.860179 0.951384 0.874927 0.959799 0.874927 0.881828 0.875136 0.882936 0.860202 0.875579 0.860168 0.875579 0.860168 0.874566 0.874988 0.881828 0.875136 0.981421 0.874927 0.983901 0.860179 0.970373 0.860179 0.970373 0.860179 0.97061 0.874927 0.981421 0.874927 0.897874 0.874927 0.899448 0.860179 0.891192 0.86019 0.891192 0.86019 0.889851 0.875031 0.897874 0.874927 0.942969 0.874927 0.939373 0.860179 0.929422 0.860179 0.929422 0.860179 0.931711 0.874927 0.942969 0.874927 0.909756 0.845432 0.910079 0.841592 0.901371 0.841592 0.901371 0.841592 0.901022 0.845432 0.909756 0.845432 0.935777 0.845432 0.944834 0.845432 0.944389 0.841592 0.944389 0.841592 0.935551 0.841592 0.935777 0.845432 0.876836 0.845432 0.876561 0.841592 0.869338 0.841592 0.869338 0.841592 0.869828 0.845432 0.876836 0.845432 0.953891 0.845432 0.970136 0.845432 0.969882 0.841592 0.969882 0.841592 0.953228 0.841592 0.953891 0.845432 0.892432 0.845432 0.892578 0.841592 0.883784 0.841592 0.883784 0.841592 0.883843 0.845432 0.892432 0.845432 0.927134 0.845432 0.927169 0.841592 0.918787 0.841592 0.918787 0.841592 0.91849 0.845432 0.927134 0.845432 0.862787 0.845432 0.862542 0.841592 0.855746 0.841592 0.855746 0.841592 0.855746 0.845432 0.862787 0.845432 0.868222 0.860135 0.861984 0.860157 0.861525 0.874883 0.861525 0.874883 0.867303 0.87484 0.868222 0.860135 0.901022 0.845432 0.909756 0.845432 0.90946 0.860179 0.90946 0.860179 0.899448 0.860179 0.901022 0.845432 0.920452 0.874927 0.896301 0.889674 0.909163 0.874927 0.935777 0.845432 0.944834 0.845432 0.948109 0.860179 0.948109 0.860179 0.939373 0.860179 0.935777 0.845432 0.959799 0.874927 0.946565 0.889674 0.951384 0.874927 0.868222 0.860135 0.869828 0.845432 0.876836 0.845432 0.876836 0.845432 0.875579 0.860168 0.868222 0.860135 0.896301 0.889674 0.855746 0.889674 0.874626 0.874944 0.874626 0.874944 0.881837 0.875114 0.896301 0.889674 0.953891 0.845432 0.970136 0.845432 0.970373 0.860179 0.970373 0.860179 0.956845 0.860179 0.953891 0.845432 0.981421 0.874927 0.978941 0.889674 0.97061 0.874927 0.883843 0.845432 0.892432 0.845432 0.891192 0.86019 0.891192 0.86019 0.882936 0.860202 0.883843 0.845432 0.897874 0.874927 0.896301 0.889674 0.889856 0.87502 0.91849 0.845432 0.927134 0.845432 0.929422 0.860179 0.929422 0.860179 0.919471 0.860179 0.91849 0.845432 0.942969 0.874927 0.946565 0.889674 0.931711 0.874927 0.920452 0.874927 0.946565 0.889674 0.896301 0.889674 0.959799 0.874927 0.978941 0.889674 0.946565 0.889674 0.855746 0.860179 0.855746 0.845432 0.862787 0.845432 0.862787 0.845432 0.861984 0.860157 0.855746 0.860179 0.867416 0.874774 0.855746 0.889674 0.861581 0.87485 0.919471 0.860179 0.91849 0.845432 0.909756 0.845432 0.909756 0.845432 0.90946 0.860179 0.919471 0.860179 0.897874 0.874927 0.896301 0.889674 0.909163 0.874927 0.956845 0.860179 0.953891 0.845432 0.944834 0.845432 0.944834 0.845432 0.948109 0.860179 0.956845 0.860179 0.942969 0.874927 0.946565 0.889674 0.951384 0.874927 0.883843 0.845432 0.876836 0.845432 0.875579 0.860168 0.875579 0.860168 0.882936 0.860202 0.883843 0.845432 0.867303 0.87484 0.855746 0.889674 0.874566 0.874988 0.983901 0.860179 0.986381 0.845432 0.970136 0.845432 0.970136 0.845432 0.970373 0.860179 0.983901 0.860179 0.959799 0.874927 0.978941 0.889674 0.97061 0.874927 0.899448 0.860179 0.901022 0.845432 0.892432 0.845432 0.892432 0.845432 0.891192 0.86019 0.899448 0.860179 0.881828 0.875136 0.896301 0.889674 0.889851 0.875031 0.939373 0.860179 0.935777 0.845432 0.927134 0.845432 0.927134 0.845432 0.929422 0.860179 0.939373 0.860179 0.920452 0.874927 0.946565 0.889674 0.931711 0.874927 0.920452 0.874927 0.896301 0.889674 0.946565 0.889674 0.959799 0.874927 0.946565 0.889674 0.978941 0.889674 0.869828 0.845432 0.862787 0.845432 0.861984 0.860157 0.861984 0.860157 0.868222 0.860135 0.869828 0.845432 0.855746 0.874927 0.855746 0.889674 0.861525 0.874883 0.90946 0.860179 0.919471 0.860179 0.920452 0.874927 0.920452 0.874927 0.909163 0.874927 0.90946 0.860179 0.948109 0.860179 0.956845 0.860179 0.959799 0.874927 0.959799 0.874927 0.951384 0.874927 0.948109 0.860179 0.875579 0.860168 0.882936 0.860202 0.881837 0.875114 0.881837 0.875114 0.874626 0.874944 0.875579 0.860168 0.970373 0.860179 0.983901 0.860179 0.981421 0.874927 0.981421 0.874927 0.97061 0.874927 0.970373 0.860179 0.891192 0.86019 0.899448 0.860179 0.897874 0.874927 0.897874 0.874927 0.889856 0.87502 0.891192 0.86019 0.929422 0.860179 0.939373 0.860179 0.942969 0.874927 0.942969 0.874927 0.931711 0.874927 0.929422 0.860179 0.910079 0.841592 0.918787 0.841592 0.91849 0.845432 0.91849 0.845432 0.909756 0.845432 0.910079 0.841592 0.953228 0.841592 0.953891 0.845432 0.944834 0.845432 0.944834 0.845432 0.944389 0.841592 0.953228 0.841592 0.876561 0.841592 0.883784 0.841592 0.883843 0.845432 0.883843 0.845432 0.876836 0.845432 0.876561 0.841592 0.969882 0.841592 0.986537 0.841592 0.986381 0.845432 0.986381 0.845432 0.970136 0.845432 0.969882 0.841592 0.892578 0.841592 0.901371 0.841592 0.901022 0.845432 0.901022 0.845432 0.892432 0.845432 0.892578 0.841592 0.935551 0.841592 0.935777 0.845432 0.927134 0.845432 0.927134 0.845432 0.927169 0.841592 0.935551 0.841592 0.869338 0.841592 0.869828 0.845432 0.862787 0.845432 0.862787 0.845432 0.862542 0.841592 0.869338 0.841592 0.868222 0.860135 0.867416 0.874774 0.861581 0.87485 0.861581 0.87485 0.861984 0.860157 0.868222 0.860135 0.899448 0.860179 0.897874 0.874927 0.909163 0.874927 0.909163 0.874927 0.90946 0.860179 0.899448 0.860179 0.939373 0.860179 0.942969 0.874927 0.951384 0.874927 0.951384 0.874927 0.948109 0.860179 0.939373 0.860179 0.875579 0.860168 0.868222 0.860135 0.867303 0.87484 0.867303 0.87484 0.874566 0.874988 0.875579 0.860168 0.956845 0.860179 0.959799 0.874927 0.97061 0.874927 0.97061 0.874927 0.970373 0.860179 0.956845 0.860179 0.882936 0.860202 0.881828 0.875136 0.889851 0.875031 0.889851 0.875031 0.891192 0.86019 0.882936 0.860202 0.919471 0.860179 0.920452 0.874927 0.931711 0.874927 0.931711 0.874927 0.929422 0.860179 0.919471 0.860179 0.91849 0.845432 0.918787 0.841592 0.910079 0.841592 0.910079 0.841592 0.909756 0.845432 0.91849 0.845432 0.944834 0.845432 0.953891 0.845432 0.953228 0.841592 0.953228 0.841592 0.944389 0.841592 0.944834 0.845432 0.883843 0.845432 0.883784 0.841592 0.876561 0.841592 0.876561 0.841592 0.876836 0.845432 0.883843 0.845432 0.986381 0.845432 0.986537 0.841592 0.969882 0.841592 0.969882 0.841592 0.970136 0.845432 0.986381 0.845432 0.901022 0.845432 0.901371 0.841592 0.892578 0.841592 0.892578 0.841592 0.892432 0.845432 0.901022 0.845432 0.927134 0.845432 0.935777 0.845432 0.935551 0.841592 0.935551 0.841592 0.927169 0.841592 0.927134 0.845432 0.862787 0.845432 0.869828 0.845432 0.869338 0.841592 0.869338 0.841592 0.862542 0.841592 0.862787 0.845432 0.861984 0.860157 0.855746 0.860179 0.855746 0.874927 0.855746 0.874927 0.861525 0.874883 0.861984 0.860157 0.909756 0.845432 0.91849 0.845432 0.919471 0.860179 0.919471 0.860179 0.90946 0.860179 0.909756 0.845432 0.944834 0.845432 0.953891 0.845432 0.956845 0.860179 0.956845 0.860179 0.948109 0.860179 0.944834 0.845432 0.883843 0.845432 0.882936 0.860202 0.875579 0.860168 0.875579 0.860168 0.876836 0.845432 0.883843 0.845432 0.970136 0.845432 0.986381 0.845432 0.983901 0.860179 0.983901 0.860179 0.970373 0.860179 0.970136 0.845432 0.892432 0.845432 0.901022 0.845432 0.899448 0.860179 0.899448 0.860179 0.891192 0.86019 0.892432 0.845432 0.927134 0.845432 0.935777 0.845432 0.939373 0.860179 0.939373 0.860179 0.929422 0.860179 0.927134 0.845432 0.869828 0.845432 0.868222 0.860135 0.861984 0.860157 0.861984 0.860157 0.862787 0.845432 0.869828 0.845432 0.901022 0.845432 0.899448 0.860179 0.90946 0.860179 0.90946 0.860179 0.909756 0.845432 0.901022 0.845432 0.935777 0.845432 0.939373 0.860179 0.948109 0.860179 0.948109 0.860179 0.944834 0.845432 0.935777 0.845432 0.876836 0.845432 0.869828 0.845432 0.868222 0.860135 0.868222 0.860135 0.875579 0.860168 0.876836 0.845432 0.953891 0.845432 0.956845 0.860179 0.970373 0.860179 0.970373 0.860179 0.970136 0.845432 0.953891 0.845432 0.883843 0.845432 0.882936 0.860202 0.891192 0.86019 0.891192 0.86019 0.892432 0.845432 0.883843 0.845432 0.91849 0.845432 0.919471 0.860179 0.929422 0.860179 0.929422 0.860179 0.927134 0.845432 0.91849 0.845432 0.862787 0.845432 0.855746 0.845432 0.855746 0.860179 0.855746 0.860179 0.861984 0.860157 0.862787 0.845432 0.855746 0.889674 0.867416 0.874774 0.874626 0.874944 0.896301 0.889674 0.881828 0.875136 0.874566 0.874988 0.874566 0.874988 0.855746 0.889674 0.896301 0.889674 0.896301 0.889674 0.897874 0.874927 0.909163 0.874927 0.896301 0.889674 0.881837 0.875114 0.889856 0.87502 0.946565 0.889674 0.942969 0.874927 0.951384 0.874927 0.946565 0.889674 0.920452 0.874927 0.931711 0.874927 0.978941 0.889674 0.959799 0.874927 0.97061 0.874927 0.978941 0.889674 0.981421 0.874927 0.97061 0.874927 0.946565 0.889674 0.959799 0.874927 0.951384 0.874927 0.946565 0.889674 0.942969 0.874927 0.931711 0.874927 0.896301 0.889674 0.920452 0.874927 0.909163 0.874927 0.896301 0.889674 0.897874 0.874927 0.889851 0.875031 0.855746 0.889674 0.855746 0.874927 0.861581 0.87485 0.855746 0.889674 0.867303 0.87484 0.861525 0.874883</float_array>
          <technique_common>
            <accessor source="#lightning_mcqueen_lod0-mesh-map-0-array" count="13110" stride="2">
              <param name="S" type="float"/>
              <param name="T" type="float"/>
            </accessor>
          </technique_common>
        </source>
        <vertices id="lightning_mcqueen_lod0-mesh-vertices">
          <input semantic="POSITION" source="#lightning_mcqueen_lod0-mesh-positions"/>
        </vertices>
        <triangles material="lightning_mcqueen-material" count="4370">
          <input semantic="VERTEX" source="#lightning_mcqueen_lod0-mesh-vertices" offset="0"/>
          <input semantic="NORMAL" source="#lightning_mcqueen_lod0-mesh-normals" offset="1"/>
          <input semantic="TEXCOORD" source="#lightning_mcqueen_lod0-mesh-map-0" offset="2" set="0"/>
          <p>0 0 0 1 1 1 2 2 2 3 3 3 4 4 4 1 1 5 4 4 6 5 5 7 1 1 8 5 5 9 6 6 10 1 1 11 6 6 12 7 7 13 1 1 14 8 8 15 9 9 16 10 10 17 11 11 18 8 8 19 10 10 20 12 12 21 11 11 22 10 10 23 13 13 24 12 12 25 10 10 26 14 14 27 13 13 28 10 10 29 15 15 30 16 16 31 17 17 32 17 17 33 18 18 34 15 15 35 19 19 36 20 20 37 21 21 38 21 21 39 22 22 40 19 19 41 23 23 42 21 21 43 20 20 44 20 20 45 24 24 46 23 23 47 25 25 48 19 19 49 22 22 50 22 22 51 26 26 52 25 25 53 27 27 54 25 25 55 26 26 56 26 26 57 28 28 58 27 27 59 29 29 60 27 27 61 28 28 62 28 28 63 30 30 64 29 29 65 31 31 66 29 29 67 30 30 68 30 30 69 32 32 70 31 31 71 1 1 72 33 33 73 2 2 74 34 34 75 35 35 76 10 10 77 36 36 78 23 23 79 24 24 80 24 24 81 37 37 82 36 36 83 0 0 84 3 3 85 1 1 86 9 9 87 34 34 88 10 10 89 1 1 90 38 38 91 33 33 92 35 35 93 39 39 94 10 10 95 40 40 96 36 36 97 37 37 98 37 37 99 41 41 100 40 40 101 42 42 102 43 43 103 1 1 104 44 44 105 1 1 106 45 45 107 45 45 108 1 1 109 46 46 110 46 46 111 1 1 112 47 47 113 47 47 114 1 1 115 7 7 116 48 48 117 10 10 118 49 49 119 50 50 120 10 10 121 48 48 122 51 51 123 10 10 124 50 50 125 52 52 126 10 10 127 51 51 128 14 14 129 10 10 130 52 52 131 53 53 132 54 54 133 17 17 134 17 17 135 16 16 136 53 53 137 55 55 138 56 56 139 57 57 140 57 57 141 58 58 142 55 55 143 59 59 144 60 60 145 58 58 146 58 58 147 57 57 148 59 59 149 61 61 150 62 62 151 56 56 152 56 56 153 55 55 154 61 61 155 63 63 156 64 64 157 62 62 158 62 62 159 61 61 160 63 63 161 65 65 162 66 66 163 64 64 164 64 64 165 63 63 166 65 65 167 67 67 168 68 68 169 66 66 170 66 66 171 65 65 172 67 67 173 1 1 174 43 43 175 69 69 176 70 70 177 10 10 178 71 71 179 72 72 180 73 73 181 60 60 182 60 60 183 59 59 184 72 72 185 42 42 186 1 1 187 44 44 188 49 49 189 10 10 190 70 70 191 1 1 192 69 69 193 74 74 194 71 71 195 10 10 196 75 75 197 76 76 198 77 77 199 73 73 200 73 73 201 72 72 202 76 76 203 78 78 204 79 79 205 80 80 206 80 80 207 81 81 208 78 78 209 82 82 210 83 83 211 84 84 212 82 82 213 85 85 214 83 83 215 79 79 216 78 78 217 86 86 218 83 83 219 79 79 220 86 86 221 86 86 222 84 84 223 83 83 224 87 87 225 88 88 226 89 89 227 89 89 228 90 90 229 87 87 230 91 91 231 92 92 232 93 93 233 94 94 234 92 92 235 91 91 236 87 87 237 90 90 238 95 95 239 95 95 240 90 90 241 91 91 242 91 91 243 93 93 244 95 95 245 81 81 246 96 96 247 97 97 248 97 97 249 88 88 250 81 81 251 78 78 252 81 81 253 88 88 254 88 88 255 87 87 256 78 78 257 82 82 258 84 84 259 93 93 260 93 93 261 92 92 262 82 82 263 85 85 264 82 82 265 92 92 266 92 92 267 94 94 268 85 85 269 98 98 270 85 85 271 94 94 272 94 94 273 99 99 274 98 98 275 86 86 276 78 78 277 87 87 278 87 87 279 95 95 280 86 86 281 84 84 282 86 86 283 95 95 284 95 95 285 93 93 286 84 84 287 100 100 288 101 101 289 102 102 290 102 102 291 103 103 292 100 100 293 104 104 294 105 105 295 106 106 296 104 104 297 106 106 298 107 107 299 103 103 300 108 108 301 100 100 302 106 106 303 105 105 304 108 108 305 108 108 306 103 103 307 106 106 308 109 109 309 110 110 310 111 111 311 111 111 312 112 112 313 109 109 314 113 113 315 114 114 316 115 115 317 116 116 318 113 113 319 115 115 320 109 109 321 117 117 322 110 110 323 117 117 324 114 114 325 113 113 326 113 113 327 110 110 328 117 117 329 101 101 330 112 112 331 118 118 332 118 118 333 119 119 334 101 101 335 100 100 336 109 109 337 112 112 338 112 112 339 101 101 340 100 100 341 104 104 342 115 115 343 114 114 344 114 114 345 105 105 346 104 104 347 107 107 348 116 116 349 115 115 350 115 115 351 104 104 352 107 107 353 120 120 354 121 121 355 116 116 356 116 116 357 107 107 358 120 120 359 108 108 360 117 117 361 109 109 362 109 109 363 100 100 364 108 108 365 105 105 366 114 114 367 117 117 368 117 117 369 108 108 370 105 105 371 122 122 372 123 123 373 124 124 374 124 124 375 125 125 376 122 122 377 126 126 378 122 122 379 125 125 380 125 125 381 127 127 382 126 126 383 128 128 384 126 126 385 127 127 386 127 127 387 129 129 388 128 128 389 130 130 390 128 128 391 129 129 392 129 129 393 131 131 394 130 130 395 132 132 396 130 130 397 131 131 398 131 131 399 133 133 400 132 132 401 123 123 402 132 132 403 133 133 404 133 133 405 124 124 406 123 123 407 126 126 408 128 128 409 130 130 410 130 130 411 132 132 412 123 123 413 126 126 414 130 130 415 123 123 416 126 126 417 123 123 418 122 122 419 134 134 420 135 135 421 136 136 422 136 136 423 137 137 424 134 134 425 138 138 426 134 134 427 137 137 428 137 137 429 139 139 430 138 138 431 140 140 432 138 138 433 139 139 434 139 139 435 141 141 436 140 140 437 142 142 438 140 140 439 141 141 440 141 141 441 143 143 442 142 142 443 144 144 444 142 142 445 143 143 446 143 143 447 145 145 448 144 144 449 135 135 450 144 144 451 145 145 452 145 145 453 136 136 454 135 135 455 138 138 456 140 140 457 142 142 458 142 142 459 144 144 460 135 135 461 138 138 462 142 142 463 135 135 464 138 138 465 135 135 466 134 134 467 146 146 468 147 147 469 148 148 470 148 148 471 149 149 472 146 146 473 150 150 474 146 146 475 149 149 476 149 149 477 151 151 478 150 150 479 152 152 480 150 150 481 151 151 482 151 151 483 153 153 484 152 152 485 154 154 486 152 152 487 153 153 488 153 153 489 155 155 490 154 154 491 156 156 492 154 154 493 155 155 494 155 155 495 157 157 496 156 156 497 147 147 498 156 156 499 157 157 500 157 157 501 148 148 502 147 147 503 150 150 504 152 152 505 154 154 506 154 154 507 156 156 508 147 147 509 150 150 510 154 154 511 147 147 512 150 150 513 147 147 514 146 146 515 158 158 516 159 159 517 160 160 518 160 160 519 161 161 520 158 158 521 162 162 522 158 158 523 161 161 524 161 161 525 163 163 526 162 162 527 164 164 528 162 162 529 163 163 530 163 163 531 165 165 532 164 164 533 166 166 534 164 164 535 165 165 536 165 165 537 167 167 538 166 166 539 168 168 540 166 166 541 167 167 542 167 167 543 169 169 544 168 168 545 159 159 546 168 168 547 169 169 548 169 169 549 160 160 550 159 159 551 162 162 552 164 164 553 166 166 554 166 166 555 168 168 556 159 159 557 162 162 558 166 166 559 159 159 560 162 162 561 159 159 562 158 158 563 170 170 564 171 171 565 172 172 566 172 172 567 173 173 568 170 170 569 174 174 570 170 170 571 173 173 572 173 173 573 175 175 574 174 174 575 176 176 576 174 174 577 175 175 578 175 175 579 177 177 580 176 176 581 178 178 582 176 176 583 177 177 584 177 177 585 179 179 586 178 178 587 180 180 588 178 178 589 179 179 590 179 179 591 181 181 592 180 180 593 171 171 594 180 180 595 181 181 596 181 181 597 172 172 598 171 171 599 174 174 600 176 176 601 178 178 602 178 178 603 180 180 604 171 171 605 174 174 606 178 178 607 171 171 608 174 174 609 171 171 610 170 170 611 182 182 612 183 183 613 184 184 614 184 184 615 183 183 616 185 185 617 185 185 618 186 186 619 184 184 620 185 185 621 187 187 622 186 186 623 186 186 624 187 187 625 188 188 626 188 188 627 189 189 628 186 186 629 188 188 630 190 190 631 189 189 632 189 189 633 190 190 634 191 191 635 191 191 636 192 192 637 189 189 638 191 191 639 193 193 640 192 192 641 192 192 642 193 193 643 194 194 644 194 194 645 195 195 646 192 192 647 194 194 648 196 196 649 195 195 650 195 195 651 196 196 652 197 197 653 197 197 654 198 198 655 195 195 656 197 197 657 199 199 658 198 198 659 198 198 660 199 199 661 182 182 662 182 182 663 184 184 664 198 198 665 184 184 666 186 186 667 200 200 668 200 200 669 201 201 670 184 184 671 186 186 672 189 189 673 202 202 674 202 202 675 200 200 676 186 186 677 189 189 678 192 192 679 203 203 680 203 203 681 202 202 682 189 189 683 192 192 684 195 195 685 204 204 686 204 204 687 203 203 688 192 192 689 195 195 690 198 198 691 205 205 692 205 205 693 204 204 694 195 195 695 198 198 696 184 184 697 201 201 698 201 201 699 205 205 700 198 198 701 205 205 702 201 201 703 203 203 704 203 203 705 204 204 706 205 205 707 203 203 708 201 201 709 200 200 710 200 200 711 202 202 712 203 203 713 206 206 714 207 125 715 208 124 716 208 124 717 209 207 718 206 206 719 210 208 720 211 127 721 207 125 722 207 125 723 206 206 724 210 208 725 212 209 726 213 129 727 211 127 728 211 127 729 210 208 730 212 209 731 214 210 732 215 211 733 213 129 734 213 129 735 212 209 736 214 210 737 216 212 738 217 213 739 215 211 740 215 211 741 214 210 742 216 212 743 209 207 744 208 124 745 217 213 746 217 213 747 216 212 748 209 207 749 210 208 750 206 206 751 209 207 752 209 207 753 216 212 754 214 210 755 210 208 756 209 207 757 214 210 758 210 208 759 214 210 760 212 209 761 218 214 762 219 215 763 220 216 764 220 216 765 221 217 766 218 214 767 222 218 768 223 219 769 219 215 770 219 215 771 218 214 772 222 218 773 224 220 774 225 141 775 223 219 776 223 219 777 222 218 778 224 220 779 226 221 780 227 222 781 225 141 782 225 141 783 224 220 784 226 221 785 228 223 786 229 145 787 227 222 788 227 222 789 226 221 790 228 223 791 221 217 792 220 216 793 229 145 794 229 145 795 228 223 796 221 217 797 222 218 798 218 214 799 221 217 800 221 217 801 228 223 802 226 221 803 222 218 804 221 217 805 226 221 806 222 218 807 226 221 808 224 220 809 230 224 810 231 149 811 232 225 812 232 225 813 233 226 814 230 224 815 234 227 816 235 228 817 231 149 818 231 149 819 230 224 820 234 227 821 236 229 822 237 230 823 235 228 824 235 228 825 234 227 826 236 229 827 238 231 828 239 232 829 237 230 830 237 230 831 236 229 832 238 231 833 240 233 834 241 234 835 239 232 836 239 232 837 238 231 838 240 233 839 233 226 840 232 225 841 241 234 842 241 234 843 240 233 844 233 226 845 234 227 846 230 224 847 233 226 848 233 226 849 240 233 850 238 231 851 234 227 852 233 226 853 238 231 854 234 227 855 238 231 856 236 229 857 242 235 858 243 161 859 244 236 860 244 236 861 245 237 862 242 235 863 246 238 864 247 163 865 243 161 866 243 161 867 242 235 868 246 238 869 248 239 870 249 240 871 247 163 872 247 163 873 246 238 874 248 239 875 250 241 876 251 167 877 249 240 878 249 240 879 248 239 880 250 241 881 252 242 882 253 169 883 251 167 884 251 167 885 250 241 886 252 242 887 245 237 888 244 236 889 253 169 890 253 169 891 252 242 892 245 237 893 246 238 894 242 235 895 245 237 896 245 237 897 252 242 898 250 241 899 246 238 900 245 237 901 250 241 902 246 238 903 250 241 904 248 239 905 254 243 906 255 173 907 256 172 908 256 172 909 257 244 910 254 243 911 258 245 912 259 175 913 255 173 914 255 173 915 254 243 916 258 245 917 260 246 918 261 177 919 259 175 920 259 175 921 258 245 922 260 246 923 262 247 924 263 179 925 261 177 926 261 177 927 260 246 928 262 247 929 264 248 930 265 249 931 263 179 932 263 179 933 262 247 934 264 248 935 257 244 936 256 172 937 265 249 938 265 249 939 264 248 940 257 244 941 258 245 942 254 243 943 257 244 944 257 244 945 264 248 946 262 247 947 258 245 948 257 244 949 262 247 950 258 245 951 262 247 952 260 246 953 266 250 954 267 251 955 268 252 956 267 251 957 269 253 958 270 254 959 270 254 960 268 252 961 267 251 962 270 254 963 269 253 964 271 255 965 269 253 966 272 256 967 273 257 968 273 257 969 271 255 970 269 253 971 273 257 972 272 256 973 274 258 974 272 256 975 275 259 976 276 260 977 276 260 978 274 258 979 272 256 980 276 260 981 275 259 982 277 261 983 275 259 984 278 262 985 279 263 986 279 263 987 277 261 988 275 259 989 279 263 990 278 262 991 280 264 992 278 262 993 281 265 994 282 266 995 282 266 996 280 264 997 278 262 998 282 266 999 281 265 1000 283 267 1001 281 265 1002 267 251 1003 266 250 1004 266 250 1005 283 267 1006 281 265 1007 267 251 1008 284 268 1009 285 269 1010 285 269 1011 269 253 1012 267 251 1013 269 253 1014 285 269 1015 286 270 1016 286 270 1017 272 256 1018 269 253 1019 272 256 1020 286 270 1021 287 271 1022 287 271 1023 275 259 1024 272 256 1025 275 259 1026 287 271 1027 288 272 1028 288 272 1029 278 262 1030 275 259 1031 278 262 1032 288 272 1033 289 273 1034 289 273 1035 281 265 1036 278 262 1037 281 265 1038 289 273 1039 284 268 1040 284 268 1041 267 251 1042 281 265 1043 289 273 1044 288 272 1045 287 271 1046 287 271 1047 284 268 1048 289 273 1049 287 271 1050 286 270 1051 285 269 1052 285 269 1053 284 268 1054 287 271 1055 290 274 1056 291 275 1057 292 276 1058 292 276 1059 293 277 1060 290 274 1061 294 278 1062 290 274 1063 293 277 1064 293 277 1065 295 279 1066 294 278 1067 296 280 1068 294 278 1069 295 279 1070 295 279 1071 297 281 1072 296 280 1073 298 282 1074 296 280 1075 297 281 1076 297 281 1077 299 283 1078 298 282 1079 300 284 1080 298 282 1081 299 283 1082 299 283 1083 301 285 1084 300 284 1085 291 275 1086 300 284 1087 301 285 1088 301 285 1089 292 276 1090 291 275 1091 294 278 1092 296 280 1093 298 282 1094 298 282 1095 300 284 1096 291 275 1097 294 278 1098 298 282 1099 291 275 1100 294 278 1101 291 275 1102 290 274 1103 302 286 1104 303 287 1105 304 288 1106 304 288 1107 305 289 1108 302 286 1109 306 290 1110 302 286 1111 305 289 1112 305 289 1113 307 291 1114 306 290 1115 308 292 1116 306 290 1117 307 291 1118 307 291 1119 309 293 1120 308 292 1121 310 294 1122 308 292 1123 309 293 1124 309 293 1125 311 295 1126 310 294 1127 312 296 1128 310 294 1129 311 295 1130 311 295 1131 313 297 1132 312 296 1133 303 287 1134 312 296 1135 313 297 1136 313 297 1137 304 288 1138 303 287 1139 306 290 1140 308 292 1141 310 294 1142 310 294 1143 312 296 1144 303 287 1145 306 290 1146 310 294 1147 303 287 1148 306 290 1149 303 287 1150 302 286 1151 314 298 1152 315 299 1153 316 300 1154 316 300 1155 317 301 1156 314 298 1157 318 302 1158 314 298 1159 317 301 1160 317 301 1161 319 303 1162 318 302 1163 320 304 1164 318 302 1165 319 303 1166 319 303 1167 321 305 1168 320 304 1169 322 306 1170 320 304 1171 321 305 1172 321 305 1173 323 307 1174 322 306 1175 324 308 1176 322 306 1177 323 307 1178 323 307 1179 325 309 1180 324 308 1181 315 299 1182 324 308 1183 325 309 1184 325 309 1185 316 300 1186 315 299 1187 318 302 1188 320 304 1189 322 306 1190 322 306 1191 324 308 1192 315 299 1193 318 302 1194 322 306 1195 315 299 1196 318 302 1197 315 299 1198 314 298 1199 326 310 1200 327 159 1201 328 311 1202 328 311 1203 329 312 1204 326 310 1205 330 313 1206 326 310 1207 329 312 1208 329 312 1209 331 314 1210 330 313 1211 332 315 1212 330 313 1213 331 314 1214 331 314 1215 333 316 1216 332 315 1217 334 317 1218 332 315 1219 333 316 1220 333 316 1221 335 318 1222 334 317 1223 336 319 1224 334 317 1225 335 318 1226 335 318 1227 337 320 1228 336 319 1229 327 159 1230 336 319 1231 337 320 1232 337 320 1233 328 311 1234 327 159 1235 330 313 1236 332 315 1237 334 317 1238 334 317 1239 336 319 1240 327 159 1241 330 313 1242 334 317 1243 327 159 1244 330 313 1245 327 159 1246 326 310 1247 338 321 1248 339 322 1249 340 323 1250 340 323 1251 341 324 1252 338 321 1253 342 325 1254 338 321 1255 341 324 1256 341 324 1257 343 326 1258 342 325 1259 344 327 1260 342 325 1261 343 326 1262 343 326 1263 345 328 1264 344 327 1265 346 329 1266 344 327 1267 345 328 1268 345 328 1269 347 330 1270 346 329 1271 348 331 1272 346 329 1273 347 330 1274 347 330 1275 349 332 1276 348 331 1277 339 322 1278 348 331 1279 349 332 1280 349 332 1281 340 323 1282 339 322 1283 342 325 1284 344 327 1285 346 329 1286 346 329 1287 348 331 1288 339 322 1289 342 325 1290 346 329 1291 339 322 1292 342 325 1293 339 322 1294 338 321 1295 350 333 1296 351 334 1297 352 335 1298 352 335 1299 351 334 1300 353 336 1301 353 336 1302 354 337 1303 352 335 1304 353 336 1305 355 338 1306 354 337 1307 354 337 1308 355 338 1309 356 339 1310 356 339 1311 357 340 1312 354 337 1313 356 339 1314 358 190 1315 357 340 1316 357 340 1317 358 190 1318 359 341 1319 359 341 1320 360 342 1321 357 340 1322 359 341 1323 361 343 1324 360 342 1325 360 342 1326 361 343 1327 362 344 1328 362 344 1329 363 345 1330 360 342 1331 362 344 1332 364 346 1333 363 345 1334 363 345 1335 364 346 1336 365 347 1337 365 347 1338 366 348 1339 363 345 1340 365 347 1341 367 349 1342 366 348 1343 366 348 1344 367 349 1345 350 333 1346 350 333 1347 352 335 1348 366 348 1349 352 335 1350 354 337 1351 368 350 1352 368 350 1353 369 351 1354 352 335 1355 354 337 1356 357 340 1357 370 352 1358 370 352 1359 368 350 1360 354 337 1361 357 340 1362 360 342 1363 371 353 1364 371 353 1365 370 352 1366 357 340 1367 360 342 1368 363 345 1369 372 354 1370 372 354 1371 371 353 1372 360 342 1373 363 345 1374 366 348 1375 373 355 1376 373 355 1377 372 354 1378 363 345 1379 366 348 1380 352 335 1381 369 351 1382 369 351 1383 373 355 1384 366 348 1385 373 355 1386 369 351 1387 371 353 1388 371 353 1389 372 354 1390 373 355 1391 371 353 1392 369 351 1393 368 350 1394 368 350 1395 370 352 1396 371 353 1397 374 356 1398 375 277 1399 376 357 1400 376 357 1401 377 358 1402 374 356 1403 378 359 1404 379 279 1405 375 277 1406 375 277 1407 374 356 1408 378 359 1409 380 360 1410 381 281 1411 379 279 1412 379 279 1413 378 359 1414 380 360 1415 382 361 1416 383 283 1417 381 281 1418 381 281 1419 380 360 1420 382 361 1421 384 362 1422 385 363 1423 383 283 1424 383 283 1425 382 361 1426 384 362 1427 377 358 1428 376 357 1429 385 363 1430 385 363 1431 384 362 1432 377 358 1433 378 359 1434 374 356 1435 377 358 1436 377 358 1437 384 362 1438 382 361 1439 378 359 1440 377 358 1441 382 361 1442 378 359 1443 382 361 1444 380 360 1445 386 364 1446 387 289 1447 388 365 1448 388 365 1449 389 366 1450 386 364 1451 390 367 1452 391 368 1453 387 289 1454 387 289 1455 386 364 1456 390 367 1457 392 369 1458 393 370 1459 391 368 1460 391 368 1461 390 367 1462 392 369 1463 394 371 1464 395 295 1465 393 370 1466 393 370 1467 392 369 1468 394 371 1469 396 372 1470 397 297 1471 395 295 1472 395 295 1473 394 371 1474 396 372 1475 389 366 1476 388 365 1477 397 297 1478 397 297 1479 396 372 1480 389 366 1481 390 367 1482 386 364 1483 389 366 1484 389 366 1485 396 372 1486 394 371 1487 390 367 1488 389 366 1489 394 371 1490 390 367 1491 394 371 1492 392 369 1493 398 373 1494 399 374 1495 400 300 1496 400 300 1497 401 375 1498 398 373 1499 402 376 1500 403 303 1501 399 374 1502 399 374 1503 398 373 1504 402 376 1505 404 377 1506 405 305 1507 403 303 1508 403 303 1509 402 376 1510 404 377 1511 406 378 1512 407 307 1513 405 305 1514 405 305 1515 404 377 1516 406 378 1517 408 379 1518 409 380 1519 407 307 1520 407 307 1521 406 378 1522 408 379 1523 401 375 1524 400 300 1525 409 380 1526 409 380 1527 408 379 1528 401 375 1529 402 376 1530 398 373 1531 401 375 1532 401 375 1533 408 379 1534 406 378 1535 402 376 1536 401 375 1537 406 378 1538 402 376 1539 406 378 1540 404 377 1541 410 381 1542 411 312 1543 412 311 1544 412 311 1545 413 237 1546 410 381 1547 414 382 1548 415 314 1549 411 312 1550 411 312 1551 410 381 1552 414 382 1553 416 383 1554 417 384 1555 415 314 1556 415 314 1557 414 382 1558 416 383 1559 418 385 1560 419 386 1561 417 384 1562 417 384 1563 416 383 1564 418 385 1565 420 387 1566 421 320 1567 419 386 1568 419 386 1569 418 385 1570 420 387 1571 413 237 1572 412 311 1573 421 320 1574 421 320 1575 420 387 1576 413 237 1577 414 382 1578 410 381 1579 413 237 1580 413 237 1581 420 387 1582 418 385 1583 414 382 1584 413 237 1585 418 385 1586 414 382 1587 418 385 1588 416 383 1589 422 388 1590 423 389 1591 424 323 1592 424 323 1593 425 390 1594 422 388 1595 426 391 1596 427 392 1597 423 389 1598 423 389 1599 422 388 1600 426 391 1601 428 393 1602 429 328 1603 427 392 1604 427 392 1605 426 391 1606 428 393 1607 430 394 1608 431 395 1609 429 328 1610 429 328 1611 428 393 1612 430 394 1613 432 396 1614 433 397 1615 431 395 1616 431 395 1617 430 394 1618 432 396 1619 425 390 1620 424 323 1621 433 397 1622 433 397 1623 432 396 1624 425 390 1625 426 391 1626 422 388 1627 425 390 1628 425 390 1629 432 396 1630 430 394 1631 426 391 1632 425 390 1633 430 394 1634 426 391 1635 430 394 1636 428 393 1637 434 398 1638 435 399 1639 436 400 1640 435 399 1641 437 401 1642 438 402 1643 438 402 1644 436 400 1645 435 399 1646 438 402 1647 437 401 1648 439 403 1649 437 401 1650 440 404 1651 441 405 1652 441 405 1653 439 403 1654 437 401 1655 441 405 1656 440 404 1657 442 258 1658 440 404 1659 443 406 1660 444 407 1661 444 407 1662 442 258 1663 440 404 1664 444 407 1665 443 406 1666 445 408 1667 443 406 1668 446 409 1669 447 410 1670 447 410 1671 445 408 1672 443 406 1673 447 410 1674 446 409 1675 448 411 1676 446 409 1677 449 412 1678 450 413 1679 450 413 1680 448 411 1681 446 409 1682 450 413 1683 449 412 1684 451 414 1685 449 412 1686 435 399 1687 434 398 1688 434 398 1689 451 414 1690 449 412 1691 435 399 1692 452 415 1693 453 416 1694 453 416 1695 437 401 1696 435 399 1697 437 401 1698 453 416 1699 454 417 1700 454 417 1701 440 404 1702 437 401 1703 440 404 1704 454 417 1705 455 418 1706 455 418 1707 443 406 1708 440 404 1709 443 406 1710 455 418 1711 456 419 1712 456 419 1713 446 409 1714 443 406 1715 446 409 1716 456 419 1717 457 420 1718 457 420 1719 449 412 1720 446 409 1721 449 412 1722 457 420 1723 452 415 1724 452 415 1725 435 399 1726 449 412 1727 457 420 1728 456 419 1729 455 418 1730 455 418 1731 452 415 1732 457 420 1733 455 418 1734 454 417 1735 453 416 1736 453 416 1737 452 415 1738 455 418 1739 458 421 1740 459 422 1741 460 423 1742 460 423 1743 461 424 1744 458 421 1745 462 425 1746 463 426 1747 464 427 1748 464 427 1749 465 428 1750 462 425 1751 466 429 1752 467 430 1753 468 431 1754 468 431 1755 469 432 1756 466 429 1757 470 433 1758 471 434 1759 472 435 1760 472 435 1761 473 436 1762 470 433 1763 474 437 1764 475 438 1765 476 439 1766 476 439 1767 477 440 1768 474 437 1769 478 441 1770 479 442 1771 480 443 1772 480 443 1773 481 444 1774 478 441 1775 482 445 1776 483 446 1777 462 425 1778 462 425 1779 465 428 1780 482 445 1781 468 431 1782 484 447 1783 485 448 1784 485 448 1785 469 432 1786 468 431 1787 486 449 1788 487 450 1789 488 451 1790 488 451 1791 489 452 1792 486 449 1793 490 453 1794 491 454 1795 492 455 1796 492 455 1797 493 456 1798 490 453 1799 494 457 1800 495 458 1801 496 459 1802 496 459 1803 497 460 1804 494 457 1805 498 461 1806 499 462 1807 500 463 1808 500 463 1809 501 464 1810 498 461 1811 502 465 1812 503 466 1813 504 467 1814 504 467 1815 505 468 1816 502 465 1817 506 469 1818 507 470 1819 508 471 1820 508 471 1821 509 472 1822 506 469 1823 492 455 1824 510 473 1825 511 474 1826 511 474 1827 493 456 1828 492 455 1829 512 475 1830 513 476 1831 494 457 1832 494 457 1833 497 460 1834 512 475 1835 514 477 1836 515 478 1837 516 479 1838 517 480 1839 518 481 1840 515 478 1841 517 480 1842 515 478 1843 519 482 1844 520 483 1845 521 484 1846 515 478 1847 520 483 1848 515 478 1849 522 485 1850 523 486 1851 524 487 1852 515 478 1853 523 486 1854 515 478 1855 525 488 1856 526 489 1857 527 490 1858 515 478 1859 526 489 1860 515 478 1861 528 491 1862 529 492 1863 530 493 1864 515 478 1865 529 492 1866 515 478 1867 531 494 1868 514 477 1869 532 495 1870 515 478 1871 516 479 1872 515 478 1873 533 496 1874 515 478 1875 518 481 1876 533 496 1877 519 482 1878 515 478 1879 534 497 1880 515 478 1881 521 484 1882 534 497 1883 522 485 1884 515 478 1885 535 498 1886 515 478 1887 524 487 1888 535 498 1889 525 488 1890 515 478 1891 536 499 1892 515 478 1893 527 490 1894 536 499 1895 528 491 1896 515 478 1897 537 500 1898 515 478 1899 530 493 1900 537 500 1901 531 494 1902 515 478 1903 538 501 1904 515 478 1905 532 495 1906 538 501 1907 539 502 1908 514 477 1909 516 479 1910 516 479 1911 540 503 1912 539 502 1913 541 504 1914 533 496 1915 518 481 1916 518 481 1917 542 505 1918 541 504 1919 543 506 1920 517 480 1921 519 482 1922 519 482 1923 544 507 1924 543 506 1925 545 508 1926 534 497 1927 521 484 1928 521 484 1929 546 509 1930 545 508 1931 547 510 1932 520 483 1933 522 485 1934 522 485 1935 548 511 1936 547 510 1937 549 512 1938 535 498 1939 524 487 1940 524 487 1941 550 513 1942 549 512 1943 551 514 1944 523 486 1945 525 488 1946 525 488 1947 552 515 1948 551 514 1949 553 516 1950 536 499 1951 527 490 1952 527 490 1953 554 517 1954 553 516 1955 555 518 1956 526 489 1957 528 491 1958 528 491 1959 556 519 1960 555 518 1961 557 520 1962 537 500 1963 530 493 1964 530 493 1965 558 521 1966 557 520 1967 559 522 1968 529 492 1969 531 494 1970 531 494 1971 560 523 1972 559 522 1973 561 524 1974 538 501 1975 532 495 1976 532 495 1977 562 525 1978 561 524 1979 540 503 1980 516 479 1981 533 496 1982 533 496 1983 541 504 1984 540 503 1985 542 505 1986 518 481 1987 517 480 1988 517 480 1989 543 506 1990 542 505 1991 544 507 1992 519 482 1993 534 497 1994 534 497 1995 545 508 1996 544 507 1997 546 509 1998 521 484 1999 520 483 2000 520 483 2001 547 510 2002 546 509 2003 548 511 2004 522 485 2005 535 498 2006 535 498 2007 549 512 2008 548 511 2009 550 513 2010 524 487 2011 523 486 2012 523 486 2013 551 514 2014 550 513 2015 552 515 2016 525 488 2017 536 499 2018 536 499 2019 553 516 2020 552 515 2021 554 517 2022 527 490 2023 526 489 2024 526 489 2025 555 518 2026 554 517 2027 556 519 2028 528 491 2029 537 500 2030 537 500 2031 557 520 2032 556 519 2033 558 521 2034 530 493 2035 529 492 2036 529 492 2037 559 522 2038 558 521 2039 560 523 2040 531 494 2041 538 501 2042 538 501 2043 561 524 2044 560 523 2045 562 525 2046 532 495 2047 514 477 2048 514 477 2049 539 502 2050 562 525 2051 563 526 2052 564 527 2053 565 528 2054 566 529 2055 565 528 2056 567 530 2057 566 529 2058 568 531 2059 565 528 2060 569 532 2061 565 528 2062 570 533 2063 569 532 2064 571 534 2065 565 528 2066 572 535 2067 565 528 2068 573 536 2069 572 535 2070 574 537 2071 565 528 2072 575 538 2073 565 528 2074 576 539 2075 575 538 2076 577 540 2077 565 528 2078 578 541 2079 565 528 2080 579 542 2081 578 541 2082 580 543 2083 565 528 2084 563 526 2085 565 528 2086 581 544 2087 564 527 2088 582 545 2089 565 528 2090 565 528 2091 582 545 2092 567 530 2093 568 531 2094 583 546 2095 565 528 2096 565 528 2097 583 546 2098 570 533 2099 571 534 2100 584 547 2101 565 528 2102 565 528 2103 584 547 2104 573 536 2105 574 537 2106 585 548 2107 565 528 2108 565 528 2109 585 548 2110 576 539 2111 577 540 2112 586 549 2113 565 528 2114 565 528 2115 586 549 2116 579 542 2117 580 543 2118 587 550 2119 565 528 2120 565 528 2121 587 550 2122 581 544 2123 588 551 2124 589 552 2125 564 527 2126 564 527 2127 563 526 2128 588 551 2129 590 553 2130 591 554 2131 567 530 2132 567 530 2133 582 545 2134 590 553 2135 592 555 2136 593 556 2137 568 531 2138 568 531 2139 566 529 2140 592 555 2141 594 557 2142 595 558 2143 570 533 2144 570 533 2145 583 546 2146 594 557 2147 596 559 2148 597 560 2149 571 534 2150 571 534 2151 569 532 2152 596 559 2153 598 561 2154 599 562 2155 573 536 2156 573 536 2157 584 547 2158 598 561 2159 600 563 2160 601 564 2161 574 537 2162 574 537 2163 572 535 2164 600 563 2165 602 565 2166 603 566 2167 576 539 2168 576 539 2169 585 548 2170 602 565 2171 604 567 2172 605 568 2173 577 540 2174 577 540 2175 575 538 2176 604 567 2177 606 569 2178 607 570 2179 579 542 2180 579 542 2181 586 549 2182 606 569 2183 608 571 2184 609 572 2185 580 543 2186 580 543 2187 578 541 2188 608 571 2189 610 573 2190 611 574 2191 581 544 2192 581 544 2193 587 550 2194 610 573 2195 589 552 2196 590 553 2197 582 545 2198 582 545 2199 564 527 2200 589 552 2201 591 554 2202 592 555 2203 566 529 2204 566 529 2205 567 530 2206 591 554 2207 593 556 2208 594 557 2209 583 546 2210 583 546 2211 568 531 2212 593 556 2213 595 558 2214 596 559 2215 569 532 2216 569 532 2217 570 533 2218 595 558 2219 597 560 2220 598 561 2221 584 547 2222 584 547 2223 571 534 2224 597 560 2225 599 562 2226 600 563 2227 572 535 2228 572 535 2229 573 536 2230 599 562 2231 601 564 2232 602 565 2233 585 548 2234 585 548 2235 574 537 2236 601 564 2237 603 566 2238 604 567 2239 575 538 2240 575 538 2241 576 539 2242 603 566 2243 605 568 2244 606 569 2245 586 549 2246 586 549 2247 577 540 2248 605 568 2249 607 570 2250 608 571 2251 578 541 2252 578 541 2253 579 542 2254 607 570 2255 609 572 2256 610 573 2257 587 550 2258 587 550 2259 580 543 2260 609 572 2261 611 574 2262 588 551 2263 563 526 2264 563 526 2265 581 544 2266 611 574 2267 612 575 2268 613 576 2269 614 577 2270 615 578 2271 616 579 2272 612 575 2273 617 580 2274 616 579 2275 615 578 2276 615 578 2277 618 581 2278 617 580 2279 619 582 2280 620 583 2281 614 577 2282 614 577 2283 613 576 2284 619 582 2285 616 579 2286 613 576 2287 612 575 2288 621 584 2289 622 585 2290 623 586 2291 624 587 2292 621 584 2293 625 588 2294 626 589 2295 627 590 2296 624 587 2297 624 587 2298 625 588 2299 626 589 2300 619 582 2301 623 586 2302 622 585 2303 622 585 2304 620 583 2305 619 582 2306 625 588 2307 621 584 2308 623 586 2309 628 591 2310 629 592 2311 630 593 2312 630 593 2313 631 594 2314 628 591 2315 632 595 2316 633 596 2317 634 597 2318 634 597 2319 635 598 2320 632 595 2321 635 598 2322 634 597 2323 636 599 2324 636 599 2325 637 600 2326 635 598 2327 628 591 2328 637 600 2329 636 599 2330 636 599 2331 629 592 2332 628 591 2333 638 601 2334 639 602 2335 628 591 2336 628 591 2337 631 594 2338 638 601 2339 640 603 2340 641 604 2341 632 595 2342 632 595 2343 635 598 2344 640 603 2345 642 605 2346 640 603 2347 635 598 2348 635 598 2349 637 600 2350 642 605 2351 639 602 2352 642 605 2353 637 600 2354 637 600 2355 628 591 2356 639 602 2357 643 606 2358 644 607 2359 645 608 2360 643 606 2361 645 608 2362 646 609 2363 643 606 2364 646 609 2365 647 610 2366 643 606 2367 647 610 2368 648 611 2369 643 606 2370 648 611 2371 649 612 2372 643 606 2373 649 612 2374 644 607 2375 644 607 2376 650 613 2377 651 614 2378 651 614 2379 645 608 2380 644 607 2381 645 608 2382 651 614 2383 652 615 2384 652 615 2385 646 609 2386 645 608 2387 646 609 2388 652 615 2389 653 616 2390 653 616 2391 647 610 2392 646 609 2393 647 610 2394 653 616 2395 654 617 2396 654 617 2397 648 611 2398 647 610 2399 648 611 2400 654 617 2401 655 618 2402 655 618 2403 649 612 2404 648 611 2405 649 612 2406 655 618 2407 650 613 2408 650 613 2409 644 607 2410 649 612 2411 651 614 2412 650 613 2413 656 619 2414 656 619 2415 657 620 2416 651 614 2417 652 615 2418 651 614 2419 657 620 2420 657 620 2421 658 621 2422 652 615 2423 653 616 2424 652 615 2425 658 621 2426 658 621 2427 659 622 2428 653 616 2429 654 617 2430 653 616 2431 659 622 2432 659 622 2433 660 623 2434 654 617 2435 655 618 2436 654 617 2437 660 623 2438 660 623 2439 661 624 2440 655 618 2441 650 613 2442 655 618 2443 661 624 2444 661 624 2445 656 619 2446 650 613 2447 662 625 2448 630 593 2449 629 592 2450 629 592 2451 663 626 2452 662 625 2453 664 627 2454 634 597 2455 633 596 2456 633 596 2457 665 628 2458 664 627 2459 666 629 2460 636 599 2461 634 597 2462 634 597 2463 664 627 2464 666 629 2465 663 626 2466 629 592 2467 636 599 2468 636 599 2469 666 629 2470 663 626 2471 667 630 2472 662 625 2473 663 626 2474 663 626 2475 668 631 2476 667 630 2477 669 632 2478 664 627 2479 665 628 2480 665 628 2481 670 633 2482 669 632 2483 671 634 2484 666 629 2485 664 627 2486 664 627 2487 669 632 2488 671 634 2489 668 631 2490 663 626 2491 666 629 2492 666 629 2493 671 634 2494 668 631 2495 672 635 2496 667 630 2497 668 631 2498 668 631 2499 673 636 2500 672 635 2501 674 637 2502 669 632 2503 670 633 2504 670 633 2505 675 638 2506 674 637 2507 676 639 2508 671 634 2509 669 632 2510 669 632 2511 674 637 2512 676 639 2513 673 636 2514 668 631 2515 671 634 2516 671 634 2517 676 639 2518 673 636 2519 677 640 2520 678 641 2521 679 642 2522 677 640 2523 680 643 2524 678 641 2525 677 640 2526 681 644 2527 680 643 2528 677 640 2529 682 645 2530 681 644 2531 677 640 2532 683 646 2533 682 645 2534 677 640 2535 679 642 2536 683 646 2537 679 642 2538 678 641 2539 684 647 2540 684 647 2541 685 648 2542 679 642 2543 678 641 2544 680 643 2545 686 649 2546 686 649 2547 684 647 2548 678 641 2549 680 643 2550 681 644 2551 687 650 2552 687 650 2553 686 649 2554 680 643 2555 681 644 2556 682 645 2557 688 651 2558 688 651 2559 687 650 2560 681 644 2561 682 645 2562 683 646 2563 689 652 2564 689 652 2565 688 651 2566 682 645 2567 683 646 2568 679 642 2569 685 648 2570 685 648 2571 689 652 2572 683 646 2573 684 647 2574 690 653 2575 691 654 2576 691 654 2577 685 648 2578 684 647 2579 686 649 2580 692 655 2581 690 653 2582 690 653 2583 684 647 2584 686 649 2585 687 650 2586 693 656 2587 692 655 2588 692 655 2589 686 649 2590 687 650 2591 688 651 2592 694 657 2593 693 656 2594 693 656 2595 687 650 2596 688 651 2597 689 652 2598 695 658 2599 694 657 2600 694 657 2601 688 651 2602 689 652 2603 685 648 2604 691 654 2605 695 658 2606 695 658 2607 689 652 2608 685 648 2609 696 659 2610 697 660 2611 698 661 2612 698 661 2613 699 662 2614 696 659 2615 700 663 2616 701 664 2617 702 665 2618 702 665 2619 703 666 2620 700 663 2621 703 666 2622 702 665 2623 704 667 2624 704 667 2625 705 668 2626 703 666 2627 696 659 2628 705 668 2629 704 667 2630 704 667 2631 697 660 2632 696 659 2633 706 669 2634 707 670 2635 696 659 2636 696 659 2637 699 662 2638 706 669 2639 708 671 2640 709 672 2641 700 663 2642 700 663 2643 703 666 2644 708 671 2645 710 673 2646 708 671 2647 703 666 2648 703 666 2649 705 668 2650 710 673 2651 707 670 2652 710 673 2653 705 668 2654 705 668 2655 696 659 2656 707 670 2657 711 674 2658 712 675 2659 713 676 2660 711 674 2661 713 676 2662 714 677 2663 711 674 2664 714 677 2665 715 678 2666 711 674 2667 715 678 2668 716 679 2669 711 674 2670 716 679 2671 717 680 2672 711 674 2673 717 680 2674 712 675 2675 712 675 2676 718 681 2677 719 682 2678 719 682 2679 713 676 2680 712 675 2681 713 676 2682 719 682 2683 720 683 2684 720 683 2685 714 677 2686 713 676 2687 714 677 2688 720 683 2689 721 684 2690 721 684 2691 715 678 2692 714 677 2693 715 678 2694 721 684 2695 722 685 2696 722 685 2697 716 679 2698 715 678 2699 716 679 2700 722 685 2701 723 686 2702 723 686 2703 717 680 2704 716 679 2705 717 680 2706 723 686 2707 718 681 2708 718 681 2709 712 675 2710 717 680 2711 719 682 2712 718 681 2713 724 687 2714 724 687 2715 725 688 2716 719 682 2717 720 683 2718 719 682 2719 725 688 2720 725 688 2721 726 689 2722 720 683 2723 721 684 2724 720 683 2725 726 689 2726 726 689 2727 727 690 2728 721 684 2729 722 685 2730 721 684 2731 727 690 2732 727 690 2733 728 691 2734 722 685 2735 723 686 2736 722 685 2737 728 691 2738 728 691 2739 729 692 2740 723 686 2741 718 681 2742 723 686 2743 729 692 2744 729 692 2745 724 687 2746 718 681 2747 730 693 2748 698 661 2749 697 660 2750 697 660 2751 731 694 2752 730 693 2753 732 695 2754 702 665 2755 701 664 2756 701 664 2757 733 696 2758 732 695 2759 734 697 2760 704 667 2761 702 665 2762 702 665 2763 732 695 2764 734 697 2765 731 694 2766 697 660 2767 704 667 2768 704 667 2769 734 697 2770 731 694 2771 735 698 2772 730 693 2773 731 694 2774 731 694 2775 736 699 2776 735 698 2777 737 700 2778 732 695 2779 733 696 2780 733 696 2781 738 701 2782 737 700 2783 739 702 2784 734 697 2785 732 695 2786 732 695 2787 737 700 2788 739 702 2789 736 699 2790 731 694 2791 734 697 2792 734 697 2793 739 702 2794 736 699 2795 740 703 2796 735 698 2797 736 699 2798 736 699 2799 741 704 2800 740 703 2801 742 705 2802 737 700 2803 738 701 2804 738 701 2805 743 706 2806 742 705 2807 744 707 2808 739 702 2809 737 700 2810 737 700 2811 742 705 2812 744 707 2813 741 704 2814 736 699 2815 739 702 2816 739 702 2817 744 707 2818 741 704 2819 745 708 2820 746 709 2821 747 710 2822 745 708 2823 748 711 2824 746 709 2825 745 708 2826 749 712 2827 748 711 2828 745 708 2829 750 713 2830 749 712 2831 745 708 2832 751 714 2833 750 713 2834 745 708 2835 747 710 2836 751 714 2837 747 710 2838 746 709 2839 752 715 2840 752 715 2841 753 716 2842 747 710 2843 746 709 2844 748 711 2845 754 717 2846 754 717 2847 752 715 2848 746 709 2849 748 711 2850 749 712 2851 755 718 2852 755 718 2853 754 717 2854 748 711 2855 749 712 2856 750 713 2857 756 719 2858 756 719 2859 755 718 2860 749 712 2861 750 713 2862 751 714 2863 757 720 2864 757 720 2865 756 719 2866 750 713 2867 751 714 2868 747 710 2869 753 716 2870 753 716 2871 757 720 2872 751 714 2873 752 715 2874 758 721 2875 759 722 2876 759 722 2877 753 716 2878 752 715 2879 754 717 2880 760 723 2881 758 721 2882 758 721 2883 752 715 2884 754 717 2885 755 718 2886 761 724 2887 760 723 2888 760 723 2889 754 717 2890 755 718 2891 756 719 2892 762 725 2893 761 724 2894 761 724 2895 755 718 2896 756 719 2897 757 720 2898 763 726 2899 762 725 2900 762 725 2901 756 719 2902 757 720 2903 753 716 2904 759 722 2905 763 726 2906 763 726 2907 757 720 2908 753 716 2909 764 727 2910 765 728 2911 766 729 2912 766 729 2913 767 730 2914 764 727 2915 768 731 2916 769 732 2917 770 733 2918 770 733 2919 771 734 2920 768 731 2921 771 734 2922 770 733 2923 772 735 2924 772 735 2925 773 736 2926 771 734 2927 764 727 2928 773 736 2929 772 735 2930 772 735 2931 765 728 2932 764 727 2933 774 737 2934 775 738 2935 764 727 2936 764 727 2937 767 730 2938 774 737 2939 776 739 2940 777 740 2941 768 731 2942 768 731 2943 771 734 2944 776 739 2945 778 741 2946 776 739 2947 771 734 2948 771 734 2949 773 736 2950 778 741 2951 775 738 2952 778 741 2953 773 736 2954 773 736 2955 764 727 2956 775 738 2957 779 742 2958 780 743 2959 781 744 2960 779 742 2961 781 744 2962 782 745 2963 779 742 2964 782 745 2965 783 746 2966 779 742 2967 783 746 2968 784 747 2969 779 742 2970 784 747 2971 785 748 2972 779 742 2973 785 748 2974 780 743 2975 780 743 2976 786 749 2977 787 750 2978 787 750 2979 781 744 2980 780 743 2981 781 744 2982 787 750 2983 788 751 2984 788 751 2985 782 745 2986 781 744 2987 782 745 2988 788 751 2989 789 752 2990 789 752 2991 783 746 2992 782 745 2993 783 746 2994 789 752 2995 790 753 2996 790 753 2997 784 747 2998 783 746 2999 784 747 3000 790 753 3001 791 754 3002 791 754 3003 785 748 3004 784 747 3005 785 748 3006 791 754 3007 786 749 3008 786 749 3009 780 743 3010 785 748 3011 787 750 3012 786 749 3013 792 755 3014 792 755 3015 793 756 3016 787 750 3017 788 751 3018 787 750 3019 793 756 3020 793 756 3021 794 757 3022 788 751 3023 789 752 3024 788 751 3025 794 757 3026 794 757 3027 795 758 3028 789 752 3029 790 753 3030 789 752 3031 795 758 3032 795 758 3033 796 759 3034 790 753 3035 791 754 3036 790 753 3037 796 759 3038 796 759 3039 797 760 3040 791 754 3041 786 749 3042 791 754 3043 797 760 3044 797 760 3045 792 755 3046 786 749 3047 798 761 3048 766 729 3049 765 728 3050 765 728 3051 799 762 3052 798 761 3053 800 763 3054 770 733 3055 769 732 3056 769 732 3057 801 764 3058 800 763 3059 802 765 3060 772 735 3061 770 733 3062 770 733 3063 800 763 3064 802 765 3065 799 762 3066 765 728 3067 772 735 3068 772 735 3069 802 765 3070 799 762 3071 803 766 3072 798 761 3073 799 762 3074 799 762 3075 804 767 3076 803 766 3077 805 768 3078 800 763 3079 801 764 3080 801 764 3081 806 769 3082 805 768 3083 807 770 3084 802 765 3085 800 763 3086 800 763 3087 805 768 3088 807 770 3089 804 767 3090 799 762 3091 802 765 3092 802 765 3093 807 770 3094 804 767 3095 808 771 3096 803 766 3097 804 767 3098 804 767 3099 809 772 3100 808 771 3101 810 773 3102 805 768 3103 806 769 3104 806 769 3105 811 774 3106 810 773 3107 812 775 3108 807 770 3109 805 768 3110 805 768 3111 810 773 3112 812 775 3113 809 772 3114 804 767 3115 807 770 3116 807 770 3117 812 775 3118 809 772 3119 813 776 3120 814 777 3121 815 778 3122 813 776 3123 816 779 3124 814 777 3125 813 776 3126 817 780 3127 816 779 3128 813 776 3129 818 781 3130 817 780 3131 813 776 3132 819 782 3133 818 781 3134 813 776 3135 815 778 3136 819 782 3137 815 778 3138 814 777 3139 820 783 3140 820 783 3141 821 784 3142 815 778 3143 814 777 3144 816 779 3145 822 785 3146 822 785 3147 820 783 3148 814 777 3149 816 779 3150 817 780 3151 823 786 3152 823 786 3153 822 785 3154 816 779 3155 817 780 3156 818 781 3157 824 787 3158 824 787 3159 823 786 3160 817 780 3161 818 781 3162 819 782 3163 825 788 3164 825 788 3165 824 787 3166 818 781 3167 819 782 3168 815 778 3169 821 784 3170 821 784 3171 825 788 3172 819 782 3173 820 783 3174 826 789 3175 827 790 3176 827 790 3177 821 784 3178 820 783 3179 822 785 3180 828 791 3181 826 789 3182 826 789 3183 820 783 3184 822 785 3185 823 786 3186 829 792 3187 828 791 3188 828 791 3189 822 785 3190 823 786 3191 824 787 3192 830 793 3193 829 792 3194 829 792 3195 823 786 3196 824 787 3197 825 788 3198 831 794 3199 830 793 3200 830 793 3201 824 787 3202 825 788 3203 821 784 3204 827 790 3205 831 794 3206 831 794 3207 825 788 3208 821 784 3209 832 795 3210 833 796 3211 834 797 3212 834 797 3213 835 798 3214 832 795 3215 836 799 3216 837 800 3217 838 801 3218 838 801 3219 839 802 3220 836 799 3221 837 800 3222 840 803 3223 841 804 3224 841 804 3225 838 801 3226 837 800 3227 832 795 3228 835 798 3229 841 804 3230 841 804 3231 840 803 3232 832 795 3233 842 805 3234 833 796 3235 832 795 3236 832 795 3237 843 806 3238 842 805 3239 844 807 3240 837 800 3241 836 799 3242 836 799 3243 845 808 3244 844 807 3245 846 809 3246 840 803 3247 837 800 3248 837 800 3249 844 807 3250 846 809 3251 843 806 3252 832 795 3253 840 803 3254 840 803 3255 846 809 3256 843 806 3257 847 810 3258 848 811 3259 849 812 3260 847 810 3261 850 813 3262 848 811 3263 847 810 3264 851 814 3265 850 813 3266 847 810 3267 852 815 3268 851 814 3269 847 810 3270 853 816 3271 852 815 3272 847 810 3273 849 812 3274 853 816 3275 849 812 3276 848 811 3277 854 817 3278 854 817 3279 855 818 3280 849 812 3281 848 811 3282 850 813 3283 856 819 3284 856 819 3285 854 817 3286 848 811 3287 850 813 3288 851 814 3289 857 820 3290 857 820 3291 856 819 3292 850 813 3293 851 814 3294 852 815 3295 858 821 3296 858 821 3297 857 820 3298 851 814 3299 852 815 3300 853 816 3301 859 822 3302 859 822 3303 858 821 3304 852 815 3305 853 816 3306 849 812 3307 855 818 3308 855 818 3309 859 822 3310 853 816 3311 854 817 3312 860 823 3313 861 824 3314 861 824 3315 855 818 3316 854 817 3317 856 819 3318 862 825 3319 860 823 3320 860 823 3321 854 817 3322 856 819 3323 857 820 3324 863 826 3325 862 825 3326 862 825 3327 856 819 3328 857 820 3329 858 821 3330 864 827 3331 863 826 3332 863 826 3333 857 820 3334 858 821 3335 859 822 3336 865 828 3337 864 827 3338 864 827 3339 858 821 3340 859 822 3341 855 818 3342 861 824 3343 865 828 3344 865 828 3345 859 822 3346 855 818 3347 866 829 3348 867 830 3349 835 798 3350 835 798 3351 834 797 3352 866 829 3353 868 831 3354 869 832 3355 839 802 3356 839 802 3357 838 801 3358 868 831 3359 870 833 3360 868 831 3361 838 801 3362 838 801 3363 841 804 3364 870 833 3365 867 830 3366 870 833 3367 841 804 3368 841 804 3369 835 798 3370 867 830 3371 871 834 3372 872 835 3373 867 830 3374 867 830 3375 866 829 3376 871 834 3377 873 836 3378 874 837 3379 869 832 3380 869 832 3381 868 831 3382 873 836 3383 875 838 3384 873 836 3385 868 831 3386 868 831 3387 870 833 3388 875 838 3389 872 835 3390 875 838 3391 870 833 3392 870 833 3393 867 830 3394 872 835 3395 876 839 3396 877 840 3397 872 835 3398 872 835 3399 871 834 3400 876 839 3401 878 841 3402 879 842 3403 874 837 3404 874 837 3405 873 836 3406 878 841 3407 880 843 3408 878 841 3409 873 836 3410 873 836 3411 875 838 3412 880 843 3413 877 840 3414 880 843 3415 875 838 3416 875 838 3417 872 835 3418 877 840 3419 881 844 3420 882 845 3421 883 846 3422 881 844 3423 883 846 3424 884 847 3425 881 844 3426 884 847 3427 885 848 3428 881 844 3429 885 848 3430 886 849 3431 881 844 3432 886 849 3433 887 850 3434 881 844 3435 887 850 3436 882 845 3437 882 845 3438 888 851 3439 889 852 3440 889 852 3441 883 846 3442 882 845 3443 883 846 3444 889 852 3445 890 853 3446 890 853 3447 884 847 3448 883 846 3449 884 847 3450 890 853 3451 891 854 3452 891 854 3453 885 848 3454 884 847 3455 885 848 3456 891 854 3457 892 855 3458 892 855 3459 886 849 3460 885 848 3461 886 849 3462 892 855 3463 893 856 3464 893 856 3465 887 850 3466 886 849 3467 887 850 3468 893 856 3469 888 851 3470 888 851 3471 882 845 3472 887 850 3473 889 852 3474 888 851 3475 894 857 3476 894 857 3477 895 858 3478 889 852 3479 890 853 3480 889 852 3481 895 858 3482 895 858 3483 896 859 3484 890 853 3485 891 854 3486 890 853 3487 896 859 3488 896 859 3489 897 860 3490 891 854 3491 892 855 3492 891 854 3493 897 860 3494 897 860 3495 898 861 3496 892 855 3497 893 856 3498 892 855 3499 898 861 3500 898 861 3501 899 862 3502 893 856 3503 888 851 3504 893 856 3505 899 862 3506 899 862 3507 894 857 3508 888 851 3509 900 863 3510 901 864 3511 902 865 3512 902 865 3513 903 866 3514 900 863 3515 904 867 3516 905 868 3517 906 869 3518 906 869 3519 907 870 3520 904 867 3521 905 868 3522 908 871 3523 909 872 3524 909 872 3525 906 869 3526 905 868 3527 900 863 3528 903 866 3529 909 872 3530 909 872 3531 908 871 3532 900 863 3533 910 873 3534 901 864 3535 900 863 3536 900 863 3537 911 874 3538 910 873 3539 912 875 3540 905 868 3541 904 867 3542 904 867 3543 913 876 3544 912 875 3545 914 877 3546 908 871 3547 905 868 3548 905 868 3549 912 875 3550 914 877 3551 911 874 3552 900 863 3553 908 871 3554 908 871 3555 914 877 3556 911 874 3557 915 878 3558 916 879 3559 917 880 3560 915 878 3561 918 881 3562 916 879 3563 915 878 3564 919 882 3565 918 881 3566 915 878 3567 920 883 3568 919 882 3569 915 878 3570 921 884 3571 920 883 3572 915 878 3573 917 880 3574 921 884 3575 917 880 3576 916 879 3577 922 885 3578 922 885 3579 923 886 3580 917 880 3581 916 879 3582 918 881 3583 924 887 3584 924 887 3585 922 885 3586 916 879 3587 918 881 3588 919 882 3589 925 888 3590 925 888 3591 924 887 3592 918 881 3593 919 882 3594 920 883 3595 926 889 3596 926 889 3597 925 888 3598 919 882 3599 920 883 3600 921 884 3601 927 890 3602 927 890 3603 926 889 3604 920 883 3605 921 884 3606 917 880 3607 923 886 3608 923 886 3609 927 890 3610 921 884 3611 922 885 3612 928 891 3613 929 892 3614 929 892 3615 923 886 3616 922 885 3617 924 887 3618 930 893 3619 928 891 3620 928 891 3621 922 885 3622 924 887 3623 925 888 3624 931 894 3625 930 893 3626 930 893 3627 924 887 3628 925 888 3629 926 889 3630 932 895 3631 931 894 3632 931 894 3633 925 888 3634 926 889 3635 927 890 3636 933 896 3637 932 895 3638 932 895 3639 926 889 3640 927 890 3641 923 886 3642 929 892 3643 933 896 3644 933 896 3645 927 890 3646 923 886 3647 934 897 3648 935 898 3649 903 866 3650 903 866 3651 902 865 3652 934 897 3653 936 899 3654 937 900 3655 907 870 3656 907 870 3657 906 869 3658 936 899 3659 938 901 3660 936 899 3661 906 869 3662 906 869 3663 909 872 3664 938 901 3665 935 898 3666 938 901 3667 909 872 3668 909 872 3669 903 866 3670 935 898 3671 939 902 3672 940 903 3673 935 898 3674 935 898 3675 934 897 3676 939 902 3677 941 904 3678 942 905 3679 937 900 3680 937 900 3681 936 899 3682 941 904 3683 943 906 3684 941 904 3685 936 899 3686 936 899 3687 938 901 3688 943 906 3689 940 903 3690 943 906 3691 938 901 3692 938 901 3693 935 898 3694 940 903 3695 944 907 3696 945 908 3697 940 903 3698 940 903 3699 939 902 3700 944 907 3701 946 909 3702 947 910 3703 942 905 3704 942 905 3705 941 904 3706 946 909 3707 948 911 3708 946 909 3709 941 904 3710 941 904 3711 943 906 3712 948 911 3713 945 908 3714 948 911 3715 943 906 3716 943 906 3717 940 903 3718 945 908 3719 949 912 3720 950 913 3721 951 914 3722 949 912 3723 951 914 3724 952 915 3725 949 912 3726 952 915 3727 953 916 3728 949 912 3729 953 916 3730 954 917 3731 949 912 3732 954 917 3733 955 918 3734 949 912 3735 955 918 3736 950 913 3737 950 913 3738 956 919 3739 957 920 3740 957 920 3741 951 914 3742 950 913 3743 951 914 3744 957 920 3745 958 921 3746 958 921 3747 952 915 3748 951 914 3749 952 915 3750 958 921 3751 959 922 3752 959 922 3753 953 916 3754 952 915 3755 953 916 3756 959 922 3757 960 923 3758 960 923 3759 954 917 3760 953 916 3761 954 917 3762 960 923 3763 961 924 3764 961 924 3765 955 918 3766 954 917 3767 955 918 3768 961 924 3769 956 919 3770 956 919 3771 950 913 3772 955 918 3773 957 920 3774 956 919 3775 962 925 3776 962 925 3777 963 926 3778 957 920 3779 958 921 3780 957 920 3781 963 926 3782 963 926 3783 964 927 3784 958 921 3785 959 922 3786 958 921 3787 964 927 3788 964 927 3789 965 928 3790 959 922 3791 960 923 3792 959 922 3793 965 928 3794 965 928 3795 966 929 3796 960 923 3797 961 924 3798 960 923 3799 966 929 3800 966 929 3801 967 930 3802 961 924 3803 956 919 3804 961 924 3805 967 930 3806 967 930 3807 962 925 3808 956 919 3809 968 931 3810 969 932 3811 970 933 3812 970 933 3813 971 934 3814 968 931 3815 972 935 3816 973 936 3817 974 937 3818 974 937 3819 975 938 3820 972 935 3821 976 939 3822 977 940 3823 978 941 3824 978 941 3825 979 942 3826 976 939 3827 980 943 3828 981 944 3829 982 945 3830 982 945 3831 983 946 3832 980 943 3833 984 947 3834 985 948 3835 986 949 3836 986 949 3837 987 950 3838 984 947 3839 988 951 3840 989 952 3841 990 953 3842 990 953 3843 991 954 3844 988 951 3845 992 955 3846 993 956 3847 994 957 3848 994 957 3849 995 958 3850 992 955 3851 996 959 3852 997 960 3853 998 961 3854 998 961 3855 999 962 3856 996 959 3857 1000 963 3858 1001 964 3859 1002 965 3860 1002 965 3861 1003 966 3862 1000 963 3863 992 955 3864 995 958 3865 1001 964 3866 1001 964 3867 1000 963 3868 992 955 3869 1004 967 3870 1005 968 3871 1006 969 3872 1006 969 3873 1007 970 3874 1004 967 3875 1008 971 3876 1009 972 3877 1010 973 3878 1010 973 3879 1011 974 3880 1008 971 3881 1012 975 3882 1013 976 3883 1014 977 3884 1014 977 3885 1015 978 3886 1012 975 3887 1016 979 3888 1017 980 3889 1018 981 3890 1018 981 3891 1019 982 3892 1016 979 3893 1020 983 3894 1021 984 3895 1022 985 3896 1022 985 3897 1023 986 3898 1020 983 3899 1024 987 3900 1025 988 3901 1026 989 3902 1026 989 3903 1027 990 3904 1024 987 3905 1028 991 3906 1029 992 3907 1030 993 3908 1030 993 3909 1031 994 3910 1028 991 3911 1032 995 3912 1033 996 3913 1030 993 3914 1030 993 3915 1029 992 3916 1032 995 3917 1034 997 3918 1035 998 3919 1036 999 3920 1036 999 3921 1037 1000 3922 1034 997 3923 1038 1001 3924 1039 1002 3925 1035 998 3926 1035 998 3927 1034 997 3928 1038 1001 3929 1040 1003 3930 1041 1004 3931 1042 1005 3932 1043 1006 3933 1044 1007 3934 1045 1008 3935 1046 1009 3936 1047 1010 3937 1044 1007 3938 1044 1007 3939 1048 1011 3940 1046 1009 3941 1047 1010 3942 1049 1012 3943 1050 1013 3944 1051 1014 3945 1052 1015 3946 1053 1016 3947 1053 1016 3948 1044 1007 3949 1051 1014 3950 1047 1010 3951 1054 1017 3952 1051 1014 3953 1051 1014 3954 1044 1007 3955 1047 1010 3956 1050 1013 3957 1042 1005 3958 1041 1004 3959 1041 1004 3960 1047 1010 3961 1050 1013 3962 1051 1014 3963 1055 1018 3964 1052 1015 3965 1040 1003 3966 1055 1018 3967 1051 1014 3968 1051 1014 3969 1054 1017 3970 1040 1003 3971 1040 1003 3972 1054 1017 3973 1041 1004 3974 1054 1017 3975 1047 1010 3976 1041 1004 3977 1046 1009 3978 1056 1019 3979 1049 1012 3980 1049 1012 3981 1047 1010 3982 1046 1009 3983 1044 1007 3984 1043 1006 3985 1057 1020 3986 1057 1020 3987 1048 1011 3988 1044 1007 3989 1058 1021 3990 1059 1022 3991 1060 1023 3992 1061 1024 3993 1062 1025 3994 1063 1026 3995 1063 1026 3996 1064 1027 3997 1061 1024 3998 1065 1028 3999 1066 1029 4000 1061 1024 4001 1061 1024 4002 1064 1027 4003 1065 1028 4004 1067 1030 4005 1068 1031 4006 1059 1022 4007 1069 1032 4008 1070 1033 4009 1062 1025 4010 1062 1025 4011 1061 1024 4012 1069 1032 4013 1066 1029 4014 1071 1034 4015 1069 1032 4016 1069 1032 4017 1061 1024 4018 1066 1029 4019 1059 1022 4020 1068 1031 4021 1060 1023 4022 1069 1032 4023 1072 1035 4024 1070 1033 4025 1058 1021 4026 1072 1035 4027 1069 1032 4028 1069 1032 4029 1071 1034 4030 1058 1021 4031 1058 1021 4032 1071 1034 4033 1059 1022 4034 1071 1034 4035 1066 1029 4036 1059 1022 4037 1065 1028 4038 1073 1036 4039 1074 1037 4040 1074 1037 4041 1066 1029 4042 1065 1028 4043 1075 1038 4044 1076 1039 4045 1077 1040 4046 1077 1040 4047 1078 1041 4048 1075 1038 4049 1079 1042 4050 1080 1043 4051 1077 1040 4052 1077 1040 4053 1076 1039 4054 1079 1042 4055 1080 1043 4056 1081 1044 4057 1077 1040 4058 1082 1045 4059 1083 1046 4060 1081 1044 4061 1081 1044 4062 1080 1043 4063 1082 1045 4064 1081 1044 4065 1084 1047 4066 1085 1048 4067 1085 1048 4068 1077 1040 4069 1081 1044 4070 1077 1040 4071 1085 1048 4072 1078 1041 4073 1083 1046 4074 1082 1045 4075 1086 1049 4076 1076 1039 4077 1087 1050 4078 1079 1042 4079 1088 1051 4080 1083 1046 4081 1086 1049 4082 1086 1049 4083 1089 1052 4084 1088 1051 4085 1090 1053 4086 1091 1054 4087 1092 1055 4088 1092 1055 4089 1093 1056 4090 1090 1053 4091 1094 1057 4092 1095 1058 4093 1093 1056 4094 1093 1056 4095 1096 1059 4096 1094 1057 4097 1095 1058 4098 1097 1060 4099 1090 1053 4100 1090 1053 4101 1093 1056 4102 1095 1058 4103 1098 1061 4104 1099 1062 4105 1100 1063 4106 1100 1063 4107 1101 1064 4108 1098 1061 4109 1102 1065 4110 1103 1066 4111 1104 1067 4112 1104 1067 4113 1105 1068 4114 1102 1065 4115 1106 1069 4116 1107 1070 4117 1108 1071 4118 1108 1071 4119 1109 1072 4120 1106 1069 4121 1110 1073 4122 1111 1074 4123 1112 1075 4124 1112 1075 4125 1113 1076 4126 1110 1073 4127 1114 1077 4128 1115 1078 4129 1116 1079 4130 1116 1079 4131 1117 1080 4132 1114 1077 4133 1118 1081 4134 1119 1082 4135 1120 1083 4136 1120 1083 4137 1121 1084 4138 1118 1081 4139 1122 1085 4140 1123 1086 4141 1124 1087 4142 1124 1087 4143 1125 1088 4144 1122 1085 4145 1126 1089 4146 1127 1090 4147 1128 1091 4148 1128 1091 4149 1129 1092 4150 1126 1089 4151 1130 1093 4152 1131 1094 4153 1132 1095 4154 1132 1095 4155 1133 1096 4156 1130 1093 4157 1122 1085 4158 1130 1093 4159 1133 1096 4160 1133 1096 4161 1123 1086 4162 1122 1085 4163 1134 1097 4164 1135 1098 4165 1136 1099 4166 1136 1099 4167 1137 1100 4168 1134 1097 4169 1138 1101 4170 1139 1102 4171 1140 1103 4172 1140 1103 4173 1141 1104 4174 1138 1101 4175 1142 1105 4176 1143 1106 4177 1144 1107 4178 1144 1107 4179 1145 1108 4180 1142 1105 4181 1146 1109 4182 1147 1110 4183 1148 1111 4184 1148 1111 4185 1149 1112 4186 1146 1109 4187 1150 1113 4188 1151 1114 4189 1152 1115 4190 1152 1115 4191 1153 1116 4192 1150 1113 4193 1154 1117 4194 1155 1118 4195 1156 1119 4196 1156 1119 4197 1157 1120 4198 1154 1117 4199 1158 1121 4200 1159 1122 4201 1160 1123 4202 1160 1123 4203 1161 1124 4204 1158 1121 4205 1162 1125 4206 1161 1124 4207 1160 1123 4208 1160 1123 4209 1163 1126 4210 1162 1125 4211 1164 1127 4212 1165 1128 4213 1166 1129 4214 1166 1129 4215 1167 1130 4216 1164 1127 4217 1168 1131 4218 1164 1127 4219 1167 1130 4220 1167 1130 4221 1169 1132 4222 1168 1131 4223 1170 1133 4224 1171 1134 4225 1172 1135 4226 1173 1136 4227 1174 1137 4228 1175 1138 4229 1176 1139 4230 1177 1140 4231 1175 1138 4232 1175 1138 4233 1178 1141 4234 1176 1139 4235 1178 1141 4236 1179 1142 4237 1180 1143 4238 1181 1144 4239 1175 1138 4240 1174 1137 4241 1174 1137 4242 1182 1145 4243 1181 1144 4244 1178 1141 4245 1175 1138 4246 1181 1144 4247 1181 1144 4248 1183 1146 4249 1178 1141 4250 1179 1142 4251 1178 1141 4252 1172 1135 4253 1172 1135 4254 1171 1134 4255 1179 1142 4256 1181 1144 4257 1182 1145 4258 1184 1147 4259 1170 1133 4260 1183 1146 4261 1181 1144 4262 1181 1144 4263 1184 1147 4264 1170 1133 4265 1170 1133 4266 1172 1135 4267 1183 1146 4268 1183 1146 4269 1172 1135 4270 1178 1141 4271 1176 1139 4272 1178 1141 4273 1180 1143 4274 1180 1143 4275 1185 1148 4276 1176 1139 4277 1175 1138 4278 1177 1140 4279 1186 1149 4280 1186 1149 4281 1187 1150 4282 1175 1138 4283 1188 1151 4284 1189 1152 4285 1190 1153 4286 1191 1154 4287 1192 1155 4288 1193 1156 4289 1193 1156 4290 1194 1157 4291 1191 1154 4292 1195 1158 4293 1192 1155 4294 1191 1154 4295 1191 1154 4296 1196 1159 4297 1195 1158 4298 1196 1159 4299 1197 1160 4300 1198 1161 4301 1199 1162 4302 1191 1154 4303 1194 1157 4304 1194 1157 4305 1200 1163 4306 1199 1162 4307 1196 1159 4308 1191 1154 4309 1199 1162 4310 1199 1162 4311 1201 1164 4312 1196 1159 4313 1199 1162 4314 1200 1163 4315 1202 1165 4316 1188 1151 4317 1201 1164 4318 1199 1162 4319 1199 1162 4320 1202 1165 4321 1188 1151 4322 1188 1151 4323 1190 1153 4324 1201 1164 4325 1201 1164 4326 1190 1153 4327 1196 1159 4328 1195 1158 4329 1196 1159 4330 1198 1161 4331 1198 1161 4332 1203 1166 4333 1195 1158 4334 1204 1167 4335 1205 1168 4336 1206 1169 4337 1206 1169 4338 1207 1170 4339 1204 1167 4340 1079 1042 4341 1207 1170 4342 1206 1169 4343 1206 1169 4344 1080 1043 4345 1079 1042 4346 1080 1043 4347 1206 1169 4348 1208 1171 4349 1082 1045 4350 1080 1043 4351 1208 1171 4352 1208 1171 4353 1209 1172 4354 1082 1045 4355 1208 1171 4356 1206 1169 4357 1210 1173 4358 1210 1173 4359 1211 1174 4360 1208 1171 4361 1206 1169 4362 1205 1168 4363 1210 1173 4364 1209 1172 4365 1086 1049 4366 1082 1045 4367 1207 1170 4368 1079 1042 4369 1212 1175 4370 1213 1176 4371 1214 1177 4372 1086 1049 4373 1086 1049 4374 1209 1172 4375 1213 1176 4376 1215 1178 4377 1216 1179 4378 1217 1180 4379 1217 1180 4380 1218 1181 4381 1215 1178 4382 1094 1057 4383 1219 1182 4384 1216 1179 4385 1216 1179 4386 1095 1058 4387 1094 1057 4388 1095 1058 4389 1216 1179 4390 1215 1178 4391 1215 1178 4392 1097 1060 4393 1095 1058 4394 1059 1022 4395 1066 1029 4396 1067 1030 4397 1044 1007 4398 1053 1016 4399 1045 1008 4400 1175 1138 4401 1187 1150 4402 1173 1136 4403 1190 1153 4404 1189 1152 4405 1220 1183 4406 1190 1153 4407 1220 1183 4408 1197 1160 4409 1196 1159 4410 1190 1153 4411 1197 1160 4412 1066 1029 4413 1074 1037 4414 1067 1030 4415 1221 1184 4416 1222 1185 4417 1223 1186 4418 1223 1186 4419 1224 1187 4420 1221 1184 4421 1225 1188 4422 1226 1189 4423 1227 1190 4424 1227 1190 4425 1228 1191 4426 1225 1188 4427 1229 1192 4428 1230 1193 4429 1231 1194 4430 1231 1194 4431 1232 1195 4432 1229 1192 4433 1233 1196 4434 1234 1197 4435 1235 1198 4436 1235 1198 4437 1236 1199 4438 1233 1196 4439 1237 1200 4440 1238 1201 4441 1239 1202 4442 1239 1202 4443 1240 1203 4444 1237 1200 4445 1224 1187 4446 1241 1204 4447 1242 1205 4448 1242 1205 4449 1221 1184 4450 1224 1187 4451 1243 1206 4452 1244 1207 4453 1224 1187 4454 1224 1187 4455 1223 1186 4456 1243 1206 4457 1245 1208 4458 1246 1209 4459 1238 1201 4460 1238 1201 4461 1237 1200 4462 1245 1208 4463 1247 1210 4464 1248 1211 4465 1249 1212 4466 1249 1212 4467 1250 1213 4468 1247 1210 4469 1251 1214 4470 1252 1215 4471 1253 1216 4472 1253 1216 4473 1254 1217 4474 1251 1214 4475 1255 1218 4476 1256 1219 4477 1257 1220 4478 1257 1220 4479 1258 1221 4480 1255 1218 4481 1259 1222 4482 1260 1223 4483 1261 1224 4484 1261 1224 4485 1262 1225 4486 1259 1222 4487 1260 1223 4488 1263 1226 4489 1264 1227 4490 1264 1227 4491 1261 1224 4492 1260 1223 4493 1265 1228 4494 1266 1229 4495 1267 1230 4496 1267 1230 4497 1268 1231 4498 1265 1228 4499 1264 1227 4500 1263 1226 4501 1268 1231 4502 1268 1231 4503 1267 1230 4504 1264 1227 4505 1265 1228 4506 1269 1232 4507 1270 1233 4508 1270 1233 4509 1266 1229 4510 1265 1228 4511 1270 1233 4512 1269 1232 4513 1271 1234 4514 1271 1234 4515 1272 1235 4516 1270 1233 4517 1271 1234 4518 1273 1236 4519 1274 1237 4520 1274 1237 4521 1272 1235 4522 1271 1234 4523 1273 1236 4524 1275 1238 4525 1276 1239 4526 1276 1239 4527 1274 1237 4528 1273 1236 4529 1270 1233 4530 1272 1235 4531 1277 1240 4532 1277 1240 4533 1278 1241 4534 1270 1233 4535 1279 1242 4536 1280 1243 4537 1281 1244 4538 1281 1244 4539 1282 1245 4540 1279 1242 4541 1280 1243 4542 1283 1246 4543 1284 1247 4544 1284 1247 4545 1281 1244 4546 1280 1243 4547 1285 1248 4548 1286 1249 4549 1287 1250 4550 1287 1250 4551 1288 1251 4552 1285 1248 4553 1289 1252 4554 1290 1253 4555 1291 1254 4556 1291 1254 4557 1292 1255 4558 1289 1252 4559 1293 1256 4560 1294 1257 4561 1295 1258 4562 1295 1258 4563 1296 1259 4564 1293 1256 4565 1291 1254 4566 1290 1253 4567 1293 1256 4568 1293 1256 4569 1296 1259 4570 1291 1254 4571 1297 1260 4572 1298 1261 4573 1299 1262 4574 1299 1262 4575 1300 1263 4576 1297 1260 4577 1301 1264 4578 1302 1265 4579 1303 1266 4580 1303 1266 4581 1304 1267 4582 1301 1264 4583 1302 1265 4584 1305 1268 4585 1306 1269 4586 1306 1269 4587 1303 1266 4588 1302 1265 4589 1300 1263 4590 1295 1258 4591 1294 1257 4592 1294 1257 4593 1297 1260 4594 1300 1263 4595 1289 1252 4596 1292 1255 4597 1285 1248 4598 1285 1248 4599 1288 1251 4600 1289 1252 4601 1307 1270 4602 1308 1271 4603 1282 1245 4604 1282 1245 4605 1281 1244 4606 1307 1270 4607 1309 1272 4608 1277 1240 4609 1272 1235 4610 1272 1235 4611 1274 1237 4612 1309 1272 4613 1310 1273 4614 1311 1274 4615 1279 1242 4616 1279 1242 4617 1282 1245 4618 1310 1273 4619 1286 1249 4620 1284 1247 4621 1283 1246 4622 1283 1246 4623 1287 1250 4624 1286 1249 4625 1307 1270 4626 1312 1275 4627 1313 1276 4628 1313 1276 4629 1314 1277 4630 1307 1270 4631 1258 1221 4632 1315 1278 4633 1316 1279 4634 1316 1279 4635 1255 1218 4636 1258 1221 4637 1317 1280 4638 1238 1201 4639 1246 1209 4640 1318 1281 4641 1250 1213 4642 1319 1282 4643 1319 1282 4644 1320 1283 4645 1318 1281 4646 1246 1209 4647 1316 1279 4648 1315 1278 4649 1315 1278 4650 1317 1280 4651 1246 1209 4652 1243 1206 4653 1225 1188 4654 1228 1191 4655 1228 1191 4656 1321 1284 4657 1243 1206 4658 1322 1285 4659 1323 1286 4660 1230 1193 4661 1230 1193 4662 1229 1192 4663 1322 1285 4664 1239 1202 4665 1324 1287 4666 1234 1197 4667 1234 1197 4668 1233 1196 4669 1239 1202 4670 1325 1288 4671 1233 1196 4672 1236 1199 4673 1236 1199 4674 1326 1289 4675 1325 1288 4676 1327 1290 4677 1328 1291 4678 1226 1189 4679 1226 1189 4680 1225 1188 4681 1327 1290 4682 1329 1292 4683 1229 1192 4684 1232 1195 4685 1232 1195 4686 1330 1293 4687 1329 1292 4688 1250 1213 4689 1318 1281 4690 1331 1294 4691 1331 1294 4692 1247 1210 4693 1250 1213 4694 1256 1219 4695 1252 1215 4696 1251 1214 4697 1251 1214 4698 1257 1220 4699 1256 1219 4700 1250 1213 4701 1249 1212 4702 1332 1295 4703 1332 1295 4704 1319 1282 4705 1250 1213 4706 1248 1211 4707 1247 1210 4708 1322 1285 4709 1322 1285 4710 1333 1296 4711 1248 1211 4712 1334 1297 4713 1335 1298 4714 1336 1299 4715 1336 1299 4716 1337 1300 4717 1334 1297 4718 1254 1217 4719 1253 1216 4720 1338 1301 4721 1338 1301 4722 1339 1302 4723 1254 1217 4724 1340 1303 4725 1341 1304 4726 1318 1281 4727 1318 1281 4728 1320 1283 4729 1340 1303 4730 1331 1294 4731 1342 1305 4732 1343 1306 4733 1343 1306 4734 1323 1286 4735 1331 1294 4736 1344 1307 4737 1345 1308 4738 1346 1309 4739 1346 1309 4740 1347 1310 4741 1344 1307 4742 1348 1311 4743 1349 1312 4744 1278 1241 4745 1278 1241 4746 1350 1313 4747 1348 1311 4748 1336 1299 4749 1335 1298 4750 1351 1314 4751 1351 1314 4752 1352 1315 4753 1336 1299 4754 1353 1316 4755 1232 1195 4756 1231 1194 4757 1231 1194 4758 1354 1317 4759 1353 1316 4760 1226 1189 4761 1355 1318 4762 1356 1319 4763 1356 1319 4764 1227 1190 4765 1226 1189 4766 1330 1293 4767 1232 1195 4768 1353 1316 4769 1353 1316 4770 1357 1320 4771 1330 1293 4772 1358 1321 4773 1236 1199 4774 1235 1198 4775 1235 1198 4776 1359 1322 4777 1358 1321 4778 1355 1318 4779 1226 1189 4780 1328 1291 4781 1328 1291 4782 1360 1323 4783 1355 1318 4784 1360 1323 4785 1328 1291 4786 1361 1324 4787 1361 1324 4788 1362 1325 4789 1360 1323 4790 1363 1326 4791 1364 1327 4792 1365 1328 4793 1365 1328 4794 1366 1329 4795 1363 1326 4796 1367 1330 4797 1368 1331 4798 1369 1332 4799 1369 1332 4800 1370 1333 4801 1367 1330 4802 1363 1326 4803 1366 1329 4804 1371 1334 4805 1371 1334 4806 1372 1335 4807 1363 1326 4808 1373 1336 4809 1363 1326 4810 1372 1335 4811 1372 1335 4812 1374 1337 4813 1373 1336 4814 1373 1336 4815 1375 1338 4816 1376 1339 4817 1376 1339 4818 1377 1340 4819 1373 1336 4820 1375 1338 4821 1373 1336 4822 1374 1337 4823 1374 1337 4824 1378 1341 4825 1375 1338 4826 1379 1342 4827 1380 1343 4828 1381 1344 4829 1381 1344 4830 1382 1345 4831 1379 1342 4832 1375 1338 4833 1378 1341 4834 1383 1346 4835 1383 1346 4836 1384 1347 4837 1375 1338 4838 1385 1348 4839 1267 1230 4840 1266 1229 4841 1266 1229 4842 1349 1312 4843 1385 1348 4844 1384 1347 4845 1383 1346 4846 1386 1349 4847 1386 1349 4848 1387 1350 4849 1384 1347 4850 1312 1275 4851 1388 1351 4852 1389 1352 4853 1389 1352 4854 1313 1276 4855 1312 1275 4856 1313 1276 4857 1389 1352 4858 1390 1353 4859 1390 1353 4860 1348 1311 4861 1313 1276 4862 1391 1354 4863 1376 1339 4864 1375 1338 4865 1375 1338 4866 1384 1347 4867 1391 1354 4868 1392 1355 4869 1393 1356 4870 1394 1357 4871 1394 1357 4872 1395 1358 4873 1392 1355 4874 1396 1359 4875 1392 1355 4876 1395 1358 4877 1395 1358 4878 1397 1360 4879 1396 1359 4880 1398 1361 4881 1399 1362 4882 1387 1350 4883 1387 1350 4884 1400 1363 4885 1398 1361 4886 1278 1241 4887 1277 1240 4888 1345 1308 4889 1345 1308 4890 1350 1313 4891 1278 1241 4892 1346 1309 4893 1345 1308 4894 1277 1240 4895 1277 1240 4896 1309 1272 4897 1346 1309 4898 1349 1312 4899 1266 1229 4900 1270 1233 4901 1270 1233 4902 1278 1241 4903 1349 1312 4904 1349 1312 4905 1348 1311 4906 1390 1353 4907 1390 1353 4908 1385 1348 4909 1349 1312 4910 1401 1364 4911 1387 1350 4912 1386 1349 4913 1386 1349 4914 1402 1365 4915 1401 1364 4916 1403 1366 4917 1404 1367 4918 1405 1368 4919 1405 1368 4920 1406 1369 4921 1403 1366 4922 1407 1370 4923 1408 1371 4924 1409 1372 4925 1409 1372 4926 1410 1373 4927 1407 1370 4928 1407 1370 4929 1411 1374 4930 1412 1375 4931 1413 1376 4932 1411 1374 4933 1286 1249 4934 1286 1249 4935 1285 1248 4936 1413 1376 4937 1285 1248 4938 1292 1255 4939 1414 1377 4940 1414 1377 4941 1413 1376 4942 1285 1248 4943 1415 1378 4944 1414 1377 4945 1292 1255 4946 1292 1255 4947 1291 1254 4948 1415 1378 4949 1416 1379 4950 1417 1380 4951 1418 1381 4952 1418 1381 4953 1419 1382 4954 1416 1379 4955 1420 1383 4956 1421 1384 4957 1422 1385 4958 1422 1385 4959 1423 1386 4960 1420 1383 4961 1424 1387 4962 1425 1388 4963 1426 1389 4964 1426 1389 4965 1427 1390 4966 1424 1387 4967 1428 1391 4968 1424 1387 4969 1427 1390 4970 1427 1390 4971 1429 1392 4972 1428 1391 4973 1430 1393 4974 1431 1394 4975 1429 1392 4976 1429 1392 4977 1432 1395 4978 1430 1393 4979 1433 1396 4980 1434 1397 4981 1435 1398 4982 1435 1398 4983 1436 1399 4984 1433 1396 4985 1437 1400 4986 1438 1401 4987 1439 1402 4988 1439 1402 4989 1440 1403 4990 1437 1400 4991 1441 1404 4992 1442 1405 4993 1443 1406 4994 1443 1406 4995 1444 1407 4996 1441 1404 4997 1445 1408 4998 1446 1409 4999 1447 1410 5000 1447 1410 5001 1448 1411 5002 1445 1408 5003 1445 1408 5004 1442 1405 5005 1441 1404 5006 1441 1404 5007 1449 1412 5008 1445 1408 5009 1443 1406 5010 1450 1413 5011 1451 1414 5012 1451 1414 5013 1444 1407 5014 1443 1406 5015 1452 1415 5016 1451 1414 5017 1453 1416 5018 1430 1393 5019 1454 1417 5020 1435 1398 5021 1435 1398 5022 1431 1394 5023 1430 1393 5024 1295 1258 5025 1300 1263 5026 1454 1417 5027 1454 1417 5028 1430 1393 5029 1295 1258 5030 1300 1263 5031 1299 1262 5032 1455 1418 5033 1455 1418 5034 1454 1417 5035 1300 1263 5036 1456 1419 5037 1457 1420 5038 1458 1421 5039 1459 1422 5040 1437 1400 5041 1306 1269 5042 1304 1267 5043 1303 1266 5044 1437 1400 5045 1437 1400 5046 1440 1403 5047 1304 1267 5048 1295 1258 5049 1430 1393 5050 1432 1395 5051 1432 1395 5052 1296 1259 5053 1295 1258 5054 1460 1423 5055 1461 1424 5056 1414 1377 5057 1414 1377 5058 1415 1378 5059 1460 1423 5060 1415 1378 5061 1291 1254 5062 1296 1259 5063 1296 1259 5064 1462 1425 5065 1415 1378 5066 1432 1395 5067 1463 1426 5068 1462 1425 5069 1462 1425 5070 1296 1259 5071 1432 1395 5072 1460 1423 5073 1415 1378 5074 1462 1425 5075 1462 1425 5076 1464 1427 5077 1460 1423 5078 1464 1427 5079 1462 1425 5080 1463 1426 5081 1463 1426 5082 1465 1428 5083 1464 1427 5084 1466 1429 5085 1467 1430 5086 1468 1431 5087 1469 1432 5088 1413 1376 5089 1414 1377 5090 1414 1377 5091 1461 1424 5092 1469 1432 5093 1470 1433 5094 1471 1434 5095 1472 1435 5096 1472 1435 5097 1473 1436 5098 1470 1433 5099 1474 1437 5100 1475 1438 5101 1473 1436 5102 1473 1436 5103 1472 1435 5104 1474 1437 5105 1476 1439 5106 1477 1440 5107 1478 1441 5108 1478 1441 5109 1479 1442 5110 1476 1439 5111 1480 1443 5112 1481 1444 5113 1479 1442 5114 1479 1442 5115 1478 1441 5116 1480 1443 5117 1482 1445 5118 1483 1446 5119 1477 1440 5120 1477 1440 5121 1476 1439 5122 1482 1445 5123 1484 1447 5124 1485 1448 5125 1486 1449 5126 1486 1449 5127 1487 1450 5128 1484 1447 5129 1488 1451 5130 1487 1450 5131 1486 1449 5132 1486 1449 5133 1489 1452 5134 1488 1451 5135 1490 1453 5136 1484 1447 5137 1471 1434 5138 1471 1434 5139 1491 1454 5140 1490 1453 5141 1479 1442 5142 1403 1366 5143 1406 1369 5144 1406 1369 5145 1476 1439 5146 1479 1442 5147 1492 1455 5148 1309 1272 5149 1274 1237 5150 1274 1237 5151 1276 1239 5152 1492 1455 5153 1492 1455 5154 1493 1456 5155 1346 1309 5156 1346 1309 5157 1309 1272 5158 1492 1455 5159 1240 1203 5160 1239 1202 5161 1233 1196 5162 1233 1196 5163 1325 1288 5164 1240 1203 5165 1223 1186 5166 1327 1290 5167 1225 1188 5168 1225 1188 5169 1243 1206 5170 1223 1186 5171 1247 1210 5172 1331 1294 5173 1323 1286 5174 1323 1286 5175 1322 1285 5176 1247 1210 5177 1238 1201 5178 1317 1280 5179 1324 1287 5180 1324 1287 5181 1239 1202 5182 1238 1201 5183 1234 1197 5184 1324 1287 5185 1333 1296 5186 1333 1296 5187 1329 1292 5188 1234 1197 5189 1230 1193 5190 1323 1286 5191 1337 1300 5192 1494 1457 5193 1495 1458 5194 1496 1459 5195 1496 1459 5196 1497 1460 5197 1494 1457 5198 1497 1460 5199 1496 1459 5200 1498 1461 5201 1498 1461 5202 1499 1462 5203 1497 1460 5204 1494 1457 5205 1497 1460 5206 1500 1463 5207 1500 1463 5208 1501 1464 5209 1494 1457 5210 1497 1460 5211 1499 1462 5212 1500 1463 5213 1502 1465 5214 1503 1466 5215 1504 1467 5216 1504 1467 5217 1505 1468 5218 1502 1465 5219 1506 1469 5220 1502 1465 5221 1505 1468 5222 1505 1468 5223 1507 1470 5224 1506 1469 5225 1508 1471 5226 1506 1469 5227 1507 1470 5228 1507 1470 5229 1509 1472 5230 1508 1471 5231 1510 1473 5232 1511 1474 5233 1512 1475 5234 1513 1476 5235 1514 1477 5236 1515 1478 5237 1515 1478 5238 1511 1474 5239 1513 1476 5240 1516 1479 5241 1495 1458 5242 1494 1457 5243 1494 1457 5244 1511 1474 5245 1516 1479 5246 1517 1480 5247 1514 1477 5248 1513 1476 5249 1511 1474 5250 1501 1464 5251 1507 1470 5252 1507 1470 5253 1513 1476 5254 1511 1474 5255 1494 1457 5256 1501 1464 5257 1511 1474 5258 1507 1470 5259 1501 1464 5260 1518 1481 5261 1518 1481 5262 1509 1472 5263 1507 1470 5264 1518 1481 5265 1519 1482 5266 1508 1471 5267 1508 1471 5268 1509 1472 5269 1518 1481 5270 1224 1187 5271 1244 1207 5272 1368 1331 5273 1368 1331 5274 1241 1204 5275 1224 1187 5276 1395 1358 5277 1380 1343 5278 1379 1342 5279 1379 1342 5280 1397 1360 5281 1395 1358 5282 1377 1340 5283 1364 1327 5284 1363 1326 5285 1363 1326 5286 1373 1336 5287 1377 1340 5288 1381 1344 5289 1367 1330 5290 1370 1333 5291 1370 1333 5292 1382 1345 5293 1381 1344 5294 1370 1333 5295 1369 1332 5296 1365 1328 5297 1365 1328 5298 1364 1327 5299 1370 1333 5300 1377 1340 5301 1382 1345 5302 1370 1333 5303 1370 1333 5304 1364 1327 5305 1377 1340 5306 1379 1342 5307 1382 1345 5308 1377 1340 5309 1377 1340 5310 1376 1339 5311 1379 1342 5312 1397 1360 5313 1379 1342 5314 1376 1339 5315 1376 1339 5316 1391 1354 5317 1397 1360 5318 1397 1360 5319 1391 1354 5320 1399 1362 5321 1399 1362 5322 1396 1359 5323 1397 1360 5324 1262 1225 5325 1520 1483 5326 1521 1484 5327 1521 1484 5328 1259 1222 5329 1262 1225 5330 1321 1284 5331 1343 1306 5332 1342 1305 5333 1314 1277 5334 1344 1307 5335 1308 1271 5336 1308 1271 5337 1307 1270 5338 1314 1277 5339 1344 1307 5340 1347 1310 5341 1522 1485 5342 1522 1485 5343 1308 1271 5344 1344 1307 5345 1487 1450 5346 1472 1435 5347 1471 1434 5348 1471 1434 5349 1484 1447 5350 1487 1450 5351 1474 1437 5352 1488 1451 5353 1523 1486 5354 1523 1486 5355 1524 1487 5356 1474 1437 5357 1491 1454 5358 1471 1434 5359 1470 1433 5360 1470 1433 5361 1525 1488 5362 1491 1454 5363 1526 1489 5364 1522 1485 5365 1347 1310 5366 1347 1310 5367 1527 1490 5368 1526 1489 5369 1348 1311 5370 1350 1313 5371 1314 1277 5372 1314 1277 5373 1313 1276 5374 1348 1311 5375 1350 1313 5376 1345 1308 5377 1344 1307 5378 1344 1307 5379 1314 1277 5380 1350 1313 5381 1409 1372 5382 1401 1364 5383 1402 1365 5384 1402 1365 5385 1410 1373 5386 1409 1372 5387 1473 1436 5388 1478 1441 5389 1477 1440 5390 1477 1440 5391 1470 1433 5392 1473 1436 5393 1480 1443 5394 1475 1438 5395 1528 1491 5396 1528 1491 5397 1529 1492 5398 1480 1443 5399 1470 1433 5400 1477 1440 5401 1483 1446 5402 1483 1446 5403 1525 1488 5404 1470 1433 5405 1527 1490 5406 1347 1310 5407 1346 1309 5408 1346 1309 5409 1493 1456 5410 1527 1490 5411 1450 1413 5412 1443 1406 5413 1438 1401 5414 1438 1401 5415 1437 1400 5416 1450 1413 5417 1442 1405 5418 1445 1408 5419 1448 1411 5420 1530 1493 5421 1531 1494 5422 1457 1420 5423 1425 1388 5424 1423 1386 5425 1422 1385 5426 1422 1385 5427 1426 1389 5428 1425 1388 5429 1465 1428 5430 1532 1495 5431 1533 1496 5432 1533 1496 5433 1464 1427 5434 1465 1428 5435 1534 1497 5436 1461 1424 5437 1460 1423 5438 1460 1423 5439 1535 1498 5440 1534 1497 5441 1536 1499 5442 1534 1497 5443 1537 1500 5444 1388 1351 5445 1407 1370 5446 1410 1373 5447 1410 1373 5448 1389 1352 5449 1388 1351 5450 1389 1352 5451 1410 1373 5452 1402 1365 5453 1402 1365 5454 1390 1353 5455 1389 1352 5456 1402 1365 5457 1386 1349 5458 1385 1348 5459 1385 1348 5460 1390 1353 5461 1402 1365 5462 1385 1348 5463 1386 1349 5464 1383 1346 5465 1383 1346 5466 1267 1230 5467 1385 1348 5468 1267 1230 5469 1383 1346 5470 1378 1341 5471 1378 1341 5472 1264 1227 5473 1267 1230 5474 1378 1341 5475 1374 1337 5476 1261 1224 5477 1261 1224 5478 1264 1227 5479 1378 1341 5480 1374 1337 5481 1372 1335 5482 1262 1225 5483 1262 1225 5484 1261 1224 5485 1374 1337 5486 1372 1335 5487 1371 1334 5488 1520 1483 5489 1520 1483 5490 1262 1225 5491 1372 1335 5492 1371 1334 5493 1538 1501 5494 1520 1483 5495 1539 1502 5496 1340 1303 5497 1254 1217 5498 1254 1217 5499 1339 1302 5500 1539 1502 5501 1320 1283 5502 1319 1282 5503 1257 1220 5504 1257 1220 5505 1251 1214 5506 1320 1283 5507 1406 1369 5508 1540 1503 5509 1482 1445 5510 1482 1445 5511 1476 1439 5512 1406 1369 5513 1482 1445 5514 1540 1503 5515 1541 1504 5516 1541 1504 5517 1483 1446 5518 1482 1445 5519 1483 1446 5520 1541 1504 5521 1542 1505 5522 1542 1505 5523 1525 1488 5524 1483 1446 5525 1525 1488 5526 1542 1505 5527 1543 1506 5528 1543 1506 5529 1491 1454 5530 1525 1488 5531 1491 1454 5532 1543 1506 5533 1544 1507 5534 1544 1507 5535 1490 1453 5536 1491 1454 5537 1490 1453 5538 1544 1507 5539 1545 1508 5540 1545 1508 5541 1546 1509 5542 1490 1453 5543 1412 1375 5544 1411 1374 5545 1469 1432 5546 1547 1510 5547 1534 1497 5548 1535 1498 5549 1535 1498 5550 1548 1511 5551 1547 1510 5552 1532 1495 5553 1421 1384 5554 1416 1379 5555 1416 1379 5556 1549 1512 5557 1532 1495 5558 1550 1513 5559 1310 1273 5560 1282 1245 5561 1282 1245 5562 1308 1271 5563 1550 1513 5564 1281 1244 5565 1284 1247 5566 1312 1275 5567 1312 1275 5568 1307 1270 5569 1281 1244 5570 1284 1247 5571 1286 1249 5572 1388 1351 5573 1388 1351 5574 1312 1275 5575 1284 1247 5576 1388 1351 5577 1286 1249 5578 1411 1374 5579 1411 1374 5580 1407 1370 5581 1388 1351 5582 1308 1271 5583 1522 1485 5584 1550 1513 5585 1551 1514 5586 1552 1515 5587 1553 1516 5588 1553 1516 5589 1554 1517 5590 1551 1514 5591 1368 1331 5592 1555 1518 5593 1369 1332 5594 1556 1519 5595 1557 1520 5596 1558 1521 5597 1558 1521 5598 1559 1522 5599 1556 1519 5600 1560 1523 5601 1551 1514 5602 1554 1517 5603 1554 1517 5604 1561 1524 5605 1560 1523 5606 1369 1332 5607 1555 1518 5608 1562 1525 5609 1562 1525 5610 1365 1328 5611 1369 1332 5612 1557 1520 5613 1556 1519 5614 1554 1517 5615 1228 1191 5616 1227 1190 5617 1335 1298 5618 1335 1298 5619 1334 1297 5620 1228 1191 5621 1315 1278 5622 1249 1212 5623 1248 1211 5624 1248 1211 5625 1317 1280 5626 1315 1278 5627 1321 1284 5628 1228 1191 5629 1334 1297 5630 1334 1297 5631 1343 1306 5632 1321 1284 5633 1234 1197 5634 1329 1292 5635 1330 1293 5636 1330 1293 5637 1235 1198 5638 1234 1197 5639 1258 1221 5640 1332 1295 5641 1249 1212 5642 1249 1212 5643 1315 1278 5644 1258 1221 5645 1248 1211 5646 1333 1296 5647 1324 1287 5648 1324 1287 5649 1317 1280 5650 1248 1211 5651 1227 1190 5652 1356 1319 5653 1351 1314 5654 1351 1314 5655 1335 1298 5656 1227 1190 5657 1235 1198 5658 1330 1293 5659 1357 1320 5660 1357 1320 5661 1359 1322 5662 1235 1198 5663 1229 1192 5664 1329 1292 5665 1333 1296 5666 1333 1296 5667 1322 1285 5668 1229 1192 5669 1510 1473 5670 1516 1479 5671 1511 1474 5672 1504 1467 5673 1517 1480 5674 1513 1476 5675 1513 1476 5676 1505 1468 5677 1504 1467 5678 1513 1476 5679 1507 1470 5680 1505 1468 5681 1518 1481 5682 1501 1464 5683 1500 1463 5684 1500 1463 5685 1519 1482 5686 1518 1481 5687 1319 1282 5688 1332 1295 5689 1258 1221 5690 1258 1221 5691 1257 1220 5692 1319 1282 5693 1560 1523 5694 1563 1526 5695 1564 1527 5696 1564 1527 5697 1551 1514 5698 1560 1523 5699 1339 1302 5700 1338 1301 5701 1521 1484 5702 1521 1484 5703 1520 1483 5704 1339 1302 5705 1564 1527 5706 1565 1528 5707 1552 1515 5708 1552 1515 5709 1551 1514 5710 1564 1527 5711 1331 1294 5712 1318 1281 5713 1341 1304 5714 1341 1304 5715 1342 1305 5716 1331 1294 5717 1337 1300 5718 1336 1299 5719 1231 1194 5720 1231 1194 5721 1230 1193 5722 1337 1300 5723 1336 1299 5724 1352 1315 5725 1354 1317 5726 1354 1317 5727 1231 1194 5728 1336 1299 5729 1337 1300 5730 1323 1286 5731 1343 1306 5732 1343 1306 5733 1334 1297 5734 1337 1300 5735 1320 1283 5736 1251 1214 5737 1254 1217 5738 1254 1217 5739 1340 1303 5740 1320 1283 5741 1515 1478 5742 1512 1475 5743 1511 1474 5744 1392 1355 5745 1566 1529 5746 1567 1530 5747 1567 1530 5748 1393 1356 5749 1392 1355 5750 1396 1359 5751 1568 1531 5752 1566 1529 5753 1566 1529 5754 1392 1355 5755 1396 1359 5756 1399 1362 5757 1398 1361 5758 1568 1531 5759 1568 1531 5760 1396 1359 5761 1399 1362 5762 1399 1362 5763 1391 1354 5764 1384 1347 5765 1384 1347 5766 1387 1350 5767 1399 1362 5768 1549 1512 5769 1416 1379 5770 1419 1382 5771 1419 1382 5772 1569 1532 5773 1549 1512 5774 1421 1384 5775 1532 1495 5776 1422 1385 5777 1426 1389 5778 1465 1428 5779 1463 1426 5780 1463 1426 5781 1427 1390 5782 1426 1389 5783 1427 1390 5784 1463 1426 5785 1432 1395 5786 1432 1395 5787 1429 1392 5788 1427 1390 5789 1431 1394 5790 1570 1533 5791 1428 1391 5792 1428 1391 5793 1429 1392 5794 1431 1394 5795 1435 1398 5796 1454 1417 5797 1455 1418 5798 1455 1418 5799 1436 1399 5800 1435 1398 5801 1438 1401 5802 1448 1411 5803 1447 1410 5804 1447 1410 5805 1439 1402 5806 1438 1401 5807 1435 1398 5808 1434 1397 5809 1570 1533 5810 1570 1533 5811 1431 1394 5812 1435 1398 5813 1443 1406 5814 1442 1405 5815 1448 1411 5816 1448 1411 5817 1438 1401 5818 1443 1406 5819 1422 1385 5820 1532 1495 5821 1465 1428 5822 1465 1428 5823 1426 1389 5824 1422 1385 5825 1421 1384 5826 1420 1383 5827 1417 1380 5828 1417 1380 5829 1416 1379 5830 1421 1384 5831 1571 1534 5832 1572 1535 5833 1457 1420 5834 1457 1420 5835 1573 1536 5836 1574 1537 5837 1540 1503 5838 1406 1369 5839 1387 1350 5840 1387 1350 5841 1401 1364 5842 1540 1503 5843 1387 1350 5844 1406 1369 5845 1405 1368 5846 1405 1368 5847 1400 1363 5848 1387 1350 5849 1541 1504 5850 1540 1503 5851 1401 1364 5852 1408 1371 5853 1544 1507 5854 1543 1506 5855 1543 1506 5856 1409 1372 5857 1408 1371 5858 1543 1506 5859 1542 1505 5860 1409 1372 5861 1409 1372 5862 1542 1505 5863 1541 1504 5864 1541 1504 5865 1401 1364 5866 1409 1372 5867 1544 1507 5868 1408 1371 5869 1412 1375 5870 1412 1375 5871 1545 1508 5872 1544 1507 5873 1485 1448 5874 1484 1447 5875 1490 1453 5876 1490 1453 5877 1546 1509 5878 1485 1448 5879 1545 1508 5880 1412 1375 5881 1536 1499 5882 1536 1499 5883 1537 1500 5884 1545 1508 5885 1546 1509 5886 1575 1538 5887 1576 1539 5888 1576 1539 5889 1485 1448 5890 1546 1509 5891 1485 1448 5892 1576 1539 5893 1577 1540 5894 1577 1540 5895 1486 1449 5896 1485 1448 5897 1486 1449 5898 1577 1540 5899 1489 1452 5900 1578 1541 5901 1381 1344 5902 1380 1343 5903 1380 1343 5904 1579 1542 5905 1578 1541 5906 1580 1543 5907 1581 1544 5908 1582 1545 5909 1582 1545 5910 1583 1546 5911 1580 1543 5912 1584 1547 5913 1582 1545 5914 1581 1544 5915 1581 1544 5916 1481 1444 5917 1584 1547 5918 1585 1548 5919 1503 1466 5920 1502 1465 5921 1502 1465 5922 1586 1549 5923 1585 1548 5924 1586 1549 5925 1502 1465 5926 1506 1469 5927 1579 1542 5928 1380 1343 5929 1395 1358 5930 1395 1358 5931 1394 1357 5932 1579 1542 5933 1587 1550 5934 1367 1330 5935 1381 1344 5936 1381 1344 5937 1578 1541 5938 1587 1550 5939 1241 1204 5940 1368 1331 5941 1367 1330 5942 1241 1204 5943 1367 1330 5944 1587 1550 5945 1537 1500 5946 1575 1538 5947 1546 1509 5948 1546 1509 5949 1545 1508 5950 1537 1500 5951 1535 1498 5952 1533 1496 5953 1588 1551 5954 1588 1551 5955 1548 1511 5956 1535 1498 5957 1589 1552 5958 1467 1430 5959 1548 1511 5960 1548 1511 5961 1588 1551 5962 1589 1552 5963 1536 1499 5964 1469 1432 5965 1461 1424 5966 1461 1424 5967 1534 1497 5968 1536 1499 5969 1469 1432 5970 1536 1499 5971 1412 1375 5972 1412 1375 5973 1408 1371 5974 1407 1370 5975 1575 1538 5976 1537 1500 5977 1534 1497 5978 1534 1497 5979 1547 1510 5980 1575 1538 5981 1533 1496 5982 1532 1495 5983 1549 1512 5984 1549 1512 5985 1588 1551 5986 1533 1496 5987 1589 1552 5988 1588 1551 5989 1549 1512 5990 1549 1512 5991 1569 1532 5992 1589 1552 5993 1533 1496 5994 1535 1498 5995 1460 1423 5996 1460 1423 5997 1464 1427 5998 1533 1496 5999 1576 1539 6000 1547 1510 6001 1466 1429 6002 1466 1429 6003 1577 1540 6004 1576 1539 6005 1590 1553 6006 1577 1540 6007 1466 1429 6008 1466 1429 6009 1468 1431 6010 1590 1553 6011 1575 1538 6012 1547 1510 6013 1576 1539 6014 1466 1429 6015 1547 1510 6016 1548 1511 6017 1411 1374 6018 1413 1376 6019 1469 1432 6020 1574 1537 6021 1530 1493 6022 1457 1420 6023 1591 1554 6024 1592 1555 6025 1445 1408 6026 1445 1408 6027 1449 1412 6028 1591 1554 6029 1456 1419 6030 1571 1534 6031 1457 1420 6032 1457 1420 6033 1531 1494 6034 1458 1421 6035 1466 1429 6036 1548 1511 6037 1467 1430 6038 1475 1438 6039 1474 1437 6040 1524 1487 6041 1524 1487 6042 1528 1491 6043 1475 1438 6044 1481 1444 6045 1480 1443 6046 1529 1492 6047 1529 1492 6048 1584 1547 6049 1481 1444 6050 1488 1451 6051 1489 1452 6052 1593 1556 6053 1593 1556 6054 1523 1486 6055 1488 1451 6056 1488 1451 6057 1474 1437 6058 1472 1435 6059 1472 1435 6060 1487 1450 6061 1488 1451 6062 1475 1438 6063 1480 1443 6064 1478 1441 6065 1478 1441 6066 1473 1436 6067 1475 1438 6068 1403 1366 6069 1581 1544 6070 1580 1543 6071 1580 1543 6072 1404 1367 6073 1403 1366 6074 1481 1444 6075 1581 1544 6076 1403 1366 6077 1403 1366 6078 1479 1442 6079 1481 1444 6080 1590 1553 6081 1593 1556 6082 1489 1452 6083 1577 1540 6084 1590 1553 6085 1489 1452 6086 1242 1205 6087 1241 1204 6088 1587 1550 6089 1361 1324 6090 1328 1291 6091 1327 1290 6092 1327 1290 6093 1594 1557 6094 1361 1324 6095 1595 1558 6096 1326 1289 6097 1236 1199 6098 1236 1199 6099 1358 1321 6100 1595 1558 6101 1222 1185 6102 1594 1557 6103 1327 1290 6104 1327 1290 6105 1223 1186 6106 1222 1185 6107 1221 1184 6108 1596 1559 6109 1597 1560 6110 1597 1560 6111 1222 1185 6112 1221 1184 6113 1598 1561 6114 1599 1562 6115 1600 1563 6116 1600 1563 6117 1601 1564 6118 1598 1561 6119 1602 1565 6120 1603 1566 6121 1604 1567 6122 1604 1567 6123 1605 1568 6124 1602 1565 6125 1606 1569 6126 1607 1570 6127 1608 1571 6128 1608 1571 6129 1609 1572 6130 1606 1569 6131 1610 1573 6132 1611 1574 6133 1612 1575 6134 1612 1575 6135 1613 1576 6136 1610 1573 6137 1596 1559 6138 1221 1184 6139 1242 1205 6140 1242 1205 6141 1614 1577 6142 1596 1559 6143 1615 1578 6144 1597 1560 6145 1596 1559 6146 1596 1559 6147 1616 1579 6148 1615 1578 6149 1617 1580 6150 1610 1573 6151 1613 1576 6152 1613 1576 6153 1618 1581 6154 1617 1580 6155 1619 1582 6156 1620 1583 6157 1621 1584 6158 1621 1584 6159 1622 1585 6160 1619 1582 6161 1623 1586 6162 1624 1587 6163 1625 1588 6164 1625 1588 6165 1626 1589 6166 1623 1586 6167 1627 1590 6168 1628 1591 6169 1629 1592 6170 1629 1592 6171 1630 1593 6172 1627 1590 6173 1631 1594 6174 1632 1595 6175 1633 1596 6176 1633 1596 6177 1634 1597 6178 1631 1594 6179 1634 1597 6180 1633 1596 6181 1635 1598 6182 1635 1598 6183 1636 1599 6184 1634 1597 6185 1637 1600 6186 1638 1601 6187 1639 1602 6188 1639 1602 6189 1640 1603 6190 1637 1600 6191 1635 1598 6192 1639 1602 6193 1638 1601 6194 1638 1601 6195 1636 1599 6196 1635 1598 6197 1641 1604 6198 1642 1605 6199 1643 1606 6200 1643 1606 6201 1644 1607 6202 1641 1604 6203 1644 1607 6204 1643 1606 6205 1645 1608 6206 1645 1608 6207 1646 1609 6208 1644 1607 6209 1647 1610 6210 1648 1611 6211 1649 1612 6212 1649 1612 6213 1650 1613 6214 1647 1610 6215 1651 1614 6216 1652 1615 6217 1653 1616 6218 1653 1616 6219 1654 1617 6220 1651 1614 6221 1655 1618 6222 1656 1619 6223 1657 1620 6224 1657 1620 6225 1658 1621 6226 1655 1618 6227 1653 1616 6228 1656 1619 6229 1655 1618 6230 1655 1618 6231 1654 1617 6232 1653 1616 6233 1659 1622 6234 1660 1623 6235 1661 1624 6236 1661 1624 6237 1662 1625 6238 1659 1622 6239 1663 1626 6240 1664 1627 6241 1665 1628 6242 1665 1628 6243 1666 1629 6244 1663 1626 6245 1666 1629 6246 1665 1628 6247 1667 1630 6248 1667 1630 6249 1668 1631 6250 1666 1629 6251 1660 1623 6252 1659 1622 6253 1658 1621 6254 1658 1621 6255 1657 1620 6256 1660 1623 6257 1651 1614 6258 1648 1611 6259 1647 1610 6260 1647 1610 6261 1652 1615 6262 1651 1614 6263 1669 1632 6264 1643 1606 6265 1642 1605 6266 1642 1605 6267 1670 1633 6268 1669 1632 6269 1671 1634 6270 1642 1605 6271 1641 1604 6272 1641 1604 6273 1672 1635 6274 1671 1634 6275 1650 1613 6276 1649 1612 6277 1646 1609 6278 1646 1609 6279 1645 1608 6280 1650 1613 6281 1669 1632 6282 1673 1636 6283 1674 1637 6284 1674 1637 6285 1675 1638 6286 1669 1632 6287 1628 1591 6288 1627 1590 6289 1676 1639 6290 1676 1639 6291 1677 1640 6292 1628 1591 6293 1678 1641 6294 1618 1581 6295 1613 1576 6296 1679 1642 6297 1680 1643 6298 1681 1644 6299 1681 1644 6300 1620 1583 6301 1679 1642 6302 1618 1581 6303 1678 1641 6304 1677 1640 6305 1677 1640 6306 1676 1639 6307 1618 1581 6308 1615 1578 6309 1682 1645 6310 1599 1562 6311 1599 1562 6312 1598 1561 6313 1615 1578 6314 1683 1646 6315 1602 1565 6316 1605 1568 6317 1605 1568 6318 1684 1647 6319 1683 1646 6320 1612 1575 6321 1606 1569 6322 1609 1572 6323 1609 1572 6324 1685 1648 6325 1612 1575 6326 1686 1649 6327 1687 1650 6328 1607 1570 6329 1607 1570 6330 1606 1569 6331 1686 1649 6332 1688 1651 6333 1598 1561 6334 1601 1564 6335 1601 1564 6336 1689 1652 6337 1688 1651 6338 1690 1653 6339 1691 1654 6340 1603 1566 6341 1603 1566 6342 1602 1565 6343 1690 1653 6344 1620 1583 6345 1619 1582 6346 1692 1655 6347 1692 1655 6348 1679 1642 6349 1620 1583 6350 1630 1593 6351 1629 1592 6352 1623 1586 6353 1623 1586 6354 1626 1589 6355 1630 1593 6356 1620 1583 6357 1681 1644 6358 1693 1656 6359 1693 1656 6360 1621 1584 6361 1620 1583 6362 1622 1585 6363 1694 1657 6364 1683 1646 6365 1683 1646 6366 1619 1582 6367 1622 1585 6368 1695 1658 6369 1696 1659 6370 1697 1660 6371 1697 1660 6372 1698 1661 6373 1695 1658 6374 1624 1587 6375 1699 1662 6376 1700 1663 6377 1700 1663 6378 1625 1588 6379 1624 1587 6380 1701 1664 6381 1680 1643 6382 1679 1642 6383 1679 1642 6384 1702 1665 6385 1701 1664 6386 1692 1655 6387 1684 1647 6388 1703 1666 6389 1703 1666 6390 1704 1667 6391 1692 1655 6392 1705 1668 6393 1706 1669 6394 1707 1670 6395 1707 1670 6396 1708 1671 6397 1705 1668 6398 1709 1672 6399 1710 1673 6400 1711 1674 6401 1711 1674 6402 1712 1675 6403 1709 1672 6404 1697 1660 6405 1713 1676 6406 1714 1677 6407 1714 1677 6408 1698 1661 6409 1697 1660 6410 1715 1678 6411 1716 1679 6412 1604 1567 6413 1604 1567 6414 1603 1566 6415 1715 1678 6416 1601 1564 6417 1600 1563 6418 1717 1680 6419 1717 1680 6420 1718 1681 6421 1601 1564 6422 1691 1654 6423 1719 1682 6424 1715 1678 6425 1715 1678 6426 1603 1566 6427 1691 1654 6428 1720 1683 6429 1721 1684 6430 1608 1571 6431 1608 1571 6432 1607 1570 6433 1720 1683 6434 1718 1681 6435 1722 1685 6436 1689 1652 6437 1689 1652 6438 1601 1564 6439 1718 1681 6440 1722 1685 6441 1362 1325 6442 1361 1324 6443 1361 1324 6444 1689 1652 6445 1722 1685 6446 1723 1686 6447 1724 1687 6448 1725 1688 6449 1725 1688 6450 1726 1689 6451 1723 1686 6452 1727 1690 6453 1728 1691 6454 1729 1692 6455 1729 1692 6456 1730 1693 6457 1727 1690 6458 1723 1686 6459 1731 1694 6460 1732 1695 6461 1732 1695 6462 1724 1687 6463 1723 1686 6464 1733 1696 6465 1734 1697 6466 1731 1694 6467 1731 1694 6468 1723 1686 6469 1733 1696 6470 1733 1696 6471 1735 1698 6472 1736 1699 6473 1736 1699 6474 1737 1700 6475 1733 1696 6476 1737 1700 6477 1738 1701 6478 1734 1697 6479 1734 1697 6480 1733 1696 6481 1737 1700 6482 1739 1702 6483 1740 1703 6484 1741 1704 6485 1741 1704 6486 1742 1705 6487 1739 1702 6488 1737 1700 6489 1743 1706 6490 1744 1707 6491 1744 1707 6492 1738 1701 6493 1737 1700 6494 1745 1708 6495 1712 1675 6496 1640 1603 6497 1640 1603 6498 1639 1602 6499 1745 1708 6500 1743 1706 6501 1746 1709 6502 1747 1710 6503 1747 1710 6504 1744 1707 6505 1743 1706 6506 1675 1638 6507 1674 1637 6508 1748 1711 6509 1748 1711 6510 1749 1712 6511 1675 1638 6512 1674 1637 6513 1709 1672 6514 1750 1713 6515 1750 1713 6516 1748 1711 6517 1674 1637 6518 1751 1714 6519 1743 1706 6520 1737 1700 6521 1737 1700 6522 1736 1699 6523 1751 1714 6524 1752 1715 6525 1753 1716 6526 1394 1357 6527 1394 1357 6528 1393 1356 6529 1752 1715 6530 1754 1717 6531 1755 1718 6532 1753 1716 6533 1753 1716 6534 1752 1715 6535 1754 1717 6536 1756 1719 6537 1757 1720 6538 1758 1721 6539 1758 1721 6540 1746 1709 6541 1756 1719 6542 1711 1674 6543 1710 1673 6544 1708 1671 6545 1708 1671 6546 1759 1722 6547 1711 1674 6548 1707 1670 6549 1760 1723 6550 1759 1722 6551 1759 1722 6552 1708 1671 6553 1707 1670 6554 1712 1675 6555 1745 1708 6556 1750 1713 6557 1750 1713 6558 1709 1672 6559 1712 1675 6560 1761 1724 6561 1762 1725 6562 1747 1710 6563 1747 1710 6564 1746 1709 6565 1761 1724 6566 1763 1726 6567 1764 1727 6568 1765 1728 6569 1765 1728 6570 1766 1729 6571 1763 1726 6572 1767 1730 6573 1768 1731 6574 1769 1732 6575 1769 1732 6576 1770 1733 6577 1767 1730 6578 1767 1730 6579 1771 1734 6580 1772 1735 6581 1773 1736 6582 1647 1610 6583 1650 1613 6584 1650 1613 6585 1772 1735 6586 1773 1736 6587 1647 1610 6588 1773 1736 6589 1774 1737 6590 1774 1737 6591 1652 1615 6592 1647 1610 6593 1775 1738 6594 1653 1616 6595 1652 1615 6596 1652 1615 6597 1774 1737 6598 1775 1738 6599 1776 1739 6600 1419 1382 6601 1418 1381 6602 1418 1381 6603 1777 1740 6604 1776 1739 6605 1778 1741 6606 1779 1742 6607 1780 1743 6608 1780 1743 6609 1781 1744 6610 1778 1741 6611 1782 1745 6612 1783 1746 6613 1784 1747 6614 1784 1747 6615 1785 1748 6616 1782 1745 6617 1786 1749 6618 1787 1750 6619 1783 1746 6620 1783 1746 6621 1782 1745 6622 1786 1749 6623 1788 1751 6624 1789 1752 6625 1787 1750 6626 1787 1750 6627 1790 1753 6628 1788 1751 6629 1791 1754 6630 1792 1755 6631 1793 1756 6632 1793 1756 6633 1794 1757 6634 1791 1754 6635 1795 1758 6636 1796 1759 6637 1797 1760 6638 1797 1760 6639 1798 1761 6640 1795 1758 6641 1441 1404 6642 1444 1407 6643 1799 1762 6644 1799 1762 6645 1800 1763 6646 1441 1404 6647 1801 1764 6648 1802 1765 6649 1803 1766 6650 1803 1766 6651 1804 1767 6652 1801 1764 6653 1801 1764 6654 1449 1412 6655 1441 1404 6656 1441 1404 6657 1800 1763 6658 1801 1764 6659 1451 1414 6660 1805 1768 6661 1799 1762 6662 1799 1762 6663 1444 1407 6664 1451 1414 6665 1452 1415 6666 1806 1769 6667 1451 1414 6668 1788 1751 6669 1790 1753 6670 1793 1756 6671 1793 1756 6672 1807 1770 6673 1788 1751 6674 1657 1620 6675 1788 1751 6676 1807 1770 6677 1807 1770 6678 1660 1623 6679 1657 1620 6680 1660 1623 6681 1807 1770 6682 1808 1771 6683 1808 1771 6684 1661 1624 6685 1660 1623 6686 1809 1772 6687 1810 1773 6688 1811 1774 6689 1812 1775 6690 1795 1758 6691 1805 1768 6692 1664 1627 6693 1796 1759 6694 1795 1758 6695 1795 1758 6696 1665 1628 6697 1664 1627 6698 1657 1620 6699 1656 1619 6700 1789 1752 6701 1789 1752 6702 1788 1751 6703 1657 1620 6704 1813 1776 6705 1775 1738 6706 1774 1737 6707 1774 1737 6708 1814 1777 6709 1813 1776 6710 1775 1738 6711 1815 1778 6712 1656 1619 6713 1656 1619 6714 1653 1616 6715 1775 1738 6716 1789 1752 6717 1656 1619 6718 1815 1778 6719 1815 1778 6720 1816 1779 6721 1789 1752 6722 1813 1776 6723 1817 1780 6724 1815 1778 6725 1815 1778 6726 1775 1738 6727 1813 1776 6728 1817 1780 6729 1818 1781 6730 1816 1779 6731 1816 1779 6732 1815 1778 6733 1817 1780 6734 1819 1782 6735 1468 1431 6736 1467 1430 6737 1820 1783 6738 1814 1777 6739 1774 1737 6740 1774 1737 6741 1773 1736 6742 1820 1783 6743 1821 1784 6744 1822 1785 6745 1823 1786 6746 1823 1786 6747 1824 1787 6748 1821 1784 6749 1825 1788 6750 1823 1786 6751 1822 1785 6752 1822 1785 6753 1826 1789 6754 1825 1788 6755 1827 1790 6756 1828 1791 6757 1829 1792 6758 1829 1792 6759 1830 1793 6760 1827 1790 6761 1831 1794 6762 1829 1792 6763 1828 1791 6764 1828 1791 6765 1832 1795 6766 1831 1794 6767 1833 1796 6768 1827 1790 6769 1830 1793 6770 1830 1793 6771 1834 1797 6772 1833 1796 6773 1835 1798 6774 1836 1799 6775 1837 1800 6776 1837 1800 6777 1838 1801 6778 1835 1798 6779 1839 1802 6780 1840 1803 6781 1837 1800 6782 1837 1800 6783 1836 1799 6784 1839 1802 6785 1841 1804 6786 1842 1805 6787 1824 1787 6788 1824 1787 6789 1835 1798 6790 1841 1804 6791 1828 1791 6792 1827 1790 6793 1765 1728 6794 1765 1728 6795 1764 1727 6796 1828 1791 6797 1843 1806 6798 1760 1723 6799 1707 1670 6800 1707 1670 6801 1844 1807 6802 1843 1806 6803 1611 1574 6804 1686 1649 6805 1606 1569 6806 1606 1569 6807 1612 1575 6808 1611 1574 6809 1597 1560 6810 1615 1578 6811 1598 1561 6812 1598 1561 6813 1688 1651 6814 1597 1560 6815 1619 1582 6816 1683 1646 6817 1684 1647 6818 1684 1647 6819 1692 1655 6820 1619 1582 6821 1613 1576 6822 1612 1575 6823 1685 1648 6824 1685 1648 6825 1678 1641 6826 1613 1576 6827 1609 1572 6828 1690 1653 6829 1694 1657 6830 1694 1657 6831 1685 1648 6832 1609 1572 6833 1605 1568 6834 1696 1659 6835 1684 1647 6836 1845 1808 6837 1846 1809 6838 1847 1810 6839 1847 1810 6840 1848 1811 6841 1845 1808 6842 1846 1809 6843 1849 1812 6844 1850 1813 6845 1850 1813 6846 1847 1810 6847 1846 1809 6848 1845 1808 6849 1851 1814 6850 1852 1815 6851 1852 1815 6852 1846 1809 6853 1845 1808 6854 1846 1809 6855 1852 1815 6856 1849 1812 6857 1853 1816 6858 1854 1817 6859 1855 1818 6860 1855 1818 6861 1856 1819 6862 1853 1816 6863 1857 1820 6864 1858 1821 6865 1854 1817 6866 1854 1817 6867 1853 1816 6868 1857 1820 6869 1859 1822 6870 1860 1823 6871 1858 1821 6872 1858 1821 6873 1857 1820 6874 1859 1822 6875 1861 1824 6876 1862 1825 6877 1863 1826 6878 1864 1827 6879 1863 1826 6880 1865 1828 6881 1865 1828 6882 1866 1829 6883 1864 1827 6884 1867 1830 6885 1863 1826 6886 1845 1808 6887 1845 1808 6888 1848 1811 6889 1867 1830 6890 1868 1831 6891 1864 1827 6892 1866 1829 6893 1863 1826 6894 1864 1827 6895 1858 1821 6896 1858 1821 6897 1851 1814 6898 1863 1826 6899 1845 1808 6900 1863 1826 6901 1851 1814 6902 1858 1821 6903 1860 1823 6904 1869 1832 6905 1869 1832 6906 1851 1814 6907 1858 1821 6908 1869 1832 6909 1860 1823 6910 1859 1822 6911 1859 1822 6912 1870 1833 6913 1869 1832 6914 1596 1559 6915 1614 1577 6916 1730 1693 6917 1730 1693 6918 1616 1579 6919 1596 1559 6920 1753 1716 6921 1755 1718 6922 1739 1702 6923 1739 1702 6924 1742 1705 6925 1753 1716 6926 1735 1698 6927 1733 1696 6928 1723 1686 6929 1723 1686 6930 1726 1689 6931 1735 1698 6932 1741 1704 6933 1740 1703 6934 1728 1691 6935 1728 1691 6936 1727 1690 6937 1741 1704 6938 1728 1691 6939 1726 1689 6940 1725 1688 6941 1725 1688 6942 1729 1692 6943 1728 1691 6944 1735 1698 6945 1726 1689 6946 1728 1691 6947 1728 1691 6948 1740 1703 6949 1735 1698 6950 1739 1702 6951 1736 1699 6952 1735 1698 6953 1735 1698 6954 1740 1703 6955 1739 1702 6956 1755 1718 6957 1751 1714 6958 1736 1699 6959 1736 1699 6960 1739 1702 6961 1755 1718 6962 1755 1718 6963 1754 1717 6964 1756 1719 6965 1756 1719 6966 1751 1714 6967 1755 1718 6968 1632 1595 6969 1631 1594 6970 1871 1834 6971 1871 1834 6972 1872 1835 6973 1632 1595 6974 1704 1667 6975 1703 1666 6976 1682 1645 6977 1673 1636 6978 1669 1632 6979 1670 1633 6980 1670 1633 6981 1705 1668 6982 1673 1636 6983 1705 1668 6984 1670 1633 6985 1873 1836 6986 1873 1836 6987 1706 1669 6988 1705 1668 6989 1836 1799 6990 1835 1798 6991 1824 1787 6992 1824 1787 6993 1823 1786 6994 1836 1799 6995 1825 1788 6996 1524 1487 6997 1523 1486 6998 1523 1486 6999 1839 1802 7000 1825 1788 7001 1842 1805 7002 1874 1837 7003 1821 1784 7004 1821 1784 7005 1824 1787 7006 1842 1805 7007 1875 1838 7008 1876 1839 7009 1706 1669 7010 1706 1669 7011 1873 1836 7012 1875 1838 7013 1709 1672 7014 1674 1637 7015 1673 1636 7016 1673 1636 7017 1710 1673 7018 1709 1672 7019 1710 1673 7020 1673 1636 7021 1705 1668 7022 1705 1668 7023 1708 1671 7024 1710 1673 7025 1769 1732 7026 1768 1731 7027 1762 1725 7028 1762 1725 7029 1761 1724 7030 1769 1732 7031 1822 1785 7032 1821 1784 7033 1830 1793 7034 1830 1793 7035 1829 1792 7036 1822 1785 7037 1831 1794 7038 1529 1492 7039 1528 1491 7040 1528 1491 7041 1826 1789 7042 1831 1794 7043 1821 1784 7044 1874 1837 7045 1834 1797 7046 1834 1797 7047 1830 1793 7048 1821 1784 7049 1876 1839 7050 1844 1807 7051 1707 1670 7052 1707 1670 7053 1706 1669 7054 1876 1839 7055 1805 1768 7056 1795 1758 7057 1798 1761 7058 1798 1761 7059 1799 1762 7060 1805 1768 7061 1800 1763 7062 1802 1765 7063 1801 1764 7064 1877 1840 7065 1811 1774 7066 1878 1841 7067 1785 1748 7068 1784 1747 7069 1780 1743 7070 1780 1743 7071 1779 1742 7072 1785 1748 7073 1818 1781 7074 1817 1780 7075 1879 1842 7076 1879 1842 7077 1880 1843 7078 1818 1781 7079 1881 1844 7080 1882 1845 7081 1813 1776 7082 1813 1776 7083 1814 1777 7084 1881 1844 7085 1883 1846 7086 1884 1847 7087 1881 1844 7088 1749 1712 7089 1748 1711 7090 1768 1731 7091 1768 1731 7092 1767 1730 7093 1749 1712 7094 1748 1711 7095 1750 1713 7096 1762 1725 7097 1762 1725 7098 1768 1731 7099 1748 1711 7100 1762 1725 7101 1750 1713 7102 1745 1708 7103 1745 1708 7104 1747 1710 7105 1762 1725 7106 1745 1708 7107 1639 1602 7108 1744 1707 7109 1744 1707 7110 1747 1710 7111 1745 1708 7112 1639 1602 7113 1635 1598 7114 1738 1701 7115 1738 1701 7116 1744 1707 7117 1639 1602 7118 1738 1701 7119 1635 1598 7120 1633 1596 7121 1633 1596 7122 1734 1697 7123 1738 1701 7124 1734 1697 7125 1633 1596 7126 1632 1595 7127 1632 1595 7128 1731 1694 7129 1734 1697 7130 1731 1694 7131 1632 1595 7132 1872 1835 7133 1872 1835 7134 1732 1695 7135 1731 1694 7136 1732 1695 7137 1872 1835 7138 1885 1848 7139 1886 1849 7140 1699 1662 7141 1624 1587 7142 1624 1587 7143 1701 1664 7144 1886 1849 7145 1680 1643 7146 1623 1586 7147 1629 1592 7148 1629 1592 7149 1681 1644 7150 1680 1643 7151 1765 1728 7152 1827 1790 7153 1833 1796 7154 1833 1796 7155 1887 1850 7156 1765 1728 7157 1833 1796 7158 1834 1797 7159 1888 1851 7160 1888 1851 7161 1887 1850 7162 1833 1796 7163 1834 1797 7164 1874 1837 7165 1889 1852 7166 1889 1852 7167 1888 1851 7168 1834 1797 7169 1874 1837 7170 1842 1805 7171 1890 1853 7172 1890 1853 7173 1889 1852 7174 1874 1837 7175 1842 1805 7176 1841 1804 7177 1891 1854 7178 1891 1854 7179 1890 1853 7180 1842 1805 7181 1841 1804 7182 1892 1855 7183 1893 1856 7184 1893 1856 7185 1891 1854 7186 1841 1804 7187 1771 1734 7188 1820 1783 7189 1772 1735 7190 1894 1857 7191 1895 1858 7192 1882 1845 7193 1882 1845 7194 1881 1844 7195 1894 1857 7196 1880 1843 7197 1896 1859 7198 1776 1739 7199 1776 1739 7200 1781 1744 7201 1880 1843 7202 1897 1860 7203 1670 1633 7204 1642 1605 7205 1642 1605 7206 1671 1634 7207 1897 1860 7208 1643 1606 7209 1669 1632 7210 1675 1638 7211 1675 1638 7212 1645 1608 7213 1643 1606 7214 1645 1608 7215 1675 1638 7216 1749 1712 7217 1749 1712 7218 1650 1613 7219 1645 1608 7220 1749 1712 7221 1767 1730 7222 1772 1735 7223 1772 1735 7224 1650 1613 7225 1749 1712 7226 1670 1633 7227 1897 1860 7228 1873 1836 7229 1898 1861 7230 1899 1862 7231 1900 1863 7232 1900 1863 7233 1901 1864 7234 1898 1861 7235 1730 1693 7236 1902 1865 7237 1616 1579 7238 1903 1866 7239 1904 1867 7240 1905 1868 7241 1905 1868 7242 1906 1869 7243 1903 1866 7244 1907 1870 7245 1908 1871 7246 1901 1864 7247 1901 1864 7248 1900 1863 7249 1907 1870 7250 1729 1692 7251 1725 1688 7252 1909 1872 7253 1909 1872 7254 1902 1865 7255 1729 1692 7256 1906 1869 7257 1901 1864 7258 1903 1866 7259 1599 1562 7260 1695 1658 7261 1698 1661 7262 1698 1661 7263 1600 1563 7264 1599 1562 7265 1677 1640 7266 1678 1641 7267 1622 1585 7268 1622 1585 7269 1621 1584 7270 1677 1640 7271 1682 1645 7272 1703 1666 7273 1695 1658 7274 1695 1658 7275 1599 1562 7276 1682 1645 7277 1609 1572 7278 1608 1571 7279 1691 1654 7280 1691 1654 7281 1690 1653 7282 1609 1572 7283 1628 1591 7284 1677 1640 7285 1621 1584 7286 1621 1584 7287 1693 1656 7288 1628 1591 7289 1622 1585 7290 1678 1641 7291 1685 1648 7292 1685 1648 7293 1694 1657 7294 1622 1585 7295 1600 1563 7296 1698 1661 7297 1714 1677 7298 1714 1677 7299 1717 1680 7300 1600 1563 7301 1608 1571 7302 1721 1684 7303 1719 1682 7304 1719 1682 7305 1691 1654 7306 1608 1571 7307 1602 1565 7308 1683 1646 7309 1694 1657 7310 1694 1657 7311 1690 1653 7312 1602 1565 7313 1861 1824 7314 1863 1826 7315 1867 1830 7316 1855 1818 7317 1854 1817 7318 1864 1827 7319 1864 1827 7320 1868 1831 7321 1855 1818 7322 1864 1827 7323 1854 1817 7324 1858 1821 7325 1869 1832 7326 1870 1833 7327 1852 1815 7328 1852 1815 7329 1851 1814 7330 1869 1832 7331 1681 1644 7332 1629 1592 7333 1628 1591 7334 1628 1591 7335 1693 1656 7336 1681 1644 7337 1907 1870 7338 1900 1863 7339 1910 1873 7340 1910 1873 7341 1911 1874 7342 1907 1870 7343 1699 1662 7344 1872 1835 7345 1871 1834 7346 1871 1834 7347 1700 1663 7348 1699 1662 7349 1910 1873 7350 1900 1863 7351 1899 1862 7352 1899 1862 7353 1912 1875 7354 1910 1873 7355 1692 1655 7356 1704 1667 7357 1702 1665 7358 1702 1665 7359 1679 1642 7360 1692 1655 7361 1696 1659 7362 1605 1568 7363 1604 1567 7364 1604 1567 7365 1697 1660 7366 1696 1659 7367 1697 1660 7368 1604 1567 7369 1716 1679 7370 1716 1679 7371 1713 1676 7372 1697 1660 7373 1696 1659 7374 1695 1658 7375 1703 1666 7376 1703 1666 7377 1684 1647 7378 1696 1659 7379 1680 1643 7380 1701 1664 7381 1624 1587 7382 1624 1587 7383 1623 1586 7384 1680 1643 7385 1865 1828 7386 1863 1826 7387 1862 1825 7388 1567 1530 7389 1913 1876 7390 1752 1715 7391 1752 1715 7392 1393 1356 7393 1567 1530 7394 1914 1877 7395 1754 1717 7396 1752 1715 7397 1752 1715 7398 1913 1876 7399 1914 1877 7400 1914 1877 7401 1757 1720 7402 1756 1719 7403 1756 1719 7404 1754 1717 7405 1914 1877 7406 1756 1719 7407 1746 1709 7408 1743 1706 7409 1743 1706 7410 1751 1714 7411 1756 1719 7412 1896 1859 7413 1569 1532 7414 1419 1382 7415 1419 1382 7416 1776 1739 7417 1896 1859 7418 1781 1744 7419 1780 1743 7420 1880 1843 7421 1784 1747 7422 1783 1746 7423 1816 1779 7424 1816 1779 7425 1818 1781 7426 1784 1747 7427 1783 1746 7428 1787 1750 7429 1789 1752 7430 1789 1752 7431 1816 1779 7432 1783 1746 7433 1790 1753 7434 1787 1750 7435 1786 1749 7436 1786 1749 7437 1915 1878 7438 1790 1753 7439 1793 1756 7440 1792 1755 7441 1808 1771 7442 1808 1771 7443 1807 1770 7444 1793 1756 7445 1798 1761 7446 1797 1760 7447 1803 1766 7448 1803 1766 7449 1802 1765 7450 1798 1761 7451 1793 1756 7452 1790 1753 7453 1915 1878 7454 1915 1878 7455 1794 1757 7456 1793 1756 7457 1799 1762 7458 1798 1761 7459 1802 1765 7460 1802 1765 7461 1800 1763 7462 1799 1762 7463 1780 1743 7464 1784 1747 7465 1818 1781 7466 1818 1781 7467 1880 1843 7468 1780 1743 7469 1781 1744 7470 1776 1739 7471 1777 1740 7472 1777 1740 7473 1778 1741 7474 1781 1744 7475 1916 1879 7476 1811 1774 7477 1917 1880 7478 1811 1774 7479 1918 1881 7480 1919 1882 7481 1887 1850 7482 1761 1724 7483 1746 1709 7484 1746 1709 7485 1765 1728 7486 1887 1850 7487 1758 1721 7488 1766 1729 7489 1765 1728 7490 1765 1728 7491 1746 1709 7492 1758 1721 7493 1888 1851 7494 1761 1724 7495 1887 1850 7496 1770 1733 7497 1769 1732 7498 1890 1853 7499 1890 1853 7500 1891 1854 7501 1770 1733 7502 1890 1853 7503 1769 1732 7504 1889 1852 7505 1769 1732 7506 1761 1724 7507 1888 1851 7508 1888 1851 7509 1889 1852 7510 1769 1732 7511 1891 1854 7512 1893 1856 7513 1771 1734 7514 1771 1734 7515 1770 1733 7516 1891 1854 7517 1838 1801 7518 1892 1855 7519 1841 1804 7520 1841 1804 7521 1835 1798 7522 1838 1801 7523 1893 1856 7524 1884 1847 7525 1883 1846 7526 1883 1846 7527 1771 1734 7528 1893 1856 7529 1892 1855 7530 1838 1801 7531 1920 1883 7532 1920 1883 7533 1921 1884 7534 1892 1855 7535 1838 1801 7536 1837 1800 7537 1922 1885 7538 1922 1885 7539 1920 1883 7540 1838 1801 7541 1837 1800 7542 1840 1803 7543 1922 1885 7544 1578 1541 7545 1579 1542 7546 1742 1705 7547 1742 1705 7548 1741 1704 7549 1578 1541 7550 1583 1546 7551 1582 1545 7552 1923 1886 7553 1923 1886 7554 1924 1887 7555 1583 1546 7556 1584 1547 7557 1832 1795 7558 1923 1886 7559 1923 1886 7560 1582 1545 7561 1584 1547 7562 1925 1888 7563 1926 1889 7564 1853 1816 7565 1853 1816 7566 1856 1819 7567 1925 1888 7568 1926 1889 7569 1857 1820 7570 1853 1816 7571 1579 1542 7572 1394 1357 7573 1753 1716 7574 1753 1716 7575 1742 1705 7576 1579 1542 7577 1587 1550 7578 1578 1541 7579 1741 1704 7580 1741 1704 7581 1727 1690 7582 1587 1550 7583 1614 1577 7584 1727 1690 7585 1730 1693 7586 1614 1577 7587 1587 1550 7588 1727 1690 7589 1884 1847 7590 1893 1856 7591 1892 1855 7592 1892 1855 7593 1921 1884 7594 1884 1847 7595 1882 1845 7596 1895 1858 7597 1927 1890 7598 1927 1890 7599 1879 1842 7600 1882 1845 7601 1589 1552 7602 1927 1890 7603 1895 1858 7604 1895 1858 7605 1467 1430 7606 1589 1552 7607 1883 1846 7608 1881 1844 7609 1814 1777 7610 1814 1777 7611 1820 1783 7612 1883 1846 7613 1820 1783 7614 1771 1734 7615 1883 1846 7616 1771 1734 7617 1767 1730 7618 1770 1733 7619 1921 1884 7620 1894 1857 7621 1881 1844 7622 1881 1844 7623 1884 1847 7624 1921 1884 7625 1879 1842 7626 1927 1890 7627 1896 1859 7628 1896 1859 7629 1880 1843 7630 1879 1842 7631 1589 1552 7632 1569 1532 7633 1896 1859 7634 1896 1859 7635 1927 1890 7636 1589 1552 7637 1879 1842 7638 1817 1780 7639 1813 1776 7640 1813 1776 7641 1882 1845 7642 1879 1842 7643 1920 1883 7644 1922 1885 7645 1819 1782 7646 1819 1782 7647 1894 1857 7648 1920 1883 7649 1590 1553 7650 1468 1431 7651 1819 1782 7652 1819 1782 7653 1922 1885 7654 1590 1553 7655 1921 1884 7656 1920 1883 7657 1894 1857 7658 1819 1782 7659 1895 1858 7660 1894 1857 7661 1772 1735 7662 1820 1783 7663 1773 1736 7664 1918 1881 7665 1811 1774 7666 1877 1840 7667 1591 1554 7668 1449 1412 7669 1801 1764 7670 1801 1764 7671 1928 1891 7672 1591 1554 7673 1809 1772 7674 1811 1774 7675 1916 1879 7676 1811 1774 7677 1810 1773 7678 1878 1841 7679 1819 1782 7680 1467 1430 7681 1895 1858 7682 1826 1789 7683 1528 1491 7684 1524 1487 7685 1524 1487 7686 1825 1788 7687 1826 1789 7688 1832 1795 7689 1584 1547 7690 1529 1492 7691 1529 1492 7692 1831 1794 7693 1832 1795 7694 1839 1802 7695 1523 1486 7696 1593 1556 7697 1593 1556 7698 1840 1803 7699 1839 1802 7700 1839 1802 7701 1836 1799 7702 1823 1786 7703 1823 1786 7704 1825 1788 7705 1839 1802 7706 1826 1789 7707 1822 1785 7708 1829 1792 7709 1829 1792 7710 1831 1794 7711 1826 1789 7712 1763 1726 7713 1924 1887 7714 1923 1886 7715 1923 1886 7716 1764 1727 7717 1763 1726 7718 1832 1795 7719 1828 1791 7720 1764 1727 7721 1764 1727 7722 1923 1886 7723 1832 1795 7724 1590 1553 7725 1840 1803 7726 1593 1556 7727 1922 1885 7728 1840 1803 7729 1590 1553 7730 1242 1205 7731 1587 1550 7732 1614 1577 7733 1361 1324 7734 1594 1557 7735 1688 1651 7736 1688 1651 7737 1689 1652 7738 1361 1324 7739 1929 1892 7740 1720 1683 7741 1607 1570 7742 1607 1570 7743 1687 1650 7744 1929 1892 7745 1222 1185 7746 1597 1560 7747 1688 1651 7748 1688 1651 7749 1594 1557 7750 1222 1185 7751 1930 1893 7752 1366 1329 7753 1365 1328 7754 1365 1328 7755 1562 1525 7756 1930 1893 7757 1931 1894 7758 1557 1520 7759 1554 1517 7760 1554 1517 7761 1553 1516 7762 1931 1894 7763 1538 1501 7764 1371 1334 7765 1366 1329 7766 1366 1329 7767 1930 1893 7768 1538 1501 7769 1725 1688 7770 1724 1687 7771 1932 1895 7772 1932 1895 7773 1909 1872 7774 1725 1688 7775 1901 1864 7776 1906 1869 7777 1933 1896 7778 1933 1896 7779 1898 1861 7780 1901 1864 7781 1724 1687 7782 1732 1695 7783 1885 1848 7784 1885 1848 7785 1932 1895 7786 1724 1687 7787 1368 1331 7788 1244 1207 7789 1555 1518 7790 1730 1693 7791 1729 1692 7792 1902 1865 7793 1538 1501 7794 1539 1502 7795 1339 1302 7796 1538 1501 7797 1339 1302 7798 1520 1483 7799 1699 1662 7800 1886 1849 7801 1885 1848 7802 1872 1835 7803 1699 1662 7804 1885 1848 7805 1558 1521 7806 1557 1520 7807 1931 1894 7808 1933 1896 7809 1906 1869 7810 1905 1868 7811 1556 1519 7812 1561 1524 7813 1554 1517 7814 1901 1864 7815 1908 1871 7816 1903 1866 7817 1934 1897 7818 1935 1898 7819 1936 1899 7820 1936 1899 7821 1937 1900 7822 1934 1897 7823 1936 1899 7824 1938 1901 7825 1939 1902 7826 1939 1902 7827 1937 1900 7828 1936 1899 7829 1939 1902 7830 1938 1901 7831 1940 1903 7832 1940 1903 7833 1941 1904 7834 1939 1902 7835 1941 1904 7836 1940 1903 7837 1942 1905 7838 1942 1905 7839 1943 1906 7840 1941 1904 7841 1936 1899 7842 1944 1907 7843 1945 1908 7844 1945 1908 7845 1938 1901 7846 1936 1899 7847 1946 1909 7848 1940 1903 7849 1938 1901 7850 1938 1901 7851 1945 1908 7852 1946 1909 7853 1947 1910 7854 1944 1907 7855 1936 1899 7856 1936 1899 7857 1935 1898 7858 1947 1910 7859 1948 1911 7860 1942 1905 7861 1940 1903 7862 1940 1903 7863 1946 1909 7864 1948 1911 7865 1451 1414 7866 1450 1413 7867 1453 1416 7868 1451 1414 7869 1806 1769 7870 1805 1768 7871 1450 1413 7872 1459 1422 7873 1453 1416 7874 1806 1769 7875 1812 1775 7876 1805 1768 7877 1459 1422 7878 1450 1413 7879 1437 1400 7880 1812 1775 7881 1667 1630 7882 1795 1758 7883 1437 1400 7884 1303 1266 7885 1306 1269 7886 1667 1630 7887 1665 1628 7888 1795 1758 7889 1949 1912 7890 1950 1913 7891 1951 1914 7892 1951 1914 7893 1952 1915 7894 1949 1912 7895 1953 1916 7896 1954 1917 7897 1950 1913 7898 1950 1913 7899 1949 1912 7900 1953 1916 7901 1955 1918 7902 1956 1919 7903 1954 1917 7904 1954 1917 7905 1953 1916 7906 1955 1918 7907 1957 1920 7908 1958 1921 7909 1956 1919 7910 1956 1919 7911 1955 1918 7912 1957 1920 7913 1959 1922 7914 1960 1923 7915 1958 1921 7916 1958 1921 7917 1957 1920 7918 1959 1922 7919 1961 1924 7920 1962 1925 7921 1960 1923 7922 1960 1923 7923 1959 1922 7924 1961 1924 7925 1963 1926 7926 1964 1927 7927 1962 1925 7928 1962 1925 7929 1961 1924 7930 1963 1926 7931 1965 1928 7932 1966 1929 7933 1964 1927 7934 1964 1927 7935 1963 1926 7936 1965 1928 7937 1967 1930 7938 1968 1931 7939 1966 1929 7940 1966 1929 7941 1965 1928 7942 1967 1930 7943 1969 1932 7944 1970 1933 7945 1968 1931 7946 1968 1931 7947 1967 1930 7948 1969 1932 7949 1952 1915 7950 1971 1934 7951 1972 1935 7952 1972 1935 7953 1949 1912 7954 1952 1915 7955 1949 1912 7956 1972 1935 7957 1973 1936 7958 1973 1936 7959 1953 1916 7960 1949 1912 7961 1953 1916 7962 1973 1936 7963 1974 1937 7964 1974 1937 7965 1955 1918 7966 1953 1916 7967 1955 1918 7968 1974 1937 7969 1975 1938 7970 1975 1938 7971 1957 1920 7972 1955 1918 7973 1957 1920 7974 1975 1938 7975 1976 1939 7976 1976 1939 7977 1959 1922 7978 1957 1920 7979 1959 1922 7980 1976 1939 7981 1977 1940 7982 1977 1940 7983 1961 1924 7984 1959 1922 7985 1961 1924 7986 1977 1940 7987 1978 1941 7988 1978 1941 7989 1963 1926 7990 1961 1924 7991 1963 1926 7992 1978 1941 7993 1979 1942 7994 1979 1942 7995 1965 1928 7996 1963 1926 7997 1965 1928 7998 1979 1942 7999 1980 1943 8000 1980 1943 8001 1967 1930 8002 1965 1928 8003 1967 1930 8004 1980 1943 8005 1981 1944 8006 1981 1944 8007 1969 1932 8008 1967 1930 8009 1982 1945 8010 1983 1946 8011 1984 1947 8012 1984 1947 8013 1985 1948 8014 1982 1945 8015 1985 1948 8016 1984 1947 8017 1986 1949 8018 1986 1949 8019 1984 1947 8020 1987 1950 8021 1987 1950 8022 1988 1951 8023 1986 1949 8024 1988 1951 8025 1987 1950 8026 1989 1952 8027 1989 1952 8028 1987 1950 8029 1990 1953 8030 1990 1953 8031 1991 1954 8032 1989 1952 8033 1991 1954 8034 1990 1953 8035 1992 1955 8036 1992 1955 8037 1990 1953 8038 1993 1956 8039 1993 1956 8040 1994 1957 8041 1992 1955 8042 1994 1957 8043 1993 1956 8044 1995 1958 8045 1995 1958 8046 1993 1956 8047 1983 1946 8048 1983 1946 8049 1996 1959 8050 1995 1958 8051 1996 1959 8052 1983 1946 8053 1982 1945 8054 1983 1946 8055 1997 1960 8056 1984 1947 8057 1984 1947 8058 1997 1960 8059 1987 1950 8060 1987 1950 8061 1997 1960 8062 1990 1953 8063 1990 1953 8064 1997 1960 8065 1993 1956 8066 1993 1956 8067 1997 1960 8068 1983 1946 8069 1998 1961 8070 1999 1962 8071 2000 1963 8072 2000 1963 8073 2001 1964 8074 1998 1961 8075 2002 1965 8076 2003 1966 8077 1999 1962 8078 1999 1962 8079 1998 1961 8080 2002 1965 8081 2004 1967 8082 2005 1968 8083 2003 1966 8084 2003 1966 8085 2002 1965 8086 2004 1967 8087 2006 1969 8088 2007 1970 8089 2005 1968 8090 2005 1968 8091 2004 1967 8092 2006 1969 8093 2008 1971 8094 2009 1972 8095 2007 1970 8096 2007 1970 8097 2006 1969 8098 2008 1971 8099 2010 1973 8100 2011 1974 8101 2009 1972 8102 2009 1972 8103 2008 1971 8104 2010 1973 8105 2012 1975 8106 2013 1976 8107 2011 1974 8108 2011 1974 8109 2010 1973 8110 2012 1975 8111 2014 1977 8112 2015 1978 8113 2013 1976 8114 2013 1976 8115 2012 1975 8116 2014 1977 8117 2016 1979 8118 2017 1980 8119 2015 1978 8120 2015 1978 8121 2014 1977 8122 2016 1979 8123 2018 1981 8124 2019 1982 8125 2017 1980 8126 2017 1980 8127 2016 1979 8128 2018 1981 8129 2001 1964 8130 2020 1983 8131 2021 1984 8132 2021 1984 8133 1998 1961 8134 2001 1964 8135 1998 1961 8136 2021 1984 8137 2022 1985 8138 2022 1985 8139 2002 1965 8140 1998 1961 8141 2002 1965 8142 2022 1985 8143 2023 1986 8144 2023 1986 8145 2004 1967 8146 2002 1965 8147 2004 1967 8148 2023 1986 8149 2024 1987 8150 2024 1987 8151 2006 1969 8152 2004 1967 8153 2006 1969 8154 2024 1987 8155 2025 1988 8156 2025 1988 8157 2008 1971 8158 2006 1969 8159 2008 1971 8160 2025 1988 8161 2026 1989 8162 2026 1989 8163 2010 1973 8164 2008 1971 8165 2010 1973 8166 2026 1989 8167 2027 1990 8168 2027 1990 8169 2012 1975 8170 2010 1973 8171 2012 1975 8172 2027 1990 8173 2028 1991 8174 2028 1991 8175 2014 1977 8176 2012 1975 8177 2014 1977 8178 2028 1991 8179 2029 1992 8180 2029 1992 8181 2016 1979 8182 2014 1977 8183 2016 1979 8184 2029 1992 8185 2030 1993 8186 2030 1993 8187 2018 1981 8188 2016 1979 8189 2031 1994 8190 2032 1995 8191 2033 1996 8192 2033 1996 8193 2034 1997 8194 2031 1994 8195 2034 1997 8196 2033 1996 8197 2035 1998 8198 2035 1998 8199 2033 1996 8200 2036 1999 8201 2036 1999 8202 2037 2000 8203 2035 1998 8204 2037 2000 8205 2036 1999 8206 2038 2001 8207 2038 2001 8208 2036 1999 8209 2039 2002 8210 2039 2002 8211 2040 2003 8212 2038 2001 8213 2040 2003 8214 2039 2002 8215 2041 2004 8216 2041 2004 8217 2039 2002 8218 2042 2005 8219 2042 2005 8220 2043 2006 8221 2041 2004 8222 2043 2006 8223 2042 2005 8224 2044 2007 8225 2044 2007 8226 2042 2005 8227 2032 1995 8228 2032 1995 8229 2045 2008 8230 2044 2007 8231 2045 2008 8232 2032 1995 8233 2031 1994 8234 2032 1995 8235 2046 2009 8236 2033 1996 8237 2033 1996 8238 2046 2009 8239 2036 1999 8240 2036 1999 8241 2046 2009 8242 2039 2002 8243 2039 2002 8244 2046 2009 8245 2042 2005 8246 2042 2005 8247 2046 2009 8248 2032 1995 8249 2047 2010 8250 2048 2011 8251 2049 2012 8252 2049 2012 8253 2050 2013 8254 2047 2010 8255 2051 2014 8256 2047 2010 8257 2050 2013 8258 2050 2013 8259 2052 2015 8260 2051 2014 8261 2053 2016 8262 2051 2014 8263 2052 2015 8264 2052 2015 8265 2054 2017 8266 2053 2016 8267 2055 2018 8268 2053 2016 8269 2054 2017 8270 2054 2017 8271 2056 2019 8272 2055 2018 8273 2057 2020 8274 2055 2018 8275 2056 2019 8276 2056 2019 8277 2058 2021 8278 2057 2020 8279 2059 2022 8280 2057 2020 8281 2058 2021 8282 2058 2021 8283 2060 2023 8284 2059 2022 8285 2061 2024 8286 2059 2022 8287 2060 2023 8288 2060 2023 8289 2062 2025 8290 2061 2024 8291 2063 2026 8292 2061 2024 8293 2062 2025 8294 2062 2025 8295 2064 2027 8296 2063 2026 8297 2065 2028 8298 2063 2026 8299 2064 2027 8300 2064 2027 8301 2066 2029 8302 2065 2028 8303 2067 2030 8304 2065 2028 8305 2066 2029 8306 2066 2029 8307 2068 2031 8308 2067 2030 8309 2048 2011 8310 2047 2010 8311 2069 2032 8312 2069 2032 8313 2070 2033 8314 2048 2011 8315 2047 2010 8316 2051 2014 8317 2071 2034 8318 2071 2034 8319 2069 2032 8320 2047 2010 8321 2051 2014 8322 2053 2016 8323 2072 2035 8324 2072 2035 8325 2071 2034 8326 2051 2014 8327 2053 2016 8328 2055 2018 8329 2073 2036 8330 2073 2036 8331 2072 2035 8332 2053 2016 8333 2055 2018 8334 2057 2020 8335 2074 2037 8336 2074 2037 8337 2073 2036 8338 2055 2018 8339 2057 2020 8340 2059 2022 8341 2075 2038 8342 2075 2038 8343 2074 2037 8344 2057 2020 8345 2059 2022 8346 2061 2024 8347 2076 2039 8348 2076 2039 8349 2075 2038 8350 2059 2022 8351 2061 2024 8352 2063 2026 8353 2077 2040 8354 2077 2040 8355 2076 2039 8356 2061 2024 8357 2063 2026 8358 2065 2028 8359 2078 2041 8360 2078 2041 8361 2077 2040 8362 2063 2026 8363 2065 2028 8364 2067 2030 8365 2079 2042 8366 2079 2042 8367 2078 2041 8368 2065 2028 8369 2080 2043 8370 2081 2044 8371 2082 2045 8372 2082 2045 8373 2083 2046 8374 2080 2043 8375 2081 2044 8376 2084 2047 8377 2082 2045 8378 2084 2047 8379 2085 2048 8380 2086 2049 8381 2086 2049 8382 2082 2045 8383 2084 2047 8384 2085 2048 8385 2087 2050 8386 2086 2049 8387 2087 2050 8388 2088 2051 8389 2089 2052 8390 2089 2052 8391 2086 2049 8392 2087 2050 8393 2088 2051 8394 2090 2053 8395 2089 2052 8396 2090 2053 8397 2091 2054 8398 2092 2055 8399 2092 2055 8400 2089 2052 8401 2090 2053 8402 2091 2054 8403 2093 2056 8404 2092 2055 8405 2093 2056 8406 2094 2057 8407 2083 2046 8408 2083 2046 8409 2092 2055 8410 2093 2056 8411 2094 2057 8412 2080 2043 8413 2083 2046 8414 2083 2046 8415 2082 2045 8416 2095 2058 8417 2082 2045 8418 2086 2049 8419 2095 2058 8420 2086 2049 8421 2089 2052 8422 2095 2058 8423 2089 2052 8424 2092 2055 8425 2095 2058 8426 2092 2055 8427 2083 2046 8428 2095 2058 8429 2096 2059 8430 2097 2060 8431 2098 2061 8432 2098 2061 8433 2099 2062 8434 2096 2059 8435 2100 2063 8436 2096 2059 8437 2099 2062 8438 2099 2062 8439 2101 2064 8440 2100 2063 8441 2102 2065 8442 2100 2063 8443 2101 2064 8444 2101 2064 8445 2103 2066 8446 2102 2065 8447 2104 2067 8448 2102 2065 8449 2103 2066 8450 2103 2066 8451 2105 2068 8452 2104 2067 8453 2106 2069 8454 2104 2067 8455 2105 2068 8456 2105 2068 8457 2107 2070 8458 2106 2069 8459 2108 2071 8460 2106 2069 8461 2107 2070 8462 2107 2070 8463 2109 2072 8464 2108 2071 8465 2110 2073 8466 2108 2071 8467 2109 2072 8468 2109 2072 8469 2111 2074 8470 2110 2073 8471 2112 2075 8472 2110 2073 8473 2111 2074 8474 2111 2074 8475 2113 2076 8476 2112 2075 8477 2114 2077 8478 2112 2075 8479 2113 2076 8480 2113 2076 8481 2115 2078 8482 2114 2077 8483 2116 2079 8484 2114 2077 8485 2115 2078 8486 2115 2078 8487 2117 2080 8488 2116 2079 8489 2097 2060 8490 2096 2059 8491 2118 2081 8492 2118 2081 8493 2119 2082 8494 2097 2060 8495 2096 2059 8496 2100 2063 8497 2120 2083 8498 2120 2083 8499 2118 2081 8500 2096 2059 8501 2100 2063 8502 2102 2065 8503 2121 2084 8504 2121 2084 8505 2120 2083 8506 2100 2063 8507 2102 2065 8508 2104 2067 8509 2122 2085 8510 2122 2085 8511 2121 2084 8512 2102 2065 8513 2104 2067 8514 2106 2069 8515 2123 2086 8516 2123 2086 8517 2122 2085 8518 2104 2067 8519 2106 2069 8520 2108 2071 8521 2124 2087 8522 2124 2087 8523 2123 2086 8524 2106 2069 8525 2108 2071 8526 2110 2073 8527 2125 2088 8528 2125 2088 8529 2124 2087 8530 2108 2071 8531 2110 2073 8532 2112 2075 8533 2126 2089 8534 2126 2089 8535 2125 2088 8536 2110 2073 8537 2112 2075 8538 2114 2077 8539 2127 2090 8540 2127 2090 8541 2126 2089 8542 2112 2075 8543 2114 2077 8544 2116 2079 8545 2128 2091 8546 2128 2091 8547 2127 2090 8548 2114 2077 8549 2129 2092 8550 2130 2093 8551 2131 2094 8552 2131 2094 8553 2132 2095 8554 2129 2092 8555 2130 2093 8556 2133 2096 8557 2131 2094 8558 2133 2096 8559 2134 2097 8560 2135 2098 8561 2135 2098 8562 2131 2094 8563 2133 2096 8564 2134 2097 8565 2136 2099 8566 2135 2098 8567 2136 2099 8568 2137 2100 8569 2138 2101 8570 2138 2101 8571 2135 2098 8572 2136 2099 8573 2137 2100 8574 2139 2102 8575 2138 2101 8576 2139 2102 8577 2140 2103 8578 2141 2104 8579 2141 2104 8580 2138 2101 8581 2139 2102 8582 2140 2103 8583 2142 2105 8584 2141 2104 8585 2142 2105 8586 2143 2106 8587 2132 2095 8588 2132 2095 8589 2141 2104 8590 2142 2105 8591 2143 2106 8592 2129 2092 8593 2132 2095 8594 2132 2095 8595 2131 2094 8596 2144 2107 8597 2131 2094 8598 2135 2098 8599 2144 2107 8600 2135 2098 8601 2138 2101 8602 2144 2107 8603 2138 2101 8604 2141 2104 8605 2144 2107 8606 2141 2104 8607 2132 2095 8608 2144 2107 8609 2145 2108 8610 2146 2109 8611 2147 2110 8612 2147 2110 8613 2148 2111 8614 2145 2108 8615 2146 2109 8616 2149 2112 8617 2150 2113 8618 2150 2113 8619 2147 2110 8620 2146 2109 8621 2151 2114 8622 2152 2115 8623 2153 2116 8624 2153 2116 8625 2154 2117 8626 2151 2114 8627 2155 2118 8628 2156 2119 8629 2153 2116 8630 2153 2116 8631 2152 2115 8632 2155 2118 8633 2157 2120 8634 2158 2121 8635 2159 2122 8636 2159 2122 8637 2160 2123 8638 2157 2120 8639 2158 2121 8640 2161 2124 8641 2162 2125 8642 2162 2125 8643 2159 2122 8644 2158 2121 8645 2154 2117 8646 2153 2116 8647 2158 2121 8648 2158 2121 8649 2157 2120 8650 2154 2117 8651 2158 2121 8652 2153 2116 8653 2156 2119 8654 2156 2119 8655 2161 2124 8656 2158 2121 8657 2148 2111 8658 2147 2110 8659 2152 2115 8660 2152 2115 8661 2151 2114 8662 2148 2111 8663 2147 2110 8664 2150 2113 8665 2155 2118 8666 2155 2118 8667 2152 2115 8668 2147 2110 8669 2150 2113 8670 2163 2126 8671 2164 2127 8672 2164 2127 8673 2155 2118 8674 2150 2113 8675 2161 2124 8676 2165 2128 8677 2166 1060 8678 2166 1060 8679 2162 2125 8680 2161 2124 8681 2156 2119 8682 2167 2129 8683 2165 2128 8684 2165 2128 8685 2161 2124 8686 2156 2119 8687 2155 2118 8688 2164 2127 8689 2167 2129 8690 2167 2129 8691 2156 2119 8692 2155 2118 8693 2149 2112 8694 2168 2130 8695 2163 2126 8696 2163 2126 8697 2150 2113 8698 2149 2112 8699 2169 2131 8700 2170 2132 8701 2171 2133 8702 2171 2133 8703 2172 2134 8704 2169 2131 8705 2172 2134 8706 2171 2133 8707 2173 2135 8708 2173 2135 8709 2174 2136 8710 2172 2134 8711 2175 2137 8712 2176 2138 8713 2177 2139 8714 2177 2139 8715 2178 2140 8716 2175 2137 8717 2179 2141 8718 2178 2140 8719 2177 2139 8720 2177 2139 8721 2180 2142 8722 2179 2141 8723 2181 2143 8724 2160 2123 8725 2159 2122 8726 2159 2122 8727 2182 2144 8728 2181 2143 8729 2182 2144 8730 2159 2122 8731 2162 2125 8732 2162 2125 8733 2183 2145 8734 2182 2144 8735 2176 2138 8736 2181 2143 8737 2182 2144 8738 2182 2144 8739 2177 2139 8740 2176 2138 8741 2182 2144 8742 2183 2145 8743 2180 2142 8744 2180 2142 8745 2177 2139 8746 2182 2144 8747 2170 2132 8748 2175 2137 8749 2178 2140 8750 2178 2140 8751 2171 2133 8752 2170 2132 8753 2171 2133 8754 2178 2140 8755 2179 2141 8756 2179 2141 8757 2173 2135 8758 2171 2133 8759 2173 2135 8760 2179 2141 8761 2184 2146 8762 2184 2146 8763 2185 2147 8764 2173 2135 8765 2183 2145 8766 2162 2125 8767 2166 1060 8768 2166 1060 8769 2186 2148 8770 2183 2145 8771 2180 2142 8772 2183 2145 8773 2186 2148 8774 2186 2148 8775 2187 2149 8776 2180 2142 8777 2179 2141 8778 2180 2142 8779 2187 2149 8780 2187 2149 8781 2184 2146 8782 2179 2141 8783 2174 2136 8784 2173 2135 8785 2185 2147 8786 2185 2147 8787 2188 2150 8788 2174 2136 8789 2189 2151 8790 2190 2152 8791 2191 2153 8792 2191 2153 8793 2192 2154 8794 2189 2151 8795 2193 2155 8796 2194 2156 8797 2192 2154 8798 2192 2154 8799 2195 2157 8800 2193 2155 8801 2195 2157 8802 2196 2158 8803 2197 2159 8804 2197 2159 8805 2198 2160 8806 2195 2157 8807 2193 2155 8808 2195 2157 8809 2198 2160 8810 2198 2160 8811 2199 2161 8812 2193 2155 8813 2192 2154 8814 2191 2153 8815 2196 2158 8816 2196 2158 8817 2195 2157 8818 2192 2154 8819 2200 2162 8820 2201 2163 8821 2202 2164 8822 2202 2164 8823 2203 2165 8824 2200 2162 8825 2204 2166 8826 2201 2163 8827 2200 2162 8828 2200 2162 8829 2205 2167 8830 2204 2166 8831 2189 2151 8832 2192 2154 8833 2194 2156 8834 2194 2156 8835 2206 2168 8836 2189 2151 8837 2198 2160 8838 2197 2159 8839 2202 2164 8840 2202 2164 8841 2201 2163 8842 2198 2160 8843 2204 2166 8844 2199 2161 8845 2198 2160 8846 2198 2160 8847 2201 2163 8848 2204 2166 8849 2207 2169 8850 2208 2170 8851 2209 2171 8852 2209 2171 8853 2210 2172 8854 2207 2169 8855 2211 2173 8856 2212 2174 8857 2208 2170 8858 2208 2170 8859 2213 2175 8860 2211 2173 8861 2212 2174 8862 2214 2176 8863 2215 2177 8864 2215 2177 8865 2216 2178 8866 2212 2174 8867 2211 2173 8868 2217 2179 8869 2214 2176 8870 2214 2176 8871 2212 2174 8872 2211 2173 8873 2208 2170 8874 2212 2174 8875 2216 2178 8876 2216 2178 8877 2209 2171 8878 2208 2170 8879 2200 2162 8880 2203 2165 8881 2218 2180 8882 2218 2180 8883 2219 2181 8884 2200 2162 8885 2220 2182 8886 2205 2167 8887 2200 2162 8888 2200 2162 8889 2219 2181 8890 2220 2182 8891 2207 2169 8892 2221 2183 8893 2213 2175 8894 2213 2175 8895 2208 2170 8896 2207 2169 8897 2214 2176 8898 2219 2181 8899 2218 2180 8900 2218 2180 8901 2215 2177 8902 2214 2176 8903 2220 2182 8904 2219 2181 8905 2214 2176 8906 2214 2176 8907 2217 2179 8908 2220 2182 8909 2222 2184 8910 2223 2185 8911 2224 2186 8912 2225 2187 8913 2226 2188 8914 2227 2189 8915 2227 2189 8916 2228 2190 8917 2225 2187 8918 2229 2191 8919 2230 2192 8920 2223 2185 8921 2223 2185 8922 2222 2184 8923 2229 2191 8924 2231 2193 8925 2232 2194 8926 2233 2195 8927 2233 2195 8928 2227 2189 8929 2231 2193 8930 2230 2192 8931 2234 2196 8932 2226 2188 8933 2226 2188 8934 2223 2185 8935 2230 2192 8936 2222 2184 8937 2224 2186 8938 2235 2197 8939 2235 2197 8940 2236 2198 8941 2222 2184 8942 2237 2199 8943 2225 2187 8944 2228 2190 8945 2228 2190 8946 2238 2200 8947 2237 2199 8948 2239 2201 8949 2229 2191 8950 2222 2184 8951 2222 2184 8952 2236 2198 8953 2239 2201 8954 2228 2190 8955 2227 2189 8956 2233 2195 8957 2233 2195 8958 2240 2202 8959 2228 2190 8960 2234 2196 8961 2231 2193 8962 2227 2189 8963 2227 2189 8964 2226 2188 8965 2234 2196 8966 2238 2200 8967 2228 2190 8968 2240 2202 8969 2240 2202 8970 2241 2203 8971 2238 2200 8972 2225 2187 8973 2224 2186 8974 2223 2185 8975 2223 2185 8976 2226 2188 8977 2225 2187 8978 2237 2199 8979 2235 2197 8980 2224 2186 8981 2224 2186 8982 2225 2187 8983 2237 2199 8984 2242 2204 8985 2243 2205 8986 2244 2206 8987 2244 2206 8988 2245 2207 8989 2242 2204 8990 2246 2208 8991 2247 2209 8992 2248 2210 8993 2248 2210 8994 2249 2211 8995 2246 2208 8996 2250 2212 8997 2246 2208 8998 2249 2211 8999 2249 2211 9000 2251 2213 9001 2250 2212 9002 2243 2205 9003 2242 2204 9004 2248 2210 9005 2248 2210 9006 2247 2209 9007 2243 2205 9008 2252 2214 9009 2253 2215 9010 2254 2216 9011 2254 2216 9012 2255 2217 9013 2252 2214 9014 2256 2218 9015 2257 2219 9016 2258 2220 9017 2258 2220 9018 2259 2221 9019 2256 2218 9020 2260 2222 9021 2252 2214 9022 2255 2217 9023 2255 2217 9024 2261 2223 9025 2260 2222 9026 2253 2215 9027 2262 2224 9028 2263 2225 9029 2263 2225 9030 2254 2216 9031 2253 2215 9032 2257 2219 9033 2260 2222 9034 2261 2223 9035 2261 2223 9036 2258 2220 9037 2257 2219 9038 2264 2226 9039 2265 2227 9040 2266 2228 9041 2267 2229 9042 2268 2230 9043 2269 2231 9044 2269 2231 9045 2270 2232 9046 2267 2229 9047 2271 2233 9048 2264 2226 9049 2266 2228 9050 2266 2228 9051 2272 2234 9052 2271 2233 9053 2273 2235 9054 2269 2231 9055 2274 2236 9056 2274 2236 9057 2275 2237 9058 2273 2235 9059 2272 2234 9060 2266 2228 9061 2270 2232 9062 2270 2232 9063 2276 2238 9064 2272 2234 9065 2264 2226 9066 2277 2239 9067 2278 2240 9068 2278 2240 9069 2265 2227 9070 2264 2226 9071 2279 2241 9072 2280 2242 9073 2268 2230 9074 2268 2230 9075 2267 2229 9076 2279 2241 9077 2281 2243 9078 2277 2239 9079 2264 2226 9080 2264 2226 9081 2271 2233 9082 2281 2243 9083 2268 2230 9084 2282 2244 9085 2274 2236 9086 2274 2236 9087 2269 2231 9088 2268 2230 9089 2276 2238 9090 2270 2232 9091 2269 2231 9092 2269 2231 9093 2273 2235 9094 2276 2238 9095 2280 2242 9096 2283 2245 9097 2282 2244 9098 2282 2244 9099 2268 2230 9100 2280 2242 9101 2267 2229 9102 2270 2232 9103 2266 2228 9104 2266 2228 9105 2265 2227 9106 2267 2229 9107 2279 2241 9108 2267 2229 9109 2265 2227 9110 2265 2227 9111 2278 2240 9112 2279 2241 9113 2284 2246 9114 2285 2247 9115 2286 2248 9116 2286 2248 9117 2287 2249 9118 2284 2246 9119 2288 2250 9120 2289 2251 9121 2290 2252 9122 2290 2252 9123 2291 2253 9124 2288 2250 9125 2292 2254 9126 2293 2255 9127 2289 2251 9128 2289 2251 9129 2288 2250 9130 2292 2254 9131 2287 2249 9132 2291 2253 9133 2290 2252 9134 2290 2252 9135 2284 2246 9136 2287 2249 9137 2294 2256 9138 2295 2257 9139 2296 2258 9140 2296 2258 9141 2297 2259 9142 2294 2256 9143 2298 2260 9144 2299 2261 9145 2300 2262 9146 2300 2262 9147 2301 2263 9148 2298 2260 9149 2302 2264 9150 2303 2265 9151 2295 2257 9152 2295 2257 9153 2294 2256 9154 2302 2264 9155 2297 2259 9156 2296 2258 9157 2304 2266 9158 2304 2266 9159 2305 2267 9160 2297 2259 9161 2301 2263 9162 2300 2262 9163 2303 2265 9164 2303 2265 9165 2302 2264 9166 2301 2263 9167 2306 2268 9168 2307 2269 9169 2308 2270 9170 2308 2270 9171 2309 2271 9172 2306 2268 9173 2310 2272 9174 2306 2268 9175 2309 2271 9176 2309 2271 9177 2311 2273 9178 2310 2272 9179 2312 2274 9180 2310 2272 9181 2311 2273 9182 2311 2273 9183 2313 2275 9184 2312 2274 9185 2314 2276 9186 2312 2274 9187 2313 2275 9188 2313 2275 9189 2315 2277 9190 2314 2276 9191 2316 2278 9192 2314 2276 9193 2315 2277 9194 2315 2277 9195 2317 2279 9196 2316 2278 9197 2318 2280 9198 2316 2278 9199 2317 2279 9200 2317 2279 9201 2319 2281 9202 2318 2280 9203 2320 2282 9204 2321 2283 9205 2322 2284 9206 2322 2284 9207 2323 2285 9208 2320 2282 9209 2324 2286 9210 2320 2282 9211 2323 2285 9212 2323 2285 9213 2325 2287 9214 2324 2286 9215 2326 2288 9216 2327 2289 9217 2328 2290 9218 2328 2290 9219 2329 2291 9220 2326 2288 9221 2329 2291 9222 2328 2290 9223 2330 2292 9224 2330 2292 9225 2331 2293 9226 2329 2291 9227 2331 2293 9228 2330 2292 9229 2332 2294 9230 2332 2294 9231 2333 2295 9232 2331 2293 9233 2333 2295 9234 2332 2294 9235 2334 2296 9236 2334 2296 9237 2335 2297 9238 2333 2295 9239 2324 2286 9240 2325 2287 9241 2336 2298 9242 2336 2298 9243 2337 2299 9244 2324 2286 9245 2337 2299 9246 2336 2298 9247 2338 2300 9248 2338 2300 9249 2339 2301 9250 2337 2299 9251 2339 2301 9252 2338 2300 9253 2340 2302 9254 2340 2302 9255 2341 2303 9256 2339 2301 9257 2341 2303 9258 2340 2302 9259 2342 2304 9260 2342 2304 9261 2343 2305 9262 2341 2303 9263 2344 2306 9264 2345 2307 9265 2346 2308 9266 2346 2308 9267 2347 2309 9268 2344 2306 9269 2346 2308 9270 2327 2289 9271 2326 2288 9272 2326 2288 9273 2347 2309 9274 2346 2308 9275 2348 2310 9276 2349 2311 9277 2350 2312 9278 2350 2312 9279 2351 2313 9280 2348 2310 9281 2348 2310 9282 2351 2313 9283 2352 2314 9284 2353 2315 9285 2352 2314 9286 2351 2313 9287 2351 2313 9288 2354 2316 9289 2353 2315 9290 2353 2315 9291 2354 2316 9292 2355 2317 9293 2355 2317 9294 2354 2316 9295 2356 2318 9296 2356 2318 9297 2357 2319 9298 2355 2317 9299 2357 2319 9300 2356 2318 9301 2358 2320 9302 2359 2321 9303 2358 2320 9304 2356 2318 9305 2356 2318 9306 2360 2322 9307 2359 2321 9308 2359 2321 9309 2360 2322 9310 2361 2323 9311 2362 2324 9312 2361 2323 9313 2360 2322 9314 2360 2322 9315 2363 2325 9316 2362 2324 9317 2362 2324 9318 2363 2325 9319 2364 2326 9320 2365 2327 9321 2364 2326 9322 2363 2325 9323 2363 2325 9324 2366 2328 9325 2365 2327 9326 2365 2327 9327 2366 2328 9328 2367 2329 9329 2368 2330 9330 2367 2329 9331 2366 2328 9332 2366 2328 9333 2369 2331 9334 2368 2330 9335 2368 2330 9336 2369 2331 9337 2370 2332 9338 2371 2333 9339 2370 2332 9340 2369 2331 9341 2369 2331 9342 2372 2334 9343 2371 2333 9344 2371 2333 9345 2372 2334 9346 2373 2335 9347 2374 2336 9348 2373 2335 9349 2372 2334 9350 2372 2334 9351 2350 2312 9352 2374 2336 9353 2374 2336 9354 2350 2312 9355 2349 2311 9356 2375 2337 9357 2376 2338 9358 2349 2311 9359 2349 2311 9360 2348 2310 9361 2375 2337 9362 2377 2339 9363 2375 2337 9364 2348 2310 9365 2348 2310 9366 2352 2314 9367 2377 2339 9368 2378 2340 9369 2377 2339 9370 2352 2314 9371 2352 2314 9372 2353 2315 9373 2378 2340 9374 2379 2341 9375 2378 2340 9376 2353 2315 9377 2353 2315 9378 2355 2317 9379 2379 2341 9380 2380 2342 9381 2379 2341 9382 2355 2317 9383 2355 2317 9384 2357 2319 9385 2380 2342 9386 2381 2343 9387 2380 2342 9388 2357 2319 9389 2357 2319 9390 2358 2320 9391 2381 2343 9392 2382 2344 9393 2381 2343 9394 2358 2320 9395 2358 2320 9396 2359 2321 9397 2382 2344 9398 2383 2345 9399 2382 2344 9400 2359 2321 9401 2359 2321 9402 2361 2323 9403 2383 2345 9404 2384 2346 9405 2383 2345 9406 2361 2323 9407 2361 2323 9408 2362 2324 9409 2384 2346 9410 2385 2347 9411 2384 2346 9412 2362 2324 9413 2362 2324 9414 2364 2326 9415 2385 2347 9416 2386 2348 9417 2385 2347 9418 2364 2326 9419 2364 2326 9420 2365 2327 9421 2386 2348 9422 2387 2349 9423 2386 2348 9424 2365 2327 9425 2365 2327 9426 2367 2329 9427 2387 2349 9428 2388 2350 9429 2387 2349 9430 2367 2329 9431 2367 2329 9432 2368 2330 9433 2388 2350 9434 2389 2351 9435 2388 2350 9436 2368 2330 9437 2368 2330 9438 2370 2332 9439 2389 2351 9440 2390 2352 9441 2389 2351 9442 2370 2332 9443 2370 2332 9444 2371 2333 9445 2390 2352 9446 2391 2353 9447 2390 2352 9448 2371 2333 9449 2371 2333 9450 2373 2335 9451 2391 2353 9452 2392 2354 9453 2391 2353 9454 2373 2335 9455 2373 2335 9456 2374 2336 9457 2392 2354 9458 2376 2338 9459 2392 2354 9460 2374 2336 9461 2374 2336 9462 2349 2311 9463 2376 2338 9464 2350 2312 9465 2393 2355 9466 2351 2313 9467 2351 2313 9468 2393 2355 9469 2354 2316 9470 2354 2316 9471 2393 2355 9472 2356 2318 9473 2356 2318 9474 2393 2355 9475 2360 2322 9476 2360 2322 9477 2393 2355 9478 2363 2325 9479 2363 2325 9480 2393 2355 9481 2366 2328 9482 2366 2328 9483 2393 2355 9484 2369 2331 9485 2369 2331 9486 2393 2355 9487 2372 2334 9488 2372 2334 9489 2393 2355 9490 2350 2312 9491 2394 2356 9492 2395 2357 9493 2396 2358 9494 2396 2358 9495 2395 2357 9496 2397 2359 9497 2397 2359 9498 2398 2360 9499 2396 2358 9500 2397 2359 9501 2399 2361 9502 2398 2360 9503 2398 2360 9504 2399 2361 9505 2400 2362 9506 2400 2362 9507 2401 2363 9508 2398 2360 9509 2400 2362 9510 2402 2364 9511 2401 2363 9512 2401 2363 9513 2402 2364 9514 2403 2365 9515 2403 2365 9516 2404 2366 9517 2401 2363 9518 2403 2365 9519 2405 2367 9520 2404 2366 9521 2404 2366 9522 2405 2367 9523 2406 2368 9524 2406 2368 9525 2407 2369 9526 2404 2366 9527 2396 2358 9528 2408 2370 9529 2409 2371 9530 2398 2360 9531 2410 2372 9532 2411 2373 9533 2401 2363 9534 2412 2374 9535 2413 2375 9536 2404 2366 9537 2414 2376 9538 2415 2377 9539 2416 2378 9540 2417 2379 9541 2395 2357 9542 2395 2357 9543 2394 2356 9544 2416 2378 9545 2417 2379 9546 2418 2380 9547 2397 2359 9548 2397 2359 9549 2395 2357 9550 2417 2379 9551 2418 2380 9552 2419 2381 9553 2399 2361 9554 2399 2361 9555 2397 2359 9556 2418 2380 9557 2419 2381 9558 2420 2382 9559 2400 2362 9560 2400 2362 9561 2399 2361 9562 2419 2381 9563 2420 2382 9564 2421 2383 9565 2402 2364 9566 2402 2364 9567 2400 2362 9568 2420 2382 9569 2421 2383 9570 2422 2384 9571 2403 2365 9572 2403 2365 9573 2402 2364 9574 2421 2383 9575 2422 2384 9576 2423 2385 9577 2405 2367 9578 2405 2367 9579 2403 2365 9580 2422 2384 9581 2423 2385 9582 2424 2386 9583 2406 2368 9584 2406 2368 9585 2405 2367 9586 2423 2385 9587 2406 2368 9588 2424 2386 9589 2425 2387 9590 2425 2387 9591 2426 2388 9592 2406 2368 9593 2427 2389 9594 2409 2371 9595 2428 2390 9596 2428 2390 9597 2429 2391 9598 2427 2389 9599 2408 2370 9600 2411 2373 9601 2430 2392 9602 2430 2392 9603 2431 2393 9604 2408 2370 9605 2410 2372 9606 2413 2375 9607 2432 2394 9608 2432 2394 9609 2433 2395 9610 2410 2372 9611 2412 2374 9612 2415 2377 9613 2434 2396 9614 2434 2396 9615 2435 2397 9616 2412 2374 9617 2414 2376 9618 2436 2398 9619 2437 2399 9620 2437 2399 9621 2438 2400 9622 2414 2376 9623 2408 2370 9624 2431 2393 9625 2428 2390 9626 2428 2390 9627 2409 2371 9628 2408 2370 9629 2410 2372 9630 2433 2395 9631 2430 2392 9632 2430 2392 9633 2411 2373 9634 2410 2372 9635 2412 2374 9636 2435 2397 9637 2432 2394 9638 2432 2394 9639 2413 2375 9640 2412 2374 9641 2414 2376 9642 2438 2400 9643 2434 2396 9644 2434 2396 9645 2415 2377 9646 2414 2376 9647 2414 2376 9648 2407 2369 9649 2436 2398 9650 2408 2370 9651 2398 2360 9652 2411 2373 9653 2410 2372 9654 2401 2363 9655 2413 2375 9656 2412 2374 9657 2401 2363 9658 2404 2366 9659 2406 2368 9660 2426 2388 9661 2407 2369 9662 2427 2389 9663 2396 2358 9664 2409 2371 9665 2396 2358 9666 2439 2401 9667 2440 2402 9668 2440 2402 9669 2394 2356 9670 2396 2358 9671 2416 2378 9672 2394 2356 9673 2440 2402 9674 2440 2402 9675 2441 2403 9676 2416 2378 9677 2440 2402 9678 2439 2401 9679 2442 2404 9680 2439 2401 9681 2443 2405 9682 2444 2406 9683 2444 2406 9684 2442 2404 9685 2439 2401 9686 2444 2406 9687 2443 2405 9688 2445 2407 9689 2443 2405 9690 2446 2408 9691 2447 2409 9692 2447 2409 9693 2445 2407 9694 2443 2405 9695 2447 2409 9696 2446 2408 9697 2448 2410 9698 2446 2408 9699 2449 2411 9700 2450 2412 9701 2450 2412 9702 2448 2410 9703 2446 2408 9704 2450 2412 9705 2449 2411 9706 2451 2413 9707 2449 2411 9708 2407 2369 9709 2426 2388 9710 2426 2388 9711 2451 2413 9712 2449 2411 9713 2439 2401 9714 2452 2414 9715 2453 2415 9716 2443 2405 9717 2454 2416 9718 2455 2417 9719 2446 2408 9720 2456 2418 9721 2457 2419 9722 2449 2411 9723 2458 2420 9724 2459 2421 9725 2441 2403 9726 2440 2402 9727 2442 2404 9728 2442 2404 9729 2460 2422 9730 2441 2403 9731 2460 2422 9732 2442 2404 9733 2444 2406 9734 2444 2406 9735 2461 2423 9736 2460 2422 9737 2461 2423 9738 2444 2406 9739 2445 2407 9740 2445 2407 9741 2462 2424 9742 2461 2423 9743 2462 2424 9744 2445 2407 9745 2447 2409 9746 2447 2409 9747 2463 2425 9748 2462 2424 9749 2463 2425 9750 2447 2409 9751 2448 2410 9752 2448 2410 9753 2464 2426 9754 2463 2425 9755 2464 2426 9756 2448 2410 9757 2450 2412 9758 2450 2412 9759 2465 2427 9760 2464 2426 9761 2465 2427 9762 2450 2412 9763 2451 2413 9764 2451 2413 9765 2466 2428 9766 2465 2427 9767 2466 2428 9768 2451 2413 9769 2426 2388 9770 2426 2388 9771 2425 2387 9772 2466 2428 9773 2427 2389 9774 2429 2391 9775 2467 2429 9776 2467 2429 9777 2452 2414 9778 2427 2389 9779 2453 2415 9780 2468 2430 9781 2469 2431 9782 2469 2431 9783 2454 2416 9784 2453 2415 9785 2455 2417 9786 2470 2432 9787 2471 2433 9788 2471 2433 9789 2456 2418 9790 2455 2417 9791 2457 2419 9792 2472 2434 9793 2473 2435 9794 2473 2435 9795 2458 2420 9796 2457 2419 9797 2459 2421 9798 2474 2436 9799 2437 2399 9800 2437 2399 9801 2436 2398 9802 2459 2421 9803 2453 2415 9804 2452 2414 9805 2467 2429 9806 2467 2429 9807 2468 2430 9808 2453 2415 9809 2455 2417 9810 2454 2416 9811 2469 2431 9812 2469 2431 9813 2470 2432 9814 2455 2417 9815 2457 2419 9816 2456 2418 9817 2471 2433 9818 2471 2433 9819 2472 2434 9820 2457 2419 9821 2459 2421 9822 2458 2420 9823 2473 2435 9824 2473 2435 9825 2474 2436 9826 2459 2421 9827 2459 2421 9828 2407 2369 9829 2449 2411 9830 2427 2389 9831 2439 2401 9832 2396 2358 9833 2453 2415 9834 2443 2405 9835 2439 2401 9836 2455 2417 9837 2456 2418 9838 2446 2408 9839 2457 2419 9840 2449 2411 9841 2446 2408 9842 2427 2389 9843 2452 2414 9844 2439 2401 9845 2475 2437 9846 2428 2390 9847 2431 2393 9848 2431 2393 9849 2476 2438 9850 2475 2437 9851 2476 2438 9852 2430 2392 9853 2433 2395 9854 2433 2395 9855 2477 2439 9856 2476 2438 9857 2477 2439 9858 2432 2394 9859 2435 2397 9860 2435 2397 9861 2478 2440 9862 2477 2439 9863 2478 2440 9864 2434 2396 9865 2438 2400 9866 2438 2400 9867 2479 2441 9868 2478 2440 9869 2428 2390 9870 2475 2437 9871 2429 2391 9872 2430 2392 9873 2476 2438 9874 2431 2393 9875 2432 2394 9876 2477 2439 9877 2433 2395 9878 2434 2396 9879 2478 2440 9880 2435 2397 9881 2437 2399 9882 2479 2441 9883 2438 2400 9884 2467 2429 9885 2480 2442 9886 2468 2430 9887 2469 2431 9888 2481 2443 9889 2470 2432 9890 2471 2433 9891 2482 2444 9892 2472 2434 9893 2473 2435 9894 2483 2445 9895 2474 2436 9896 2475 2437 9897 2480 2442 9898 2467 2429 9899 2467 2429 9900 2429 2391 9901 2475 2437 9902 2480 2442 9903 2481 2443 9904 2469 2431 9905 2469 2431 9906 2468 2430 9907 2480 2442 9908 2481 2443 9909 2482 2444 9910 2471 2433 9911 2471 2433 9912 2470 2432 9913 2481 2443 9914 2482 2444 9915 2483 2445 9916 2473 2435 9917 2473 2435 9918 2472 2434 9919 2482 2444 9920 2479 2441 9921 2437 2399 9922 2474 2436 9923 2474 2436 9924 2483 2445 9925 2479 2441 9926 2476 2438 9927 2484 2446 9928 2475 2437 9929 2477 2439 9930 2484 2446 9931 2476 2438 9932 2478 2440 9933 2484 2446 9934 2477 2439 9935 2479 2441 9936 2484 2446 9937 2478 2440 9938 2475 2437 9939 2484 2446 9940 2480 2442 9941 2480 2442 9942 2484 2446 9943 2481 2443 9944 2481 2443 9945 2484 2446 9946 2482 2444 9947 2482 2444 9948 2484 2446 9949 2483 2445 9950 2483 2445 9951 2484 2446 9952 2479 2441 9953 2457 2419 9954 2458 2420 9955 2449 2411 9956 2414 2376 9957 2404 2366 9958 2407 2369 9959 2459 2421 9960 2436 2398 9961 2407 2369 9962 2410 2372 9963 2398 2360 9964 2401 2363 9965 2404 2366 9966 2415 2377 9967 2412 2374 9968 2408 2370 9969 2396 2358 9970 2398 2360 9971 2453 2415 9972 2454 2416 9973 2443 2405 9974 2446 2408 9975 2443 2405 9976 2455 2417 9977 2485 2447 9978 2486 2448 9979 2487 2449 9980 2487 2449 9981 2488 2450 9982 2485 2447 9983 2489 2451 9984 2490 2452 9985 2486 2448 9986 2486 2448 9987 2485 2447 9988 2489 2451 9989 2491 2453 9990 2492 2454 9991 2490 2452 9992 2490 2452 9993 2489 2451 9994 2491 2453 9995 2493 2455 9996 2494 2456 9997 2492 2454 9998 2492 2454 9999 2491 2453 10000 2493 2455 10001 2495 2457 10002 2496 2458 10003 2494 2456 10004 2494 2456 10005 2493 2455 10006 2495 2457 10007 2497 2459 10008 2498 2460 10009 2496 2458 10010 2496 2458 10011 2495 2457 10012 2497 2459 10013 2499 2461 10014 2500 2462 10015 2501 2463 10016 2501 2463 10017 2502 2464 10018 2499 2461 10019 2503 2465 10020 2504 2466 10021 2500 2462 10022 2500 2462 10023 2499 2461 10024 2503 2465 10025 2505 2467 10026 2506 2468 10027 2507 2469 10028 2507 2469 10029 2508 2470 10030 2505 2467 10031 2506 2468 10032 2509 2471 10033 2510 2472 10034 2510 2472 10035 2507 2469 10036 2506 2468 10037 2509 2471 10038 2511 2473 10039 2512 2474 10040 2512 2474 10041 2510 2472 10042 2509 2471 10043 2511 2473 10044 2513 2475 10045 2514 2476 10046 2514 2476 10047 2512 2474 10048 2511 2473 10049 2503 2465 10050 2515 2477 10051 2516 2478 10052 2516 2478 10053 2504 2466 10054 2503 2465 10055 2515 2477 10056 2517 2479 10057 2518 2480 10058 2518 2480 10059 2516 2478 10060 2515 2477 10061 2517 2479 10062 2519 2481 10063 2520 2482 10064 2520 2482 10065 2518 2480 10066 2517 2479 10067 2519 2481 10068 2521 2483 10069 2522 2484 10070 2522 2484 10071 2520 2482 10072 2519 2481 10073 2523 2485 10074 2524 2486 10075 2525 2487 10076 2525 2487 10077 2526 2488 10078 2523 2485 10079 2525 2487 10080 2524 2486 10081 2505 2467 10082 2505 2467 10083 2508 2470 10084 2525 2487 10085 2527 2489 10086 2528 2490 10087 2529 2491 10088 2529 2491 10089 2530 2492 10090 2527 2489 10091 2527 2489 10092 2531 2493 10093 2528 2490 10094 2532 2494 10095 2533 2495 10096 2528 2490 10097 2528 2490 10098 2531 2493 10099 2532 2494 10100 2532 2494 10101 2534 2496 10102 2533 2495 10103 2534 2496 10104 2535 2497 10105 2536 2498 10106 2536 2498 10107 2533 2495 10108 2534 2496 10109 2535 2497 10110 2537 2499 10111 2536 2498 10112 2538 2500 10113 2539 2501 10114 2536 2498 10115 2536 2498 10116 2537 2499 10117 2538 2500 10118 2538 2500 10119 2540 2502 10120 2539 2501 10121 2541 2503 10122 2542 2504 10123 2539 2501 10124 2539 2501 10125 2540 2502 10126 2541 2503 10127 2541 2503 10128 2543 2505 10129 2542 2504 10130 2544 2506 10131 2545 2507 10132 2542 2504 10133 2542 2504 10134 2543 2505 10135 2544 2506 10136 2544 2506 10137 2546 2508 10138 2545 2507 10139 2547 2509 10140 2548 2510 10141 2545 2507 10142 2545 2507 10143 2546 2508 10144 2547 2509 10145 2547 2509 10146 2549 2511 10147 2548 2510 10148 2550 2512 10149 2551 2513 10150 2548 2510 10151 2548 2510 10152 2549 2511 10153 2550 2512 10154 2550 2512 10155 2552 2514 10156 2551 2513 10157 2553 2515 10158 2529 2491 10159 2551 2513 10160 2551 2513 10161 2552 2514 10162 2553 2515 10163 2553 2515 10164 2530 2492 10165 2529 2491 10166 2554 2516 10167 2527 2489 10168 2530 2492 10169 2530 2492 10170 2555 2425 10171 2554 2516 10172 2556 2517 10173 2531 2493 10174 2527 2489 10175 2527 2489 10176 2554 2516 10177 2556 2517 10178 2557 2518 10179 2532 2494 10180 2531 2493 10181 2531 2493 10182 2556 2517 10183 2557 2518 10184 2558 2519 10185 2534 2496 10186 2532 2494 10187 2532 2494 10188 2557 2518 10189 2558 2519 10190 2559 2520 10191 2535 2497 10192 2534 2496 10193 2534 2496 10194 2558 2519 10195 2559 2520 10196 2560 2521 10197 2537 2499 10198 2535 2497 10199 2535 2497 10200 2559 2520 10201 2560 2521 10202 2561 2522 10203 2538 2500 10204 2537 2499 10205 2537 2499 10206 2560 2521 10207 2561 2522 10208 2562 2523 10209 2540 2502 10210 2538 2500 10211 2538 2500 10212 2561 2522 10213 2562 2523 10214 2563 2524 10215 2541 2503 10216 2540 2502 10217 2540 2502 10218 2562 2523 10219 2563 2524 10220 2564 2525 10221 2543 2505 10222 2541 2503 10223 2541 2503 10224 2563 2524 10225 2564 2525 10226 2565 2526 10227 2544 2506 10228 2543 2505 10229 2543 2505 10230 2564 2525 10231 2565 2526 10232 2566 2527 10233 2546 2508 10234 2544 2506 10235 2544 2506 10236 2565 2526 10237 2566 2527 10238 2567 2528 10239 2547 2509 10240 2546 2508 10241 2546 2508 10242 2566 2527 10243 2567 2528 10244 2568 2529 10245 2549 2511 10246 2547 2509 10247 2547 2509 10248 2567 2528 10249 2568 2529 10250 2569 2530 10251 2550 2512 10252 2549 2511 10253 2549 2511 10254 2568 2529 10255 2569 2530 10256 2570 2531 10257 2552 2514 10258 2550 2512 10259 2550 2512 10260 2569 2530 10261 2570 2531 10262 2571 2532 10263 2553 2515 10264 2552 2514 10265 2552 2514 10266 2570 2531 10267 2571 2532 10268 2555 2425 10269 2530 2492 10270 2553 2515 10271 2553 2515 10272 2571 2532 10273 2555 2425 10274 2529 2491 10275 2528 2490 10276 2572 2533 10277 2528 2490 10278 2533 2495 10279 2572 2533 10280 2533 2495 10281 2536 2498 10282 2572 2533 10283 2536 2498 10284 2539 2501 10285 2572 2533 10286 2539 2501 10287 2542 2504 10288 2572 2533 10289 2542 2504 10290 2545 2507 10291 2572 2533 10292 2545 2507 10293 2548 2510 10294 2572 2533 10295 2548 2510 10296 2551 2513 10297 2572 2533 10298 2551 2513 10299 2529 2491 10300 2572 2533 10301 2573 2534 10302 2574 2535 10303 2575 2536 10304 2574 2535 10305 2576 2537 10306 2577 2538 10307 2577 2538 10308 2575 2536 10309 2574 2535 10310 2577 2538 10311 2576 2537 10312 2578 2539 10313 2576 2537 10314 2579 2540 10315 2580 2541 10316 2580 2541 10317 2578 2539 10318 2576 2537 10319 2580 2541 10320 2579 2540 10321 2581 2542 10322 2579 2540 10323 2582 2543 10324 2583 2544 10325 2583 2544 10326 2581 2542 10327 2579 2540 10328 2583 2544 10329 2582 2543 10330 2584 2545 10331 2582 2543 10332 2585 2546 10333 2586 2547 10334 2586 2547 10335 2584 2545 10336 2582 2543 10337 2574 2535 10338 2587 2548 10339 2588 2549 10340 2576 2537 10341 2589 2550 10342 2590 2551 10343 2579 2540 10344 2591 2552 10345 2592 2553 10346 2582 2543 10347 2593 2554 10348 2594 2555 10349 2595 2556 10350 2573 2534 10351 2575 2536 10352 2575 2536 10353 2596 2557 10354 2595 2556 10355 2596 2557 10356 2575 2536 10357 2577 2538 10358 2577 2538 10359 2597 2558 10360 2596 2557 10361 2597 2558 10362 2577 2538 10363 2578 2539 10364 2578 2539 10365 2598 2559 10366 2597 2558 10367 2598 2559 10368 2578 2539 10369 2580 2541 10370 2580 2541 10371 2599 2560 10372 2598 2559 10373 2599 2560 10374 2580 2541 10375 2581 2542 10376 2581 2542 10377 2600 2561 10378 2599 2560 10379 2600 2561 10380 2581 2542 10381 2583 2544 10382 2583 2544 10383 2601 2562 10384 2600 2561 10385 2601 2562 10386 2583 2544 10387 2584 2545 10388 2584 2545 10389 2602 2563 10390 2601 2562 10391 2602 2563 10392 2584 2545 10393 2586 2547 10394 2586 2547 10395 2603 2564 10396 2602 2563 10397 2586 2547 10398 2604 2565 10399 2605 2566 10400 2605 2566 10401 2603 2564 10402 2586 2547 10403 2606 2567 10404 2607 2568 10405 2608 2569 10406 2608 2569 10407 2587 2548 10408 2606 2567 10409 2588 2549 10410 2609 2570 10411 2610 2571 10412 2610 2571 10413 2589 2550 10414 2588 2549 10415 2590 2551 10416 2611 2572 10417 2612 2573 10418 2612 2573 10419 2591 2552 10420 2590 2551 10421 2592 2553 10422 2613 2574 10423 2614 2575 10424 2614 2575 10425 2593 2554 10426 2592 2553 10427 2594 2555 10428 2615 2576 10429 2616 2577 10430 2616 2577 10431 2617 2578 10432 2594 2555 10433 2588 2549 10434 2587 2548 10435 2608 2569 10436 2608 2569 10437 2609 2570 10438 2588 2549 10439 2590 2551 10440 2589 2550 10441 2610 2571 10442 2610 2571 10443 2611 2572 10444 2590 2551 10445 2592 2553 10446 2591 2552 10447 2612 2573 10448 2612 2573 10449 2613 2574 10450 2592 2553 10451 2594 2555 10452 2593 2554 10453 2614 2575 10454 2614 2575 10455 2615 2576 10456 2594 2555 10457 2594 2555 10458 2617 2578 10459 2585 2546 10460 2588 2549 10461 2589 2550 10462 2576 2537 10463 2590 2551 10464 2591 2552 10465 2579 2540 10466 2592 2553 10467 2582 2543 10468 2579 2540 10469 2586 2547 10470 2585 2546 10471 2604 2565 10472 2606 2567 10473 2587 2548 10474 2574 2535 10475 2574 2535 10476 2573 2534 10477 2618 2579 10478 2618 2579 10479 2619 2580 10480 2574 2535 10481 2595 2556 10482 2620 2581 10483 2618 2579 10484 2618 2579 10485 2573 2534 10486 2595 2556 10487 2618 2579 10488 2621 2582 10489 2619 2580 10490 2619 2580 10491 2621 2582 10492 2622 2583 10493 2622 2583 10494 2623 2584 10495 2619 2580 10496 2622 2583 10497 2624 2585 10498 2623 2584 10499 2623 2584 10500 2624 2585 10501 2625 2586 10502 2625 2586 10503 2626 2587 10504 2623 2584 10505 2625 2586 10506 2627 2588 10507 2626 2587 10508 2626 2587 10509 2627 2588 10510 2628 2589 10511 2628 2589 10512 2629 2590 10513 2626 2587 10514 2628 2589 10515 2630 2591 10516 2629 2590 10517 2629 2590 10518 2630 2591 10519 2604 2565 10520 2604 2565 10521 2585 2546 10522 2629 2590 10523 2619 2580 10524 2631 2592 10525 2632 2593 10526 2623 2584 10527 2633 2594 10528 2634 2595 10529 2626 2587 10530 2635 2596 10531 2636 2597 10532 2629 2590 10533 2637 2598 10534 2638 2599 10535 2620 2581 10536 2639 2600 10537 2621 2582 10538 2621 2582 10539 2618 2579 10540 2620 2581 10541 2639 2600 10542 2640 2601 10543 2622 2583 10544 2622 2583 10545 2621 2582 10546 2639 2600 10547 2640 2601 10548 2641 2602 10549 2624 2585 10550 2624 2585 10551 2622 2583 10552 2640 2601 10553 2641 2602 10554 2642 2603 10555 2625 2586 10556 2625 2586 10557 2624 2585 10558 2641 2602 10559 2642 2603 10560 2643 2604 10561 2627 2588 10562 2627 2588 10563 2625 2586 10564 2642 2603 10565 2643 2604 10566 2644 2605 10567 2628 2589 10568 2628 2589 10569 2627 2588 10570 2643 2604 10571 2644 2605 10572 2645 2606 10573 2630 2591 10574 2630 2591 10575 2628 2589 10576 2644 2605 10577 2645 2606 10578 2605 2566 10579 2604 2565 10580 2604 2565 10581 2630 2591 10582 2645 2606 10583 2606 2567 10584 2632 2593 10585 2646 2607 10586 2646 2607 10587 2607 2568 10588 2606 2567 10589 2631 2592 10590 2634 2595 10591 2647 2608 10592 2647 2608 10593 2648 2609 10594 2631 2592 10595 2633 2594 10596 2636 2597 10597 2649 2610 10598 2649 2610 10599 2650 2611 10600 2633 2594 10601 2635 2596 10602 2638 2599 10603 2651 2612 10604 2651 2612 10605 2652 2613 10606 2635 2596 10607 2637 2598 10608 2617 2578 10609 2616 2577 10610 2616 2577 10611 2653 2614 10612 2637 2598 10613 2631 2592 10614 2648 2609 10615 2646 2607 10616 2646 2607 10617 2632 2593 10618 2631 2592 10619 2633 2594 10620 2650 2611 10621 2647 2608 10622 2647 2608 10623 2634 2595 10624 2633 2594 10625 2635 2596 10626 2652 2613 10627 2649 2610 10628 2649 2610 10629 2636 2597 10630 2635 2596 10631 2637 2598 10632 2653 2614 10633 2651 2612 10634 2651 2612 10635 2638 2599 10636 2637 2598 10637 2637 2598 10638 2629 2590 10639 2585 2546 10640 2606 2567 10641 2574 2535 10642 2619 2580 10643 2631 2592 10644 2619 2580 10645 2623 2584 10646 2633 2594 10647 2626 2587 10648 2636 2597 10649 2635 2596 10650 2626 2587 10651 2629 2590 10652 2606 2567 10653 2619 2580 10654 2632 2593 10655 2654 2615 10656 2655 2616 10657 2609 2570 10658 2609 2570 10659 2608 2569 10660 2654 2615 10661 2655 2616 10662 2656 2617 10663 2611 2572 10664 2611 2572 10665 2610 2571 10666 2655 2616 10667 2656 2617 10668 2657 2618 10669 2613 2574 10670 2613 2574 10671 2612 2573 10672 2656 2617 10673 2657 2618 10674 2658 2619 10675 2615 2576 10676 2615 2576 10677 2614 2575 10678 2657 2618 10679 2608 2569 10680 2607 2568 10681 2654 2615 10682 2610 2571 10683 2609 2570 10684 2655 2616 10685 2612 2573 10686 2611 2572 10687 2656 2617 10688 2614 2575 10689 2613 2574 10690 2657 2618 10691 2616 2577 10692 2615 2576 10693 2658 2619 10694 2646 2607 10695 2648 2609 10696 2659 2620 10697 2647 2608 10698 2650 2611 10699 2660 2621 10700 2649 2610 10701 2652 2613 10702 2661 2622 10703 2651 2612 10704 2653 2614 10705 2662 2623 10706 2654 2615 10707 2607 2568 10708 2646 2607 10709 2646 2607 10710 2659 2620 10711 2654 2615 10712 2659 2620 10713 2648 2609 10714 2647 2608 10715 2647 2608 10716 2660 2621 10717 2659 2620 10718 2660 2621 10719 2650 2611 10720 2649 2610 10721 2649 2610 10722 2661 2622 10723 2660 2621 10724 2661 2622 10725 2652 2613 10726 2651 2612 10727 2651 2612 10728 2662 2623 10729 2661 2622 10730 2658 2619 10731 2662 2623 10732 2653 2614 10733 2653 2614 10734 2616 2577 10735 2658 2619 10736 2655 2616 10737 2654 2615 10738 2663 2624 10739 2656 2617 10740 2655 2616 10741 2663 2624 10742 2657 2618 10743 2656 2617 10744 2663 2624 10745 2658 2619 10746 2657 2618 10747 2663 2624 10748 2654 2615 10749 2659 2620 10750 2663 2624 10751 2659 2620 10752 2660 2621 10753 2663 2624 10754 2660 2621 10755 2661 2622 10756 2663 2624 10757 2661 2622 10758 2662 2623 10759 2663 2624 10760 2662 2623 10761 2658 2619 10762 2663 2624 10763 2635 2596 10764 2629 2590 10765 2638 2599 10766 2594 2555 10767 2585 2546 10768 2582 2543 10769 2637 2598 10770 2585 2546 10771 2617 2578 10772 2590 2551 10773 2579 2540 10774 2576 2537 10775 2582 2543 10776 2592 2553 10777 2593 2554 10778 2588 2549 10779 2576 2537 10780 2574 2535 10781 2631 2592 10782 2623 2584 10783 2634 2595 10784 2626 2587 10785 2633 2594 10786 2623 2584 10787 2664 2625 10788 2665 2269 10789 2666 2270 10790 2666 2270 10791 2667 2626 10792 2664 2625 10793 2668 2627 10794 2664 2625 10795 2667 2626 10796 2667 2626 10797 2669 2628 10798 2668 2627 10799 2670 2629 10800 2668 2627 10801 2669 2628 10802 2669 2628 10803 2671 2630 10804 2670 2629 10805 2672 2631 10806 2670 2629 10807 2671 2630 10808 2671 2630 10809 2673 2632 10810 2672 2631 10811 2674 2633 10812 2672 2631 10813 2673 2632 10814 2673 2632 10815 2675 2634 10816 2674 2633 10817 2676 2635 10818 2674 2633 10819 2675 2634 10820 2675 2634 10821 2677 2636 10822 2676 2635 10823 2678 2637 10824 2679 2638 10825 2680 2639 10826 2680 2639 10827 2681 2640 10828 2678 2637 10829 2682 2641 10830 2678 2637 10831 2681 2640 10832 2681 2640 10833 2683 2287 10834 2682 2641 10835 2684 2642 10836 2685 2643 10837 2686 2644 10838 2686 2644 10839 2687 2645 10840 2684 2642 10841 2687 2645 10842 2686 2644 10843 2688 2646 10844 2688 2646 10845 2689 2647 10846 2687 2645 10847 2689 2647 10848 2688 2646 10849 2690 2648 10850 2690 2648 10851 2691 2295 10852 2689 2647 10853 2691 2295 10854 2690 2648 10855 2692 2296 10856 2692 2296 10857 2693 2297 10858 2691 2295 10859 2682 2641 10860 2683 2287 10861 2694 2649 10862 2694 2649 10863 2695 2650 10864 2682 2641 10865 2695 2650 10866 2694 2649 10867 2696 2651 10868 2696 2651 10869 2697 2301 10870 2695 2650 10871 2697 2301 10872 2696 2651 10873 2698 2302 10874 2698 2302 10875 2699 2652 10876 2697 2301 10877 2699 2652 10878 2698 2302 10879 2700 2653 10880 2700 2653 10881 2701 2654 10882 2699 2652 10883 2702 2655 10884 2703 2656 10885 2704 2657 10886 2704 2657 10887 2705 2658 10888 2702 2655 10889 2704 2657 10890 2685 2643 10891 2684 2642 10892 2684 2642 10893 2705 2658 10894 2704 2657 10895 2706 2659 10896 2707 2660 10897 2708 2661 10898 2708 2661 10899 2709 2662 10900 2706 2659 10901 2706 2659 10902 2709 2662 10903 2710 2663 10904 2711 2664 10905 2710 2663 10906 2709 2662 10907 2709 2662 10908 2712 2665 10909 2711 2664 10910 2711 2664 10911 2712 2665 10912 2713 2666 10913 2713 2666 10914 2712 2665 10915 2714 2667 10916 2714 2667 10917 2715 2668 10918 2713 2666 10919 2715 2668 10920 2714 2667 10921 2716 2669 10922 2717 2670 10923 2716 2669 10924 2714 2667 10925 2714 2667 10926 2718 2671 10927 2717 2670 10928 2717 2670 10929 2718 2671 10930 2719 2672 10931 2720 2673 10932 2719 2672 10933 2718 2671 10934 2718 2671 10935 2721 2674 10936 2720 2673 10937 2720 2673 10938 2721 2674 10939 2722 2675 10940 2723 2676 10941 2722 2675 10942 2721 2674 10943 2721 2674 10944 2724 2677 10945 2723 2676 10946 2723 2676 10947 2724 2677 10948 2725 2678 10949 2726 2679 10950 2725 2678 10951 2724 2677 10952 2724 2677 10953 2727 2680 10954 2726 2679 10955 2726 2679 10956 2727 2680 10957 2728 2681 10958 2729 2682 10959 2728 2681 10960 2727 2680 10961 2727 2680 10962 2730 2683 10963 2729 2682 10964 2729 2682 10965 2730 2683 10966 2731 2684 10967 2732 2685 10968 2731 2684 10969 2730 2683 10970 2730 2683 10971 2708 2661 10972 2732 2685 10973 2732 2685 10974 2708 2661 10975 2707 2660 10976 2733 2686 10977 2734 2687 10978 2707 2660 10979 2707 2660 10980 2706 2659 10981 2733 2686 10982 2735 2688 10983 2733 2686 10984 2706 2659 10985 2706 2659 10986 2710 2663 10987 2735 2688 10988 2736 2689 10989 2735 2688 10990 2710 2663 10991 2710 2663 10992 2711 2664 10993 2736 2689 10994 2737 2690 10995 2736 2689 10996 2711 2664 10997 2711 2664 10998 2713 2666 10999 2737 2690 11000 2738 2691 11001 2737 2690 11002 2713 2666 11003 2713 2666 11004 2715 2668 11005 2738 2691 11006 2739 2692 11007 2738 2691 11008 2715 2668 11009 2715 2668 11010 2716 2669 11011 2739 2692 11012 2740 2693 11013 2739 2692 11014 2716 2669 11015 2716 2669 11016 2717 2670 11017 2740 2693 11018 2741 2694 11019 2740 2693 11020 2717 2670 11021 2717 2670 11022 2719 2672 11023 2741 2694 11024 2742 2695 11025 2741 2694 11026 2719 2672 11027 2719 2672 11028 2720 2673 11029 2742 2695 11030 2743 2696 11031 2742 2695 11032 2720 2673 11033 2720 2673 11034 2722 2675 11035 2743 2696 11036 2744 2697 11037 2743 2696 11038 2722 2675 11039 2722 2675 11040 2723 2676 11041 2744 2697 11042 2745 2698 11043 2744 2697 11044 2723 2676 11045 2723 2676 11046 2725 2678 11047 2745 2698 11048 2746 2699 11049 2745 2698 11050 2725 2678 11051 2725 2678 11052 2726 2679 11053 2746 2699 11054 2747 2700 11055 2746 2699 11056 2726 2679 11057 2726 2679 11058 2728 2681 11059 2747 2700 11060 2748 2701 11061 2747 2700 11062 2728 2681 11063 2728 2681 11064 2729 2682 11065 2748 2701 11066 2749 2702 11067 2748 2701 11068 2729 2682 11069 2729 2682 11070 2731 2684 11071 2749 2702 11072 2750 2703 11073 2749 2702 11074 2731 2684 11075 2731 2684 11076 2732 2685 11077 2750 2703 11078 2734 2687 11079 2750 2703 11080 2732 2685 11081 2732 2685 11082 2707 2660 11083 2734 2687 11084 2708 2661 11085 2751 2704 11086 2709 2662 11087 2709 2662 11088 2751 2704 11089 2712 2665 11090 2712 2665 11091 2751 2704 11092 2714 2667 11093 2714 2667 11094 2751 2704 11095 2718 2671 11096 2718 2671 11097 2751 2704 11098 2721 2674 11099 2721 2674 11100 2751 2704 11101 2724 2677 11102 2724 2677 11103 2751 2704 11104 2727 2680 11105 2727 2680 11106 2751 2704 11107 2730 2683 11108 2730 2683 11109 2751 2704 11110 2708 2661 11111 2752 2705 11112 2753 2706 11113 2754 2707 11114 2754 2707 11115 2753 2706 11116 2755 2708 11117 2755 2708 11118 2756 2709 11119 2754 2707 11120 2755 2708 11121 2757 2710 11122 2756 2709 11123 2756 2709 11124 2757 2710 11125 2758 2711 11126 2758 2711 11127 2759 2712 11128 2756 2709 11129 2758 2711 11130 2760 2713 11131 2759 2712 11132 2759 2712 11133 2760 2713 11134 2761 2714 11135 2761 2714 11136 2762 2715 11137 2759 2712 11138 2761 2714 11139 2763 2716 11140 2762 2715 11141 2762 2715 11142 2763 2716 11143 2764 2717 11144 2764 2717 11145 2765 2718 11146 2762 2715 11147 2754 2707 11148 2766 2719 11149 2767 2720 11150 2756 2709 11151 2768 2721 11152 2769 2722 11153 2759 2712 11154 2770 2723 11155 2771 2724 11156 2762 2715 11157 2772 2725 11158 2773 2726 11159 2774 2727 11160 2775 2728 11161 2753 2706 11162 2753 2706 11163 2752 2705 11164 2774 2727 11165 2775 2728 11166 2776 2729 11167 2755 2708 11168 2755 2708 11169 2753 2706 11170 2775 2728 11171 2776 2729 11172 2777 2730 11173 2757 2710 11174 2757 2710 11175 2755 2708 11176 2776 2729 11177 2777 2730 11178 2778 2731 11179 2758 2711 11180 2758 2711 11181 2757 2710 11182 2777 2730 11183 2778 2731 11184 2779 2732 11185 2760 2713 11186 2760 2713 11187 2758 2711 11188 2778 2731 11189 2779 2732 11190 2780 2733 11191 2761 2714 11192 2761 2714 11193 2760 2713 11194 2779 2732 11195 2780 2733 11196 2781 2734 11197 2763 2716 11198 2763 2716 11199 2761 2714 11200 2780 2733 11201 2781 2734 11202 2782 2735 11203 2764 2717 11204 2764 2717 11205 2763 2716 11206 2781 2734 11207 2764 2717 11208 2782 2735 11209 2783 2736 11210 2783 2736 11211 2784 2737 11212 2764 2717 11213 2785 2738 11214 2767 2720 11215 2786 2739 11216 2786 2739 11217 2787 2391 11218 2785 2738 11219 2766 2719 11220 2769 2722 11221 2788 2740 11222 2788 2740 11223 2789 2741 11224 2766 2719 11225 2768 2721 11226 2771 2724 11227 2790 2742 11228 2790 2742 11229 2791 2743 11230 2768 2721 11231 2770 2723 11232 2773 2726 11233 2792 2744 11234 2792 2744 11235 2793 2745 11236 2770 2723 11237 2772 2725 11238 2794 2746 11239 2795 2747 11240 2795 2747 11241 2796 2748 11242 2772 2725 11243 2766 2719 11244 2789 2741 11245 2786 2739 11246 2786 2739 11247 2767 2720 11248 2766 2719 11249 2768 2721 11250 2791 2743 11251 2788 2740 11252 2788 2740 11253 2769 2722 11254 2768 2721 11255 2770 2723 11256 2793 2745 11257 2790 2742 11258 2790 2742 11259 2771 2724 11260 2770 2723 11261 2772 2725 11262 2796 2748 11263 2792 2744 11264 2792 2744 11265 2773 2726 11266 2772 2725 11267 2772 2725 11268 2765 2718 11269 2794 2746 11270 2766 2719 11271 2756 2709 11272 2769 2722 11273 2768 2721 11274 2759 2712 11275 2771 2724 11276 2770 2723 11277 2759 2712 11278 2762 2715 11279 2764 2717 11280 2784 2737 11281 2765 2718 11282 2785 2738 11283 2754 2707 11284 2767 2720 11285 2754 2707 11286 2797 2749 11287 2798 2750 11288 2798 2750 11289 2752 2705 11290 2754 2707 11291 2774 2727 11292 2752 2705 11293 2798 2750 11294 2798 2750 11295 2799 2751 11296 2774 2727 11297 2798 2750 11298 2797 2749 11299 2800 2752 11300 2797 2749 11301 2801 2753 11302 2802 2754 11303 2802 2754 11304 2800 2752 11305 2797 2749 11306 2802 2754 11307 2801 2753 11308 2803 2755 11309 2801 2753 11310 2804 2756 11311 2805 2757 11312 2805 2757 11313 2803 2755 11314 2801 2753 11315 2805 2757 11316 2804 2756 11317 2806 2758 11318 2804 2756 11319 2807 2759 11320 2808 2760 11321 2808 2760 11322 2806 2758 11323 2804 2756 11324 2808 2760 11325 2807 2759 11326 2809 2761 11327 2807 2759 11328 2765 2718 11329 2784 2737 11330 2784 2737 11331 2809 2761 11332 2807 2759 11333 2797 2749 11334 2810 2762 11335 2811 2763 11336 2801 2753 11337 2812 2764 11338 2813 2765 11339 2804 2756 11340 2814 2766 11341 2815 2767 11342 2807 2759 11343 2816 2768 11344 2817 2769 11345 2799 2751 11346 2798 2750 11347 2800 2752 11348 2800 2752 11349 2818 2770 11350 2799 2751 11351 2818 2770 11352 2800 2752 11353 2802 2754 11354 2802 2754 11355 2819 2771 11356 2818 2770 11357 2819 2771 11358 2802 2754 11359 2803 2755 11360 2803 2755 11361 2820 2772 11362 2819 2771 11363 2820 2772 11364 2803 2755 11365 2805 2757 11366 2805 2757 11367 2821 2773 11368 2820 2772 11369 2821 2773 11370 2805 2757 11371 2806 2758 11372 2806 2758 11373 2822 2774 11374 2821 2773 11375 2822 2774 11376 2806 2758 11377 2808 2760 11378 2808 2760 11379 2823 2775 11380 2822 2774 11381 2823 2775 11382 2808 2760 11383 2809 2761 11384 2809 2761 11385 2824 2776 11386 2823 2775 11387 2824 2776 11388 2809 2761 11389 2784 2737 11390 2784 2737 11391 2783 2736 11392 2824 2776 11393 2785 2738 11394 2787 2391 11395 2825 2777 11396 2825 2777 11397 2810 2762 11398 2785 2738 11399 2811 2763 11400 2826 2778 11401 2827 2779 11402 2827 2779 11403 2812 2764 11404 2811 2763 11405 2813 2765 11406 2828 2780 11407 2829 2781 11408 2829 2781 11409 2814 2766 11410 2813 2765 11411 2815 2767 11412 2830 2782 11413 2831 2783 11414 2831 2783 11415 2816 2768 11416 2815 2767 11417 2817 2769 11418 2832 2784 11419 2795 2747 11420 2795 2747 11421 2794 2746 11422 2817 2769 11423 2811 2763 11424 2810 2762 11425 2825 2777 11426 2825 2777 11427 2826 2778 11428 2811 2763 11429 2813 2765 11430 2812 2764 11431 2827 2779 11432 2827 2779 11433 2828 2780 11434 2813 2765 11435 2815 2767 11436 2814 2766 11437 2829 2781 11438 2829 2781 11439 2830 2782 11440 2815 2767 11441 2817 2769 11442 2816 2768 11443 2831 2783 11444 2831 2783 11445 2832 2784 11446 2817 2769 11447 2817 2769 11448 2765 2718 11449 2807 2759 11450 2785 2738 11451 2797 2749 11452 2754 2707 11453 2811 2763 11454 2801 2753 11455 2797 2749 11456 2813 2765 11457 2814 2766 11458 2804 2756 11459 2815 2767 11460 2807 2759 11461 2804 2756 11462 2785 2738 11463 2810 2762 11464 2797 2749 11465 2833 2785 11466 2786 2739 11467 2789 2741 11468 2789 2741 11469 2834 2786 11470 2833 2785 11471 2834 2786 11472 2788 2740 11473 2791 2743 11474 2791 2743 11475 2835 2787 11476 2834 2786 11477 2835 2787 11478 2790 2742 11479 2793 2745 11480 2793 2745 11481 2836 2788 11482 2835 2787 11483 2836 2788 11484 2792 2744 11485 2796 2748 11486 2796 2748 11487 2837 2789 11488 2836 2788 11489 2786 2739 11490 2833 2785 11491 2787 2391 11492 2788 2740 11493 2834 2786 11494 2789 2741 11495 2790 2742 11496 2835 2787 11497 2791 2743 11498 2792 2744 11499 2836 2788 11500 2793 2745 11501 2795 2747 11502 2837 2789 11503 2796 2748 11504 2825 2777 11505 2838 2790 11506 2826 2778 11507 2827 2779 11508 2839 2791 11509 2828 2780 11510 2829 2781 11511 2840 2792 11512 2830 2782 11513 2831 2783 11514 2841 2793 11515 2832 2784 11516 2833 2785 11517 2838 2790 11518 2825 2777 11519 2825 2777 11520 2787 2391 11521 2833 2785 11522 2838 2790 11523 2839 2791 11524 2827 2779 11525 2827 2779 11526 2826 2778 11527 2838 2790 11528 2839 2791 11529 2840 2792 11530 2829 2781 11531 2829 2781 11532 2828 2780 11533 2839 2791 11534 2840 2792 11535 2841 2793 11536 2831 2783 11537 2831 2783 11538 2830 2782 11539 2840 2792 11540 2837 2789 11541 2795 2747 11542 2832 2784 11543 2832 2784 11544 2841 2793 11545 2837 2789 11546 2834 2786 11547 2842 2794 11548 2833 2785 11549 2835 2787 11550 2842 2794 11551 2834 2786 11552 2836 2788 11553 2842 2794 11554 2835 2787 11555 2837 2789 11556 2842 2794 11557 2836 2788 11558 2833 2785 11559 2842 2794 11560 2838 2790 11561 2838 2790 11562 2842 2794 11563 2839 2791 11564 2839 2791 11565 2842 2794 11566 2840 2792 11567 2840 2792 11568 2842 2794 11569 2841 2793 11570 2841 2793 11571 2842 2794 11572 2837 2789 11573 2815 2767 11574 2816 2768 11575 2807 2759 11576 2772 2725 11577 2762 2715 11578 2765 2718 11579 2817 2769 11580 2794 2746 11581 2765 2718 11582 2768 2721 11583 2756 2709 11584 2759 2712 11585 2762 2715 11586 2773 2726 11587 2770 2723 11588 2766 2719 11589 2754 2707 11590 2756 2709 11591 2811 2763 11592 2812 2764 11593 2801 2753 11594 2804 2756 11595 2801 2753 11596 2813 2765 11597 2843 2795 11598 2844 2796 11599 2845 2449 11600 2845 2449 11601 2846 2450 11602 2843 2795 11603 2847 2797 11604 2848 2798 11605 2844 2796 11606 2844 2796 11607 2843 2795 11608 2847 2797 11609 2849 2799 11610 2850 2800 11611 2848 2798 11612 2848 2798 11613 2847 2797 11614 2849 2799 11615 2851 2801 11616 2852 2802 11617 2850 2800 11618 2850 2800 11619 2849 2799 11620 2851 2801 11621 2853 2803 11622 2854 2804 11623 2852 2802 11624 2852 2802 11625 2851 2801 11626 2853 2803 11627 2855 2805 11628 2856 2806 11629 2854 2804 11630 2854 2804 11631 2853 2803 11632 2855 2805 11633 2857 2807 11634 2858 2808 11635 2859 2809 11636 2859 2809 11637 2860 2810 11638 2857 2807 11639 2861 2811 11640 2862 2812 11641 2858 2808 11642 2858 2808 11643 2857 2807 11644 2861 2811 11645 2863 2813 11646 2864 2814 11647 2865 2815 11648 2865 2815 11649 2866 2816 11650 2863 2813 11651 2864 2814 11652 2867 2817 11653 2868 2818 11654 2868 2818 11655 2865 2815 11656 2864 2814 11657 2867 2817 11658 2869 2473 11659 2870 2819 11660 2870 2819 11661 2868 2818 11662 2867 2817 11663 2869 2473 11664 2871 2475 11665 2872 2476 11666 2872 2476 11667 2870 2819 11668 2869 2473 11669 2861 2811 11670 2873 2820 11671 2874 2821 11672 2874 2821 11673 2862 2812 11674 2861 2811 11675 2873 2820 11676 2875 2479 11677 2876 2822 11678 2876 2822 11679 2874 2821 11680 2873 2820 11681 2875 2479 11682 2877 2823 11683 2878 2482 11684 2878 2482 11685 2876 2822 11686 2875 2479 11687 2877 2823 11688 2879 2824 11689 2880 2825 11690 2880 2825 11691 2878 2482 11692 2877 2823 11693 2881 2826 11694 2882 2827 11695 2883 2828 11696 2883 2828 11697 2884 2829 11698 2881 2826 11699 2883 2828 11700 2882 2827 11701 2863 2813 11702 2863 2813 11703 2866 2816 11704 2883 2828 11705 2885 2830 11706 2886 2831 11707 2887 2832 11708 2887 2832 11709 2888 2833 11710 2885 2830 11711 2885 2830 11712 2889 2834 11713 2886 2831 11714 2890 2835 11715 2891 2836 11716 2886 2831 11717 2886 2831 11718 2889 2834 11719 2890 2835 11720 2890 2835 11721 2892 2837 11722 2891 2836 11723 2892 2837 11724 2893 2838 11725 2894 2839 11726 2894 2839 11727 2891 2836 11728 2892 2837 11729 2893 2838 11730 2895 2840 11731 2894 2839 11732 2896 2841 11733 2897 2842 11734 2894 2839 11735 2894 2839 11736 2895 2840 11737 2896 2841 11738 2896 2841 11739 2898 2843 11740 2897 2842 11741 2899 2844 11742 2900 2845 11743 2897 2842 11744 2897 2842 11745 2898 2843 11746 2899 2844 11747 2899 2844 11748 2901 2846 11749 2900 2845 11750 2902 2847 11751 2903 2848 11752 2900 2845 11753 2900 2845 11754 2901 2846 11755 2902 2847 11756 2902 2847 11757 2904 2849 11758 2903 2848 11759 2905 2850 11760 2906 2851 11761 2903 2848 11762 2903 2848 11763 2904 2849 11764 2905 2850 11765 2905 2850 11766 2907 2852 11767 2906 2851 11768 2908 2853 11769 2909 2854 11770 2906 2851 11771 2906 2851 11772 2907 2852 11773 2908 2853 11774 2908 2853 11775 2910 2855 11776 2909 2854 11777 2911 2856 11778 2887 2832 11779 2909 2854 11780 2909 2854 11781 2910 2855 11782 2911 2856 11783 2911 2856 11784 2888 2833 11785 2887 2832 11786 2912 2857 11787 2885 2830 11788 2888 2833 11789 2888 2833 11790 2913 2773 11791 2912 2857 11792 2914 2858 11793 2889 2834 11794 2885 2830 11795 2885 2830 11796 2912 2857 11797 2914 2858 11798 2915 2859 11799 2890 2835 11800 2889 2834 11801 2889 2834 11802 2914 2858 11803 2915 2859 11804 2916 2860 11805 2892 2837 11806 2890 2835 11807 2890 2835 11808 2915 2859 11809 2916 2860 11810 2917 2861 11811 2893 2838 11812 2892 2837 11813 2892 2837 11814 2916 2860 11815 2917 2861 11816 2918 2862 11817 2895 2840 11818 2893 2838 11819 2893 2838 11820 2917 2861 11821 2918 2862 11822 2919 2863 11823 2896 2841 11824 2895 2840 11825 2895 2840 11826 2918 2862 11827 2919 2863 11828 2920 2864 11829 2898 2843 11830 2896 2841 11831 2896 2841 11832 2919 2863 11833 2920 2864 11834 2921 2865 11835 2899 2844 11836 2898 2843 11837 2898 2843 11838 2920 2864 11839 2921 2865 11840 2922 2866 11841 2901 2846 11842 2899 2844 11843 2899 2844 11844 2921 2865 11845 2922 2866 11846 2923 2867 11847 2902 2847 11848 2901 2846 11849 2901 2846 11850 2922 2866 11851 2923 2867 11852 2924 2868 11853 2904 2849 11854 2902 2847 11855 2902 2847 11856 2923 2867 11857 2924 2868 11858 2925 2869 11859 2905 2850 11860 2904 2849 11861 2904 2849 11862 2924 2868 11863 2925 2869 11864 2926 2736 11865 2907 2852 11866 2905 2850 11867 2905 2850 11868 2925 2869 11869 2926 2736 11870 2927 2870 11871 2908 2853 11872 2907 2852 11873 2907 2852 11874 2926 2736 11875 2927 2870 11876 2928 2871 11877 2910 2855 11878 2908 2853 11879 2908 2853 11880 2927 2870 11881 2928 2871 11882 2929 2872 11883 2911 2856 11884 2910 2855 11885 2910 2855 11886 2928 2871 11887 2929 2872 11888 2913 2773 11889 2888 2833 11890 2911 2856 11891 2911 2856 11892 2929 2872 11893 2913 2773 11894 2887 2832 11895 2886 2831 11896 2930 2873 11897 2886 2831 11898 2891 2836 11899 2930 2873 11900 2891 2836 11901 2894 2839 11902 2930 2873 11903 2894 2839 11904 2897 2842 11905 2930 2873 11906 2897 2842 11907 2900 2845 11908 2930 2873 11909 2900 2845 11910 2903 2848 11911 2930 2873 11912 2903 2848 11913 2906 2851 11914 2930 2873 11915 2906 2851 11916 2909 2854 11917 2930 2873 11918 2909 2854 11919 2887 2832 11920 2930 2873 11921 2931 2874 11922 2932 2875 11923 2933 2876 11924 2932 2875 11925 2934 2877 11926 2935 2878 11927 2935 2878 11928 2933 2876 11929 2932 2875 11930 2935 2878 11931 2934 2877 11932 2936 2879 11933 2934 2877 11934 2937 2880 11935 2938 2881 11936 2938 2881 11937 2936 2879 11938 2934 2877 11939 2938 2881 11940 2937 2880 11941 2939 2882 11942 2937 2880 11943 2940 2883 11944 2941 2884 11945 2941 2884 11946 2939 2882 11947 2937 2880 11948 2941 2884 11949 2940 2883 11950 2942 2885 11951 2940 2883 11952 2943 2886 11953 2944 2887 11954 2944 2887 11955 2942 2885 11956 2940 2883 11957 2932 2875 11958 2945 2888 11959 2946 2889 11960 2934 2877 11961 2947 2890 11962 2948 2891 11963 2937 2880 11964 2949 2892 11965 2950 2893 11966 2940 2883 11967 2951 2894 11968 2952 2895 11969 2953 2896 11970 2931 2874 11971 2933 2876 11972 2933 2876 11973 2954 2897 11974 2953 2896 11975 2954 2897 11976 2933 2876 11977 2935 2878 11978 2935 2878 11979 2955 2898 11980 2954 2897 11981 2955 2898 11982 2935 2878 11983 2936 2879 11984 2936 2879 11985 2956 2899 11986 2955 2898 11987 2956 2899 11988 2936 2879 11989 2938 2881 11990 2938 2881 11991 2957 2900 11992 2956 2899 11993 2957 2900 11994 2938 2881 11995 2939 2882 11996 2939 2882 11997 2958 2901 11998 2957 2900 11999 2958 2901 12000 2939 2882 12001 2941 2884 12002 2941 2884 12003 2959 2902 12004 2958 2901 12005 2959 2902 12006 2941 2884 12007 2942 2885 12008 2942 2885 12009 2960 2903 12010 2959 2902 12011 2960 2903 12012 2942 2885 12013 2944 2887 12014 2944 2887 12015 2961 2904 12016 2960 2903 12017 2944 2887 12018 2962 2905 12019 2963 2906 12020 2963 2906 12021 2961 2904 12022 2944 2887 12023 2964 2907 12024 2965 2568 12025 2966 2908 12026 2966 2908 12027 2945 2888 12028 2964 2907 12029 2946 2889 12030 2967 2909 12031 2968 2910 12032 2968 2910 12033 2947 2890 12034 2946 2889 12035 2948 2891 12036 2969 2911 12037 2970 2912 12038 2970 2912 12039 2949 2892 12040 2948 2891 12041 2950 2893 12042 2971 2913 12043 2972 2914 12044 2972 2914 12045 2951 2894 12046 2950 2893 12047 2952 2895 12048 2973 2915 12049 2974 2916 12050 2974 2916 12051 2975 2917 12052 2952 2895 12053 2946 2889 12054 2945 2888 12055 2966 2908 12056 2966 2908 12057 2967 2909 12058 2946 2889 12059 2948 2891 12060 2947 2890 12061 2968 2910 12062 2968 2910 12063 2969 2911 12064 2948 2891 12065 2950 2893 12066 2949 2892 12067 2970 2912 12068 2970 2912 12069 2971 2913 12070 2950 2893 12071 2952 2895 12072 2951 2894 12073 2972 2914 12074 2972 2914 12075 2973 2915 12076 2952 2895 12077 2952 2895 12078 2975 2917 12079 2943 2886 12080 2946 2889 12081 2947 2890 12082 2934 2877 12083 2948 2891 12084 2949 2892 12085 2937 2880 12086 2950 2893 12087 2940 2883 12088 2937 2880 12089 2944 2887 12090 2943 2886 12091 2962 2905 12092 2964 2907 12093 2945 2888 12094 2932 2875 12095 2932 2875 12096 2931 2874 12097 2976 2918 12098 2976 2918 12099 2977 2919 12100 2932 2875 12101 2953 2896 12102 2978 2920 12103 2976 2918 12104 2976 2918 12105 2931 2874 12106 2953 2896 12107 2976 2918 12108 2979 2921 12109 2977 2919 12110 2977 2919 12111 2979 2921 12112 2980 2922 12113 2980 2922 12114 2981 2923 12115 2977 2919 12116 2980 2922 12117 2982 2924 12118 2981 2923 12119 2981 2923 12120 2982 2924 12121 2983 2925 12122 2983 2925 12123 2984 2926 12124 2981 2923 12125 2983 2925 12126 2985 2927 12127 2984 2926 12128 2984 2926 12129 2985 2927 12130 2986 2928 12131 2986 2928 12132 2987 2929 12133 2984 2926 12134 2986 2928 12135 2988 2930 12136 2987 2929 12137 2987 2929 12138 2988 2930 12139 2962 2905 12140 2962 2905 12141 2943 2886 12142 2987 2929 12143 2977 2919 12144 2989 2931 12145 2990 2932 12146 2981 2923 12147 2991 2933 12148 2992 2934 12149 2984 2926 12150 2993 2935 12151 2994 2936 12152 2987 2929 12153 2995 2937 12154 2996 2938 12155 2978 2920 12156 2997 2939 12157 2979 2921 12158 2979 2921 12159 2976 2918 12160 2978 2920 12161 2997 2939 12162 2998 2940 12163 2980 2922 12164 2980 2922 12165 2979 2921 12166 2997 2939 12167 2998 2940 12168 2999 2941 12169 2982 2924 12170 2982 2924 12171 2980 2922 12172 2998 2940 12173 2999 2941 12174 3000 2942 12175 2983 2925 12176 2983 2925 12177 2982 2924 12178 2999 2941 12179 3000 2942 12180 3001 2943 12181 2985 2927 12182 2985 2927 12183 2983 2925 12184 3000 2942 12185 3001 2943 12186 3002 2944 12187 2986 2928 12188 2986 2928 12189 2985 2927 12190 3001 2943 12191 3002 2944 12192 3003 2945 12193 2988 2930 12194 2988 2930 12195 2986 2928 12196 3002 2944 12197 3003 2945 12198 2963 2906 12199 2962 2905 12200 2962 2905 12201 2988 2930 12202 3003 2945 12203 2964 2907 12204 2990 2932 12205 3004 2946 12206 3004 2946 12207 2965 2568 12208 2964 2907 12209 2989 2931 12210 2992 2934 12211 3005 2947 12212 3005 2947 12213 3006 2948 12214 2989 2931 12215 2991 2933 12216 2994 2936 12217 3007 2949 12218 3007 2949 12219 3008 2950 12220 2991 2933 12221 2993 2935 12222 2996 2938 12223 3009 2951 12224 3009 2951 12225 3010 2952 12226 2993 2935 12227 2995 2937 12228 2975 2917 12229 2974 2916 12230 2974 2916 12231 3011 2953 12232 2995 2937 12233 2989 2931 12234 3006 2948 12235 3004 2946 12236 3004 2946 12237 2990 2932 12238 2989 2931 12239 2991 2933 12240 3008 2950 12241 3005 2947 12242 3005 2947 12243 2992 2934 12244 2991 2933 12245 2993 2935 12246 3010 2952 12247 3007 2949 12248 3007 2949 12249 2994 2936 12250 2993 2935 12251 2995 2937 12252 3011 2953 12253 3009 2951 12254 3009 2951 12255 2996 2938 12256 2995 2937 12257 2995 2937 12258 2987 2929 12259 2943 2886 12260 2964 2907 12261 2932 2875 12262 2977 2919 12263 2989 2931 12264 2977 2919 12265 2981 2923 12266 2991 2933 12267 2984 2926 12268 2994 2936 12269 2993 2935 12270 2984 2926 12271 2987 2929 12272 2964 2907 12273 2977 2919 12274 2990 2932 12275 3012 2954 12276 3013 2955 12277 2967 2909 12278 2967 2909 12279 2966 2908 12280 3012 2954 12281 3013 2955 12282 3014 2956 12283 2969 2911 12284 2969 2911 12285 2968 2910 12286 3013 2955 12287 3014 2956 12288 3015 2957 12289 2971 2913 12290 2971 2913 12291 2970 2912 12292 3014 2956 12293 3015 2957 12294 3016 2958 12295 2973 2915 12296 2973 2915 12297 2972 2914 12298 3015 2957 12299 2966 2908 12300 2965 2568 12301 3012 2954 12302 2968 2910 12303 2967 2909 12304 3013 2955 12305 2970 2912 12306 2969 2911 12307 3014 2956 12308 2972 2914 12309 2971 2913 12310 3015 2957 12311 2974 2916 12312 2973 2915 12313 3016 2958 12314 3004 2946 12315 3006 2948 12316 3017 2959 12317 3005 2947 12318 3008 2950 12319 3018 2960 12320 3007 2949 12321 3010 2952 12322 3019 2961 12323 3009 2951 12324 3011 2953 12325 3020 2962 12326 3012 2954 12327 2965 2568 12328 3004 2946 12329 3004 2946 12330 3017 2959 12331 3012 2954 12332 3017 2959 12333 3006 2948 12334 3005 2947 12335 3005 2947 12336 3018 2960 12337 3017 2959 12338 3018 2960 12339 3008 2950 12340 3007 2949 12341 3007 2949 12342 3019 2961 12343 3018 2960 12344 3019 2961 12345 3010 2952 12346 3009 2951 12347 3009 2951 12348 3020 2962 12349 3019 2961 12350 3016 2958 12351 3020 2962 12352 3011 2953 12353 3011 2953 12354 2974 2916 12355 3016 2958 12356 3013 2955 12357 3012 2954 12358 3021 2963 12359 3014 2956 12360 3013 2955 12361 3021 2963 12362 3015 2957 12363 3014 2956 12364 3021 2963 12365 3016 2958 12366 3015 2957 12367 3021 2963 12368 3012 2954 12369 3017 2959 12370 3021 2963 12371 3017 2959 12372 3018 2960 12373 3021 2963 12374 3018 2960 12375 3019 2961 12376 3021 2963 12377 3019 2961 12378 3020 2962 12379 3021 2963 12380 3020 2962 12381 3016 2958 12382 3021 2963 12383 2993 2935 12384 2987 2929 12385 2996 2938 12386 2952 2895 12387 2943 2886 12388 2940 2883 12389 2995 2937 12390 2943 2886 12391 2975 2917 12392 2948 2891 12393 2937 2880 12394 2934 2877 12395 2940 2883 12396 2950 2893 12397 2951 2894 12398 2946 2889 12399 2934 2877 12400 2932 2875 12401 2989 2931 12402 2981 2923 12403 2992 2934 12404 2984 2926 12405 2991 2933 12406 2981 2923 12407 458 421 12408 478 441 12409 481 444 12410 481 444 12411 459 422 12412 458 421 12413 470 433 12414 473 436 12415 464 427 12416 464 427 12417 463 426 12418 470 433 12419 461 424 12420 460 423 12421 467 430 12422 467 430 12423 466 429 12424 461 424 12425 3022 2964 12426 3023 2965 12427 472 435 12428 472 435 12429 471 434 12430 3022 2964 12431 3024 2966 12432 3025 2967 12433 476 439 12434 476 439 12435 475 438 12436 3024 2966 12437 3026 2968 12438 3027 2969 12439 480 443 12440 480 443 12441 479 442 12442 3026 2968 12443 3025 2967 12444 3024 2966 12445 483 446 12446 483 446 12447 482 445 12448 3025 2967 12449 3028 2970 12450 3029 2971 12451 485 448 12452 485 448 12453 484 447 12454 3028 2970 12455 509 472 12456 508 471 12457 488 451 12458 488 451 12459 487 450 12460 509 472 12461 499 462 12462 498 461 12463 491 454 12464 491 454 12465 490 453 12466 499 462 12467 486 449 12468 489 452 12469 496 459 12470 496 459 12471 495 458 12472 486 449 12473 3023 2965 12474 3022 2964 12475 501 464 12476 501 464 12477 500 463 12478 3023 2965 12479 504 467 12480 3030 2972 12481 3031 2973 12482 3031 2973 12483 505 468 12484 504 467 12485 3032 2974 12486 3033 2975 12487 507 470 12488 507 470 12489 506 469 12490 3032 2974 12491 510 473 12492 3031 2973 12493 3030 2972 12494 3030 2972 12495 511 474 12496 510 473 12497 512 475 12498 3029 2971 12499 3028 2970 12500 3028 2970 12501 513 476 12502 512 475 12503 3034 2976 12504 3035 2977 12505 3036 2978 12506 3036 2978 12507 3037 2979 12508 3034 2976 12509 3038 2980 12510 3039 2981 12511 3040 2982 12512 3040 2982 12513 3041 2983 12514 3038 2980 12515 3042 2984 12516 3043 2985 12517 3044 2986 12518 3044 2986 12519 3045 2987 12520 3042 2984 12521 3046 2988 12522 3047 2989 12523 3048 2990 12524 3048 2990 12525 3049 2991 12526 3046 2988 12527 3050 2992 12528 3051 2993 12529 3052 2994 12530 3052 2994 12531 3053 2995 12532 3050 2992 12533 3054 2996 12534 3055 2997 12535 3056 2998 12536 3056 2998 12537 3057 2999 12538 3054 2996 12539 3058 3000 12540 3059 3001 12541 3060 3002 12542 3060 3002 12543 3061 3003 12544 3058 3000 12545 3062 3004 12546 3063 3005 12547 3064 3006 12548 3064 3006 12549 3065 3007 12550 3062 3004 12551 3066 3008 12552 3067 3009 12553 3068 3010 12554 3068 3010 12555 3069 3011 12556 3066 3008 12557 3070 3012 12558 3071 3013 12559 3072 3014 12560 3072 3014 12561 3073 3015 12562 3070 3012 12563 3074 3016 12564 3075 3017 12565 3076 3018 12566 3076 3018 12567 3077 3019 12568 3074 3016 12569 3078 3020 12570 3079 3021 12571 3080 3022 12572 3080 3022 12573 3081 3023 12574 3078 3020 12575 3082 3024 12576 3083 3025 12577 3084 3026 12578 3084 3026 12579 3085 3027 12580 3082 3024 12581 3086 3028 12582 3087 3029 12583 3088 3030 12584 3088 3030 12585 3089 3031 12586 3086 3028 12587 3090 3032 12588 3091 3033 12589 3092 3034 12590 3092 3034 12591 3093 3035 12592 3090 3032 12593 3094 3036 12594 3095 3037 12595 3096 3038 12596 3096 3038 12597 3097 3039 12598 3094 3036 12599 3098 3040 12600 3099 3041 12601 3100 3042 12602 3100 3042 12603 3101 3043 12604 3098 3040 12605 3102 3044 12606 3103 3045 12607 3104 3046 12608 3104 3046 12609 3105 3047 12610 3102 3044 12611 3106 3048 12612 3107 3049 12613 3108 3050 12614 3108 3050 12615 3109 3051 12616 3106 3048 12617 3110 3052 12618 3111 3053 12619 3112 3054 12620 3112 3054 12621 3113 3055 12622 3110 3052 12623 3114 3056 12624 3115 3057 12625 3116 3058 12626 3116 3058 12627 3117 3059 12628 3114 3056 12629 3118 3060 12630 3119 3061 12631 3120 3062 12632 3120 3062 12633 3121 3063 12634 3118 3060 12635 3122 3064 12636 3123 3065 12637 3124 3066 12638 3124 3066 12639 3125 3067 12640 3122 3064 12641 3126 3068 12642 3127 3069 12643 3128 3070 12644 3128 3070 12645 3129 3071 12646 3126 3068 12647 3130 3072 12648 3131 3073 12649 3132 3074 12650 3132 3074 12651 3133 3075 12652 3130 3072 12653 3134 3076 12654 3135 3077 12655 3136 3078 12656 3136 3078 12657 3137 3079 12658 3134 3076 12659 3138 3080 12660 3139 3081 12661 3082 3024 12662 3082 3024 12663 3085 3027 12664 3138 3080 12665 3140 3082 12666 3141 3083 12667 3142 3084 12668 3142 3084 12669 3143 3085 12670 3140 3082 12671 3061 3003 12672 3060 3002 12673 3035 2977 12674 3035 2977 12675 3034 2976 12676 3061 3003 12677 3057 2999 12678 3144 3086 12679 3036 2978 12680 3062 3004 12681 3065 3007 12682 3039 2981 12683 3039 2981 12684 3038 2980 12685 3062 3004 12686 3049 2991 12687 3145 3087 12688 3040 2982 12689 3043 2985 12690 3069 3011 12691 3068 3010 12692 3068 3010 12693 3044 2986 12694 3043 2985 12695 3144 3086 12696 3146 3088 12697 3045 2987 12698 3045 2987 12699 3053 2995 12700 3144 3086 12701 3070 3012 12702 3073 3015 12703 3047 2989 12704 3047 2989 12705 3046 2988 12706 3070 3012 12707 3147 3089 12708 3148 3090 12709 3048 2990 12710 3077 3019 12711 3076 3018 12712 3051 2993 12713 3051 2993 12714 3050 2992 12715 3077 3019 12716 3037 2979 12717 3144 3086 12718 3052 2994 12719 3081 3023 12720 3080 3022 12721 3055 2997 12722 3055 2997 12723 3054 2996 12724 3081 3023 12725 3041 2983 12726 3145 3087 12727 3056 2998 12728 3057 2999 12729 3145 3087 12730 3144 3086 12731 3049 2991 12732 3148 3090 12733 3145 3087 12734 3087 3029 12735 3085 3027 12736 3084 3026 12737 3084 3026 12738 3088 3030 12739 3087 3029 12740 3042 2984 12741 3146 3088 12742 3089 3031 12743 3091 3033 12744 3137 3079 12745 3114 3056 12746 3114 3056 12747 3092 3034 12748 3091 3033 12749 3106 3048 12750 3149 3091 12751 3093 3035 12752 3095 3037 12753 3126 3068 12754 3119 3061 12755 3119 3061 12756 3096 3038 12757 3095 3037 12758 3110 3052 12759 3150 3092 12760 3097 3039 12761 3133 3075 12762 3122 3064 12763 3100 3042 12764 3100 3042 12765 3099 3041 12766 3133 3075 12767 3143 3085 12768 3146 3088 12769 3101 3043 12770 3103 3045 12771 3151 3093 12772 3127 3069 12773 3127 3069 12774 3104 3046 12775 3103 3045 12776 3094 3036 12777 3152 3094 12778 3105 3047 12779 3107 3049 12780 3117 3059 12781 3130 3072 12782 3130 3072 12783 3108 3050 12784 3107 3049 12785 3098 3040 12786 3149 3091 12787 3109 3051 12788 3111 3053 12789 3118 3060 12790 3134 3076 12791 3134 3076 12792 3112 3054 12793 3111 3053 12794 3090 3032 12795 3150 3092 12796 3113 3055 12797 3090 3032 12798 3149 3091 12799 3150 3092 12800 3094 3036 12801 3150 3092 12802 3152 3094 12803 3125 3067 12804 3138 3080 12805 3141 3083 12806 3141 3083 12807 3140 3082 12808 3125 3067 12809 3086 3028 12810 3146 3088 12811 3142 3084 12812 3035 2977 12813 3054 2996 12814 3057 2999 12815 3057 2999 12816 3036 2978 12817 3035 2977 12818 3039 2981 12819 3046 2988 12820 3049 2991 12821 3049 2991 12822 3040 2982 12823 3039 2981 12824 3044 2986 12825 3050 2992 12826 3053 2995 12827 3053 2995 12828 3045 2987 12829 3044 2986 12830 3047 2989 12831 3153 3095 12832 3147 3089 12833 3147 3089 12834 3048 2990 12835 3047 2989 12836 3051 2993 12837 3034 2976 12838 3037 2979 12839 3037 2979 12840 3052 2994 12841 3051 2993 12842 3055 2997 12843 3038 2980 12844 3041 2983 12845 3041 2983 12846 3056 2998 12847 3055 2997 12848 3059 3001 12849 3078 3020 12850 3081 3023 12851 3081 3023 12852 3060 3002 12853 3059 3001 12854 3071 3013 12855 3070 3012 12856 3065 3007 12857 3065 3007 12858 3064 3006 12859 3071 3013 12860 3067 3009 12861 3074 3016 12862 3077 3019 12863 3077 3019 12864 3068 3010 12865 3067 3009 12866 3072 3014 12867 3154 3096 12868 3155 3097 12869 3155 3097 12870 3073 3015 12871 3072 3014 12872 3075 3017 12873 3058 3000 12874 3061 3003 12875 3061 3003 12876 3076 3018 12877 3075 3017 12878 3063 3005 12879 3062 3004 12880 3080 3022 12881 3080 3022 12882 3079 3021 12883 3063 3005 12884 3066 3008 12885 3069 3011 12886 3084 3026 12887 3084 3026 12888 3083 3025 12889 3066 3008 12890 3043 2985 12891 3042 2984 12892 3089 3031 12893 3089 3031 12894 3088 3030 12895 3043 2985 12896 3107 3049 12897 3106 3048 12898 3093 3035 12899 3093 3035 12900 3092 3034 12901 3107 3049 12902 3111 3053 12903 3110 3052 12904 3097 3039 12905 3097 3039 12906 3096 3038 12907 3111 3053 12908 3100 3042 12909 3140 3082 12910 3143 3085 12911 3143 3085 12912 3101 3043 12913 3100 3042 12914 3095 3037 12915 3094 3036 12916 3105 3047 12917 3105 3047 12918 3104 3046 12919 3095 3037 12920 3099 3041 12921 3098 3040 12922 3109 3051 12923 3109 3051 12924 3108 3050 12925 3099 3041 12926 3091 3033 12927 3090 3032 12928 3113 3055 12929 3113 3055 12930 3112 3054 12931 3091 3033 12932 3137 3079 12933 3136 3078 12934 3115 3057 12935 3115 3057 12936 3114 3056 12937 3137 3079 12938 3119 3061 12939 3126 3068 12940 3129 3071 12941 3129 3071 12942 3120 3062 12943 3119 3061 12944 3133 3075 12945 3132 3074 12946 3123 3065 12947 3123 3065 12948 3122 3064 12949 3133 3075 12950 3151 3093 12951 3156 3098 12952 3128 3070 12953 3128 3070 12954 3127 3069 12955 3151 3093 12956 3117 3059 12957 3116 3058 12958 3131 3073 12959 3131 3073 12960 3130 3072 12961 3117 3059 12962 3134 3076 12963 3118 3060 12964 3121 3063 12965 3121 3063 12966 3135 3077 12967 3134 3076 12968 3138 3080 12969 3125 3067 12970 3124 3066 12971 3124 3066 12972 3139 3081 12973 3138 3080 12974 3141 3083 12975 3087 3029 12976 3086 3028 12977 3086 3028 12978 3142 3084 12979 3141 3083 12980 3060 3002 12981 3081 3023 12982 3054 2996 12983 3054 2996 12984 3035 2977 12985 3060 3002 12986 3065 3007 12987 3070 3012 12988 3046 2988 12989 3046 2988 12990 3039 2981 12991 3065 3007 12992 3077 3019 12993 3050 2992 12994 3044 2986 12995 3044 2986 12996 3068 3010 12997 3077 3019 12998 3073 3015 12999 3155 3097 13000 3153 3095 13001 3153 3095 13002 3047 2989 13003 3073 3015 13004 3076 3018 13005 3061 3003 13006 3034 2976 13007 3034 2976 13008 3051 2993 13009 3076 3018 13010 3080 3022 13011 3062 3004 13012 3038 2980 13013 3038 2980 13014 3055 2997 13015 3080 3022 13016 3069 3011 13017 3043 2985 13018 3088 3030 13019 3088 3030 13020 3084 3026 13021 3069 3011 13022 3117 3059 13023 3107 3049 13024 3092 3034 13025 3092 3034 13026 3114 3056 13027 3117 3059 13028 3118 3060 13029 3111 3053 13030 3096 3038 13031 3096 3038 13032 3119 3061 13033 3118 3060 13034 3122 3064 13035 3125 3067 13036 3140 3082 13037 3140 3082 13038 3100 3042 13039 3122 3064 13040 3126 3068 13041 3095 3037 13042 3104 3046 13043 3104 3046 13044 3127 3069 13045 3126 3068 13046 3133 3075 13047 3099 3041 13048 3108 3050 13049 3108 3050 13050 3130 3072 13051 3133 3075 13052 3137 3079 13053 3091 3033 13054 3112 3054 13055 3112 3054 13056 3134 3076 13057 3137 3079 13058 3138 3080 13059 3085 3027 13060 3087 3029 13061 3087 3029 13062 3141 3083 13063 3138 3080 13064 3146 3088 13065 3042 2984 13066 3045 2987 13067 3149 3091 13068 3098 3040 13069 3101 3043 13070 3101 3043 13071 3146 3088 13072 3149 3091 13073 3144 3086 13074 3037 2979 13075 3036 2978 13076 3144 3086 13077 3053 2995 13078 3052 2994 13079 3145 3087 13080 3041 2983 13081 3040 2982 13082 3145 3087 13083 3057 2999 13084 3056 2998 13085 3148 3090 13086 3049 2991 13087 3048 2990 13088 3152 3094 13089 3102 3044 13090 3105 3047 13091 3150 3092 13092 3094 3036 13093 3097 3039 13094 3150 3092 13095 3110 3052 13096 3113 3055 13097 3149 3091 13098 3090 3032 13099 3093 3035 13100 3149 3091 13101 3106 3048 13102 3109 3051 13103 3146 3088 13104 3086 3028 13105 3089 3031 13106 3146 3088 13107 3143 3085 13108 3142 3084 13109</p>
        </triangles>
      </mesh>
    </geometry>
  </library_geometries>
  <library_controllers>
    <controller id="Armature_lightning_mcqueen_lod0-skin" name="Armature">
      <skin source="#lightning_mcqueen_lod0-mesh">
        <bind_shape_matrix>1 0 0 1.41971e-5 0 1 1.42109e-14 -2.22546e-5 0 -1.42109e-14 1 1.25144e-6 0 0 0 1</bind_shape_matrix>
        <source id="Armature_lightning_mcqueen_lod0-skin-joints">
          <Name_array id="Armature_lightning_mcqueen_lod0-skin-joints-array" count="50">Bip01_body Bip01_head Bip01_eye_brow Bip01_eye_brow_L Bip01_eye_brow_R Bip01_eye_brow_L1 Bip01_eye_brow_R1 Bip01_eye_L Bip01_eye_R Bip01_eyelash_L Bip01_eyelash_L1 Bip01_eyelash_R Bip01_eyelash_R1 Bip01_eyelash_T_shape Bip01_eyelash_T_shape_L Bip01_eyelash_T_shape_r Bip01_eyelash_B_L Bip01_eyelash_B_L1 Bip01_eyelash_B_R Bip01_eyelash_B_R1 Bip01_eyelash_B_shape Bip01_eyelash_B_shape_L Bip01_eyelash_B_shape_r Bip01_jaw Bip01_lip_low_L Bip01_lip_low_R Bip01_lip_low_m Bip01_teeth_low Bip01_tongue01 Bip01_tongue02 Bip01_lip_cor_L Bip01_lip_cor_R Bip01_lip_up_L Bip01_lip_up_m Bip01_lip_up_R Bip01_teeth_up Bip01_light_R Bip01_light_L Bip01_exhaust_R Bip01_exhaust_L Bip01_bumper_R Bip01_bumper_L Bip01_wheelbase_rear_R Bip01_wheel_rear_R Bip01_wheelbase_rear_L Bip01_wheel_rear_L Bip01_wheelbase_front_R Bip01_wheel_front_R Bip01_wheelbase_front_L Bip01_wheel_front_L</Name_array>
          <technique_common>
            <accessor source="#Armature_lightning_mcqueen_lod0-skin-joints-array" count="50" stride="1">
              <param name="JOINT" type="name"/>
            </accessor>
          </technique_common>
        </source>
        <source id="Armature_lightning_mcqueen_lod0-skin-bind_poses">
          <float_array id="Armature_lightning_mcqueen_lod0-skin-bind_poses-array" count="800">-4.37114e-6 1.62937e-5 100 -96.13671 0 100 -2.38435e-5 -70.97772 -100 0 -4.37114e-6 4.20227e-6 0 0 0 1 -4.37114e-6 1.62937e-5 100 -541.215 0 100 -2.38435e-5 -135.4998 -100 0 -4.37114e-6 2.36573e-5 0 0 0 1 -1.07284e-5 -1.62937e-5 -100 616.8478 0 100 -2.38435e-5 47.21491 100 0 -1.07284e-5 5.91781e-5 0 0 0 1 8.715426 -1.62317e-5 -99.61949 597.997 0 100 -2.38435e-5 42.48777 99.61949 1.42006e-6 8.715426 -177.7599 0 0 0 1 -8.715435 -1.62317e-5 -99.61949 597.9966 0 100 -2.38435e-5 42.48733 99.61949 -1.42006e-6 -8.715435 177.76 0 0 0 1 42.26192 -1.47671e-5 -90.63074 433.7406 0 100 -2.38435e-5 21.1926 90.63074 6.88602e-6 42.26192 -456.0444 0 0 0 1 -42.26191 -1.47671e-5 -90.63074 433.7406 0 100 -2.38435e-5 21.19257 90.63074 -6.88602e-6 -42.26191 456.0443 0 0 0 1 30.83833 -1.54996e-5 -95.12623 427.336 0 100 -2.38435e-5 190.2081 95.12623 5.0247e-6 30.83833 -241.1127 0 0 0 1 -30.83832 -1.54996e-5 -95.12623 427.336 0 100 -2.38435e-5 190.2081 95.12623 -5.0247e-6 -30.83832 241.1127 0 0 0 1 29.03748 -1.55916e-5 -95.6913 453.4016 0 100 -2.38435e-5 128.0949 95.6913 4.73127e-6 29.03748 -276.0966 0 0 0 1 67.15065 -1.20736e-5 -74.09988 215.884 0 100 -2.38435e-5 105.7019 74.09988 1.09413e-5 67.15065 -509.4532 0 0 0 1 -29.03748 -1.55916e-5 -95.6913 453.4016 0 100 -2.38435e-5 128.095 95.6913 -4.73127e-6 -29.03748 276.0966 0 0 0 1 -67.15047 -1.20736e-5 -74.10003 215.8854 0 100 -2.38435e-5 105.7023 74.10003 -1.09413e-5 -67.15047 509.453 0 0 0 1 -1.07284e-5 -1.62937e-5 -100 524.7291 0 100 -2.38435e-5 141.7263 100 0 -1.07284e-5 3.52953e-5 0 0 0 1 -1.07284e-5 -1.62937e-5 -100 524.7291 0 100 -2.38435e-5 141.7263 100 0 -1.07284e-5 -22.14374 0 0 0 1 -1.07284e-5 -1.62937e-5 -100 524.7291 0 100 -2.38435e-5 141.7263 100 0 -1.07284e-5 22.14376 0 0 0 1 29.03748 -1.55916e-5 -95.6913 364.2145 0 100 -2.38435e-5 218.5522 95.6913 4.73127e-6 29.03748 -258.3062 0 0 0 1 78.31641 -1.01317e-5 -62.18152 53.70314 0 100 -2.38435e-5 168.9108 62.18152 1.27606e-5 78.31641 -495.481 0 0 0 1 -29.03748 -1.55916e-5 -95.6913 364.2145 0 100 -2.38435e-5 218.5522 95.6913 -4.73127e-6 -29.03748 258.3061 0 0 0 1 -78.31631 -1.01317e-5 -62.18163 53.70367 0 100 -2.38435e-5 168.9111 62.18163 -1.27606e-5 -78.31631 495.4806 0 0 0 1 -1.07284e-5 -1.62937e-5 -100 431.8866 0 100 -2.38435e-5 235.6138 100 0 -1.07284e-5 1.13347e-5 0 0 0 1 -1.07284e-5 -1.62937e-5 -100 431.2927 0 100 -2.38435e-5 236.2078 100 0 -1.07284e-5 -49.19755 0 0 0 1 -1.07284e-5 -1.62937e-5 -100 431.2927 0 100 -2.38435e-5 236.2078 100 0 -1.07284e-5 49.19755 0 0 0 1 -1.07284e-5 -1.62937e-5 -100 241.0024 0 100 -2.38435e-5 357.5508 100 0 -1.07284e-5 1.58558e-5 0 0 0 1 24.2881 -1.58058e-5 -97.00562 148.9247 0 100 -2.38435e-5 883.7706 97.00562 3.95742e-6 24.2881 -172.0724 0 0 0 1 -24.28809 -1.58058e-5 -97.00561 148.9247 0 100 -2.38435e-5 883.7715 97.00561 -3.95742e-6 -24.28809 172.0724 0 0 0 1 -4.37114e-6 -1.62937e-5 -100 174.411 0 100 -2.38435e-5 896.1105 100 0 -4.37114e-6 1.18624e-4 0 0 0 1 -4.37114e-6 -1.62937e-5 -100 164.515 0 100 -2.38435e-5 685.7014 100 0 -4.37114e-6 -6.80882e-6 0 0 0 1 -4.37114e-6 -1.62937e-5 -100 191.011 0 100 -2.38435e-5 632.2263 100 0 -4.37114e-6 -3.06506e-5 0 0 0 1 -4.37114e-6 -1.62921e-5 -100 191.011 0 100 -2.38419e-5 752.7814 100 0 -4.37114e-6 -4.76506e-5 0 0 0 1 -1.07284e-5 -1.62937e-5 -100 214.449 0 100 -2.38435e-5 878.4749 100 0 -1.07284e-5 -196.497 0 0 0 1 -1.07284e-5 -1.62937e-5 -100 214.449 0 100 -2.38435e-5 878.4749 100 0 -1.07284e-5 196.497 0 0 0 1 -17.36478 -1.60461e-5 -98.48079 246.216 0 100 -2.38435e-5 892.1245 98.48079 -2.82936e-6 -17.36478 -83.62134 0 0 0 1 -1.07284e-5 -1.62937e-5 -100 228.856 0 100 -2.38435e-5 902.0195 100 0 -1.07284e-5 1.55268e-6 0 0 0 1 17.36474 -1.60461e-5 -98.48079 246.2159 0 100 -2.38435e-5 892.1244 98.48079 2.82935e-6 17.36474 83.62143 0 0 0 1 -1.07284e-5 -1.62937e-5 -100 219.127 0 100 -2.38435e-5 684.3593 100 0 -1.07284e-5 1.50891e-6 0 0 0 1 -49.99996 -1.41107e-5 -86.60257 192.0814 0 100 -2.38435e-5 719.6246 86.60257 -8.14683e-6 -49.99996 440.1395 0 0 0 1 50.00001 -1.41107e-5 -86.60253 192.0806 0 100 -2.38435e-5 719.6246 86.60253 8.14684e-6 50.00001 -440.1408 0 0 0 1 -99.84573 9.0473e-7 5.552645 -313.7158 0 100 -2.38435e-5 -284.1372 -5.552645 -1.62685e-5 -99.84573 38.80001 0 0 0 1 99.84573 9.04729e-7 5.552642 -313.7157 0 100 -2.38435e-5 -284.1376 -5.552642 1.62685e-5 99.84573 -38.80003 0 0 0 1 96.5352 4.25186e-6 26.09518 291.6807 0 100 -2.38435e-5 804.6604 -26.09518 1.57291e-5 96.5352 -287.0789 0 0 0 1 -95.01998 5.07778e-6 31.16414 276.0905 0 100 -2.38435e-5 804.6602 -31.16414 -1.54822e-5 -95.01998 302.1034 0 0 0 1 100 0 0 347.839 0 100 -3.57628e-5 -614.343 0 2.56619e-5 100 -186.6831 0 0 0 1 100 0 0 393.783 0 100 -2.63929e-5 -614.343 0 1.62921e-5 100 -186.683 0 0 0 1 -100 0 1.50996e-5 347.8389 0 100 -3.06606e-5 -614.3439 -1.50996e-5 -2.56619e-5 -100 186.6861 0 0 0 1 -100 0 1.50996e-5 393.783 0 100 -2.12908e-5 -614.344 -1.50996e-5 -1.62921e-5 -100 186.6861 0 0 0 1 100 0 0 347.839 0 100 -3.57628e-5 534.285 0 2.56619e-5 100 -186.685 0 0 0 1 100 0 0 393.783 0 100 -2.6393e-5 534.285 0 1.62921e-5 100 -186.685 0 0 0 1 -100 0 1.50996e-5 347.8389 0 100 -3.06606e-5 534.285 -1.50996e-5 -2.56619e-5 -100 186.685 0 0 0 1 -100 0 1.50996e-5 393.783 0 100 -2.12908e-5 534.285 -1.50996e-5 -1.62921e-5 -100 186.6851 0 0 0 1</float_array>
          <technique_common>
            <accessor source="#Armature_lightning_mcqueen_lod0-skin-bind_poses-array" count="50" stride="16">
              <param name="TRANSFORM" type="float4x4"/>
            </accessor>
          </technique_common>
        </source>
        <source id="Armature_lightning_mcqueen_lod0-skin-weights">
          <float_array id="Armature_lightning_mcqueen_lod0-skin-weights-array" count="4197">1 1 1 1 1 1 1 1 1 1 1 1 1 1 1 1 1 1 1 1 1 1 1 1 1 1 1 1 1 1 1 1 1 1 1 0.95 0.04999995 0.95 0.04999995 1 1 1 1 1 1 1 1 1 1 1 1 1 1 1 1 1 1 1 1 1 1 1 1 1 1 1 1 1 1 1 1 1 1 1 1 1 1 1 1 1 0.393666 0.606334 0.360642 0.639358 0.721752 0.278248 0.770127 0.229873 0.1 0.9 0.199371 0.7974841 0.003144979 0.189977 0.781345 0.02867799 0.09902399 0.891216 0.009759962 0.290796 0.709204 0.395724 0.604276 0.753228 0.246772 0.721742 0.278258 0.3813564 0.6118577 0.006785988 0.117455 0.469819 0.412726 0.1 0.9 0.203835 0.667102 0.129063 0.108064 0.432255 0.459681 0.311683 0.688317 0.721752 0.278248 0.721742 0.278258 0.199371 0.7974841 0.003144979 0.117455 0.469819 0.412726 0.397932 0.602068 0.711909 0.288091 0.721752 0.278248 0.328001 0.671999 0.2 0.8 0.195783 0.804217 0.2 0.8 0.2 0.8 0.280262 0.719738 0.402043 0.597957 0.331013 0.668987 0.721742 0.278258 0.711669 0.288331 0.179639 0.718556 0.101805 0.189847 0.7772261 0.03292697 0.2 0.8 0.167186 0.668743 0.164071 0.283223 0.716777 0.721742 0.278258 0.721752 0.278248 0.2 0.8 0.179639 0.718556 0.101805 1 1 1 1 1 1 1 1 1 1 1 1 1 1 1 1 1 1 1 1 1 1 1 1 1 1 1 1 1 1 1 1 1 1 1 1 1 1 1 1 1 1 1 1 1 1 1 1 1 1 1 1 1 1 1 1 1 1 1 1 1 1 1 1 1 1 1 1 1 1 1 1 1 1 1 1 1 1 1 1 1 1 1 1 1 1 1 1 1 1 1 1 1 1 1 1 1 1 1 1 1 1 1 1 1 1 1 1 1 1 1 1 1 1 1 1 1 1 1 1 1 1 1 1 1 1 1 1 1 1 1 1 1 1 1 1 1 1 1 1 1 1 1 1 1 1 1 1 1 1 1 1 1 1 1 1 1 1 1 1 1 1 1 1 1 1 1 1 1 1 1 1 1 1 1 1 1 1 1 1 1 1 1 1 1 1 1 1 1 1 1 1 1 1 1 1 1 1 1 1 1 1 1 1 1 1 1 1 1 1 1 1 1 1 1 1 1 1 1 1 1 1 1 1 1 1 1 1 1 1 1 1 1 1 1 1 1 1 1 1 1 1 1 1 1 1 1 1 1 1 1 1 1 1 1 1 1 1 1 1 1 1 1 1 1 1 1 1 1 1 1 1 1 1 1 1 1 1 1 1 1 1 1 1 1 1 1 1 1 1 1 1 1 1 1 1 1 1 1 1 1 1 1 1 1 1 1 1 1 1 1 1 1 1 1 1 1 1 1 1 1 1 1 1 1 1 1 1 1 1 1 1 1 1 1 1 0.5 0.5 0.5 0.5 0.75 0.25 0.75 0.25 0.75 0.25 1 1 1 1 1 0.5 0.5 0.5 0.5 0.5 0.5 1 1 1 1 1 1 1 0.25 0.75 1 1 0.25 0.75 1 0.5 0.5 1 1 0.75 0.25 0.5 0.5 0.5 0.5 0.75 0.25 1 1 0.75 0.25 1 0.3333333 0.6666667 1 1 0.3333333 0.6666667 0.3333333 0.6666667 1 1 1 1 1 1 1 1 1 0.25 0.75 0.25 0.75 0.5 0.5 1 1 1 1 1 1 1 1 1 1 1 1 1 1 1 1 1 1 1 1 1 1 1 1 1 1 1 1 1 1 1 1 1 1 1 1 1 1 1 1 1 1 1 1 1 1 1 1 1 1 1 1 1 1 1 1 1 1 1 1 1 1 1 1 1 1 1 1 1 1 1 1 1 1 1 1 1 1 1 1 1 1 1 1 1 1 1 1 1 1 1 1 1 1 1 1 1 1 1 1 1 0.9979141 0.002085983 0.04069 0.2929493 0.6663607 0.9994791 5.21001e-4 0.989117 0.01088297 0.05113697 0.1136389 0.835224 0.02711498 0.02711498 0.94577 0.963985 0.03601497 0.110913 0.001609981 0.887477 0.999889 1.11e-4 0.9979141 0.002085983 0.9994791 5.21001e-4 0.116733 0.488731 0.394536 0.989117 0.01088297 0.248699 0.253904 0.497397 0.08336198 0.1569049 0.759733 0.963985 0.03601497 1 1 1 1 1 1 1 1 1 1 1 1 1 1 1 1 1 1 1 1 1 1 1 1 1 1 1 1 1 1 1 1 1 1 1 1 1 1 1 1 1 1 1 1 1 1 1 1 1 1 1 1 1 1 1 1 1 1 1 1 1 1 1 1 1 1 1 1 1 1 1 1 1 1 1 1 1 1 1 1 1 1 1 1 1 1 1 1 1 1 1 1 1 1 1 1 1 1 1 1 1 1 1 1 1 1 1 1 1 1 1 1 1 1 1 1 1 1 1 1 1 1 1 1 1 1 1 1 1 1 1 1 1 1 1 1 1 1 1 1 1 1 1 1 1 1 1 1 1 1 1 1 1 1 1 1 1 1 1 1 1 1 1 1 1 1 1 1 1 1 1 1 1 1 1 1 1 1 1 1 1 1 1 1 1 1 1 1 1 1 1 1 1 1 1 1 1 1 1 1 1 1 1 1 1 1 1 1 1 1 1 1 1 1 1 1 1 1 1 1 1 1 1 1 1 1 1 1 1 1 1 1 1 1 1 1 1 1 1 1 1 1 1 1 1 1 1 1 1 1 1 1 1 1 1 1 1 1 1 1 1 1 1 1 1 1 1 1 1 1 1 1 1 1 1 1 1 1 1 1 1 1 1 1 1 1 1 1 1 1 1 1 1 1 1 1 1 1 1 1 1 1 1 1 1 1 1 1 1 1 1 1 1 1 1 1 1 1 1 1 1 1 1 1 1 1 1 1 1 1 1 1 1 1 1 1 1 1 1 1 1 1 1 1 1 1 1 1 1 1 1 1 1 1 1 1 1 1 1 1 1 1 1 1 1 1 1 1 1 1 1 1 1 1 1 1 1 1 1 1 1 1 1 1 1 1 1 1 1 1 1 1 1 1 1 1 1 1 1 1 1 1 1 1 1 1 1 1 1 1 1 1 1 1 1 1 1 1 0.815612 0.184388 1 0.55 0.45 1 1 1 1 1 1 1 1 1 1 1 1 1 1 1 1 1 1 1 1 1 1 1 1 1 1 1 0.815612 0.184388 1 1 0.25 0.75 1 1 1 1 1 1 1 0.55 0.45 1 1 1 1 1 1 1 1 1 1 1 1 1 1 1 1 1 1 1 1 1 1 1 1 1 1 1 1 1 1 1 1 1 1 1 1 1 1 1 1 1 1 1 1 1 1 1 1 1 1 1 1 1 1 1 1 1 1 1 1 1 1 1 1 1 1 1 1 1 1 1 1 1 1 1 1 1 1 1 1 1 1 1 1 1 1 1 1 1 0.75 0.25 1 1 1 1 1 1 1 1 1 1 1 1 1 1 1 1 1 1 1 1 1 1 1 1 1 1 1 1 1 1 1 1 1 1 0.75 0.25 1 1 1 1 1 1 1 1 0.2877177 0.1926998 0.5195825 0.17918 0.187485 0.633335 0.1 0.480566 0.419434 0.366264 0.4011 0.232636 0.04773795 0.100659 0.851603 0.0995661 0.0995661 0.8008678 0.07349395 0.339429 0.587077 0.02515596 0.410029 0.564815 0.41391 0.205137 0.380953 0.220185 0.41913 0.360685 0.1000001 0.2692072 0.6307926 0.1 0.657066 0.242934 0.402844 0.597156 1 1 0.597443 0.402557 0.05284202 0.4755805 0.4715775 0.071904 0.647143 0.280953 0.3107893 0.3004623 0.3887484 0.3641654 0.1293451 0.5064895 0.5543354 0.2430347 0.2026298 0.5056515 0.3459503 0.1483981 0.09835606 0.1552941 0.7463498 0.2753252 0.5373566 0.1873182 0.25 0.75 0.25 0.75 0.214355 0.204351 0.581294 0.752697 0.247303 0.3571134 0.08679306 0.5560936 0.1007659 0.1720958 0.7271383 0.348768 0.109108 0.542124 0.598129 0.401871 0.6826597 0.08694207 0.2303982 0.401624 0.238964 0.359412 0.557488 0.1 0.342512 0.586586 0.413414 0.362316 0.008141994 0.629542 0.306005 0.1 0.593995 0.895665 0.104335 0.9476289 0.05237102 0.943083 0.05691695 0.8837501 0.11625 1 0.9887391 0.01126098 1 1 1 1 1 1 1 1 1 1 1 1 1 1 1 1 0.999709 2.91e-4 1 1 1 1 1 1 1 1 1 1 1 1 1 1 1 1 1 1 1 1 1 1 1 1 1 0.9957441 0.00425595 1 1 1 1 1 1 0.996672 0.003327965 0.1091879 0.6120184 0.2787937 0.592915 0.407085 0.08602404 0.7742218 0.1397541 0.230809 0.07687997 0.692311 0.1541828 0.1302689 0.7155483 0.156166 0.117346 0.726488 0.432247 0.51413 0.05362296 0.510461 0.246191 0.243348 0.1592468 0.4831836 0.3575696 0.4381266 0.5618734 0.003980994 0.996019 0.005952954 0.994047 0.1 0.484226 0.415774 0.1 0.483594 0.416406 0.119509 0.748108 0.132383 0.936498 0.06350207 0.05933099 0.368664 0.572005 0.234987 0.1 0.665013 0.550855 0.2006739 0.248471 0.04663097 0.611732 0.341637 0.09672307 0.5713965 0.3318803 0.06789803 0.7500008 0.1821011 0.25 0.75 0.7762628 0.2089422 0.014795 0.374142 0.377941 0.2479169 0.17428 0.2128019 0.612918 0.461809 0.175571 0.36262 0.671879 0.119816 0.208305 0.6096166 0.3010613 0.08932209 1 1 1 1 1 1 1 0.04586797 0.75 0.204132 0.04786998 0.75 0.20213 0.695224 0.283929 0.02084696 0.391197 0.46656 0.142243 0.1111209 0.1111209 0.777758 0.133471 0.402946 0.463583 0.821273 0.178727 0.498936 0.501064 1 0.1 0.483894 0.416106 0.2552292 0.6475297 0.0972411 0.2304862 0.6411526 0.1283611 0.517269 0.482731 0.456009 0.08260697 0.461384 0.386585 0.605217 0.008197963 0.1013071 0.2507163 0.6479767 0.531244 0.02124798 0.447508 0.232727 0.407968 0.359305 0.273891 0.298408 0.427701 0.410765 0.04209995 0.547135 0.304372 0.02006494 0.675563 0.747626 0.252374 0.836432 0.163568 0.9329549 0.06704503 0.921062 0.078938 0.880901 0.119099 0.797637 0.202363 0.988145 0.01185494 0.9954391 0.004560947 0.9560719 0.04392802 0.864855 0.135145 0.864672 0.1353279 1 1 0.9966071 0.003392994 0.989283 0.01071697 0.9773111 0.02268898 1 1 1 1 1 1 1 1 0.99972 2.8e-4 1 0.989258 0.01074194 0.995422 0.004577994 0.97085 0.02914994 1 1 0.138061 0.316784 0.545155 0.362931 0.637069 0.08213305 0.02963101 0.8882359 0.07069003 0.07069003 0.8586199 1 1 1 1 1 0.9863591 0.01364099 0.995149 0.004850983 1 1 1 1 1 1 1 1 1 1 1 1 1 1 1 1 1 1 1 1 1 1 1 1 1 1 1 1 1 1 1 1 1 1 1 1 1 1 1 1 1 1 1 1 1 1 1 1 1 1 1 1 1 1 1 0.98757 0.01242995 0.07271701 0.241539 0.685744 0.182219 0.387628 0.430153 0.3873316 0.3317607 0.2809077 0.137574 0.355762 0.506664 0.5601381 0.302478 0.137384 0.2118999 0.483698 0.304402 0.07830512 0.07830512 0.8433898 0.01859599 0.167364 0.81404 0.08347797 0.33016 0.586362 0.08256298 0.3890621 0.528375 0.140727 0.508873 0.3504 0.1663098 0.5343884 0.2993017 0.05010795 0.949892 0.06595802 0.06595802 0.868084 0.347485 0.496592 0.155923 0.66428 0.33572 0.631664 0.368336 0.3546434 0.5866166 0.05874001 0.3027837 0.4765645 0.2206518 0.656018 0.343982 0.338278 0.519325 0.142397 0.199177 0.374067 0.426756 1 1 0.179741 0.104969 0.71529 0.1111209 0.1111209 0.777758 0.1 0.483894 0.416106 0.316891 0.402163 0.280946 0.2304862 0.6411526 0.1283611 0.250306 0.148867 0.600827 0.888214 0.111786 1 0.410971 0.27684 0.312189 0.498936 0.501064 1 0.1389369 0.861063 1 4.32e-4 0.9995681 0.004995942 0.995004 0.01328599 0.9867141 0.04586797 0.75 0.204132 0.293218 0.369948 0.336834 0.04786998 0.75 0.20213 0.324768 0.411752 0.26348 0.695224 0.283929 0.02084696 0.391197 0.46656 0.142243 0.133471 0.402946 0.463583 0.821273 0.178727 0.459818 0.540182 0.371721 0.628279 0.614544 0.385456 0.805617 0.194383 1 0.306181 0.506227 0.187592 0.213472 0.428716 0.357812 0.142166 0.142166 0.715668 1 1 0.404907 0.162457 0.432636 0.263733 0.214033 0.522234 1 1 1 1 1 1 1 1 0.1968308 0.2111988 0.5919705 0.303387 0.288836 0.407777 0.04926002 0.04926002 0.90148 0.01548099 0.1393331 0.8451859 0.09297209 0.2072922 0.6997358 0.196218 0.303233 0.500549 0.3936244 0.4178254 0.1885501 0.841802 0.1581979 0.749541 0.250459 1 1 1 1 0.4786235 0.3135057 0.2078708 0.3621726 0.5105895 0.1272379 0.431912 0.493196 0.07489198 0.657135 0.219769 0.123096 0.3299877 0.3038047 0.3662076 0.432247 0.51413 0.05362296 0.421181 0.4189161 0.159903 0.2753252 0.5373566 0.1873182 0.09835606 0.1552941 0.7463498 0.461809 0.175571 0.36262 0.671879 0.119816 0.208305 0.431912 0.493196 0.07489198 0.17428 0.2128019 0.612918 0.303387 0.288836 0.407777 0.1968308 0.2111988 0.5919705 0.999272 7.28e-4 0.999715 2.85e-4 0.9974031 0.002596974 1 1 1 1 1 1 1 1 1 0.967694 0.03230595 1 0.201921 0.532848 0.265231 0.243248 0.563648 0.193104 0.1849462 0.3217694 0.4932845 0.208198 0.321565 0.470237 0.1572189 0.288057 0.554724 1 0.318218 0.681782 0.768148 0.09520298 0.136649 1 1 1 1 1 0.607067 0.392933 0.105956 0.22778 0.666264 1 0.388413 0.359598 0.251989 0.1 0.500263 0.399737 0.162098 0.187303 0.650599 0.05344802 0.4861495 0.4604024 0.042261 0.5160515 0.4416875 0.1521568 0.1590518 0.6887913 0.2284269 0.72734 0.04423296 0.08510607 0.2646163 0.6502776 0.055193 0.03097701 0.9138299 0.169108 0.675717 0.155175 0.750622 0.249378 0.799037 0.200963 1 1 0.05284202 0.4755805 0.4715775 0.3641654 0.1293451 0.5064895 0.3114174 0.3294373 0.3591454 0.3363173 0.3254113 0.3382713 0.394768 0.226696 0.378536 0.225273 0.158 0.616727 0.1948119 0.513038 0.29215 0.25 0.75 0.25 0.75 0.08185797 0.208488 0.709654 0.1736142 0.05240702 0.7739788 0.25366 0.194891 0.551449 0.519346 0.199402 0.281252 0.514978 0.485022 0.6516437 0.03767502 0.3106813 0.978637 0.01295799 0.00840497 0.971446 0.02855402 0.862581 0.1 0.03741896 0.518858 0.1 0.381142 0.571104 0.428896 0.966846 0.03315395 0.896048 0.103952 0.814657 0.185343 0.93081 0.06918996 0.974923 0.02507698 0.9875821 0.01241797 0.999132 8.68e-4 1 1 1 1 1 1 0.999709 2.91e-4 1 1 1 1 1 1 1 1 1 1 1 1 1 1 1 1 1 1 1 1 1 1 1 1 1 0.9957441 0.00425595 1 1 1 0.996672 0.003327965 1 1 0.488548 0.376405 0.135047 0.559384 0.440616 0.07149207 0.6290426 0.2994653 0.10005 0.09404999 0.8059 0.193931 0.03034496 0.775724 0.1969619 0.01519095 0.787847 0.5315895 0.3220627 0.1463478 0.2142058 0.3552176 0.4305766 0.14142 0.492329 0.366251 0.405245 0.594755 0.003980994 0.996019 0.005952954 0.994047 0.1 0.423609 0.476391 0.1 0.428714 0.471286 0.598977 0.401023 0.626611 0.373389 0.104669 0.25326 0.642071 0.05692195 0.17767 0.765408 0.324559 0.359333 0.316108 0.169331 0.751078 0.07959097 0.07168108 0.7919808 0.1363381 0.9944981 0.005501985 0.05327194 0.843838 0.10289 0.680459 0.15632 0.163221 0.8963808 0.07556015 0.028059 0.4163784 0.08798706 0.4956345 0.1132408 0.1633208 0.7234383 0.492017 0.190674 0.317309 0.2658167 0.2346867 0.4994965 1 1 1 1 1 1 1 0.999822 1.78e-4 0.985123 0.01487696 0.940006 0.05999398 0.341331 0.658669 0.009501993 0.9842011 0.006296992 0.01036697 0.7117948 0.2778383 0.367671 0.117324 0.515005 0.644475 0.355525 0.672945 0.327055 1 0.1 0.423681 0.476319 0.532328 0.467672 0.005923986 0.713689 0.280387 0.00139296 0.847103 0.151504 0.519994 0.480006 0.5329406 0.05827403 0.4087854 0.583622 0.416378 0.2061228 0.6497394 0.1441378 0.09813195 0.282281 0.619587 0.732268 0.267732 0.466517 0.474314 0.05916899 0.805591 0.194409 0.888205 0.111795 0.779816 0.220184 0.880322 0.119678 0.963654 0.03634595 0.9770091 0.022991 0.940597 0.05940306 0.848216 0.151784 0.935395 0.06460505 0.974745 0.02525496 1 1 0.9966071 0.003392994 0.9773111 0.02268898 0.989283 0.01071697 1 1 1 1 1 1 0.99972 2.8e-4 1 0.995422 0.004577994 0.9891111 0.01088899 0.97085 0.02914994 1 1 1 1 0.2025409 0.388067 0.409392 0.05114597 0.390227 0.558627 0.07155704 0.1755652 0.7528778 0.103193 0.231901 0.664906 1 0.9828091 0.01719099 1 1 1 1 0.995149 0.004850983 1 1 1 1 1 1 1 1 1 1 1 1 1 1 1 1 1 1 1 1 1 1 1 1 1 1 1 1 1 1 1 1 1 1 1 1 1 1 1 1 1 1 1 1 1 1 0.98757 0.01242995 0.3597464 0.1325971 0.5076565 0.403954 0.3081 0.287946 0.2232802 0.6902817 0.08643805 0.2686687 0.5656765 0.1656548 0.2098702 0.5021175 0.2880123 0.521281 0.06287395 0.415845 0.05020898 0.1723819 0.777409 0.07085198 0.391917 0.537231 0.1712532 0.3321123 0.4966346 0.099379 0.168786 0.731835 0.07372903 0.6582857 0.2679853 0.244808 0.576466 0.178726 0.111979 0.05704694 0.830974 0.05391305 0.2156552 0.7304317 0.391757 0.608243 0.338837 0.661163 0.603354 0.396646 0.679057 0.320943 0.288225 0.517586 0.194189 0.683124 0.316876 0.452944 0.547056 0.285537 0.536257 0.178206 1 1 0.645424 0.01314699 0.341429 0.385266 0.285141 0.329593 0.1 0.423681 0.476319 0.367671 0.117324 0.515005 0.250306 0.148867 0.600827 0.2304862 0.6411526 0.1283611 1 0.888214 0.111786 0.250233 0.45424 0.295527 0.337013 0.662987 1 0.672945 0.327055 1 9.46001e-4 0.9990541 0.004995942 0.995004 0.01328599 0.9867141 0.940006 0.05999398 0.985123 0.01487696 0.053079 0.7876848 0.1592361 0.349671 0.217874 0.432455 0.009501993 0.9842011 0.006296992 0.341331 0.658669 0.01036697 0.7117948 0.2778383 0.644475 0.355525 0.442446 0.557554 0.371721 0.628279 0.8813301 0.11867 0.6019917 0.3072203 0.09078806 1 0.129676 0.359022 0.511302 1 1 1 1 1 1 1 1 1 1 0.63614 0.356718 0.007141947 0.5201376 0.1974232 0.2824393 0.140337 0.06254798 0.797115 0.06021296 0.2408519 0.698935 0.1717191 0.3828664 0.4454145 0.326021 0.5038291 0.17015 0.495039 0.504961 0.786072 0.213928 0.813776 0.186224 1 1 1 1 5.17001e-4 0.7697548 0.2297282 0.05260503 0.6071327 0.3402624 0.410362 0.328071 0.261567 0.2713143 0.3252513 0.4034344 0.229252 0.645972 0.124776 0.5315895 0.3220627 0.1463478 0.225273 0.158 0.616727 0.1948119 0.513038 0.29215 0.434361 0.288681 0.276958 0.1132408 0.1633208 0.7234383 0.2658167 0.2346867 0.4994965 5.17001e-4 0.7697548 0.2297282 0.5201376 0.1974232 0.2824393 0.4163784 0.08798706 0.4956345 0.63614 0.356718 0.007141947 0.999272 7.28e-4 0.9974031 0.002596974 1 1 1 1 1 1 1 0.990839 0.009160995 0.301414 0.453304 0.2452819 0.316005 0.476139 0.2078559 1 0.318218 0.681782 1 1 1 0.3621726 0.5105895 0.1272379 0.3299877 0.3038047 0.3662076 0.05260503 0.6071327 0.3402624 0.229252 0.645972 0.124776 1 1 1 1 1 1 1 1 1 1 1 1 1 0.999822 1.78e-4 1 1 1 1 1 1 1 1 1 1 1 1 1 1 1 1 1 1 1 1 1 1 1 1 1 1 1 1 1 1 1 1 1 1 1 1 1 1 1 1 1 1 1 1 1 1 1 1 1 1 1 1 1 1 1 1 1 1 1 1 1 1 1 1 1 1 1 1 1 1 1 1 1 1 1 1 1 1 1 1 1 1 1 1 1 1 1 1 1 1 1 1 1 1 1 1 1 1 1 1 1 1 1 1 1 1 1 1 1 1 1 1 1 1 1 1 1 1 1 1 1 1 1 1 1 1 1 1 1 1 1 1 1 1 1 1 1 1 1 1 1 1 1 1 1 1 1 1 1 1 1 1 1 1 1 1 1 1 1 1 1 1 1 1 1 1 1 1 1 1 1 1 1 1 1 1 1 1 1 1 1 1 1 1 1 1 1 1 1 1 1 1 1 1 1 1 1 1 1 1 1 1 1 1 1 1 1 1 1 1 1 1 1 1 1 1 1 1 1 1 1 1 1 1 1 1 1 1 1 1 0.80796 0.19204 1 1 1 1 1 1 1 1 1 1 1 1 1 1 1 1 1 1 1 1 1 1 1 1 1 1 1 1 1 1 1 1 1 0.155444 0.844556 1 1 1 1 1 1 1 1 1 0.02065896 0.979341 0.274226 0.725774 0.28267 0.71733 6.62e-4 0.5 0.499338 0.017048 0.5 0.482952 0.009694993 0.09030407 0.9000009 0.1 0.778868 0.121132 0.002186954 0.997813 0.177496 0.822504 0.1 0.9 0.65 0.35 0.65 0.35 0.08568108 0.5000005 0.4143184 0.31069 0.68931 0.01782798 0.9821721 4.7e-4 0.5 0.49953 0.1 0.720039 0.179961 0.001046955 0.9989531 0.65 0.35 0.65 0.35 0.199418 0.800582 0.305331 0.694669 0.03481495 0.965185 0.02108901 0.9789111 0.1000001 0.8059288 0.09407109 0.002018988 0.5000005 0.4979805 6.86e-4 0.5 0.499314 0.1 0.790316 0.109684 0.65 0.35 0.65 0.35 0.177496 0.822504 0.002186954 0.997813 0.03481495 0.965185 0.305331 0.694669 0.65 0.35 0.1 0.9 0.1000001 0.8059288 0.09407109 0.65 0.35 0.08568108 0.5000005 0.4143184 0.002018988 0.5000005 0.4979805 0.001046955 0.9989531 0.02108901 0.9789111 0.02065896 0.979341 0.28267 0.71733 0.274226 0.725774 6.62e-4 0.5 0.499338 0.1 0.778869 0.121131 0.1 0.9 0.01642298 0.5000005 0.4835765 0.002186954 0.997813 0.177495 0.822505 0.1 0.9 0.65 0.35 0.65 0.35 0.07294696 0.5 0.427053 0.01782798 0.9821721 0.31069 0.68931 4.7e-4 0.5 0.49953 0.1 0.720039 0.179961 0.001046955 0.9989531 0.65 0.35 0.65 0.35 0.199418 0.800582 0.02108901 0.9789111 0.03481495 0.965185 0.305331 0.694669 0.1 0.805929 0.09407097 0.1 0.790316 0.109684 6.86e-4 0.5 0.499314 0.002018988 0.5000005 0.4979805 0.65 0.35 0.65 0.35 0.177495 0.822505 0.305331 0.694669 0.03481495 0.965185 0.002186954 0.997813 0.65 0.35 0.65 0.35 0.1 0.805929 0.09407097 0.1 0.9 0.07294696 0.5 0.427053 0.002018988 0.5000005 0.4979805 0.02108901 0.9789111 0.001046955 0.9989531 1 1 1 1 1 1 1 1 1 1 1 1 1 1 1 1 1 1 1 1 1 1 1 1 1 1 1 1 1 1 1 1 1 1 1 1 1 1 1 1 1 1 1 1 1 1 1 1 1 1 1 1 1 1 1 1 1 1 1 1 1 1 1 1 1 1 1 1 1 1 1 1 1 1 1 1 1 1 1 1 1 1 1 1 1 1 1 1 1 1 1 1 1 1 1 1 1 1 1 1 1 1 1 1 1 1 1 1 1 1 1 1 1 1 1 1 1 1 1 1 1 1 1 1 1 1 1 1 1 1 1 1 1 1 1 1 1 1 1 1 1 1 1 1 1 1 1 1 1 1 1 1 1 1 1 1 1 1 1 1 1 1 1 1 1 1 1 1 1 1 1 1 1 1 1 1 1 1 1 1 1 1 1 1 1 1 1 1 1 1 1 1 1 1 1 1 1 1 1 1 1 1 1 1 1 1 1 1 1 1 1 1 1 1 1 1 1 1 1 1 1 1 1 1 1 1 1 1 1 1 1 1 1 1 1 1 1 1 1 1 1 1 1 1 1 1 1 1 1 1 1 1 1 1 1 1 1 1 1 1 1 1 1 1 1 1 1 1 1 1 1 1 1 1 1 1 1 1 1 1 1 1 1 1 1 1 1 1 1 1 1 1 1 1 1 1 1 1 1 1 1 1 1 1 1 1 1 1 1 1 1 1 1 1 1 1 1 1 1 1 1 1 1 1 1 1 1 1 1 1 1 1 1 1 1 1 1 1 1 1 1 1 1 1 1 1 1 1 1 1 1 1 1 1 1 1 1 1 1 1 1 1 1 1 1 1 1 1 1 1 1 1 1 1 1 1 1 1 1 1 1 1 1 1 1 1 1 1 1 1 1 1 1 1 1 1 1 1 1 1 1 1 1 1 1 1 1 1 1 1 1 1 1 1 1 1 1 1 1 1 1 1 1 1 1 1 1 1 1 1 1 1 1 1 1 1 1 1 1 1 1 1 1 1 1 1 1 1 1 1 1 1 1 1 1 1 1 1 1 1 1 1 1 1 1 1 1 1 1 1 1 1 1 1 1 1 1 1 1 1 1 1 1 1 1 1 1 1 1 1 1 1 1 1 1 1 1 1 1 1 1 1 1 1 1 1 1 1 1 1 1 1 1 1 1 1 1 1 1 1 1 1 1 1 1 1 1 1 1 1 1 1 1 1 1 1 1 1 1 1 1 1 1 1 1 1 1 1 1 1 1 1 1 1 1 1 1 1 1 1 1 1 1 1 1 1 1 1 1 1 1 1 1 1 1 1 1 1 1 1 1 1 1 1 1 1 1 1 1 1 1 1 1 1 1 1 1 1 1 1 1 1 1 1 1 1 1 1 1 1 1 1 1 1 1 1 1 1 1 1 1 1 1 1 1 1 1 1 1 1 1 1 1 1 1 1 1 1 1 1 1 1 1 1 1 1 1 1 1 1 1 1 1 1 1 1 1 1 1 1 1 1 1 1 1 1 1 1 1 1 1 1 1 1 1 1 1 1 1 1 1 1 1 1 1 1 1 1 1 1 1 1 1 1 1 1 1 1 1 1 1 1 1 1 1 1 1 1 1 1 1 1 1 1 1 1 1 1 0.25 0.75 1 1 1 1 1 1 0.25 0.75 1 1 0.271429 0.62 0.108571 0.25 0.75 0.140259 0.46766 0.392081 0.192077 0.447317 0.360606 0.227887 0.300862 0.471251 0.271429 0.108571 0.62 0.18246 0.547384 0.270156 0.545683 0.178912 0.275405 0.549881 0.112884 0.337235 0.31478 0.25 0.43522 0.357342 0.642658 0.505667 0.212615 0.281718 0.35 0.65 0.35 0.65 0.686264 0.313736 0.177694 0.522306 0.3 0.352028 0.259189 0.388783 0.2987807 0.3874996 0.3137197 0.661942 0.2103469 0.1277109 0.459752 0.251279 0.288969 0.25 0.75 0.218182 0.6 0.181818 0.40864 0.4181351 0.173225 0.1177821 0.4527115 0.4295064 0.9 0.1 1 1 0.9 0.1 0.35 0.65 0.35 0.65 0.1 0.9 0.1 0.9 1 0.1 0.9 0.1 0.9 1 1 1 1 1 0.35 0.65 0.65 0.35 0.65 0.35 0.35 0.65 1 0.836957 0.163043 0.836957 0.163043 1 1 0.5 0.5 0.5 0.5 1 0.634357 0.365643 0.334383 0.456448 0.209169 0.32506 0.253553 0.421387 0.6458717 0.02000898 0.3341193 0.467895 0.486411 0.04569399 0.2401152 0.6706037 0.08928108 0.035977 0.2482472 0.7157757 0.297812 0.294752 0.407436 0.133288 0.52355 0.343162 0.001605987 0.3263453 0.6720487 0.346408 0.235547 0.418045 0.1047888 0.4976535 0.3975576 0.392686 0.199132 0.408182 0.365349 0.294036 0.340615 0.346482 0.128232 0.525286 0.516138 0.160314 0.323548 0.096686 0.472918 0.430396 0.313531 0.686469 0.313494 0.686506 0.1186841 0.5368626 0.3444533 0.329661 0.207834 0.462505 0.13365 0.1663489 0.700001 0.4197115 0.5802885 0.365107 0.229348 0.405545 0.597215 0.2 0.202785 0.30465 0.374155 0.321195 0.243199 0.501377 0.255424 0.257973 0.2266139 0.515413 0.00179398 0.9964121 0.00179398 1 0.95 0.04999995 0.872072 0.127928 0.493568 0.506432 0.336097 0.663903 0.323259 0.676741 0.493285 0.506715 0.159058 0.840942 0.179211 0.820789 0.01146197 0.988538 0.004889965 0.99511 1 1 1 1 0.75 0.25 0.75 0.25 0.418312 0.581688 0.38869 0.61131 0.677771 0.322229 0.705018 0.294982 0.892153 0.107847 0.917882 0.08211809 0.5 0.5 0.5 0.5 0.390388 0.03181797 0.577794 0.3077837 0.3479726 0.3442437 0.574187 0.08431899 0.341494 0.562453 0.008452951 0.429094 0.220138 0.475096 0.304766 0.108875 0.33189 0.559235 0.679896 0.320104 0.787815 0.212185 0.04821401 0.951786 0.2820193 0.4405494 0.2774313 0.02429199 0.5267205 0.4489875 1 0.22916 0.659142 0.111698 0.35 0.65 1 1 1</float_array>
          <technique_common>
            <accessor source="#Armature_lightning_mcqueen_lod0-skin-weights-array" count="4197" stride="1">
              <param name="WEIGHT" type="float"/>
            </accessor>
          </technique_common>
        </source>
        <joints>
          <input semantic="JOINT" source="#Armature_lightning_mcqueen_lod0-skin-joints"/>
          <input semantic="INV_BIND_MATRIX" source="#Armature_lightning_mcqueen_lod0-skin-bind_poses"/>
        </joints>
        <vertex_weights count="3157">
          <input semantic="JOINT" source="#Armature_lightning_mcqueen_lod0-skin-joints" offset="0"/>
          <input semantic="WEIGHT" source="#Armature_lightning_mcqueen_lod0-skin-weights" offset="1"/>
          <vcount>1 1 1 1 1 1 1 1 1 1 1 1 1 1 1 1 1 1 1 1 1 1 1 1 1 1 1 1 1 1 1 1 1 1 1 2 2 1 1 1 1 1 1 1 1 1 1 1 1 1 1 1 1 1 1 1 1 1 1 1 1 1 1 1 1 1 1 1 1 1 1 1 1 1 1 1 1 1 2 2 2 2 2 3 3 3 2 2 2 2 3 3 2 3 3 2 2 2 3 3 2 2 2 2 2 2 2 2 2 2 2 2 2 3 3 2 3 2 2 2 2 3 1 1 1 1 1 1 1 1 1 1 1 1 1 1 1 1 1 1 1 1 1 1 1 1 1 1 1 1 1 1 1 1 1 1 1 1 1 1 1 1 1 1 1 1 1 1 1 1 1 1 1 1 1 1 1 1 1 1 1 1 1 1 1 1 1 1 1 1 1 1 1 1 1 1 1 1 1 1 1 1 1 1 1 1 1 1 1 1 1 1 1 1 1 1 1 1 1 1 1 1 1 1 1 1 1 1 1 1 1 1 1 1 1 1 1 1 1 1 1 1 1 1 1 1 1 1 1 1 1 1 1 1 1 1 1 1 1 1 1 1 1 1 1 1 1 1 1 1 1 1 1 1 1 1 1 1 1 1 1 1 1 1 1 1 1 1 1 1 1 1 1 1 1 1 1 1 1 1 1 1 1 1 1 1 1 1 1 1 1 1 1 1 1 1 1 1 1 1 1 1 1 1 1 1 1 1 1 1 1 1 1 1 1 1 1 1 1 1 1 1 1 1 1 1 1 1 1 1 1 1 1 1 1 1 1 1 1 1 1 1 1 1 1 1 1 1 1 1 1 1 1 1 1 1 1 1 1 1 1 1 1 1 1 1 1 1 1 1 1 1 1 1 1 1 1 1 1 1 1 1 1 1 1 1 1 1 1 1 1 1 1 1 1 1 1 1 1 1 1 1 1 1 1 1 1 1 1 1 1 1 1 1 1 1 1 1 1 1 1 1 1 1 1 1 1 1 1 1 1 1 1 1 1 1 1 1 2 2 2 2 2 1 1 1 1 1 2 2 2 1 1 1 1 1 1 1 2 1 1 2 1 2 1 1 2 2 2 2 1 1 2 1 2 1 1 2 2 1 1 1 1 1 1 1 1 1 2 2 2 1 1 1 1 1 1 1 1 1 1 1 1 1 1 1 1 1 1 1 1 1 1 1 1 1 1 1 1 1 1 1 1 1 1 1 1 1 1 1 1 1 1 1 1 1 1 1 1 1 1 1 1 1 1 1 1 1 1 1 1 1 1 1 1 1 1 1 1 1 1 1 1 1 1 1 1 1 1 1 1 1 1 1 1 1 1 1 1 1 1 1 1 1 1 1 1 1 1 1 1 1 2 3 2 2 3 3 2 3 2 2 2 3 2 3 3 2 1 1 1 1 1 1 1 1 1 1 1 1 1 1 1 1 1 1 1 1 1 1 1 1 1 1 1 1 1 1 1 1 1 1 1 1 1 1 1 1 1 1 1 1 1 1 1 1 1 1 1 1 1 1 1 1 1 1 1 1 1 1 1 1 1 1 1 1 1 1 1 1 1 1 1 1 1 1 1 1 1 1 1 1 1 1 1 1 1 1 1 1 1 1 1 1 1 1 1 1 1 1 1 1 1 1 1 1 1 1 1 1 1 1 1 1 1 1 1 1 1 1 1 1 1 1 1 1 1 1 1 1 1 1 1 1 1 1 1 1 1 1 1 1 1 1 1 1 1 1 1 1 1 1 1 1 1 1 1 1 1 1 1 1 1 1 1 1 1 1 1 1 1 1 1 1 1 1 1 1 1 1 1 1 1 1 1 1 1 1 1 1 1 1 1 1 1 1 1 1 1 1 1 1 1 1 1 1 1 1 1 1 1 1 1 1 1 1 1 1 1 1 1 1 1 1 1 1 1 1 1 1 1 1 1 1 1 1 1 1 1 1 1 1 1 1 1 1 1 1 1 1 1 1 1 1 1 1 1 1 1 1 1 1 1 1 1 1 1 1 1 1 1 1 1 1 1 1 1 1 1 1 1 1 1 1 1 1 1 1 1 1 1 1 1 1 1 1 1 1 1 1 1 1 1 1 1 1 1 1 1 1 1 1 1 1 1 1 1 1 1 1 1 1 1 1 1 1 1 1 1 1 1 1 1 1 1 1 1 1 1 1 1 1 1 1 1 1 1 1 1 1 1 1 1 1 1 1 1 1 1 1 1 1 1 1 1 1 1 1 1 1 1 1 1 1 1 1 1 1 1 1 1 1 1 1 1 1 1 1 1 1 1 1 1 1 1 1 1 1 1 1 1 1 1 1 1 1 1 1 1 1 1 1 1 1 1 1 2 1 2 1 1 1 1 1 1 1 1 1 1 1 1 1 1 1 1 1 1 1 1 1 1 1 1 1 1 1 2 1 1 2 1 1 1 1 1 1 1 2 1 1 1 1 1 1 1 1 1 1 1 1 1 1 1 1 1 1 1 1 1 1 1 1 1 1 1 1 1 1 1 1 1 1 1 1 1 1 1 1 1 1 1 1 1 1 1 1 1 1 1 1 1 1 1 1 1 1 1 1 1 1 1 1 1 1 1 1 1 1 1 1 1 1 1 1 1 1 1 1 1 1 1 1 1 1 1 1 1 2 1 1 1 1 1 1 1 1 1 1 1 1 1 1 1 1 1 1 1 1 1 1 1 1 1 1 1 1 1 1 1 1 1 1 2 1 1 1 1 1 1 1 1 3 3 3 3 3 3 3 3 3 3 3 3 2 1 1 2 3 3 3 3 3 3 3 3 2 2 3 2 3 3 3 2 3 3 3 2 3 3 2 2 2 2 1 2 1 1 1 1 1 1 1 1 1 1 1 1 1 1 1 1 2 1 1 1 1 1 1 1 1 1 1 1 1 1 1 1 1 1 1 1 1 1 1 1 1 1 2 1 1 1 1 1 1 2 3 2 3 3 3 3 3 3 3 2 2 2 3 3 3 2 3 3 3 3 3 3 2 3 3 3 3 3 3 1 1 1 1 1 1 1 3 3 3 3 3 3 2 2 1 3 3 3 2 3 3 3 3 3 3 3 3 2 2 2 2 2 2 2 2 2 2 2 1 1 2 2 2 1 1 1 1 1 1 1 1 2 1 2 2 2 1 1 3 2 3 3 1 1 1 1 1 2 2 1 1 1 1 1 1 1 1 1 1 1 1 1 1 1 1 1 1 1 1 1 1 1 1 1 1 1 1 1 1 1 1 1 1 1 1 1 1 1 1 1 1 1 1 1 1 1 1 1 1 1 1 1 1 1 2 3 3 3 3 3 3 3 3 3 3 3 3 2 3 3 2 2 3 3 2 3 3 1 1 3 3 3 3 3 3 2 1 3 2 1 2 1 2 2 2 3 3 3 3 3 3 3 2 2 2 2 2 1 3 3 3 1 1 3 3 1 1 1 1 1 1 1 1 3 3 3 3 3 3 3 2 2 1 1 1 1 3 3 3 3 3 3 3 3 3 3 3 3 3 3 3 2 2 2 1 1 1 1 1 1 1 1 1 2 1 3 3 3 3 3 1 2 3 1 1 1 1 1 2 3 1 3 3 3 3 3 3 3 3 3 3 2 2 1 1 3 3 3 3 3 3 3 2 2 3 3 3 3 2 3 3 2 3 3 2 2 2 2 2 2 2 2 1 1 1 1 1 1 2 1 1 1 1 1 1 1 1 1 1 1 1 1 1 1 1 1 1 1 1 1 1 1 1 1 2 1 1 1 2 1 1 3 2 3 3 3 3 3 3 3 2 2 2 3 3 2 2 3 3 3 3 3 2 3 3 3 3 3 3 3 1 1 1 1 1 1 1 2 2 2 2 3 3 3 2 2 1 3 2 3 3 2 3 2 3 3 2 3 2 2 2 2 2 2 2 2 2 2 1 1 2 2 2 1 1 1 1 1 1 2 1 2 2 2 1 1 1 1 3 3 3 3 1 2 1 1 1 1 2 1 1 1 1 1 1 1 1 1 1 1 1 1 1 1 1 1 1 1 1 1 1 1 1 1 1 1 1 1 1 1 1 1 1 1 1 1 1 1 1 1 1 1 1 1 1 2 3 3 3 3 3 3 3 3 3 3 3 3 3 3 2 2 2 2 3 2 2 3 1 1 3 3 3 3 3 3 1 2 3 2 1 2 1 2 2 2 2 2 3 3 3 2 3 2 2 2 2 3 1 3 1 1 1 1 1 1 1 1 1 1 3 3 3 3 3 3 2 2 2 1 1 1 1 3 3 3 3 3 3 3 3 3 3 3 3 3 3 3 2 2 1 1 1 1 1 1 1 2 3 3 1 2 1 1 1 3 3 3 3 1 1 1 1 1 1 1 1 1 1 1 1 1 2 1 1 1 1 1 1 1 1 1 1 1 1 1 1 1 1 1 1 1 1 1 1 1 1 1 1 1 1 1 1 1 1 1 1 1 1 1 1 1 1 1 1 1 1 1 1 1 1 1 1 1 1 1 1 1 1 1 1 1 1 1 1 1 1 1 1 1 1 1 1 1 1 1 1 1 1 1 1 1 1 1 1 1 1 1 1 1 1 1 1 1 1 1 1 1 1 1 1 1 1 1 1 1 1 1 1 1 1 1 1 1 1 1 1 1 1 1 1 1 1 1 1 1 1 1 1 1 1 1 1 1 1 1 1 1 1 1 1 1 1 1 1 1 1 1 1 1 1 1 1 1 1 1 1 1 1 1 1 1 1 1 1 1 1 1 1 1 1 1 1 1 1 1 1 1 1 1 1 1 1 1 1 1 1 1 1 1 1 1 1 1 1 1 1 1 1 1 1 1 1 1 1 1 1 1 1 1 1 1 1 1 1 1 1 1 1 1 1 1 1 1 1 1 1 1 1 1 1 1 1 2 1 1 1 1 1 1 1 1 1 1 1 1 1 1 1 1 1 1 1 1 1 1 1 1 1 1 1 1 1 1 1 1 1 2 1 1 1 1 1 1 1 1 1 2 2 2 3 3 3 3 2 2 2 2 2 3 2 2 3 3 2 2 2 2 2 2 2 3 3 3 3 2 2 2 2 2 2 2 2 3 2 3 3 2 2 2 2 2 3 3 2 3 2 2 2 2 2 3 2 2 3 3 2 2 2 2 2 2 2 3 3 3 3 2 2 2 2 2 2 2 2 3 2 3 3 2 2 1 1 1 1 1 1 1 1 1 1 1 1 1 1 1 1 1 1 1 1 1 1 1 1 1 1 1 1 1 1 1 1 1 1 1 1 1 1 1 1 1 1 1 1 1 1 1 1 1 1 1 1 1 1 1 1 1 1 1 1 1 1 1 1 1 1 1 1 1 1 1 1 1 1 1 1 1 1 1 1 1 1 1 1 1 1 1 1 1 1 1 1 1 1 1 1 1 1 1 1 1 1 1 1 1 1 1 1 1 1 1 1 1 1 1 1 1 1 1 1 1 1 1 1 1 1 1 1 1 1 1 1 1 1 1 1 1 1 1 1 1 1 1 1 1 1 1 1 1 1 1 1 1 1 1 1 1 1 1 1 1 1 1 1 1 1 1 1 1 1 1 1 1 1 1 1 1 1 1 1 1 1 1 1 1 1 1 1 1 1 1 1 1 1 1 1 1 1 1 1 1 1 1 1 1 1 1 1 1 1 1 1 1 1 1 1 1 1 1 1 1 1 1 1 1 1 1 1 1 1 1 1 1 1 1 1 1 1 1 1 1 1 1 1 1 1 1 1 1 1 1 1 1 1 1 1 1 1 1 1 1 1 1 1 1 1 1 1 1 1 1 1 1 1 1 1 1 1 1 1 1 1 1 1 1 1 1 1 1 1 1 1 1 1 1 1 1 1 1 1 1 1 1 1 1 1 1 1 1 1 1 1 1 1 1 1 1 1 1 1 1 1 1 1 1 1 1 1 1 1 1 1 1 1 1 1 1 1 1 1 1 1 1 1 1 1 1 1 1 1 1 1 1 1 1 1 1 1 1 1 1 1 1 1 1 1 1 1 1 1 1 1 1 1 1 1 1 1 1 1 1 1 1 1 1 1 1 1 1 1 1 1 1 1 1 1 1 1 1 1 1 1 1 1 1 1 1 1 1 1 1 1 1 1 1 1 1 1 1 1 1 1 1 1 1 1 1 1 1 1 1 1 1 1 1 1 1 1 1 1 1 1 1 1 1 1 1 1 1 1 1 1 1 1 1 1 1 1 1 1 1 1 1 1 1 1 1 1 1 1 1 1 1 1 1 1 1 1 1 1 1 1 1 1 1 1 1 1 1 1 1 1 1 1 1 1 1 1 1 1 1 1 1 1 1 1 1 1 1 1 1 1 1 1 1 1 1 1 1 1 1 1 1 1 1 1 1 1 1 1 1 1 1 1 1 1 1 1 1 1 1 1 1 1 1 1 1 1 1 1 1 1 1 1 1 1 1 1 1 1 1 1 1 1 1 1 1 1 1 1 1 1 1 1 1 1 1 1 1 1 1 1 1 1 1 1 1 1 1 1 1 1 1 1 1 1 1 1 1 1 1 1 1 1 1 1 1 1 1 1 1 1 1 1 1 1 1 1 1 1 1 1 1 1 1 1 1 1 1 1 1 1 1 1 1 1 1 1 1 1 1 1 1 1 1 1 1 1 1 1 1 1 1 1 1 1 1 1 1 1 1 1 1 1 1 1 1 1 1 1 1 1 1 1 1 1 1 1 1 1 1 1 1 1 1 1 1 1 1 1 1 1 1 1 1 1 1 1 1 1 1 1 1 1 1 1 1 1 1 1 1 1 1 1 1 1 1 1 2 1 1 1 1 1 1 2 1 1 3 2 3 3 3 3 3 3 3 3 2 3 2 2 2 3 3 3 3 3 2 3 3 3 2 1 1 2 2 2 2 2 1 2 2 1 1 1 1 1 2 2 2 2 1 2 2 1 1 2 2 1 2 3 3 3 3 3 3 3 3 3 3 3 3 3 3 3 3 2 2 3 3 3 2 3 3 3 3 3 3 1 2 2 2 2 2 2 2 2 2 2 1 1 1 1 2 2 2 2 2 2 2 2 2 2 3 3 3 3 3 3 2 2 2 3 3 1 3 2 1 1 1 </vcount>
          <v>0 0 0 1 0 2 0 3 0 4 0 5 0 6 0 7 0 8 0 9 0 10 0 11 0 12 0 13 0 14 0 15 0 16 0 17 0 18 0 19 0 20 0 21 0 22 0 23 0 24 0 25 0 26 0 27 0 28 0 29 0 30 0 31 0 32 0 33 0 34 0 35 5 36 0 37 5 38 0 39 0 40 0 41 0 42 0 43 0 44 0 45 0 46 0 47 0 48 0 49 0 50 0 51 0 52 0 53 0 54 0 55 0 56 0 57 0 58 0 59 0 60 0 61 0 62 0 63 0 64 0 65 0 66 0 67 0 68 0 69 0 70 0 71 0 72 0 73 0 74 0 75 0 76 0 77 0 78 0 79 0 80 1 81 0 82 1 83 0 84 1 85 0 86 1 87 0 88 1 89 0 90 1 91 5 92 0 93 1 94 3 95 0 96 1 97 5 98 0 99 1 100 0 101 1 102 0 103 1 104 0 105 1 106 0 107 1 108 5 109 0 110 1 111 5 112 0 113 1 114 0 115 1 116 3 117 0 118 1 119 5 120 0 121 1 122 0 123 1 124 0 125 1 126 0 127 1 128 5 129 0 130 1 131 5 132 0 133 1 134 0 135 1 136 0 137 1 138 0 139 1 140 0 141 1 142 0 143 1 144 0 145 1 146 0 147 1 148 0 149 1 150 0 151 1 152 0 153 1 154 0 155 1 156 0 157 1 158 0 159 1 160 6 161 0 162 1 163 6 164 0 165 1 166 0 167 1 168 6 169 0 170 1 171 0 172 1 173 0 174 1 175 0 176 1 177 0 178 1 179 6 180 49 181 49 182 49 183 49 184 49 185 49 186 49 187 49 188 49 189 49 190 49 191 49 192 49 193 49 194 49 195 49 196 49 197 49 198 49 199 49 200 49 201 49 202 49 203 49 204 49 205 49 206 49 207 49 208 49 209 49 210 49 211 49 212 49 213 49 214 49 215 49 216 49 217 49 218 49 219 49 220 49 221 49 222 49 223 49 224 49 225 49 226 49 227 49 228 49 229 49 230 49 231 49 232 49 233 49 234 49 235 49 236 49 237 49 238 49 239 49 240 49 241 49 242 49 243 49 244 49 245 49 246 49 247 49 248 49 249 49 250 49 251 49 252 49 253 49 254 49 255 49 256 49 257 49 258 49 259 49 260 49 261 49 262 49 263 49 264 47 265 47 266 47 267 47 268 47 269 47 270 47 271 47 272 47 273 47 274 47 275 47 276 47 277 47 278 47 279 47 280 47 281 47 282 47 283 47 284 47 285 47 286 47 287 47 288 47 289 47 290 47 291 47 292 47 293 47 294 47 295 47 296 47 297 47 298 47 299 47 300 47 301 47 302 47 303 47 304 47 305 47 306 47 307 47 308 47 309 47 310 47 311 47 312 47 313 47 314 47 315 47 316 47 317 47 318 47 319 47 320 47 321 47 322 47 323 47 324 47 325 47 326 47 327 47 328 47 329 47 330 47 331 47 332 47 333 47 334 47 335 47 336 47 337 47 338 47 339 47 340 47 341 47 342 47 343 47 344 47 345 47 346 47 347 47 348 45 349 45 350 45 351 45 352 45 353 45 354 45 355 45 356 45 357 45 358 45 359 45 360 45 361 45 362 45 363 45 364 45 365 45 366 45 367 45 368 45 369 45 370 45 371 45 372 45 373 45 374 45 375 45 376 45 377 45 378 45 379 45 380 45 381 45 382 45 383 45 384 45 385 45 386 45 387 45 388 45 389 45 390 45 391 45 392 45 393 45 394 45 395 45 396 45 397 45 398 45 399 45 400 45 401 45 402 45 403 45 404 45 405 45 406 45 407 45 408 45 409 45 410 45 411 45 412 45 413 45 414 45 415 45 416 45 417 45 418 45 419 45 420 45 421 45 422 45 423 45 424 45 425 45 426 45 427 45 428 45 429 45 430 45 431 45 432 43 433 43 434 43 435 43 436 43 437 43 438 43 439 43 440 43 441 43 442 43 443 43 444 43 445 43 446 43 447 43 448 43 449 43 450 43 451 43 452 43 453 43 454 43 455 43 456 43 457 43 458 43 459 43 460 43 461 43 462 43 463 43 464 43 465 43 466 43 467 43 468 43 469 43 470 43 471 43 472 43 473 43 474 43 475 43 476 43 477 43 478 43 479 43 480 43 481 43 482 43 483 43 484 43 485 43 486 43 487 43 488 43 489 43 490 43 491 43 492 43 493 43 494 43 495 43 496 43 497 43 498 43 499 43 500 43 501 43 502 43 503 43 504 43 505 43 506 43 507 43 508 43 509 43 510 43 511 43 512 43 513 43 514 43 515 43 516 16 517 17 518 16 519 17 520 16 521 17 522 16 523 17 524 16 525 17 526 16 527 0 528 0 529 16 530 16 531 16 532 21 533 16 534 21 535 16 536 21 537 21 538 0 539 0 540 17 541 17 542 0 543 0 544 16 545 17 546 17 547 17 548 16 549 17 550 0 551 16 552 17 553 21 554 21 555 18 556 19 557 18 558 19 559 18 560 19 561 18 562 19 563 0 564 18 565 18 566 19 567 0 568 18 569 22 570 18 571 18 572 18 573 22 574 18 575 22 576 0 577 0 578 22 579 19 580 0 581 0 582 19 583 19 584 19 585 18 586 19 587 18 588 19 589 18 590 19 591 0 592 22 593 22 594 7 595 7 596 7 597 7 598 7 599 7 600 7 601 7 602 7 603 7 604 7 605 7 606 7 607 7 608 7 609 7 610 7 611 7 612 7 613 7 614 7 615 7 616 7 617 7 618 7 619 7 620 7 621 7 622 7 623 7 624 7 625 7 626 7 627 7 628 7 629 7 630 7 631 7 632 7 633 7 634 7 635 7 636 7 637 7 638 7 639 7 640 7 641 7 642 7 643 8 644 8 645 8 646 8 647 8 648 8 649 8 650 8 651 8 652 8 653 8 654 8 655 8 656 8 657 8 658 8 659 8 660 8 661 8 662 8 663 8 664 8 665 8 666 8 667 8 668 8 669 8 670 8 671 8 672 8 673 8 674 8 675 8 676 8 677 8 678 8 679 8 680 8 681 8 682 8 683 8 684 8 685 8 686 8 687 8 688 8 689 8 690 8 691 8 692 0 693 1 694 1 695 3 696 5 697 0 698 1 699 0 700 1 701 1 702 3 703 5 704 1 705 3 706 5 707 0 708 1 709 1 710 2 711 4 712 0 713 1 714 0 715 1 716 0 717 1 718 1 719 4 720 6 721 0 722 1 723 1 724 4 725 6 726 1 727 4 728 6 729 0 730 1 731 0 732 0 733 0 734 0 735 0 736 0 737 0 738 0 739 0 740 0 741 0 742 0 743 0 744 0 745 0 746 0 747 0 748 0 749 0 750 0 751 0 752 0 753 0 754 0 755 0 756 0 757 0 758 0 759 0 760 0 761 0 762 0 763 0 764 0 765 0 766 0 767 0 768 0 769 0 770 0 771 0 772 0 773 0 774 0 775 0 776 0 777 0 778 0 779 0 780 0 781 0 782 0 783 0 784 0 785 0 786 0 787 0 788 0 789 0 790 0 791 0 792 0 793 0 794 0 795 0 796 0 797 0 798 0 799 0 800 0 801 0 802 0 803 0 804 0 805 0 806 0 807 0 808 0 809 0 810 0 811 0 812 0 813 0 814 0 815 0 816 0 817 0 818 0 819 0 820 0 821 0 822 0 823 0 824 0 825 0 826 0 827 0 828 0 829 0 830 0 831 0 832 0 833 0 834 0 835 0 836 0 837 0 838 0 839 0 840 0 841 0 842 0 843 0 844 0 845 0 846 0 847 0 848 0 849 0 850 0 851 0 852 0 853 0 854 0 855 0 856 0 857 0 858 0 859 0 860 0 861 0 862 0 863 0 864 0 865 0 866 0 867 0 868 0 869 0 870 0 871 0 872 0 873 0 874 0 875 0 876 0 877 0 878 0 879 0 880 0 881 0 882 0 883 0 884 0 885 0 886 0 887 0 888 0 889 0 890 0 891 0 892 0 893 0 894 0 895 0 896 0 897 0 898 0 899 0 900 0 901 0 902 0 903 0 904 0 905 0 906 0 907 0 908 0 909 0 910 0 911 0 912 0 913 0 914 0 915 0 916 0 917 0 918 0 919 0 920 0 921 0 922 0 923 0 924 0 925 0 926 0 927 0 928 0 929 0 930 0 931 0 932 0 933 0 934 0 935 0 936 0 937 0 938 0 939 0 940 0 941 0 942 0 943 0 944 0 945 0 946 0 947 0 948 0 949 0 950 0 951 0 952 0 953 0 954 0 955 0 956 0 957 0 958 0 959 0 960 0 961 0 962 0 963 0 964 0 965 0 966 0 967 0 968 0 969 0 970 0 971 0 972 0 973 0 974 0 975 0 976 0 977 0 978 0 979 0 980 0 981 0 982 0 983 0 984 0 985 0 986 0 987 0 988 0 989 0 990 0 991 0 992 0 993 0 994 0 995 0 996 0 997 0 998 0 999 0 1000 0 1001 0 1002 0 1003 0 1004 0 1005 0 1006 0 1007 0 1008 0 1009 0 1010 0 1011 0 1012 0 1013 0 1014 0 1015 0 1016 0 1017 0 1018 0 1019 0 1020 0 1021 0 1022 0 1023 0 1024 0 1025 0 1026 0 1027 0 1028 0 1029 0 1030 0 1031 0 1032 0 1033 0 1034 0 1035 0 1036 0 1037 0 1038 0 1039 0 1040 0 1041 0 1042 0 1043 0 1044 0 1045 0 1046 0 1047 0 1048 0 1049 0 1050 0 1051 0 1052 0 1053 0 1054 0 1055 0 1056 0 1057 0 1058 0 1059 0 1060 0 1061 0 1062 0 1063 0 1064 0 1065 0 1066 0 1067 0 1068 0 1069 0 1070 0 1071 0 1072 48 1073 48 1074 0 1075 0 1076 48 1077 48 1078 0 1079 0 1080 48 1081 48 1082 0 1083 0 1084 0 1085 48 1086 48 1087 0 1088 0 1089 48 1090 48 1091 0 1092 0 1093 48 1094 48 1095 0 1096 0 1097 48 1098 48 1099 0 1100 48 1101 48 1102 0 1103 0 1104 48 1105 48 1106 0 1107 0 1108 44 1109 44 1110 0 1111 0 1112 44 1113 44 1114 0 1115 0 1116 44 1117 44 1118 0 1119 0 1120 0 1121 44 1122 44 1123 0 1124 0 1125 44 1126 44 1127 0 1128 0 1129 44 1130 44 1131 0 1132 0 1133 44 1134 44 1135 0 1136 44 1137 0 1138 44 1139 44 1140 0 1141 0 1142 44 1143 0 1144 0 1145 0 1146 0 1147 0 1148 0 1149 0 1150 23 1151 0 1152 0 1153 23 1154 0 1155 0 1156 0 1157 0 1158 0 1159 0 1160 0 1161 0 1162 0 1163 0 1164 0 1165 0 1166 0 1167 0 1168 0 1169 0 1170 0 1171 0 1172 0 1173 0 1174 0 1175 0 1176 0 1177 0 1178 0 1179 0 1180 0 1181 0 1182 23 1183 0 1184 0 1185 0 1186 23 1187 0 1188 0 1189 0 1190 0 1191 0 1192 0 1193 0 1194 0 1195 23 1196 0 1197 0 1198 0 1199 0 1200 0 1201 0 1202 0 1203 0 1204 0 1205 0 1206 0 1207 0 1208 46 1209 46 1210 0 1211 0 1212 46 1213 46 1214 0 1215 0 1216 46 1217 46 1218 0 1219 46 1220 46 1221 0 1222 0 1223 46 1224 46 1225 0 1226 0 1227 46 1228 46 1229 0 1230 0 1231 46 1232 46 1233 0 1234 0 1235 0 1236 46 1237 46 1238 0 1239 0 1240 46 1241 46 1242 0 1243 0 1244 42 1245 42 1246 0 1247 0 1248 42 1249 42 1250 0 1251 0 1252 42 1253 42 1254 0 1255 42 1256 42 1257 0 1258 0 1259 42 1260 42 1261 0 1262 0 1263 42 1264 42 1265 0 1266 0 1267 42 1268 42 1269 0 1270 0 1271 42 1272 0 1273 0 1274 42 1275 42 1276 0 1277 42 1278 0 1279 0 1280 0 1281 0 1282 0 1283 0 1284 0 1285 0 1286 23 1287 0 1288 0 1289 0 1290 0 1291 0 1292 0 1293 0 1294 0 1295 0 1296 0 1297 0 1298 0 1299 0 1300 0 1301 0 1302 0 1303 0 1304 0 1305 0 1306 0 1307 0 1308 0 1309 0 1310 0 1311 0 1312 0 1313 0 1314 0 1315 0 1316 0 1317 0 1318 0 1319 0 1320 0 1321 0 1322 23 1323 0 1324 0 1325 0 1326 0 1327 0 1328 0 1329 0 1330 0 1331 0 1332 32 1333 33 1334 0 1335 32 1336 33 1337 0 1338 32 1339 33 1340 0 1341 32 1342 33 1343 0 1344 30 1345 32 1346 0 1347 30 1348 32 1349 24 1350 30 1351 32 1352 0 1353 30 1354 32 1355 24 1356 30 1357 41 1358 24 1359 30 1360 41 1361 0 1362 24 1363 30 1364 0 1365 24 1366 30 1367 24 1368 26 1369 24 1370 24 1371 24 1372 26 1373 0 1374 23 1375 26 1376 0 1377 23 1378 26 1379 23 1380 24 1381 26 1382 23 1383 24 1384 26 1385 0 1386 32 1387 37 1388 0 1389 33 1390 36 1391 0 1392 30 1393 32 1394 30 1395 32 1396 37 1397 0 1398 23 1399 0 1400 23 1401 23 1402 30 1403 41 1404 23 1405 41 1406 23 1407 30 1408 41 1409 0 1410 30 1411 41 1412 0 1413 37 1414 41 1415 0 1416 41 1417 0 1418 37 1419 41 1420 0 1421 37 1422 41 1423 0 1424 23 1425 41 1426 0 1427 41 1428 0 1429 30 1430 41 1431 0 1432 23 1433 41 1434 0 1435 37 1436 0 1437 37 1438 0 1439 37 1440 0 1441 37 1442 0 1443 0 1444 37 1445 0 1446 0 1447 0 1448 0 1449 0 1450 0 1451 0 1452 0 1453 0 1454 0 1455 0 1456 0 1457 0 1458 0 1459 0 1460 0 1461 0 1462 1 1463 0 1464 0 1465 0 1466 0 1467 0 1468 0 1469 0 1470 0 1471 0 1472 0 1473 0 1474 0 1475 0 1476 0 1477 0 1478 0 1479 0 1480 0 1481 0 1482 0 1483 0 1484 0 1485 0 1486 0 1487 0 1488 0 1489 1 1490 0 1491 0 1492 0 1493 0 1494 0 1495 0 1496 0 1497 1 1498 0 1499 23 1500 41 1501 0 1502 23 1503 0 1504 23 1505 24 1506 30 1507 37 1508 41 1509 0 1510 30 1511 41 1512 0 1513 30 1514 41 1515 30 1516 32 1517 37 1518 23 1519 30 1520 41 1521 23 1522 30 1523 41 1524 23 1525 24 1526 24 1527 26 1528 24 1529 26 1530 0 1531 32 1532 33 1533 0 1534 32 1535 33 1536 23 1537 24 1538 30 1539 24 1540 30 1541 23 1542 30 1543 41 1544 0 1545 23 1546 41 1547 23 1548 24 1549 41 1550 0 1551 30 1552 32 1553 24 1554 30 1555 32 1556 24 1557 30 1558 32 1559 24 1560 30 1561 0 1562 37 1563 41 1564 0 1565 37 1566 41 1567 0 1568 30 1569 41 1570 30 1571 37 1572 41 1573 30 1574 37 1575 41 1576 30 1577 32 1578 37 1579 0 1580 0 1581 0 1582 0 1583 0 1584 0 1585 0 1586 24 1587 30 1588 32 1589 24 1590 30 1591 32 1592 24 1593 30 1594 32 1595 24 1596 30 1597 32 1598 0 1599 30 1600 32 1601 0 1602 30 1603 32 1604 24 1605 30 1606 24 1607 26 1608 24 1609 0 1610 32 1611 33 1612 32 1613 33 1614 34 1615 32 1616 33 1617 34 1618 0 1619 37 1620 0 1621 30 1622 37 1623 30 1624 37 1625 41 1626 0 1627 30 1628 37 1629 0 1630 32 1631 37 1632 30 1633 32 1634 37 1635 30 1636 32 1637 37 1638 0 1639 32 1640 37 1641 0 1642 30 1643 37 1644 0 1645 37 1646 0 1647 37 1648 0 1649 37 1650 0 1651 37 1652 0 1653 37 1654 0 1655 37 1656 0 1657 37 1658 0 1659 37 1660 0 1661 37 1662 0 1663 37 1664 0 1665 37 1666 0 1667 0 1668 0 1669 1 1670 0 1671 1 1672 0 1673 1 1674 0 1675 0 1676 0 1677 0 1678 0 1679 0 1680 0 1681 0 1682 0 1683 1 1684 0 1685 0 1686 1 1687 0 1688 1 1689 0 1690 1 1691 0 1692 0 1693 2 1694 3 1695 5 1696 3 1697 5 1698 1 1699 3 1700 5 1701 1 1702 3 1703 5 1704 0 1705 0 1706 0 1707 0 1708 0 1709 0 1710 1 1711 0 1712 1 1713 0 1714 0 1715 0 1716 0 1717 0 1718 0 1719 0 1720 0 1721 0 1722 0 1723 0 1724 0 1725 0 1726 0 1727 0 1728 0 1729 0 1730 0 1731 0 1732 0 1733 0 1734 0 1735 0 1736 0 1737 0 1738 0 1739 0 1740 0 1741 0 1742 0 1743 0 1744 0 1745 0 1746 0 1747 0 1748 0 1749 0 1750 0 1751 0 1752 0 1753 0 1754 0 1755 0 1756 0 1757 0 1758 0 1759 0 1760 0 1761 0 1762 0 1763 0 1764 0 1765 0 1766 0 1767 0 1768 0 1769 1 1770 0 1771 1 1772 5 1773 0 1774 1 1775 5 1776 0 1777 1 1778 5 1779 1 1780 3 1781 5 1782 1 1783 3 1784 5 1785 1 1786 3 1787 5 1788 1 1789 3 1790 5 1791 0 1792 1 1793 5 1794 2 1795 3 1796 5 1797 2 1798 3 1799 5 1800 1 1801 3 1802 5 1803 2 1804 3 1805 5 1806 1 1807 5 1808 0 1809 1 1810 5 1811 0 1812 1 1813 5 1814 0 1815 1 1816 0 1817 1 1818 0 1819 1 1820 5 1821 0 1822 1 1823 2 1824 0 1825 1 1826 0 1827 1 1828 5 1829 0 1830 1 1831 5 1832 0 1833 0 1834 0 1835 30 1836 32 1837 0 1838 30 1839 32 1840 0 1841 32 1842 33 1843 0 1844 32 1845 33 1846 32 1847 33 1848 34 1849 0 1850 32 1851 33 1852 0 1853 33 1854 0 1855 23 1856 24 1857 26 1858 24 1859 26 1860 24 1861 23 1862 24 1863 23 1864 0 1865 23 1866 0 1867 23 1868 0 1869 23 1870 24 1871 30 1872 32 1873 0 1874 30 1875 32 1876 24 1877 30 1878 32 1879 23 1880 24 1881 30 1882 24 1883 30 1884 32 1885 24 1886 30 1887 32 1888 0 1889 30 1890 32 1891 24 1892 30 1893 0 1894 23 1895 0 1896 23 1897 0 1898 37 1899 0 1900 37 1901 0 1902 0 1903 1 1904 2 1905 0 1906 1 1907 3 1908 0 1909 1 1910 5 1911 0 1912 0 1913 1 1914 2 1915 4 1916 1 1917 3 1918 4 1919 0 1920 0 1921 0 1922 0 1923 0 1924 0 1925 0 1926 0 1927 0 1928 30 1929 37 1930 0 1931 30 1932 37 1933 0 1934 1 1935 5 1936 0 1937 1 1938 5 1939 0 1940 1 1941 5 1942 0 1943 1 1944 5 1945 0 1946 1 1947 5 1948 0 1949 1 1950 0 1951 1 1952 0 1953 0 1954 0 1955 0 1956 30 1957 37 1958 41 1959 30 1960 37 1961 41 1962 30 1963 37 1964 41 1965 30 1966 37 1967 41 1968 30 1969 32 1970 37 1971 30 1972 32 1973 37 1974 30 1975 32 1976 37 1977 30 1978 32 1979 37 1980 0 1981 30 1982 32 1983 30 1984 37 1985 41 1986 30 1987 37 1988 41 1989 30 1990 37 1991 41 1992 0 1993 30 1994 41 1995 0 1996 30 1997 37 1998 0 1999 30 2000 37 2001 0 2002 1 2003 0 2004 1 2005 0 2006 1 2007 0 2008 0 2009 0 2010 0 2011 0 2012 0 2013 0 2014 0 2015 0 2016 0 2017 36 2018 0 2019 2 2020 3 2021 5 2022 2 2023 3 2024 5 2025 1 2026 2 2027 4 2028 1 2029 2 2030 4 2031 1 2032 3 2033 4 2034 26 2035 23 2036 26 2037 0 2038 33 2039 36 2040 0 2041 0 2042 0 2043 0 2044 0 2045 0 2046 1 2047 0 2048 32 2049 33 2050 26 2051 0 2052 33 2053 34 2054 0 2055 33 2056 34 2057 0 2058 31 2059 34 2060 0 2061 31 2062 34 2063 0 2064 31 2065 34 2066 0 2067 31 2068 34 2069 25 2070 31 2071 40 2072 0 2073 25 2074 31 2075 0 2076 25 2077 31 2078 25 2079 31 2080 40 2081 25 2082 26 2083 25 2084 26 2085 25 2086 25 2087 0 2088 23 2089 26 2090 23 2091 24 2092 26 2093 23 2094 25 2095 26 2096 23 2097 25 2098 26 2099 0 2100 34 2101 36 2102 0 2103 31 2104 34 2105 31 2106 34 2107 36 2108 0 2109 23 2110 0 2111 23 2112 23 2113 31 2114 40 2115 23 2116 31 2117 40 2118 23 2119 31 2120 40 2121 23 2122 25 2123 40 2124 0 2125 40 2126 0 2127 36 2128 40 2129 0 2130 36 2131 40 2132 0 2133 40 2134 0 2135 23 2136 40 2137 0 2138 23 2139 40 2140 0 2141 40 2142 0 2143 40 2144 0 2145 36 2146 0 2147 36 2148 0 2149 36 2150 0 2151 36 2152 0 2153 36 2154 0 2155 36 2156 0 2157 0 2158 0 2159 0 2160 0 2161 0 2162 0 2163 1 2164 0 2165 0 2166 0 2167 0 2168 0 2169 0 2170 0 2171 0 2172 0 2173 0 2174 0 2175 0 2176 0 2177 0 2178 0 2179 0 2180 0 2181 0 2182 0 2183 0 2184 0 2185 0 2186 0 2187 0 2188 0 2189 0 2190 1 2191 0 2192 0 2193 0 2194 0 2195 1 2196 0 2197 0 2198 0 2199 23 2200 40 2201 23 2202 40 2203 0 2204 23 2205 25 2206 23 2207 31 2208 40 2209 0 2210 31 2211 40 2212 0 2213 31 2214 40 2215 31 2216 34 2217 36 2218 25 2219 31 2220 40 2221 23 2222 31 2223 40 2224 23 2225 25 2226 24 2227 26 2228 24 2229 26 2230 0 2231 33 2232 34 2233 0 2234 33 2235 34 2236 25 2237 31 2238 25 2239 31 2240 23 2241 31 2242 40 2243 0 2244 23 2245 40 2246 23 2247 25 2248 40 2249 0 2250 31 2251 34 2252 23 2253 31 2254 40 2255 31 2256 34 2257 0 2258 31 2259 34 2260 0 2261 36 2262 40 2263 0 2264 36 2265 40 2266 0 2267 36 2268 40 2269 31 2270 36 2271 40 2272 31 2273 34 2274 40 2275 31 2276 36 2277 40 2278 0 2279 0 2280 0 2281 0 2282 0 2283 0 2284 0 2285 0 2286 1 2287 31 2288 34 2289 31 2290 34 2291 25 2292 31 2293 25 2294 31 2295 34 2296 0 2297 31 2298 34 2299 0 2300 31 2301 34 2302 25 2303 31 2304 25 2305 26 2306 25 2307 0 2308 33 2309 34 2310 0 2311 36 2312 0 2313 36 2314 40 2315 0 2316 36 2317 40 2318 0 2319 36 2320 0 2321 34 2322 36 2323 0 2324 36 2325 34 2326 36 2327 40 2328 0 2329 34 2330 36 2331 0 2332 36 2333 0 2334 36 2335 40 2336 0 2337 36 2338 0 2339 36 2340 0 2341 36 2342 0 2343 36 2344 0 2345 36 2346 0 2347 36 2348 0 2349 36 2350 0 2351 36 2352 0 2353 36 2354 0 2355 36 2356 0 2357 0 2358 0 2359 1 2360 0 2361 1 2362 0 2363 1 2364 0 2365 0 2366 0 2367 0 2368 0 2369 0 2370 0 2371 1 2372 0 2373 0 2374 1 2375 0 2376 1 2377 0 2378 1 2379 0 2380 0 2381 0 2382 0 2383 1 2384 4 2385 6 2386 0 2387 4 2388 6 2389 1 2390 4 2391 6 2392 1 2393 4 2394 6 2395 0 2396 0 2397 1 2398 0 2399 0 2400 0 2401 0 2402 0 2403 1 2404 0 2405 0 2406 0 2407 0 2408 0 2409 0 2410 0 2411 0 2412 0 2413 0 2414 0 2415 0 2416 0 2417 0 2418 0 2419 0 2420 0 2421 0 2422 0 2423 0 2424 0 2425 0 2426 0 2427 0 2428 0 2429 0 2430 0 2431 0 2432 0 2433 0 2434 0 2435 0 2436 0 2437 0 2438 0 2439 0 2440 0 2441 0 2442 0 2443 0 2444 0 2445 0 2446 0 2447 0 2448 0 2449 0 2450 0 2451 1 2452 1 2453 4 2454 6 2455 1 2456 4 2457 6 2458 0 2459 1 2460 4 2461 0 2462 1 2463 6 2464 0 2465 1 2466 3 2467 1 2468 2 2469 4 2470 1 2471 4 2472 6 2473 0 2474 4 2475 6 2476 1 2477 4 2478 6 2479 1 2480 4 2481 6 2482 1 2483 4 2484 6 2485 2 2486 4 2487 6 2488 1 2489 4 2490 6 2491 0 2492 1 2493 6 2494 0 2495 1 2496 0 2497 1 2498 0 2499 1 2500 0 2501 1 2502 0 2503 1 2504 2 2505 0 2506 1 2507 0 2508 1 2509 0 2510 1 2511 6 2512 0 2513 0 2514 0 2515 31 2516 34 2517 0 2518 33 2519 34 2520 0 2521 33 2522 34 2523 0 2524 31 2525 34 2526 0 2527 32 2528 33 2529 32 2530 33 2531 34 2532 0 2533 0 2534 33 2535 23 2536 25 2537 26 2538 23 2539 25 2540 25 2541 25 2542 26 2543 23 2544 0 2545 23 2546 0 2547 23 2548 0 2549 23 2550 31 2551 34 2552 31 2553 34 2554 25 2555 31 2556 34 2557 23 2558 25 2559 31 2560 25 2561 31 2562 34 2563 25 2564 31 2565 0 2566 31 2567 34 2568 25 2569 31 2570 0 2571 23 2572 0 2573 23 2574 0 2575 36 2576 0 2577 36 2578 40 2579 0 2580 0 2581 1 2582 6 2583 0 2584 0 2585 0 2586 0 2587 0 2588 0 2589 0 2590 0 2591 0 2592 0 2593 0 2594 36 2595 40 2596 0 2597 36 2598 40 2599 1 2600 4 2601 6 2602 0 2603 1 2604 6 2605 0 2606 1 2607 6 2608 0 2609 1 2610 6 2611 0 2612 1 2613 0 2614 1 2615 0 2616 1 2617 0 2618 0 2619 0 2620 0 2621 0 2622 36 2623 40 2624 0 2625 36 2626 40 2627 0 2628 36 2629 40 2630 31 2631 36 2632 40 2633 34 2634 36 2635 40 2636 31 2637 34 2638 36 2639 0 2640 31 2641 34 2642 31 2643 34 2644 36 2645 31 2646 34 2647 36 2648 31 2649 36 2650 40 2651 31 2652 36 2653 40 2654 0 2655 36 2656 40 2657 0 2658 36 2659 40 2660 0 2661 36 2662 40 2663 0 2664 36 2665 40 2666 0 2667 1 2668 0 2669 1 2670 0 2671 0 2672 0 2673 0 2674 0 2675 0 2676 0 2677 0 2678 1 2679 2 2680 4 2681 6 2682 2 2683 4 2684 6 2685 26 2686 23 2687 26 2688 0 2689 0 2690 26 2691 30 2692 37 2693 41 2694 30 2695 32 2696 37 2697 0 2698 36 2699 40 2700 34 2701 36 2702 40 2703 0 2704 0 2705 0 2706 0 2707 0 2708 0 2709 0 2710 0 2711 0 2712 0 2713 0 2714 0 2715 0 2716 0 2717 1 2718 0 2719 39 2720 39 2721 39 2722 39 2723 39 2724 39 2725 39 2726 39 2727 39 2728 39 2729 39 2730 39 2731 39 2732 39 2733 39 2734 39 2735 39 2736 39 2737 39 2738 39 2739 39 2740 39 2741 39 2742 39 2743 39 2744 39 2745 39 2746 39 2747 39 2748 39 2749 39 2750 39 2751 39 2752 39 2753 39 2754 39 2755 39 2756 39 2757 39 2758 39 2759 39 2760 39 2761 39 2762 39 2763 39 2764 39 2765 39 2766 39 2767 39 2768 39 2769 39 2770 39 2771 39 2772 39 2773 39 2774 39 2775 39 2776 39 2777 39 2778 39 2779 39 2780 39 2781 39 2782 39 2783 39 2784 39 2785 39 2786 39 2787 39 2788 39 2789 39 2790 39 2791 39 2792 39 2793 39 2794 39 2795 39 2796 39 2797 39 2798 39 2799 39 2800 39 2801 39 2802 39 2803 39 2804 39 2805 39 2806 39 2807 39 2808 39 2809 39 2810 39 2811 39 2812 39 2813 39 2814 39 2815 39 2816 39 2817 38 2818 38 2819 38 2820 38 2821 38 2822 38 2823 38 2824 38 2825 38 2826 38 2827 38 2828 38 2829 38 2830 38 2831 38 2832 38 2833 38 2834 38 2835 38 2836 38 2837 38 2838 38 2839 38 2840 38 2841 38 2842 38 2843 38 2844 38 2845 38 2846 38 2847 38 2848 38 2849 38 2850 38 2851 38 2852 38 2853 38 2854 38 2855 38 2856 38 2857 38 2858 38 2859 38 2860 38 2861 38 2862 38 2863 38 2864 38 2865 38 2866 38 2867 38 2868 38 2869 38 2870 38 2871 38 2872 38 2873 38 2874 38 2875 38 2876 38 2877 38 2878 38 2879 38 2880 38 2881 38 2882 38 2883 38 2884 38 2885 38 2886 38 2887 38 2888 38 2889 38 2890 38 2891 38 2892 38 2893 38 2894 38 2895 38 2896 38 2897 38 2898 38 2899 38 2900 38 2901 38 2902 38 2903 38 2904 38 2905 38 2906 38 2907 38 2908 38 2909 38 2910 38 2911 38 2912 38 2913 38 2914 38 2915 27 2916 27 2917 27 2918 27 2919 27 2920 27 2921 27 2922 27 2923 27 2924 27 2925 27 2926 27 2927 27 2928 27 2929 27 2930 27 2931 27 2932 27 2933 27 2934 27 2935 27 2936 27 2937 27 2938 27 2939 27 2940 27 2941 27 2942 27 2943 27 2944 27 2945 27 2946 27 2947 27 2948 27 2949 31 2950 27 2951 27 2952 27 2953 27 2954 27 2955 27 2956 27 2957 27 2958 27 2959 27 2960 35 2961 35 2962 35 2963 35 2964 35 2965 35 2966 35 2967 35 2968 35 2969 35 2970 35 2971 35 2972 35 2973 35 2974 35 2975 35 2976 35 2977 35 2978 35 2979 35 2980 35 2981 35 2982 35 2983 31 2984 35 2985 35 2986 35 2987 35 2988 35 2989 35 2990 35 2991 35 2992 35 2993 35 2994 28 2995 29 2996 28 2997 29 2998 28 2999 29 3000 0 3001 28 3002 29 3003 0 3004 28 3005 29 3006 0 3007 23 3008 28 3009 23 3010 28 3011 29 3012 28 3013 29 3014 28 3015 29 3016 23 3017 28 3018 23 3019 28 3020 23 3021 28 3022 0 3023 28 3024 29 3025 28 3026 29 3027 28 3028 29 3029 0 3030 28 3031 29 3032 23 3033 28 3034 29 3035 28 3036 29 3037 23 3038 28 3039 23 3040 28 3041 28 3042 29 3043 28 3044 29 3045 28 3046 29 3047 28 3048 29 3049 23 3050 28 3051 29 3052 0 3053 28 3054 29 3055 0 3056 28 3057 29 3058 23 3059 28 3060 29 3061 23 3062 28 3063 23 3064 28 3065 28 3066 29 3067 28 3068 29 3069 28 3070 29 3071 28 3072 29 3073 23 3074 28 3075 23 3076 28 3077 23 3078 28 3079 29 3080 23 3081 28 3082 0 3083 28 3084 29 3085 0 3086 28 3087 29 3088 28 3089 29 3090 28 3091 29 3092 28 3093 29 3094 28 3095 29 3096 28 3097 29 3098 0 3099 28 3100 29 3101 23 3102 28 3103 29 3104 23 3105 28 3106 0 3107 28 3108 29 3109 28 3110 29 3111 28 3112 29 3113 23 3114 28 3115 23 3116 28 3117 23 3118 28 3119 0 3120 28 3121 29 3122 28 3123 29 3124 28 3125 29 3126 0 3127 28 3128 29 3129 23 3130 28 3131 29 3132 28 3133 29 3134 23 3135 28 3136 23 3137 28 3138 28 3139 29 3140 28 3141 29 3142 28 3143 29 3144 28 3145 29 3146 23 3147 28 3148 29 3149 23 3150 28 3151 29 3152 0 3153 28 3154 29 3155 0 3156 28 3157 29 3158 23 3159 28 3160 23 3161 28 3162 28 3163 29 3164 28 3165 29 3166 28 3167 29 3168 28 3169 29 3170 23 3171 28 3172 23 3173 28 3174 23 3175 28 3176 29 3177 23 3178 28 3179 0 3180 28 3181 29 3182 0 3183 28 3184 29 3185 28 3186 29 3187 28 3188 29 3189 49 3190 49 3191 49 3192 49 3193 49 3194 49 3195 49 3196 49 3197 49 3198 49 3199 49 3200 49 3201 49 3202 49 3203 49 3204 49 3205 49 3206 49 3207 49 3208 49 3209 49 3210 49 3211 49 3212 49 3213 49 3214 49 3215 49 3216 49 3217 49 3218 49 3219 49 3220 49 3221 49 3222 49 3223 49 3224 49 3225 49 3226 49 3227 49 3228 49 3229 49 3230 49 3231 49 3232 49 3233 49 3234 49 3235 49 3236 49 3237 49 3238 49 3239 49 3240 49 3241 49 3242 49 3243 49 3244 49 3245 49 3246 49 3247 49 3248 49 3249 49 3250 49 3251 49 3252 49 3253 49 3254 49 3255 49 3256 49 3257 49 3258 49 3259 49 3260 49 3261 49 3262 49 3263 49 3264 49 3265 49 3266 49 3267 49 3268 49 3269 49 3270 49 3271 49 3272 49 3273 49 3274 49 3275 49 3276 49 3277 49 3278 49 3279 49 3280 49 3281 49 3282 49 3283 49 3284 49 3285 49 3286 49 3287 49 3288 49 3289 49 3290 49 3291 49 3292 49 3293 49 3294 49 3295 49 3296 49 3297 49 3298 49 3299 49 3300 49 3301 49 3302 49 3303 49 3304 49 3305 49 3306 49 3307 49 3308 49 3309 49 3310 49 3311 49 3312 49 3313 49 3314 49 3315 49 3316 49 3317 49 3318 49 3319 49 3320 49 3321 49 3322 49 3323 49 3324 49 3325 49 3326 49 3327 49 3328 49 3329 49 3330 49 3331 49 3332 49 3333 49 3334 49 3335 49 3336 49 3337 49 3338 49 3339 49 3340 49 3341 49 3342 49 3343 49 3344 49 3345 49 3346 49 3347 49 3348 49 3349 49 3350 49 3351 49 3352 49 3353 49 3354 49 3355 49 3356 49 3357 49 3358 49 3359 49 3360 49 3361 49 3362 49 3363 49 3364 49 3365 49 3366 49 3367 49 3368 47 3369 47 3370 47 3371 47 3372 47 3373 47 3374 47 3375 47 3376 47 3377 47 3378 47 3379 47 3380 47 3381 47 3382 47 3383 47 3384 47 3385 47 3386 47 3387 47 3388 47 3389 47 3390 47 3391 47 3392 47 3393 47 3394 47 3395 47 3396 47 3397 47 3398 47 3399 47 3400 47 3401 47 3402 47 3403 47 3404 47 3405 47 3406 47 3407 47 3408 47 3409 47 3410 47 3411 47 3412 47 3413 47 3414 47 3415 47 3416 47 3417 47 3418 47 3419 47 3420 47 3421 47 3422 47 3423 47 3424 47 3425 47 3426 47 3427 47 3428 47 3429 47 3430 47 3431 47 3432 47 3433 47 3434 47 3435 47 3436 47 3437 47 3438 47 3439 47 3440 47 3441 47 3442 47 3443 47 3444 47 3445 47 3446 47 3447 47 3448 47 3449 47 3450 47 3451 47 3452 47 3453 47 3454 47 3455 47 3456 47 3457 47 3458 47 3459 47 3460 47 3461 47 3462 47 3463 47 3464 47 3465 47 3466 47 3467 47 3468 47 3469 47 3470 47 3471 47 3472 47 3473 47 3474 47 3475 47 3476 47 3477 47 3478 47 3479 47 3480 47 3481 47 3482 47 3483 47 3484 47 3485 47 3486 47 3487 47 3488 47 3489 47 3490 47 3491 47 3492 47 3493 47 3494 47 3495 47 3496 47 3497 47 3498 47 3499 47 3500 47 3501 47 3502 47 3503 47 3504 47 3505 47 3506 47 3507 47 3508 47 3509 47 3510 47 3511 47 3512 47 3513 47 3514 47 3515 47 3516 47 3517 47 3518 47 3519 47 3520 47 3521 47 3522 47 3523 47 3524 47 3525 47 3526 47 3527 47 3528 47 3529 47 3530 47 3531 47 3532 47 3533 47 3534 47 3535 47 3536 47 3537 47 3538 47 3539 47 3540 47 3541 47 3542 47 3543 47 3544 47 3545 47 3546 47 3547 45 3548 45 3549 45 3550 45 3551 45 3552 45 3553 45 3554 45 3555 45 3556 45 3557 45 3558 45 3559 45 3560 45 3561 45 3562 45 3563 45 3564 45 3565 45 3566 45 3567 45 3568 45 3569 45 3570 45 3571 45 3572 45 3573 45 3574 45 3575 45 3576 45 3577 45 3578 45 3579 45 3580 45 3581 45 3582 45 3583 45 3584 45 3585 45 3586 45 3587 45 3588 45 3589 45 3590 45 3591 45 3592 45 3593 45 3594 45 3595 45 3596 45 3597 45 3598 45 3599 45 3600 45 3601 45 3602 45 3603 45 3604 45 3605 45 3606 45 3607 45 3608 45 3609 45 3610 45 3611 45 3612 45 3613 45 3614 45 3615 45 3616 45 3617 45 3618 45 3619 45 3620 45 3621 45 3622 45 3623 45 3624 45 3625 45 3626 45 3627 45 3628 45 3629 45 3630 45 3631 45 3632 45 3633 45 3634 45 3635 45 3636 45 3637 45 3638 45 3639 45 3640 45 3641 45 3642 45 3643 45 3644 45 3645 45 3646 45 3647 45 3648 45 3649 45 3650 45 3651 45 3652 45 3653 45 3654 45 3655 45 3656 45 3657 45 3658 45 3659 45 3660 45 3661 45 3662 45 3663 45 3664 45 3665 45 3666 45 3667 45 3668 45 3669 45 3670 45 3671 45 3672 45 3673 45 3674 45 3675 45 3676 45 3677 45 3678 45 3679 45 3680 45 3681 45 3682 45 3683 45 3684 45 3685 45 3686 45 3687 45 3688 45 3689 45 3690 45 3691 45 3692 45 3693 45 3694 45 3695 45 3696 45 3697 45 3698 45 3699 45 3700 45 3701 45 3702 45 3703 45 3704 45 3705 45 3706 45 3707 45 3708 45 3709 45 3710 45 3711 45 3712 45 3713 45 3714 45 3715 45 3716 45 3717 45 3718 45 3719 45 3720 45 3721 45 3722 45 3723 45 3724 45 3725 45 3726 43 3727 43 3728 43 3729 43 3730 43 3731 43 3732 43 3733 43 3734 43 3735 43 3736 43 3737 43 3738 43 3739 43 3740 43 3741 43 3742 43 3743 43 3744 43 3745 43 3746 43 3747 43 3748 43 3749 43 3750 43 3751 43 3752 43 3753 43 3754 43 3755 43 3756 43 3757 43 3758 43 3759 43 3760 43 3761 43 3762 43 3763 43 3764 43 3765 43 3766 43 3767 43 3768 43 3769 43 3770 43 3771 43 3772 43 3773 43 3774 43 3775 43 3776 43 3777 43 3778 43 3779 43 3780 43 3781 43 3782 43 3783 43 3784 43 3785 43 3786 43 3787 43 3788 43 3789 43 3790 43 3791 43 3792 43 3793 43 3794 43 3795 43 3796 43 3797 43 3798 43 3799 43 3800 43 3801 43 3802 43 3803 43 3804 43 3805 43 3806 43 3807 43 3808 43 3809 43 3810 43 3811 43 3812 43 3813 43 3814 43 3815 43 3816 43 3817 43 3818 43 3819 43 3820 43 3821 43 3822 43 3823 43 3824 43 3825 43 3826 43 3827 43 3828 43 3829 43 3830 43 3831 43 3832 43 3833 43 3834 43 3835 43 3836 43 3837 43 3838 43 3839 43 3840 43 3841 43 3842 43 3843 43 3844 43 3845 43 3846 43 3847 43 3848 43 3849 43 3850 43 3851 43 3852 43 3853 43 3854 43 3855 43 3856 43 3857 43 3858 43 3859 43 3860 43 3861 43 3862 43 3863 43 3864 43 3865 43 3866 43 3867 43 3868 43 3869 43 3870 43 3871 43 3872 43 3873 43 3874 43 3875 43 3876 43 3877 43 3878 43 3879 43 3880 43 3881 43 3882 43 3883 43 3884 43 3885 43 3886 43 3887 43 3888 43 3889 43 3890 43 3891 43 3892 43 3893 43 3894 43 3895 43 3896 43 3897 43 3898 43 3899 43 3900 43 3901 43 3902 43 3903 43 3904 43 3905 20 3906 0 3907 16 3908 17 3909 0 3910 17 3911 17 3912 20 3913 20 3914 0 3915 18 3916 19 3917 19 3918 19 3919 3 3920 9 3921 14 3922 3 3923 9 3924 2 3925 3 3926 9 3927 2 3928 3 3929 9 3930 3 3931 9 3932 10 3933 5 3934 9 3935 10 3936 3 3937 5 3938 10 3939 3 3940 9 3941 10 3942 2 3943 3 3944 14 3945 2 3946 13 3947 14 3948 2 3949 14 3950 2 3951 3 3952 14 3953 5 3954 10 3955 5 3956 10 3957 5 3958 10 3959 3 3960 5 3961 10 3962 2 3963 9 3964 14 3965 3 3966 9 3967 14 3968 3 3969 9 3970 14 3971 2 3972 3 3973 14 3974 3 3975 9 3976 3 3977 9 3978 10 3979 3 3980 9 3981 10 3982 2 3983 3 3984 9 3985 9 3986 14 3987 9 3988 9 3989 9 3990 14 3991 9 3992 10 3993 9 3994 10 3995 9 3996 10 3997 9 3998 10 3999 14 4000 9 4001 14 4002 9 4003 14 4004 14 4005 10 4006 10 4007 10 4008 10 4009 9 4010 14 4011 9 4012 14 4013 9 4014 14 4015 9 4016 14 4017 9 4018 9 4019 10 4020 9 4021 10 4022 9 4023 13 4024 13 4025 14 4026 13 4027 14 4028 13 4029 2 4030 13 4031 2 4032 13 4033 15 4034 2 4035 13 4036 14 4037 2 4038 13 4039 14 4040 4 4041 11 4042 12 4043 4 4044 11 4045 12 4046 2 4047 4 4048 11 4049 2 4050 4 4051 11 4052 4 4053 6 4054 12 4055 4 4056 6 4057 12 4058 6 4059 11 4060 12 4061 4 4062 6 4063 12 4064 2 4065 4 4066 11 4067 2 4068 11 4069 15 4070 2 4071 11 4072 15 4073 2 4074 11 4075 15 4076 4 4077 6 4078 12 4079 6 4080 12 4081 6 4082 12 4083 4 4084 6 4085 12 4086 2 4087 4 4088 11 4089 2 4090 4 4091 11 4092 4 4093 11 4094 2 4095 4 4096 11 4097 6 4098 11 4099 12 4100 6 4101 11 4102 12 4103 6 4104 11 4105 12 4106 4 4107 6 4108 11 4109 4 4110 11 4111 12 4112 11 4113 11 4114 15 4115 11 4116 15 4117 11 4118 12 4119 11 4120 12 4121 11 4122 12 4123 11 4124 12 4125 11 4126 15 4127 11 4128 15 4129 11 4130 15 4131 11 4132 15 4133 12 4134 12 4135 12 4136 12 4137 11 4138 15 4139 11 4140 15 4141 11 4142 15 4143 11 4144 15 4145 11 4146 12 4147 11 4148 12 4149 11 4150 12 4151 11 4152 12 4153 13 4154 15 4155 13 4156 15 4157 2 4158 11 4159 15 4160 2 4161 13 4162 15 4163 2 4164 13 4165 15 4166 2 4167 11 4168 15 4169 2 4170 3 4171 5 4172 2 4173 3 4174 5 4175 2 4176 4 4177 5 4178 10 4179 3 4180 5 4181 2 4182 4 4183 6 4184 2 4185 4 4186 6 4187 12 4188 4 4189 6 4190 12 4191 5 4192 10 4193 10 4194 10 4195 12 4196</v>
        </vertex_weights>
      </skin>
    </controller>
  </library_controllers>
  <library_visual_scenes>
    <visual_scene id="Scene" name="Scene">
      <node id="Armature" name="Armature" type="NODE">
        <matrix sid="transform">0.01 0 0 0 0 0.01 1.62921e-9 0 0 -1.62921e-9 0.01 0 0 0 0 1</matrix>
        <node id="Armature_Root" name="Root" sid="Root" type="JOINT">
          <matrix sid="transform">1 0 0 0 0 -1.62921e-7 -1 0 0 1 -2.38419e-7 0 0 0 0 1</matrix>
          <node id="Armature_Bip01_body" name="Bip01_body" sid="Bip01_body" type="JOINT">
            <matrix sid="transform">-4.37114e-8 0 -1 0 1 -2.38435e-7 -4.37114e-8 96.13668 -2.38435e-7 -0.9999999 1.60725e-11 -70.97771 0 0 0 1</matrix>
            <node id="Armature_Bip01_head" name="Bip01_head" sid="Bip01_head" type="JOINT">
              <matrix sid="transform">1 0 0 445.0782 0 1 0 64.52216 0 0 1 -1.9455e-5 0 0 0 1</matrix>
              <node id="Armature_Bip01_eye_brow" name="Bip01_eye_brow" sid="Bip01_eye_brow" type="JOINT">
                <matrix sid="transform">-1 0 -1.50996e-7 75.63275 0 1 0 -182.7148 1.50996e-7 0 -1 -1.0306e-5 0 0 0 1</matrix>
                <node id="Armature_Bip01_eye_brow_L" name="Bip01_eye_brow_L" sid="Bip01_eye_brow_L" type="JOINT">
                  <matrix sid="transform">0.9961948 0 -0.08715435 5.633715 0 1 0 4.727142 0.08715435 0 0.9961948 124.9655 0 0 0 1</matrix>
                  <extra>
                    <technique profile="blender">
                      <roll sid="roll" type="float">1.483531</roll>
                      <tip_x sid="tip_x" type="float">0</tip_x>
                      <tip_y sid="tip_y" type="float">125.1818</tip_y>
                      <tip_z sid="tip_z" type="float">0</tip_z>
                    </technique>
                  </extra>
                </node>
                <node id="Armature_Bip01_eye_brow_R" name="Bip01_eye_brow_R" sid="Bip01_eye_brow_R" type="JOINT">
                  <matrix sid="transform">0.9961948 0 0.08715423 5.634169 0 1 -4.44089e-16 4.727585 -0.08715423 0 0.9961948 -124.9656 0 0 0 1</matrix>
                  <extra>
                    <technique profile="blender">
                      <roll sid="roll" type="float">1.658061</roll>
                      <tip_x sid="tip_x" type="float">0</tip_x>
                      <tip_y sid="tip_y" type="float">125.1818</tip_y>
                      <tip_z sid="tip_z" type="float">0</tip_z>
                    </technique>
                  </extra>
                </node>
                <extra>
                  <technique profile="blender">
                    <roll sid="roll" type="float">1.570796</roll>
                    <tip_x sid="tip_x" type="float">0</tip_x>
                    <tip_y sid="tip_y" type="float">125.1818</tip_y>
                    <tip_z sid="tip_z" type="float">0</tip_z>
                  </technique>
                </extra>
              </node>
              <node id="Armature_Bip01_eye_brow_L1" name="Bip01_eye_brow_L1" sid="Bip01_eye_brow_L1" type="JOINT">
                <matrix sid="transform">-0.9063073 0 0.4226192 44.62041 7.10543e-15 1 0 -156.6924 -0.4226192 0 -0.9063073 -230.0092 0 0 0 1</matrix>
                <extra>
                  <technique profile="blender">
                    <roll sid="roll" type="float">1.134463</roll>
                    <tip_x sid="tip_x" type="float">0</tip_x>
                    <tip_y sid="tip_y" type="float">296.1884</tip_y>
                    <tip_z sid="tip_z" type="float">0</tip_z>
                  </technique>
                </extra>
              </node>
              <node id="Armature_Bip01_eye_brow_R1" name="Bip01_eye_brow_R1" sid="Bip01_eye_brow_R1" type="JOINT">
                <matrix sid="transform">-0.9063073 0 -0.4226192 44.62043 -7.10543e-15 1 0 -156.6924 0.4226192 0 -0.9063073 230.0092 0 0 0 1</matrix>
                <extra>
                  <technique profile="blender">
                    <roll sid="roll" type="float">2.00713</roll>
                    <tip_x sid="tip_x" type="float">0</tip_x>
                    <tip_y sid="tip_y" type="float">296.1884</tip_y>
                    <tip_z sid="tip_z" type="float">0</tip_z>
                  </technique>
                </extra>
              </node>
              <node id="Armature_Bip01_eye_L" name="Bip01_eye_L" sid="Bip01_eye_L" type="JOINT">
                <matrix sid="transform">-0.9512622 0 0.3083832 -60.35129 0 1 1.77636e-15 -325.7079 -0.3083832 0 -0.9512622 -97.5782 0 0 0 1</matrix>
                <extra>
                  <technique profile="blender">
                    <roll sid="roll" type="float">1.257303</roll>
                    <tip_x sid="tip_x" type="float">0</tip_x>
                    <tip_y sid="tip_y" type="float">296.1884</tip_y>
                    <tip_z sid="tip_z" type="float">0</tip_z>
                  </technique>
                </extra>
              </node>
              <node id="Armature_Bip01_eye_R" name="Bip01_eye_R" sid="Bip01_eye_R" type="JOINT">
                <matrix sid="transform">-0.9512622 0 -0.3083832 -60.35128 0 1 0 -325.7079 0.3083832 0 -0.9512622 97.5782 0 0 0 1</matrix>
                <extra>
                  <technique profile="blender">
                    <roll sid="roll" type="float">1.884289</roll>
                    <tip_x sid="tip_x" type="float">0</tip_x>
                    <tip_y sid="tip_y" type="float">296.1884</tip_y>
                    <tip_z sid="tip_z" type="float">0</tip_z>
                  </technique>
                </extra>
              </node>
              <node id="Armature_Bip01_eyelash_L" name="Bip01_eyelash_L" sid="Bip01_eyelash_L" type="JOINT">
                <matrix sid="transform">-0.956913 0 0.2903748 -27.17756 7.10543e-15 1 -1.77636e-15 -263.5948 -0.2903748 0 -0.956913 -132.544 0 0 0 1</matrix>
                <extra>
                  <technique profile="blender">
                    <roll sid="roll" type="float">1.276178</roll>
                    <tip_x sid="tip_x" type="float">0</tip_x>
                    <tip_y sid="tip_y" type="float">296.1884</tip_y>
                    <tip_z sid="tip_z" type="float">0</tip_z>
                  </technique>
                </extra>
              </node>
              <node id="Armature_Bip01_eyelash_L1" name="Bip01_eyelash_L1" sid="Bip01_eyelash_L1" type="JOINT">
                <matrix sid="transform">-0.7409987 0 0.6715064 -39.14412 0 1 0 -241.2018 -0.6715064 0 -0.7409987 -232.5367 0 0 0 1</matrix>
                <extra>
                  <technique profile="blender">
                    <roll sid="roll" type="float">0.8345565</roll>
                    <tip_x sid="tip_x" type="float">0</tip_x>
                    <tip_y sid="tip_y" type="float">296.1884</tip_y>
                    <tip_z sid="tip_z" type="float">0</tip_z>
                  </technique>
                </extra>
              </node>
              <node id="Armature_Bip01_eyelash_R" name="Bip01_eyelash_R" sid="Bip01_eyelash_R" type="JOINT">
                <matrix sid="transform">-0.956913 0 -0.2903748 -27.17761 -7.10543e-15 1 0 -263.5949 0.2903748 0 -0.956913 132.544 0 0 0 1</matrix>
                <extra>
                  <technique profile="blender">
                    <roll sid="roll" type="float">1.865415</roll>
                    <tip_x sid="tip_x" type="float">0</tip_x>
                    <tip_y sid="tip_y" type="float">296.1884</tip_y>
                    <tip_z sid="tip_z" type="float">0</tip_z>
                  </technique>
                </extra>
              </node>
              <node id="Armature_Bip01_eyelash_R1" name="Bip01_eyelash_R1" sid="Bip01_eyelash_R1" type="JOINT">
                <matrix sid="transform">-0.7410002 0 -0.6715048 -39.14367 -3.55271e-15 1 -3.55271e-15 -241.2021 0.6715048 0 -0.7410002 232.5367 0 0 0 1</matrix>
                <extra>
                  <technique profile="blender">
                    <roll sid="roll" type="float">2.307034</roll>
                    <tip_x sid="tip_x" type="float">0</tip_x>
                    <tip_y sid="tip_y" type="float">296.1884</tip_y>
                    <tip_z sid="tip_z" type="float">0</tip_z>
                  </technique>
                </extra>
              </node>
              <node id="Armature_Bip01_eyelash_T_shape" name="Bip01_eyelash_T_shape" sid="Bip01_eyelash_T_shape" type="JOINT">
                <matrix sid="transform">-1 0 -1.50996e-7 -16.4859 0 1 0 -277.2261 1.50996e-7 0 -1 -2.02794e-5 0 0 0 1</matrix>
                <extra>
                  <technique profile="blender">
                    <roll sid="roll" type="float">1.570796</roll>
                    <tip_x sid="tip_x" type="float">0</tip_x>
                    <tip_y sid="tip_y" type="float">296.1884</tip_y>
                    <tip_z sid="tip_z" type="float">0</tip_z>
                  </technique>
                </extra>
              </node>
              <node id="Armature_Bip01_eyelash_T_shape_L" name="Bip01_eyelash_T_shape_L" sid="Bip01_eyelash_T_shape_L" type="JOINT">
                <matrix sid="transform">-1 0 -1.50996e-7 -16.4859 0 1 0 -277.2261 1.50996e-7 0 -1 -22.1438 0 0 0 1</matrix>
                <extra>
                  <technique profile="blender">
                    <roll sid="roll" type="float">1.570796</roll>
                    <tip_x sid="tip_x" type="float">0</tip_x>
                    <tip_y sid="tip_y" type="float">296.1884</tip_y>
                    <tip_z sid="tip_z" type="float">0</tip_z>
                  </technique>
                </extra>
              </node>
              <node id="Armature_Bip01_eyelash_T_shape_r" name="Bip01_eyelash_T_shape_r" sid="Bip01_eyelash_T_shape_r" type="JOINT">
                <matrix sid="transform">-1 0 -1.50996e-7 -16.4859 0 1 0 -277.2261 1.50996e-7 0 -1 22.1437 0 0 0 1</matrix>
                <extra>
                  <technique profile="blender">
                    <roll sid="roll" type="float">1.570796</roll>
                    <tip_x sid="tip_x" type="float">0</tip_x>
                    <tip_y sid="tip_y" type="float">296.1884</tip_y>
                    <tip_z sid="tip_z" type="float">0</tip_z>
                  </technique>
                </extra>
              </node>
              <extra>
                <technique profile="blender">
                  <roll sid="roll" type="float">-1.570796</roll>
                  <tip_x sid="tip_x" type="float">0</tip_x>
                  <tip_y sid="tip_y" type="float">296.1884</tip_y>
                  <tip_z sid="tip_z" type="float">0</tip_z>
                </technique>
              </extra>
            </node>
            <node id="Armature_Bip01_eyelash_B_L" name="Bip01_eyelash_B_L" sid="Bip01_eyelash_B_L" type="JOINT">
              <matrix sid="transform">-0.956913 0 0.2903748 327.3905 7.10543e-15 1 -1.77636e-15 -289.5298 -0.2903748 0 -0.956913 -141.4178 0 0 0 1</matrix>
              <extra>
                <technique profile="blender">
                  <roll sid="roll" type="float">1.276178</roll>
                  <tip_x sid="tip_x" type="float">0</tip_x>
                  <tip_y sid="tip_y" type="float">678.9543</tip_y>
                  <tip_z sid="tip_z" type="float">0</tip_z>
                </technique>
              </extra>
            </node>
            <node id="Armature_Bip01_eyelash_B_L1" name="Bip01_eyelash_B_L1" sid="Bip01_eyelash_B_L1" type="JOINT">
              <matrix sid="transform">-0.6218152 0 0.783164 325.2996 -7.10543e-15 1 3.55271e-15 -239.8885 -0.783164 0 -0.6218152 -266.0392 0 0 0 1</matrix>
              <extra>
                <technique profile="blender">
                  <roll sid="roll" type="float">0.6710583</roll>
                  <tip_x sid="tip_x" type="float">0</tip_x>
                  <tip_y sid="tip_y" type="float">678.9543</tip_y>
                  <tip_z sid="tip_z" type="float">0</tip_z>
                </technique>
              </extra>
            </node>
            <node id="Armature_Bip01_eyelash_B_R" name="Bip01_eyelash_B_R" sid="Bip01_eyelash_B_R" type="JOINT">
              <matrix sid="transform">-0.956913 0 -0.2903748 327.3905 -7.10543e-15 1 0 -289.5298 0.2903748 0 -0.956913 141.4178 0 0 0 1</matrix>
              <extra>
                <technique profile="blender">
                  <roll sid="roll" type="float">1.865415</roll>
                  <tip_x sid="tip_x" type="float">0</tip_x>
                  <tip_y sid="tip_y" type="float">678.9543</tip_y>
                  <tip_z sid="tip_z" type="float">0</tip_z>
                </technique>
              </extra>
            </node>
            <node id="Armature_Bip01_eyelash_B_R1" name="Bip01_eyelash_B_R1" sid="Bip01_eyelash_B_R1" type="JOINT">
              <matrix sid="transform">-0.6218163 0 -0.7831631 325.2993 3.55271e-15 1 3.55271e-15 -239.8889 0.7831631 0 -0.6218163 266.0392 0 0 0 1</matrix>
              <extra>
                <technique profile="blender">
                  <roll sid="roll" type="float">2.470533</roll>
                  <tip_x sid="tip_x" type="float">0</tip_x>
                  <tip_y sid="tip_y" type="float">678.9543</tip_y>
                  <tip_z sid="tip_z" type="float">0</tip_z>
                </technique>
              </extra>
            </node>
            <node id="Armature_Bip01_eyelash_B_shape" name="Bip01_eyelash_B_shape" sid="Bip01_eyelash_B_shape" type="JOINT">
              <matrix sid="transform">-1 0 -1.50996e-7 335.7499 0 1 0 -306.5915 1.50996e-7 0 -1 -4.96761e-5 0 0 0 1</matrix>
              <extra>
                <technique profile="blender">
                  <roll sid="roll" type="float">1.570796</roll>
                  <tip_x sid="tip_x" type="float">0</tip_x>
                  <tip_y sid="tip_y" type="float">678.9543</tip_y>
                  <tip_z sid="tip_z" type="float">0</tip_z>
                </technique>
              </extra>
            </node>
            <node id="Armature_Bip01_eyelash_B_shape_L" name="Bip01_eyelash_B_shape_L" sid="Bip01_eyelash_B_shape_L" type="JOINT">
              <matrix sid="transform">-1 0 -1.50996e-7 335.1559 0 1 0 -307.1855 1.50996e-7 0 -1 -49.19761 0 0 0 1</matrix>
              <extra>
                <technique profile="blender">
                  <roll sid="roll" type="float">1.570796</roll>
                  <tip_x sid="tip_x" type="float">0</tip_x>
                  <tip_y sid="tip_y" type="float">678.9543</tip_y>
                  <tip_z sid="tip_z" type="float">0</tip_z>
                </technique>
              </extra>
            </node>
            <node id="Armature_Bip01_eyelash_B_shape_r" name="Bip01_eyelash_B_shape_r" sid="Bip01_eyelash_B_shape_r" type="JOINT">
              <matrix sid="transform">-1 0 -1.50996e-7 335.1559 0 1 0 -307.1855 1.50996e-7 0 -1 49.19748 0 0 0 1</matrix>
              <extra>
                <technique profile="blender">
                  <roll sid="roll" type="float">1.570796</roll>
                  <tip_x sid="tip_x" type="float">0</tip_x>
                  <tip_y sid="tip_y" type="float">678.9543</tip_y>
                  <tip_z sid="tip_z" type="float">0</tip_z>
                </technique>
              </extra>
            </node>
            <node id="Armature_Bip01_jaw" name="Bip01_jaw" sid="Bip01_jaw" type="JOINT">
              <matrix sid="transform">-1 0 -1.50996e-7 144.8657 0 1 0 -428.5284 1.50996e-7 0 -1 -1.63323e-5 0 0 0 1</matrix>
              <node id="Armature_Bip01_lip_low_L" name="Bip01_lip_low_L" sid="Bip01_lip_low_L" type="JOINT">
                <matrix sid="transform">0.9700561 0 -0.2428811 54.74393 0 1 1.77636e-15 -526.2199 0.2428811 0 0.9700561 130.7489 0 0 0 1</matrix>
                <extra>
                  <technique profile="blender">
                    <roll sid="roll" type="float">1.325462</roll>
                    <tip_x sid="tip_x" type="float">0</tip_x>
                    <tip_y sid="tip_y" type="float">449.75</tip_y>
                    <tip_z sid="tip_z" type="float">0</tip_z>
                  </technique>
                </extra>
              </node>
              <node id="Armature_Bip01_lip_low_R" name="Bip01_lip_low_R" sid="Bip01_lip_low_R" type="JOINT">
                <matrix sid="transform">0.9700562 0 0.2428808 54.74397 0 1 0 -526.2209 -0.2428808 0 0.9700562 -130.7489 0 0 0 1</matrix>
                <extra>
                  <technique profile="blender">
                    <roll sid="roll" type="float">1.816131</roll>
                    <tip_x sid="tip_x" type="float">0</tip_x>
                    <tip_y sid="tip_y" type="float">449.75</tip_y>
                    <tip_z sid="tip_z" type="float">0</tip_z>
                  </technique>
                </extra>
              </node>
              <node id="Armature_Bip01_lip_low_m" name="Bip01_lip_low_m" sid="Bip01_lip_low_m" type="JOINT">
                <matrix sid="transform">1 0 -6.3573e-8 66.59138 0 1 0 -538.5596 6.3573e-8 0 1 -1.13856e-4 0 0 0 1</matrix>
                <extra>
                  <technique profile="blender">
                    <roll sid="roll" type="float">1.570796</roll>
                    <tip_x sid="tip_x" type="float">0</tip_x>
                    <tip_y sid="tip_y" type="float">449.75</tip_y>
                    <tip_z sid="tip_z" type="float">0</tip_z>
                  </technique>
                </extra>
              </node>
              <node id="Armature_Bip01_teeth_low" name="Bip01_teeth_low" sid="Bip01_teeth_low" type="JOINT">
                <matrix sid="transform">1 0 -6.3573e-8 76.48738 0 1 0 -328.1506 6.3573e-8 0 1 1.22059e-5 0 0 0 1</matrix>
                <extra>
                  <technique profile="blender">
                    <roll sid="roll" type="float">1.570796</roll>
                    <tip_x sid="tip_x" type="float">0</tip_x>
                    <tip_y sid="tip_y" type="float">449.75</tip_y>
                    <tip_z sid="tip_z" type="float">0</tip_z>
                  </technique>
                </extra>
              </node>
              <node id="Armature_Bip01_tongue01" name="Bip01_tongue01" sid="Bip01_tongue01" type="JOINT">
                <matrix sid="transform">1 0 -6.3573e-8 49.99138 0 1 0 -274.6755 6.3573e-8 0 1 3.43633e-5 0 0 0 1</matrix>
                <node id="Armature_Bip01_tongue02" name="Bip01_tongue02" sid="Bip01_tongue02" type="JOINT">
                  <matrix sid="transform">1 -1.61145e-11 0 7.6306e-5 1.61151e-11 1 0 -120.5551 0 0 1 1.7e-5 0 0 0 1</matrix>
                  <extra>
                    <technique profile="blender">
                      <roll sid="roll" type="float">1.570796</roll>
                      <tip_x sid="tip_x" type="float">0</tip_x>
                      <tip_y sid="tip_y" type="float">120.555</tip_y>
                      <tip_z sid="tip_z" type="float">0</tip_z>
                    </technique>
                  </extra>
                </node>
                <extra>
                  <technique profile="blender">
                    <roll sid="roll" type="float">1.570796</roll>
                    <tip_x sid="tip_x" type="float">0</tip_x>
                    <tip_y sid="tip_y" type="float">120.555</tip_y>
                    <tip_z sid="tip_z" type="float">0</tip_z>
                  </technique>
                </extra>
              </node>
              <extra>
                <technique profile="blender">
                  <roll sid="roll" type="float">1.570796</roll>
                  <tip_x sid="tip_x" type="float">0</tip_x>
                  <tip_y sid="tip_y" type="float">449.75</tip_y>
                  <tip_z sid="tip_z" type="float">0</tip_z>
                </technique>
              </extra>
            </node>
            <node id="Armature_Bip01_lip_cor_L" name="Bip01_lip_cor_L" sid="Bip01_lip_cor_L" type="JOINT">
              <matrix sid="transform">-1 0 -1.50996e-7 118.3123 0 0.9999998 0 -949.4523 1.50996e-7 0 -1 -196.497 0 0 0 1</matrix>
              <extra>
                <technique profile="blender">
                  <roll sid="roll" type="float">1.570796</roll>
                  <tip_x sid="tip_x" type="float">0</tip_x>
                  <tip_y sid="tip_y" type="float">678.9543</tip_y>
                  <tip_z sid="tip_z" type="float">0</tip_z>
                </technique>
              </extra>
            </node>
            <node id="Armature_Bip01_lip_cor_R" name="Bip01_lip_cor_R" sid="Bip01_lip_cor_R" type="JOINT">
              <matrix sid="transform">-1 0 -1.50996e-7 118.3123 0 0.9999998 0 -949.4523 1.50996e-7 0 -1 196.497 0 0 0 1</matrix>
              <extra>
                <technique profile="blender">
                  <roll sid="roll" type="float">1.570796</roll>
                  <tip_x sid="tip_x" type="float">0</tip_x>
                  <tip_y sid="tip_y" type="float">678.9543</tip_y>
                  <tip_z sid="tip_z" type="float">0</tip_z>
                </technique>
              </extra>
            </node>
            <node id="Armature_Bip01_lip_up_L" name="Bip01_lip_up_L" sid="Bip01_lip_up_L" type="JOINT">
              <matrix sid="transform">-0.9848078 0 -0.1736478 131.8181 0 1 -8.88178e-16 -963.1022 0.1736478 0 -0.9848078 -125.1058 0 0 0 1</matrix>
              <extra>
                <technique profile="blender">
                  <roll sid="roll" type="float">1.745329</roll>
                  <tip_x sid="tip_x" type="float">0</tip_x>
                  <tip_y sid="tip_y" type="float">678.9543</tip_y>
                  <tip_z sid="tip_z" type="float">0</tip_z>
                </technique>
              </extra>
            </node>
            <node id="Armature_Bip01_lip_up_m" name="Bip01_lip_up_m" sid="Bip01_lip_up_m" type="JOINT">
              <matrix sid="transform">-1 0 -1.50996e-7 132.7193 0 1 0 -972.9972 1.50996e-7 0 -1 -2.88013e-5 0 0 0 1</matrix>
              <extra>
                <technique profile="blender">
                  <roll sid="roll" type="float">1.570796</roll>
                  <tip_x sid="tip_x" type="float">0</tip_x>
                  <tip_y sid="tip_y" type="float">678.9543</tip_y>
                  <tip_z sid="tip_z" type="float">0</tip_z>
                </technique>
              </extra>
            </node>
            <node id="Armature_Bip01_lip_up_R" name="Bip01_lip_up_R" sid="Bip01_lip_up_R" type="JOINT">
              <matrix sid="transform">-0.9848079 0 0.1736474 131.818 0 1 0 -963.1022 -0.1736474 0 -0.9848079 125.1058 0 0 0 1</matrix>
              <extra>
                <technique profile="blender">
                  <roll sid="roll" type="float">1.396264</roll>
                  <tip_x sid="tip_x" type="float">0</tip_x>
                  <tip_y sid="tip_y" type="float">678.9543</tip_y>
                  <tip_z sid="tip_z" type="float">0</tip_z>
                </technique>
              </extra>
            </node>
            <node id="Armature_Bip01_teeth_up" name="Bip01_teeth_up" sid="Bip01_teeth_up" type="JOINT">
              <matrix sid="transform">-1 0 -1.50996e-7 122.9903 0 1 0 -755.3369 1.50996e-7 0 -1 -2.73761e-5 0 0 0 1</matrix>
              <extra>
                <technique profile="blender">
                  <roll sid="roll" type="float">1.570796</roll>
                  <tip_x sid="tip_x" type="float">0</tip_x>
                  <tip_y sid="tip_y" type="float">678.9543</tip_y>
                  <tip_z sid="tip_z" type="float">0</tip_z>
                </technique>
              </extra>
            </node>
            <node id="Armature_Bip01_light_R" name="Bip01_light_R" sid="Bip01_light_R" type="JOINT">
              <matrix sid="transform">-0.8660256 0 -0.4999996 290.2803 -7.10543e-15 1 0 -790.6022 0.4999996 0 -0.8660256 285.1314 0 0 0 1</matrix>
              <extra>
                <technique profile="blender">
                  <roll sid="roll" type="float">2.094395</roll>
                  <tip_x sid="tip_x" type="float">0</tip_x>
                  <tip_y sid="tip_y" type="float">678.9543</tip_y>
                  <tip_z sid="tip_z" type="float">0</tip_z>
                </technique>
              </extra>
            </node>
            <node id="Armature_Bip01_light_L" name="Bip01_light_L" sid="Bip01_light_L" type="JOINT">
              <matrix sid="transform">-0.8660254 0 0.5000001 290.2804 0 1 -3.55271e-15 -790.6022 -0.5000001 0 -0.8660254 -285.1328 0 0 0 1</matrix>
              <extra>
                <technique profile="blender">
                  <roll sid="roll" type="float">1.047197</roll>
                  <tip_x sid="tip_x" type="float">0</tip_x>
                  <tip_y sid="tip_y" type="float">678.9543</tip_y>
                  <tip_z sid="tip_z" type="float">0</tip_z>
                </technique>
              </extra>
            </node>
            <node id="Armature_Bip01_exhaust_R" name="Bip01_exhaust_R" sid="Bip01_exhaust_R" type="JOINT">
              <matrix sid="transform">0.05552649 0 -0.9984572 -39.97702 0 1 0 213.1595 0.9984572 0 0.05552649 311.0774 0 0 0 1</matrix>
              <extra>
                <technique profile="blender">
                  <roll sid="roll" type="float">-3.086038</roll>
                  <tip_x sid="tip_x" type="float">0</tip_x>
                  <tip_y sid="tip_y" type="float">678.9543</tip_y>
                  <tip_z sid="tip_z" type="float">0</tip_z>
                </technique>
              </extra>
            </node>
            <node id="Armature_Bip01_exhaust_L" name="Bip01_exhaust_L" sid="Bip01_exhaust_L" type="JOINT">
              <matrix sid="transform">0.05552637 0 0.9984571 -39.97704 -4.44089e-16 0.9999999 0 213.1598 -0.9984571 0 0.05552637 -311.0772 0 0 0 1</matrix>
              <extra>
                <technique profile="blender">
                  <roll sid="roll" type="float">-0.05555498</roll>
                  <tip_x sid="tip_x" type="float">0</tip_x>
                  <tip_y sid="tip_y" type="float">678.9544</tip_y>
                  <tip_z sid="tip_z" type="float">0</tip_z>
                </technique>
              </extra>
            </node>
            <node id="Armature_Bip01_bumper_R" name="Bip01_bumper_R" sid="Bip01_bumper_R" type="JOINT">
              <matrix sid="transform">0.2609517 0 0.9653518 104.8808 1.77636e-15 1 0 -875.6381 -0.9653518 0 0.2609517 356.4882 0 0 0 1</matrix>
              <extra>
                <technique profile="blender">
                  <roll sid="roll" type="float">-0.2640079</roll>
                  <tip_x sid="tip_x" type="float">0</tip_x>
                  <tip_y sid="tip_y" type="float">678.9543</tip_y>
                  <tip_z sid="tip_z" type="float">0</tip_z>
                </technique>
              </extra>
            </node>
            <node id="Armature_Bip01_bumper_L" name="Bip01_bumper_L" sid="Bip01_bumper_L" type="JOINT">
              <matrix sid="transform">0.3116414 0 -0.9501998 104.8807 0 1 -7.10543e-15 -875.6378 0.9501998 0 0.3116414 -356.489 0 0 0 1</matrix>
              <extra>
                <technique profile="blender">
                  <roll sid="roll" type="float">-2.824673</roll>
                  <tip_x sid="tip_x" type="float">0</tip_x>
                  <tip_y sid="tip_y" type="float">678.9543</tip_y>
                  <tip_z sid="tip_z" type="float">0</tip_z>
                </technique>
              </extra>
            </node>
            <extra>
              <technique profile="blender">
                <roll sid="roll" type="float">-1.570796</roll>
                <tip_x sid="tip_x" type="float">0</tip_x>
                <tip_y sid="tip_y" type="float">678.9543</tip_y>
                <tip_z sid="tip_z" type="float">0</tip_z>
              </technique>
            </extra>
          </node>
          <node id="Armature_Bip01_wheelbase_rear_R" name="Bip01_wheelbase_rear_R" sid="Bip01_wheelbase_rear_R" type="JOINT">
            <matrix sid="transform">1 0 0 -347.839 0 -3.32117e-7 1 186.6829 0 -1 -3.57628e-7 -614.343 0 0 0 1</matrix>
            <node id="Armature_Bip01_wheel_rear_R" name="Bip01_wheel_rear_R" sid="Bip01_wheel_rear_R" type="JOINT">
              <matrix sid="transform">1 0 0 -45.944 0 1 -9.36988e-8 0 0 9.36988e-8 1 -3.47198e-6 0 0 0 1</matrix>
              <extra>
                <technique profile="blender">
                  <tip_x sid="tip_x" type="float">0</tip_x>
                  <tip_y sid="tip_y" type="float">45.94397</tip_y>
                  <tip_z sid="tip_z" type="float">0</tip_z>
                </technique>
              </extra>
            </node>
            <extra>
              <technique profile="blender">
                <tip_x sid="tip_x" type="float">0</tip_x>
                <tip_y sid="tip_y" type="float">45.94397</tip_y>
                <tip_z sid="tip_z" type="float">0</tip_z>
              </technique>
            </extra>
          </node>
          <node id="Armature_Bip01_wheelbase_rear_L" name="Bip01_wheelbase_rear_L" sid="Bip01_wheelbase_rear_L" type="JOINT">
            <matrix sid="transform">-1 0 -1.50996e-7 347.839 1.50996e-7 -3.32117e-7 -1 186.6859 -5.01483e-14 -1 3.06606e-7 -614.344 0 0 0 1</matrix>
            <node id="Armature_Bip01_wheel_rear_L" name="Bip01_wheel_rear_L" sid="Bip01_wheel_rear_L" type="JOINT">
              <matrix sid="transform">1 0 0 -45.944 0 1 9.36983e-8 0 0 -9.36983e-8 1 -2.54699e-5 0 0 0 1</matrix>
              <extra>
                <technique profile="blender">
                  <roll sid="roll" type="float">-3.141592</roll>
                  <tip_x sid="tip_x" type="float">0</tip_x>
                  <tip_y sid="tip_y" type="float">45.94403</tip_y>
                  <tip_z sid="tip_z" type="float">0</tip_z>
                </technique>
              </extra>
            </node>
            <extra>
              <technique profile="blender">
                <roll sid="roll" type="float">-3.141592</roll>
                <tip_x sid="tip_x" type="float">0</tip_x>
                <tip_y sid="tip_y" type="float">45.94403</tip_y>
                <tip_z sid="tip_z" type="float">0</tip_z>
              </technique>
            </extra>
          </node>
          <node id="Armature_Bip01_wheelbase_front_R" name="Bip01_wheelbase_front_R" sid="Bip01_wheelbase_front_R" type="JOINT">
            <matrix sid="transform">1 0 0 -347.839 0 -3.32117e-7 1 186.6852 0 -1 -3.57628e-7 534.285 0 0 0 1</matrix>
            <node id="Armature_Bip01_wheel_front_R" name="Bip01_wheel_front_R" sid="Bip01_wheel_front_R" type="JOINT">
              <matrix sid="transform">1 0 0 -45.944 0 1 -9.36983e-8 0 0 9.36983e-8 1 -4.28525e-6 0 0 0 1</matrix>
              <extra>
                <technique profile="blender">
                  <tip_x sid="tip_x" type="float">0</tip_x>
                  <tip_y sid="tip_y" type="float">45.944</tip_y>
                  <tip_z sid="tip_z" type="float">0</tip_z>
                </technique>
              </extra>
            </node>
            <extra>
              <technique profile="blender">
                <tip_x sid="tip_x" type="float">0</tip_x>
                <tip_y sid="tip_y" type="float">45.944</tip_y>
                <tip_z sid="tip_z" type="float">0</tip_z>
              </technique>
            </extra>
          </node>
          <node id="Armature_Bip01_wheelbase_front_L" name="Bip01_wheelbase_front_L" sid="Bip01_wheelbase_front_L" type="JOINT">
            <matrix sid="transform">-1 0 -1.50996e-7 347.839 1.50996e-7 -3.32117e-7 -1 186.6852 -5.01483e-14 -1 3.06606e-7 534.285 0 0 0 1</matrix>
            <node id="Armature_Bip01_wheel_front_L" name="Bip01_wheel_front_L" sid="Bip01_wheel_front_L" type="JOINT">
              <matrix sid="transform">1 0 0 -45.944 0 1 9.36983e-8 0 0 -9.36983e-8 1 -2.46568e-5 0 0 0 1</matrix>
              <extra>
                <technique profile="blender">
                  <roll sid="roll" type="float">-3.141592</roll>
                  <tip_x sid="tip_x" type="float">0</tip_x>
                  <tip_y sid="tip_y" type="float">45.944</tip_y>
                  <tip_z sid="tip_z" type="float">0</tip_z>
                </technique>
              </extra>
            </node>
            <extra>
              <technique profile="blender">
                <roll sid="roll" type="float">-3.141592</roll>
                <tip_x sid="tip_x" type="float">0</tip_x>
                <tip_y sid="tip_y" type="float">45.944</tip_y>
                <tip_z sid="tip_z" type="float">0</tip_z>
              </technique>
            </extra>
          </node>
          <extra>
            <technique profile="blender">
              <tip_x sid="tip_x" type="float">0</tip_x>
              <tip_y sid="tip_y" type="float">-1.62921e-5</tip_y>
              <tip_z sid="tip_z" type="float">100</tip_z>
            </technique>
          </extra>
        </node>
        <node id="lightning_mcqueen_lod0" name="lightning_mcqueen_lod0" type="NODE">
          <matrix sid="transform">1 0 0 0 0 1 0 0 0 0 1 0 0 0 0 1</matrix>
          <instance_controller url="#Armature_lightning_mcqueen_lod0-skin">
            <skeleton>#Armature_Root</skeleton>
            <bind_material>
              <technique_common>
                <instance_material symbol="lightning_mcqueen-material" target="#lightning_mcqueen-material">
                  <bind_vertex_input semantic="GeometrySource2" input_semantic="TEXCOORD" input_set="0"/>
                </instance_material>
              </technique_common>
            </bind_material>
          </instance_controller>
        </node>
      </node>
    </visual_scene>
  </library_visual_scenes>
  <scene>
    <instance_visual_scene url="#Scene"/>
  </scene>
</COLLADA>