<?xml version="1.0" encoding="utf-8"?>
<COLLADA xmlns="http://www.collada.org/2005/11/COLLADASchema" version="1.4.1" xmlns:xsi="http://www.w3.org/2001/XMLSchema-instance">
  <asset>
    <contributor>
      <author>Blender User</author>
      <authoring_tool>Blender 4.3.2 commit date:2024-12-16, commit time:21:10, hash:32f5fdce0a0a</authoring_tool>
    </contributor>
    <created>2025-11-20T21:56:57</created>
    <modified>2025-11-20T21:56:57</modified>
    <unit name="meter" meter="1"/>
    <up_axis>Z_UP</up_axis>
  </asset>
  <library_effects>
    <effect id="mater-effect">
      <profile_COMMON>
        <newparam sid="mater_diff_png-surface">
          <surface type="2D">
            <init_from>mater_diff_png</init_from>
          </surface>
        </newparam>
        <newparam sid="mater_diff_png-sampler">
          <sampler2D>
            <source>mater_diff_png-surface</source>
          </sampler2D>
        </newparam>
        <technique sid="common">
          <lambert>
            <emission>
              <color sid="emission">0 0 0 1</color>
            </emission>
            <diffuse>
              <texture texture="mater_diff_png-sampler" texcoord="GeometrySource2"/>
            </diffuse>
            <index_of_refraction>
              <float sid="ior">1.5</float>
            </index_of_refraction>
          </lambert>
        </technique>
      </profile_COMMON>
    </effect>
  </library_effects>
  <library_images>
    <image id="mater_diff_png" name="mater_diff_png">
      <init_from>mater_diff.png</init_from>
    </image>
  </library_images>
  <library_materials>
    <material id="mater-material" name="mater">
      <instance_effect url="#mater-effect"/>
    </material>
  </library_materials>
  <library_geometries>
    <geometry id="mater_lod1-mesh" name="mater_lod1">
      <mesh>
        <source id="mater_lod1-mesh-positions">
          <float_array id="mater_lod1-mesh-positions-array" count="13269">-81.5853 -250.741 946.5911 -79.1467 -250.498 953.876 -69.3506 -176.386 942.314 -61.1913 -269.778 947.931 -61.0487 -266.937 955.054 -76.0748 -263.611 952.7271 -76.0399 -263.693 947.4671 -41.1898 -251.184 946.5991 -52.5663 -176.71 942.6051 -43.3904 -251.563 953.9151 -46.4523 -263.673 947.639 -46.5225 -263.682 952.892 -51.833 -221.242 970.7421 -70.2334 -220.407 971.087 -49.4313 -222.349 952.749 -72.9202 -221.827 953.5571 -72.9202 -221.827 953.5571 -49.4313 -222.349 952.749 -51.833 -221.242 970.7421 -70.2334 -220.407 971.087 70.7306 -220.482 970.3781 68.1426 -177.369 942.46 53.9909 -177.02 942.4061 51.6723 -220.24 970.7481 46.0604 -266.773 947.4671 60.909 -272.858 947.931 60.9317 -260.738 974.4111 49.3836 -253.436 975.8551 75.6481 -266.753 947.639 72.9797 -254.25 974.848 80.9106 -254.264 946.5991 40.515 -253.821 946.5911 173.587 -171.476 964.6651 170.254 -128.363 936.8261 156.106 -128.014 937.15 153.328 -171.234 964.8851 148.314 -217.767 942.421 163.169 -223.853 942.4891 163.899 -211.732 968.9581 151.176 -204.43 970.051 177.895 -217.748 940.705 175.955 -205.244 969.074 183.128 -205.258 939.5241 142.747 -204.815 941.694 -151.327 -171.096 965.1821 -153.915 -127.983 937.264 -168.066 -127.634 937.21 -170.385 -170.854 965.5521 -175.997 -217.387 940.595 -161.148 -223.472 942.7351 -161.125 -211.352 969.215 -172.674 -204.05 970.6591 -146.409 -217.367 942.4431 -149.077 -204.864 969.652 -141.147 -204.878 941.403 -181.542 -204.435 939.72 14.7216 -411.532 684.997 14.4508 -420.168 643.61 75.5843 -415.615 643.7371 74.7486 -406.98 684.809 255.12 -335.456 643.7451 253.408 -325.222 683.324 198.303 -371.707 684.6311 201.788 -380.404 643.9041 15.2534 -367.726 904.5841 15.1622 -378.377 850.6851 75.8588 -373.731 850.2761 76.0077 -363.091 903.8781 244.171 -292.713 885.163 192.694 -329.936 897.488 194.707 -340.132 846.9141 247.954 -299.669 841.4071 14.8538 -387.198 801.179 75.4927 -382.507 800.944 250.369 -307.253 795.002 195.261 -349.608 799.001 140.092 -404.899 643.5971 138.711 -395.429 684.8911 136.593 -362.204 849.2011 135.631 -352.027 901.1541 137.594 -370.978 800.49 -220.349 -311.329 893.01 -253.372 -285.169 880.59 -258.492 -288.917 839.496 -223.081 -321.441 844.7661 -105.882 -402.608 684.713 -168.829 -385.945 684.971 -171.835 -395.487 643.7171 -106.372 -411.749 643.513 -223.75 -330.982 797.593 -262.537 -294.741 793.3491 -105.955 -358.467 902.7631 -165.039 -342.96 899.4661 -166.209 -353.062 848.2431 -106.23 -368.976 849.69 -227.521 -351.358 683.8911 -266.415 -310.267 683.122 -266.694 -322.794 643.846 -230.931 -359.098 643.838 -167.347 -362.1 799.939 -106.284 -377.705 800.7061 14.7216 -411.532 684.997 -44.4534 -409.674 685.001 -44.5503 -418.283 643.91 14.4508 -420.168 643.61 15.2534 -367.726 904.5841 -45.7269 -366.018 904.369 -45.5095 -376.764 850.6911 15.1622 -378.377 850.6851 -44.9218 -385.486 801.098 14.8538 -387.198 801.179 54.1027 -403.309 714.5761 78.1221 -402.403 708.244 95.5644 -397.58 724.955 47.5254 -399.391 737.619 88.9874 -393.662 747.9981 64.9679 -394.567 754.3311 92.7464 -383.288 766.7011 70.7795 -384.116 772.4921 108.902 -384.879 751.19 114.917 -388.462 730.117 109.18 -393.077 709.1251 93.2284 -397.488 693.8421 71.33601 -400.513 688.3621 49.3692 -401.341 694.153 33.2137 -399.75 709.6641 27.1988 -396.167 730.738 32.9355 -391.552 751.7291 48.8873 -387.14 767.012 -54.1028 -403.309 714.5761 -47.5254 -399.391 737.619 -95.5644 -397.58 724.955 -78.1221 -402.403 708.244 -64.9679 -394.567 754.3311 -88.9874 -393.662 747.9981 -70.7795 -384.116 772.4921 -92.7464 -383.288 766.7011 -108.902 -384.879 751.19 -114.917 -388.462 730.117 -109.18 -393.077 709.1251 -93.2284 -397.488 693.8421 -71.33601 -400.513 688.3621 -49.3692 -401.341 694.153 -33.2137 -399.75 709.6641 -27.1988 -396.167 730.738 -32.9355 -391.552 751.7291 -48.8873 -387.14 767.012 366.174 -414.271 366.795 180.361 -411.639 351.893 179.674 -332.482 237.481 366.169 -323.908 237.799 240.556 -819.434 238.537 179.843 -709.5471 238.544 366.171 -727.0781 238.537 366.171 -769.9331 238.537 179.554 -531.8731 250.896 0 -826.402 238.537 366.169 32.2712 237.555 366.169 -323.908 237.799 179.674 -332.482 237.481 0 32.15 236.901 366.28 -639.7481 372.532 180.157 -644.634 360.368 0 -524.2431 245.957 179.554 -531.8731 250.896 130.555 -487.5 181.25 130.555 -561.2791 181.248 171.225 -561.2791 181.601 171.225 -487.5 181.603 130.663 -543.643 145.753 171.311 -543.643 146.106 167.934 -686.882 201.34 133.302 -686.882 201.133 171.311 -543.643 146.106 171.225 -561.2791 181.601 167.931 -677.2691 208.003 167.934 -686.882 201.34 133.285 -677.2691 207.795 167.931 -677.2691 208.003 130.555 -561.2791 181.248 130.663 -543.643 145.753 133.302 -686.882 201.133 133.285 -677.2691 207.795 171.311 -507.461 146.106 130.663 -507.461 145.753 133.302 -369.12 199.363 167.934 -369.12 199.571 130.663 -507.461 145.753 130.555 -487.5 181.25 133.285 -373.191 206.723 133.302 -369.12 199.363 167.931 -373.191 206.93 133.285 -373.191 206.723 171.225 -487.5 181.603 171.311 -507.461 146.106 167.934 -369.12 199.571 167.931 -373.191 206.93 130.809 -689.19 200.895 130.809 -677.858 200.895 169.443 -677.858 200.895 169.443 -689.19 200.895 130.809 -372.778 198.907 130.809 -362.916 198.907 169.443 -362.916 198.907 169.443 -372.778 198.907 170.827 630.4461 137.352 171.123 630.4461 181.181 171.123 590.362 181.181 170.827 590.362 137.352 97.1406 632.574 184.668 58.4192 632.574 238.262 58.4192 588.387 238.262 97.1406 588.387 184.668 0 632.574 258.377 0 588.387 258.377 0 632.574 64.2386 59.0009 632.574 82.6718 59.0009 588.388 82.6717 0 588.388 64.2385 97.4053 632.574 135.979 97.4053 588.387 135.979 2e-6 660.251 159.746 97.4053 588.387 135.979 97.1406 588.387 184.668 38.8564 564.673 160.481 58.4192 588.387 238.262 0 588.387 258.377 0 564.673 201.671 0 588.388 64.2385 59.0009 588.388 82.6717 0 564.673 118.696 129.648 629.143 177.425 129.547 629.143 140.401 129.648 591.8181 177.425 129.894 591.8181 140.401 129.648 591.8181 177.425 129.894 591.8181 140.401 127.539 630.4461 136.998 127.659 630.4461 180.828 171.123 630.4461 181.181 170.827 630.4461 137.352 129.004 638.5031 212.864 129.004 582.458 212.864 169.904 582.458 213.217 169.904 638.5031 213.217 127.659 590.362 180.828 127.95 590.362 136.998 170.827 590.362 137.352 171.123 590.362 181.181 127.659 630.4461 180.828 127.659 590.362 180.828 129.004 582.458 212.864 129.004 638.5031 212.864 169.904 638.5031 213.217 169.904 582.458 213.217 165.615 470.577 238.529 134.189 470.577 238.322 165.613 480.19 245.192 165.615 470.577 238.529 134.174 480.19 244.985 165.613 480.19 245.192 134.189 470.577 238.322 134.174 480.19 244.985 134.189 750.1911 238.837 165.615 750.19 239.044 165.613 746.12 246.403 134.189 750.1911 238.837 127.659 630.4461 180.828 165.615 750.19 239.044 165.613 746.12 246.403 130.809 466.042 238.46 130.809 478.781 238.46 169.443 478.781 238.46 169.443 466.042 238.46 130.809 741.502 236.237 130.809 757.63 237.608 169.443 757.63 237.608 169.443 741.502 236.237 127.95 590.362 136.998 127.539 630.4461 136.998 174.396 -545.1071 137.714 174.396 -545.1071 281.884 174.396 -526.333 281.884 174.396 -526.333 137.714 174.396 -526.333 137.714 174.396 -526.333 281.884 193.17 -535.72 281.884 193.17 -535.72 137.714 180.207 -532.145 298.158 180.207 -539.296 298.158 187.358 -535.72 298.158 180.207 -532.145 298.158 166.661 -546.437 139.827 166.661 -527.663 139.827 166.661 -537.05 114.899 200.905 -537.05 114.899 200.905 -527.663 139.827 200.905 -546.437 139.827 200.905 -527.663 139.827 166.661 -527.663 139.827 0 -517.1621 110.325 0 -525.022 147.556 202.168 -525.022 147.556 202.168 -517.1621 110.325 0 -532.883 110.325 202.168 -532.883 110.325 202.168 -525.022 147.556 0 -525.022 147.556 0 -517.1621 110.325 202.168 -517.1621 110.325 245.797 -525.022 177.689 245.821 -517.1621 144.316 245.821 -532.883 144.316 245.797 -525.022 177.689 245.821 -517.1621 144.316 266.249 -525.022 177.701 266.273 -517.1621 144.328 266.273 -532.883 144.328 266.249 -525.022 177.701 266.273 -517.1621 144.328 170.528 624.2431 145.261 170.617 624.2431 172.565 195.978 624.2431 172.565 195.89 624.2431 145.261 170.617 596.718 172.565 195.978 596.718 172.565 170.832 596.718 145.261 196.194 596.718 145.261 170.832 596.718 145.261 196.194 596.718 145.261 130.809 769.975 295.114 169.443 769.975 295.114 130.809 757.63 237.608 169.443 735.4171 302.953 130.809 735.4171 302.953 130.809 741.502 236.237 130.809 491.158 295.114 169.443 491.158 295.114 130.809 478.781 238.46 169.443 453.664 295.114 130.809 453.664 295.114 130.809 466.042 238.46 130.809 -348.276 249.431 130.809 -362.916 198.907 130.809 -372.778 198.907 130.809 -385.769 249.431 169.443 -348.276 249.431 130.809 -362.916 198.907 130.809 -348.276 249.431 169.443 -385.769 249.431 130.809 -372.778 198.907 130.809 -663.5971 249.431 130.809 -677.858 200.895 130.809 -689.19 200.895 130.809 -701.09 249.431 169.443 -663.5971 249.431 130.809 -677.858 200.895 130.809 -663.5971 249.431 169.443 -701.09 249.431 130.809 -689.19 200.895 26.5783 -269.62 208.887 25.8749 470.523 160.101 0 472.071 185.929 0 -268.03 235.418 0 -271.209 182.356 0 468.976 134.272 256.021 -525.022 127.224 255.996 -525.022 193.348 276.448 -517.1621 193.372 276.473 -517.1621 127.248 276.448 -532.883 193.372 276.448 -517.1621 193.372 276.473 -532.883 127.248 276.448 -532.883 193.372 276.473 -517.1621 127.248 276.473 -532.883 127.248 259.299 -550.402 133.89 259.299 -499.653 133.89 276.342 -499.64 127.094 276.342 -550.389 127.094 276.337 -499.64 140.698 276.342 -499.64 127.094 276.337 -550.389 140.698 276.337 -499.64 140.698 276.342 -550.389 127.094 276.337 -550.389 140.698 259.299 -550.402 186.731 259.299 -499.653 186.731 276.342 -499.64 179.678 276.342 -550.389 179.678 276.337 -499.64 193.798 276.342 -499.64 179.678 276.337 -550.389 193.798 276.337 -499.64 193.798 276.342 -550.389 179.678 276.337 -550.389 193.798 179.843 -709.5471 238.544 366.171 -727.0781 238.537 -366.174 -414.271 366.795 -366.169 -323.908 237.799 -179.674 -332.482 237.481 -180.361 -411.639 351.893 -240.556 -819.434 238.537 -366.171 -769.9331 238.537 -366.171 -727.0781 238.537 -179.843 -709.5471 238.544 -179.554 -531.8731 250.896 -366.169 32.2712 237.555 -179.674 -332.482 237.481 -366.169 -323.908 237.799 -180.157 -644.634 360.368 -366.28 -639.7481 372.532 -179.554 -531.8731 250.896 -130.555 -487.5 181.25 -171.225 -487.5 181.603 -171.225 -561.2791 181.601 -130.555 -561.2791 181.248 -167.934 -686.882 201.34 -171.311 -543.643 146.106 -130.663 -543.643 145.753 -133.302 -686.882 201.133 -167.931 -677.2691 208.003 -171.225 -561.2791 181.601 -171.311 -543.643 146.106 -167.934 -686.882 201.34 -133.285 -677.2691 207.795 -167.931 -677.2691 208.003 -133.302 -686.882 201.133 -130.663 -543.643 145.753 -130.555 -561.2791 181.248 -133.285 -677.2691 207.795 -133.302 -369.12 199.363 -130.663 -507.461 145.753 -171.311 -507.461 146.106 -167.934 -369.12 199.571 -133.285 -373.191 206.723 -130.555 -487.5 181.25 -130.663 -507.461 145.753 -133.302 -369.12 199.363 -167.931 -373.191 206.93 -133.285 -373.191 206.723 -167.934 -369.12 199.571 -171.311 -507.461 146.106 -171.225 -487.5 181.603 -167.931 -373.191 206.93 -130.809 -689.19 200.895 -169.443 -689.19 200.895 -169.443 -677.858 200.895 -130.809 -677.858 200.895 -130.809 -372.778 198.907 -169.443 -372.778 198.907 -169.443 -362.916 198.907 -130.809 -362.916 198.907 -170.827 630.4461 137.352 -170.827 590.362 137.352 -171.123 590.362 181.181 -171.123 630.4461 181.181 -97.1406 632.574 184.668 -97.1406 588.387 184.668 -58.4192 588.387 238.262 -58.4192 632.574 238.262 -59.0009 588.388 82.6717 -59.0009 632.574 82.6718 -97.4054 588.387 135.979 -97.4054 632.574 135.979 2e-6 660.251 159.746 -97.4054 588.387 135.979 -38.8564 564.673 160.481 -97.1406 588.387 184.668 -58.4192 588.387 238.262 -59.0009 588.388 82.6717 -129.547 629.143 140.401 -129.648 629.143 177.425 -129.648 591.8181 177.425 -129.648 591.8181 177.425 -129.894 591.8181 140.401 -129.894 591.8181 140.401 -127.539 630.4461 136.998 -170.827 630.4461 137.352 -171.123 630.4461 181.181 -127.659 630.4461 180.828 -129.004 638.5031 212.864 -169.904 638.5031 213.217 -169.904 582.458 213.217 -129.004 582.458 212.864 -127.659 590.362 180.828 -171.123 590.362 181.181 -170.827 590.362 137.352 -127.95 590.362 136.998 -127.659 630.4461 180.828 -129.004 638.5031 212.864 -129.004 582.458 212.864 -127.659 590.362 180.828 -169.904 582.458 213.217 -169.904 638.5031 213.217 -165.615 470.577 225.887 -134.189 470.577 225.679 -165.613 480.19 232.55 -165.615 470.577 225.887 -134.174 480.19 232.342 -165.613 480.19 232.55 -134.189 470.577 225.679 -134.174 480.19 232.342 -134.189 750.1911 226.195 -165.615 750.19 226.402 -134.174 746.12 233.554 -134.189 750.1911 226.195 -165.613 746.12 233.761 -134.174 746.12 233.554 -165.615 750.19 226.402 -165.613 746.12 233.761 -130.809 466.042 225.818 -169.443 466.042 225.818 -169.443 478.781 225.818 -130.809 478.781 225.818 -130.809 741.502 223.594 -169.443 741.502 223.594 -169.443 757.63 224.966 -130.809 757.63 224.966 -127.95 590.362 136.998 -127.539 630.4461 136.998 -174.396 -545.1071 137.714 -174.396 -526.333 137.714 -174.396 -526.333 281.884 -174.396 -545.1071 281.884 -174.396 -526.333 137.714 -193.17 -535.72 137.714 -193.17 -535.72 281.884 -174.396 -526.333 281.884 -180.207 -532.145 298.158 -187.358 -535.72 298.158 -180.207 -539.296 298.158 -180.207 -532.145 298.158 -166.661 -537.05 114.899 -166.661 -527.663 139.827 -166.661 -546.437 139.827 -200.905 -546.437 139.827 -200.905 -527.663 139.827 -200.905 -537.05 114.899 -166.661 -527.663 139.827 -200.905 -527.663 139.827 -202.168 -517.1621 110.325 -202.168 -525.022 147.556 -202.168 -525.022 147.556 -202.168 -532.883 110.325 -202.168 -517.1621 110.325 -245.821 -517.1621 144.316 -245.797 -525.022 177.689 -245.797 -525.022 177.689 -245.821 -532.883 144.316 -245.821 -517.1621 144.316 -266.273 -517.1621 144.328 -266.249 -525.022 177.701 -266.249 -525.022 177.701 -266.273 -532.883 144.328 -266.273 -517.1621 144.328 -170.528 624.244 145.261 -195.89 624.244 145.261 -195.978 624.244 172.565 -170.616 624.244 172.565 -195.978 596.718 172.565 -170.616 596.718 172.565 -196.194 596.718 145.261 -170.832 596.718 145.261 -170.832 596.718 145.261 -196.194 596.718 145.261 -130.809 757.63 224.966 -169.443 769.975 282.471 -130.809 769.975 282.471 -169.443 732.481 282.471 -130.809 741.502 223.594 -130.809 732.481 282.471 -130.809 478.781 225.818 -169.443 491.158 282.471 -130.809 491.158 282.471 -169.443 453.664 282.471 -130.809 466.042 225.818 -130.809 453.664 282.471 -130.809 -372.778 198.907 -130.809 -362.916 198.907 -130.809 -348.276 249.431 -130.809 -385.769 249.431 -130.809 -362.916 198.907 -169.443 -348.276 249.431 -130.809 -348.276 249.431 -169.443 -385.769 249.431 -130.809 -372.778 198.907 -130.809 -689.19 200.895 -130.809 -677.858 200.895 -130.809 -663.5971 249.431 -130.809 -701.09 249.431 -130.809 -677.858 200.895 -169.443 -663.5971 249.431 -130.809 -663.5971 249.431 -169.443 -701.09 249.431 -130.809 -689.19 200.895 -26.5783 -269.62 208.887 -25.8749 470.523 160.101 -256.021 -525.022 127.224 -276.473 -517.1621 127.248 -276.448 -517.1621 193.372 -255.996 -525.022 193.348 -276.448 -517.1621 193.372 -276.448 -532.883 193.372 -276.448 -532.883 193.372 -276.473 -532.883 127.248 -276.473 -532.883 127.248 -276.473 -517.1621 127.248 -259.299 -550.402 133.89 -276.342 -550.389 127.094 -276.342 -499.64 127.094 -259.299 -499.653 133.89 -276.342 -499.64 127.094 -276.337 -499.64 140.698 -276.337 -499.64 140.698 -276.337 -550.389 140.698 -276.337 -550.389 140.698 -276.342 -550.389 127.094 -259.299 -550.402 186.731 -276.342 -550.389 179.678 -276.342 -499.64 179.678 -259.299 -499.653 186.731 -276.342 -499.64 179.678 -276.337 -499.64 193.798 -276.337 -499.64 193.798 -276.337 -550.389 193.798 -276.337 -550.389 193.798 -276.342 -550.389 179.678 -179.843 -709.5471 238.544 -366.171 -727.0781 238.537 -1.9e-5 -465.37 120.402 61.113 -492.721 180.168 -61.113 -492.721 180.168 89.9432 -467.458 183.479 -84.9002 -470.145 258.569 -89.9432 -467.458 183.479 -58.858 -492.76 257.208 61.113 -678.1721 180.168 -61.113 -678.1721 180.168 61.8665 -492.76 257.208 62.0211 -679.2481 257.208 -62.0211 -679.2481 257.208 16.8288 -757.6441 244.312 -16.8288 -757.6441 244.312 29.1699 575.609 189.831 -0.294948 575.609 201.791 29.1699 467.356 190.433 -29.587 575.609 189.414 -41.5475 575.609 159.949 -29.587 467.356 190.016 -29.1699 575.609 130.657 0.294948 575.609 118.696 -29.1699 465.894 130.673 29.587 575.609 131.074 41.5474 575.609 160.539 29.587 465.894 131.09 31.0733 -264.375 179.394 -31.0733 -264.375 179.394 -28.5348 -262.934 247.629 -29.587 467.356 190.016 -29.587 575.609 189.414 -29.587 467.356 190.016 -29.1699 465.894 130.673 28.5348 -262.934 247.629 84.9002 -470.145 258.569 347.866 0.478851 587.721 354.751 0.09329199 591.0631 345.646 -88.1998 593.791 342.081 0.516815 609.7221 339.376 -88.1753 603.169 345.646 -88.1998 593.791 335.196 0.902435 606.379 339.376 -88.1753 603.169 335.196 0.902435 606.379 347.866 0.478851 587.721 324.825 -4.74667 590.823 322.218 -16.8454 595.9931 338.973 -15.609 607.19 341.58 -3.51031 602.0211 330.835 -15.7078 582.9511 347.59 -14.4715 594.1491 330.835 -15.7078 582.9511 347.59 -14.4715 594.1491 502.678 -162.455 656.939 450.128 -196.607 741.822 434.991 -201.083 740.186 390.242 -195.709 644.7841 477.056 -151.986 865.299 448.141 -195.795 757.9791 433.005 -200.272 756.3421 364.62 -185.24 853.1431 477.056 -151.986 865.299 502.678 -162.455 656.939 390.242 -195.709 644.7841 364.62 -185.24 853.1431 433.005 -200.272 756.3421 436.187 -213.717 755.806 448.309 -213.13 755.806 448.141 -195.795 757.9791 434.991 -201.083 740.186 436.187 -213.717 739.5081 450.128 -196.607 741.822 448.309 -213.13 739.5081 436.187 -213.717 739.5081 434.991 -201.083 740.186 448.141 -195.795 757.9791 448.309 -213.13 755.806 338.804 -198.811 615.091 334.76 -197.376 591.4541 303.57 -188.873 613.604 322.303 -198.358 629.538 334.76 -216.582 591.4541 338.804 -215.124 615.091 322.293 -215.502 629.5471 303.527 -224.853 613.6331 334.76 -197.376 591.4541 338.804 -198.811 615.091 338.804 -215.124 615.091 334.76 -216.582 591.4541 380.196 -206.822 631.431 380.196 -216.014 639.392 380.196 -197.63 639.392 380.196 -197.63 639.392 380.196 -206.822 647.3521 394.553 -206.822 648.507 394.553 -196.297 639.392 380.196 -216.014 639.392 394.553 -217.348 639.392 380.196 -206.822 631.431 394.553 -206.822 630.276 380.196 -206.822 631.431 394.553 -206.822 630.276 394.553 -206.822 630.276 394.553 -196.297 639.392 394.553 -217.348 639.392 388.477 -206.822 868.6781 388.477 -216.146 876.7531 388.477 -197.498 876.7531 388.477 -197.498 876.7531 388.477 -206.822 884.827 402.833 -206.822 885.8681 402.833 -196.297 876.7531 388.477 -216.146 876.7531 402.833 -217.348 876.7531 388.477 -206.822 868.6781 402.833 -206.822 867.637 388.477 -206.822 868.6781 402.833 -206.822 867.637 402.833 -206.822 867.637 402.833 -196.297 876.7531 402.833 -217.348 876.7531 388.477 -206.822 884.827 402.833 -206.822 885.8681 380.196 -206.822 647.3521 394.553 -206.822 648.507 356.446 -820.2581 247.954 337.709 -802.824 247.966 285.631 -816.0291 248.273 289.787 -851.6361 248.273 356.446 -820.2581 158.004 289.787 -851.6361 158.323 318.552 -803.655 158.126 389.477 -753.73 247.659 385.085 -746.001 247.659 389.477 -753.73 157.709 385.085 -746.001 157.709 142.094 -871.017 248.297 141.559 -836.325 248.297 3.7e-5 -837.8591 248.322 3.7e-5 -872.582 248.322 142.094 -871.017 158.347 4e-5 -836.8361 158.355 3.7e-5 -872.582 158.372 142.094 -871.017 158.347 289.787 -851.6361 158.323 289.787 -851.6361 248.273 142.094 -871.017 248.297 389.477 -753.73 157.709 385.085 -746.001 157.709 385.085 -746.001 247.659 389.477 -753.73 247.659 3.7e-5 -872.582 158.372 3.7e-5 -872.582 248.322 356.446 -820.2581 247.954 356.446 -820.2581 158.004 385.085 -746.001 247.659 385.085 -746.001 157.709 318.552 -803.655 158.126 337.709 -802.824 247.966 -347.866 0.478851 587.721 -345.646 -88.1998 593.791 -354.751 0.09329199 591.0631 -345.646 -88.1998 593.791 -339.376 -88.1753 603.169 -342.081 0.516815 609.7221 -339.376 -88.1753 603.169 -335.196 0.902435 606.379 -335.196 0.902435 606.379 -347.866 0.478851 587.721 -324.825 -4.74667 590.823 -341.58 -3.51031 602.0211 -338.973 -15.609 607.19 -322.218 -16.8454 595.9931 -347.59 -14.4715 594.1491 -330.835 -15.7078 582.9511 -330.835 -15.7078 582.9511 -347.59 -14.4715 594.1491 -500.081 -161.842 653.2951 -383.934 -181.307 648.142 -434.456 -198.009 739.254 -450.092 -195.388 739.9481 -490.853 -162.373 863.2811 -449.377 -195.43 756.23 -433.741 -198.05 755.5371 -374.706 -181.838 858.1281 -490.853 -162.373 863.2811 -374.706 -181.838 858.1281 -383.934 -181.307 648.142 -500.081 -161.842 653.2951 -433.741 -198.05 755.5371 -449.377 -195.43 756.23 -446.654 -214.305 755.806 -434.565 -213.234 755.806 -434.565 -213.234 739.5081 -434.456 -198.009 739.254 -450.092 -195.388 739.9481 -434.456 -198.009 739.254 -434.565 -213.234 739.5081 -446.654 -214.305 739.5081 -446.654 -214.305 755.806 -449.377 -195.43 756.23 -304.837 -224.853 617.63 -304.881 -188.873 617.601 -322.303 -198.358 629.538 -322.293 -215.502 629.5471 -336.071 -197.376 595.4511 -338.804 -198.811 615.091 -336.071 -216.582 595.4511 -338.804 -215.124 615.091 -338.804 -215.124 615.091 -338.804 -198.811 615.091 -336.071 -197.376 595.4511 -336.071 -216.582 595.4511 -380.196 -197.63 639.392 -380.196 -216.014 639.392 -380.196 -206.822 631.431 -380.196 -197.63 639.392 -394.553 -196.297 639.392 -394.553 -206.822 648.507 -380.196 -206.822 647.3521 -394.553 -217.348 639.392 -380.196 -216.014 639.392 -394.553 -206.822 630.276 -380.196 -206.822 631.431 -380.196 -206.822 631.431 -394.553 -206.822 630.276 -394.553 -206.822 630.276 -394.553 -217.348 639.392 -394.553 -196.297 639.392 -388.476 -197.498 876.7531 -388.476 -216.146 876.7531 -388.476 -206.822 868.6781 -388.476 -197.498 876.7531 -402.833 -196.297 876.7531 -402.833 -206.822 885.8681 -388.476 -206.822 884.827 -402.833 -217.348 876.7531 -388.476 -216.146 876.7531 -402.833 -206.822 867.637 -388.476 -206.822 868.6781 -388.476 -206.822 868.6781 -402.833 -206.822 867.637 -402.833 -206.822 867.637 -402.833 -217.348 876.7531 -402.833 -196.297 876.7531 -388.476 -206.822 884.827 -402.833 -206.822 885.8681 -380.196 -206.822 647.3521 -394.553 -206.822 648.507 -356.446 -820.2581 247.954 -289.787 -851.6361 248.273 -285.631 -816.0291 248.273 -337.709 -802.824 247.966 -356.446 -820.2581 158.004 -318.552 -803.655 158.126 -289.787 -851.6361 158.323 -385.085 -746.001 247.659 -389.477 -753.73 247.659 -389.477 -753.73 157.709 -385.085 -746.001 157.709 -142.094 -871.017 248.297 -141.559 -836.325 248.297 -142.094 -871.017 158.347 -142.094 -871.017 158.347 -142.094 -871.017 248.297 -289.787 -851.6361 248.273 -289.787 -851.6361 158.323 -389.477 -753.73 157.709 -389.477 -753.73 247.659 -385.085 -746.001 247.659 -385.085 -746.001 157.709 -356.446 -820.2581 247.954 -356.446 -820.2581 158.004 -385.085 -746.001 247.659 -337.709 -802.824 247.966 -318.552 -803.655 158.126 -385.085 -746.001 157.709 -10.4776 -620.614 604.544 -2.04183 -619.7791 615.091 3.21008 -612.919 604.544 -2.96222 -633.5061 604.544 2.04499 -627.049 615.091 -11.275 -629.7531 618.2011 11.3215 -617.05 618.176 2.04499 -627.049 615.091 -2.96222 -633.5061 604.544 -11.275 -629.7531 618.2011 10.7254 -625.812 604.544 10.7254 -625.812 604.544 11.3215 -617.05 618.176 106.153 -561.916 595.518 -3.7e-5 -623.203 605.233 120.712 -644.488 595.518 41.9229 -508.02 595.518 -41.9229 -508.02 595.518 -106.153 -561.916 595.518 -120.712 -644.4871 595.518 -78.7893 -717.1 595.518 -5.7e-5 -745.777 595.518 78.7892 -717.1 595.518 123.935 -645.056 547.483 108.987 -560.2791 547.483 106.153 -561.916 595.518 120.712 -644.488 595.518 43.0422 -504.945 547.483 41.9229 -508.02 595.518 43.0422 -504.945 547.483 -43.0423 -504.945 547.483 -41.9229 -508.02 595.518 41.9229 -508.02 595.518 -108.987 -560.2791 547.483 -106.153 -561.916 595.518 -123.935 -645.056 547.483 -120.712 -644.4871 595.518 -80.89301 -719.6071 547.483 -78.7893 -717.1 595.518 -5.6e-5 -749.05 547.483 -5.7e-5 -745.777 595.518 80.8929 -719.6071 547.483 78.7892 -717.1 595.518 241.29 -507.126 455.689 231.429 -490.046 455.689 230.804 -491.129 539.436 240.039 -507.126 539.436 211.707 -490.046 455.689 201.846 -507.126 455.689 203.097 -507.126 539.436 212.332 -491.129 539.436 221.568 -524.2061 455.689 221.568 -523.122 539.436 221.568 -523.122 539.436 240.039 -507.126 539.436 203.097 -507.126 539.436 230.804 -491.129 539.436 212.332 -491.129 539.436 -257.51 -519.533 508.643 -194.231 -519.533 508.643 -184.207 -491.766 508.643 -267.535 -491.766 508.643 -257.51 -519.533 463.671 -194.231 -519.533 463.671 -184.207 -491.766 463.671 -184.207 -491.766 508.643 -267.535 -491.766 463.671 -267.535 -491.766 508.643 -24.4801 -746.223 529.6411 -24.4801 -746.223 537.929 -0.003815948 -732.97 539.1051 0.003796994 -733.096 529.6411 -24.4801 -746.223 529.6411 -24.4801 -764.692 529.6411 -24.4801 -764.692 537.929 -24.4801 -746.223 537.929 0.003796994 -779.0191 529.6411 -0.003815948 -779.0711 539.1051 24.4801 -764.692 529.6411 24.4801 -764.692 537.929 24.4801 -746.223 529.6411 24.4801 -746.223 537.929 -0.003815948 -732.97 539.1051 -0.003815948 -779.0711 539.1051 24.4801 -764.692 537.929 24.4801 -746.223 537.929 -24.4801 -746.223 537.929 -24.4801 -764.692 537.929 51.4785 -670.809 517.6541 51.4785 -548.069 517.6541 51.4785 -548.069 574.143 51.4785 -670.809 574.143 0 -548.069 527.353 0 -548.069 574.143 180.846 -500.524 492.025 125.901 -500.524 536.7 125.901 -730.51 536.7 180.846 -730.51 492.025 80.4887 -736.24 506.559 80.4887 -497.323 506.559 0 -497.323 528.078 0 -736.24 528.078 80.4887 -736.24 506.559 0 -736.24 396.987 167.794 -736.24 394.371 180.846 -730.51 492.025 125.901 -730.51 536.7 0 -670.809 574.143 0 -670.809 527.353 0 -736.24 528.078 167.794 -736.24 394.371 167.794 -497.323 394.371 145.059 -787.411 397.042 145.059 -742.879 397.042 145.059 -742.879 526.755 145.059 -787.411 526.755 0 -742.879 397.469 0 -742.879 526.755 0 -787.411 526.755 0 -787.411 397.469 145.059 -742.879 526.755 0 -742.879 526.755 -51.4785 -670.809 517.6541 -51.4785 -670.809 574.143 -51.4785 -548.069 574.143 -51.4785 -548.069 517.6541 -180.846 -500.524 492.025 -180.846 -730.51 492.025 -125.901 -730.51 536.7 -125.901 -500.524 536.7 -80.4887 -736.24 506.559 -80.4887 -497.323 506.559 -80.4887 -736.24 506.559 -125.901 -730.51 536.7 -180.846 -730.51 492.025 -167.794 -736.24 394.371 -167.794 -497.323 394.371 -167.794 -736.24 394.371 -145.059 -787.411 397.042 -145.059 -787.411 526.755 -145.059 -742.879 526.755 -145.059 -742.879 397.042 -145.059 -742.879 526.755 61.0012 576.741 653.5791 41.4776 576.752 653.588 -3.63867 320.292 371.787 -3.63867 320.292 371.787 15.8553 320.207 371.694 61.0012 576.741 653.5791 17.8685 887.783 865.887 -1.62381 887.6831 865.8181 41.4776 576.752 653.588 41.4776 576.752 653.588 61.0012 576.741 653.5791 17.8685 887.783 865.887 15.8702 332.419 357.783 61.0014 588.887 639.574 61.0012 576.741 653.5791 61.0012 576.741 653.5791 15.8553 320.207 371.694 15.8702 332.419 357.783 61.0012 576.741 653.5791 61.0014 588.887 639.574 17.8824 899.8081 851.817 17.8824 899.8081 851.817 17.8685 887.783 865.887 61.0012 576.741 653.5791 61.0014 588.887 639.574 15.8702 332.419 357.783 -3.63867 320.292 371.787 -3.63867 320.292 371.787 41.4776 576.752 653.588 61.0014 588.887 639.574 17.8824 899.8081 851.817 61.0014 588.887 639.574 41.4776 576.752 653.588 41.4776 576.752 653.588 -1.62381 887.6831 865.8181 17.8824 899.8081 851.817 61.0012 656.994 560.91 15.8553 341.35 347.28 -3.63867 341.454 347.351 -3.63867 341.454 347.351 41.4776 657.004 560.919 61.0012 656.994 560.91 17.8685 911.5621 838.429 61.0012 656.994 560.91 41.4776 657.004 560.919 41.4776 657.004 560.919 -1.62381 911.48 838.3391 17.8685 911.5621 838.429 15.8702 329.327 361.354 15.8553 341.35 347.28 61.0012 656.994 560.91 61.0012 656.994 560.91 61.0014 644.8681 574.932 15.8702 329.327 361.354 61.0012 656.994 560.91 17.8685 911.5621 838.429 17.8824 899.3541 852.3411 17.8824 899.3541 852.3411 61.0014 644.8681 574.932 61.0012 656.994 560.91 61.0014 644.8681 574.932 41.4776 657.004 560.919 -3.63867 341.454 347.351 -3.63867 341.454 347.351 15.8702 329.327 361.354 61.0014 644.8681 574.932 17.8824 899.3541 852.3411 -1.62381 911.48 838.3391 41.4776 657.004 560.919 41.4776 657.004 560.919 61.0014 644.8681 574.932 17.8824 899.3541 852.3411 -61.0012 576.741 653.5791 -15.8553 320.207 371.694 3.63867 320.292 371.787 3.63867 320.292 371.787 -41.4777 576.752 653.588 -61.0012 576.741 653.5791 -17.8685 887.783 865.887 -61.0012 576.741 653.5791 -41.4777 576.752 653.588 -41.4777 576.752 653.588 1.62381 887.6831 865.8181 -17.8685 887.783 865.887 -15.8702 332.419 357.783 -15.8553 320.207 371.694 -61.0012 576.741 653.5791 -61.0012 576.741 653.5791 -61.0014 588.887 639.574 -15.8702 332.419 357.783 -61.0012 576.741 653.5791 -17.8685 887.783 865.887 -17.8825 899.8081 851.817 -17.8825 899.8081 851.817 -61.0014 588.887 639.574 -61.0012 576.741 653.5791 -61.0014 588.887 639.574 -41.4777 576.752 653.588 3.63867 320.292 371.787 3.63867 320.292 371.787 -15.8702 332.419 357.783 -61.0014 588.887 639.574 -17.8825 899.8081 851.817 1.62381 887.6831 865.8181 -41.4777 576.752 653.588 -41.4777 576.752 653.588 -61.0014 588.887 639.574 -17.8825 899.8081 851.817 -61.0012 656.994 560.91 -41.4777 657.004 560.919 3.63867 341.454 347.351 3.63867 341.454 347.351 -15.8553 341.35 347.28 -61.0012 656.994 560.91 -17.8685 911.5621 838.429 1.62381 911.48 838.3391 -41.4777 657.004 560.919 -41.4777 657.004 560.919 -61.0012 656.994 560.91 -17.8685 911.5621 838.429 -15.8702 329.327 361.354 -61.0014 644.8681 574.932 -61.0012 656.994 560.91 -61.0012 656.994 560.91 -15.8553 341.35 347.28 -15.8702 329.327 361.354 -61.0012 656.994 560.91 -61.0014 644.8681 574.932 -17.8825 899.3541 852.3411 -17.8825 899.3541 852.3411 -17.8685 911.5621 838.429 -61.0012 656.994 560.91 -61.0014 644.8681 574.932 -15.8702 329.327 361.354 3.63867 341.454 347.351 3.63867 341.454 347.351 -41.4777 657.004 560.919 -61.0014 644.8681 574.932 -17.8825 899.3541 852.3411 -61.0014 644.8681 574.932 -41.4777 657.004 560.919 -41.4777 657.004 560.919 1.62381 911.48 838.3391 -17.8825 899.3541 852.3411 26.6327 349.794 404.84 30.1059 317.414 375.525 30.1059 322.079 315.528 26.6426 380.352 370.151 -30.1059 322.08 315.528 -26.6425 380.352 370.151 -26.6327 349.794 404.84 -30.1059 317.414 375.525 30.1059 317.414 375.525 26.6327 349.794 404.84 -26.6425 380.352 370.151 26.6426 380.352 370.151 -24.8244 262.521 839.0321 -24.8244 262.521 822.2141 -40.6681 228.887 822.2141 -40.6681 228.887 839.0321 24.8833 262.245 839.0321 24.8833 262.245 822.2141 40.6679 228.454 839.033 40.6678 228.454 822.2141 -24.8244 262.521 822.2141 24.8833 262.245 822.2141 40.6678 228.454 822.2141 -40.6681 228.887 822.2141 40.6679 228.454 839.033 24.8833 262.245 839.0321 -24.8244 262.521 839.0321 -40.6681 228.887 839.0321 -40.668 145.173 822.2141 -40.6681 145.173 839.0321 40.6683 145.147 839.033 40.6681 145.147 822.2141 40.6681 145.147 822.2141 -40.668 145.173 822.2141 -40.6681 145.173 839.0321 40.6683 145.147 839.033 -40.668 145.173 822.2141 40.6681 145.147 822.2141 40.6683 145.147 839.033 -40.6681 145.173 839.0321 -24.8244 262.521 920.236 -24.8244 262.521 903.4171 -40.6682 228.887 903.4171 -40.6681 228.887 920.236 24.8833 262.245 920.236 24.8833 262.245 903.4171 40.6679 228.454 920.236 40.6678 228.454 903.4171 -24.8244 262.521 903.4171 24.8833 262.245 903.4171 40.6678 228.454 903.4171 -40.6682 228.887 903.4171 40.6679 228.454 920.236 24.8833 262.245 920.236 -24.8244 262.521 920.236 -40.6681 228.887 920.236 -40.668 145.173 903.4171 -40.6681 145.173 920.236 40.6682 145.147 920.236 40.668 145.147 903.4171 40.668 145.147 903.4171 -40.668 145.173 903.4171 -40.6681 145.173 920.236 40.6682 145.147 920.236 -40.668 145.173 903.4171 40.668 145.147 903.4171 40.6682 145.147 920.236 -40.6681 145.173 920.236 -14.9192 306.375 894.0031 -14.9192 316.429 869.731 -14.9192 247.777 869.731 -14.9192 257.831 894.0031 -14.9192 257.831 845.4591 -14.9192 282.103 835.405 14.4385 282.103 835.405 14.4385 257.831 845.4591 -14.9192 306.375 845.4591 14.4385 306.375 845.4591 -14.9192 316.429 869.731 14.4385 316.429 869.731 -14.9192 306.375 894.0031 14.4385 306.375 894.0031 -14.9192 282.103 904.0571 14.4385 282.103 904.0571 -14.9192 257.831 894.0031 14.4385 257.831 894.0031 14.4385 257.831 894.0031 14.4385 306.375 894.0031 14.4385 282.103 904.0571 -14.9192 306.375 845.4591 -14.9192 257.831 845.4591 14.4385 257.831 845.4591 14.4385 306.375 845.4591 14.4385 316.429 869.731 14.4385 247.777 869.731 -14.9192 282.103 904.0571 -14.9192 282.103 835.405 14.4385 282.103 835.405 -22.7164 305.78 855.8621 22.733 305.78 855.8621 22.7334 285.482 842.225 -22.7166 285.482 842.225 -22.7161 305.598 883.7141 22.7335 305.598 883.7141 -22.7171 285.196 897.311 22.7336 285.197 897.311 22.733 305.78 855.8621 22.7335 305.598 883.7141 22.7336 285.197 897.311 22.7334 285.482 842.225 -22.7171 285.196 897.311 -22.7161 305.598 883.7141 -22.7164 305.78 855.8621 -22.7166 285.482 842.225 13.0039 217.423 839.1751 -12.9877 217.423 839.1751 -12.988 217.407 900.36 13.0042 217.407 900.36 13.0042 217.407 900.36 13.0039 217.423 839.1751 -12.9877 217.423 839.1751 -12.988 217.407 900.36 -2.78819 990.3411 827.171 -10.2839 982.902 787.5841 -13.2062 982.6481 826.1621 8.39361 989.7341 787.3861 18.7765 988.2341 743.7171 -17.1883 989.348 745.122 -10.6004 983.145 721.978 9.72932 977.629 721.557 17.2227 976.1911 742.4331 -17.5525 976.8541 743.79 8.12103 977.1671 787.7891 -10.2839 982.902 787.5841 -2.67191 976.7081 825.736 -0.254738 281.613 903.345 -0.564578 951.2031 933.613 -9.16486 946.897 920.8831 -8.859601 286.889 893.251 9.53635 286.683 893.7731 9.23087 947.0841 921.421 -8.859601 286.889 893.251 -9.16486 946.897 920.8831 -0.22983 174.9 530.548 -0.2300159 242.896 870.6561 -8.838521 254.371 864.1041 -8.838191 187.475 529.502 9.55795 186.949 529.5451 9.55761 253.891 864.3811 -8.838191 187.475 529.502 -8.838521 254.371 864.1041 -2.78819 990.3411 827.171 -13.2062 982.6481 826.1621 -5.6571 976.8651 865.9561 -1.44328 989.061 870.1021 -1.89158 989.488 855.7921 -4.66204 976.8131 852.549 8.466461 980.098 868.88 8.77918 980.949 856.168 -5.6571 976.8651 865.9561 -4.66204 976.8131 852.549 10.7514 987.955 721.874 -10.6004 983.145 721.978 9.72932 977.629 721.557 -17.5525 976.8541 743.79 9.40463 982.6491 830.744 -17.3999 949.249 929.736 -17.4008 975.408 922.4641 -17.3949 931.694 866.582 -17.3958 918.3391 890.2211 -17.3949 931.694 866.582 -17.3958 957.853 859.311 16.0431 957.8651 859.3261 16.0448 931.7061 866.5971 -17.3978 981.4931 872.666 16.0389 981.504 872.681 -17.3999 988.764 898.825 16.0348 988.7761 898.84 -17.4008 975.408 922.4641 16.0331 975.42 922.4791 -17.3999 949.249 929.736 16.0348 949.2611 929.751 -17.3978 925.61 916.38 16.0389 925.6221 916.395 -17.3958 918.3391 890.2211 16.043 918.35 890.236 16.043 918.35 890.236 16.0348 949.2611 929.751 16.0389 925.6221 916.395 -17.3999 988.764 898.825 -17.3958 957.853 859.311 16.0431 957.8651 859.3261 16.0348 988.7761 898.84 16.0331 975.42 922.4791 16.0448 931.7061 866.5971 -17.3978 925.61 916.38 -17.3978 981.4931 872.666 16.0389 981.504 872.681 -24.5671 969.46 907.887 25.1917 969.481 907.903 25.1929 970.7661 883.4221 -24.5655 970.7451 883.4061 -24.5656 942.3131 913.37 25.193 942.3331 913.3851 25.1929 970.7661 883.4221 25.1917 969.481 907.903 25.193 942.3331 913.3851 -24.5656 942.3131 913.37 -24.5671 969.46 907.887 -24.5655 970.7451 883.4061 21.5733 902.382 828.497 -20.7813 902.356 828.4771 -20.7813 875.879 862.155 21.5733 875.905 862.1751 21.5733 875.905 862.1751 21.5733 902.382 828.497 -20.7813 902.356 828.4771 -20.7813 875.879 862.155 -28.773 952.611 885.0211 29.0029 952.5891 885.0211 29.002 942.7421 893.587 -28.7741 942.7631 893.587 -28.772 962.6431 893.595 29.0039 962.621 893.595 29.002 942.7421 893.587 29.0029 952.5891 885.0211 29.0039 962.621 893.595 -28.772 962.6431 893.595 -28.773 952.611 885.0211 -28.7741 942.7631 893.587 28.9317 942.791 936.18 -28.6497 942.8121 936.18 -28.6476 962.7581 936.1311 28.9336 962.738 936.132 28.9336 962.738 936.132 28.9317 942.791 936.18 -28.6497 942.8121 936.18 -28.6476 962.7581 936.1311 28.9336 962.738 936.132 -28.6476 962.7581 936.1311 -28.6497 942.8121 936.18 -28.6497 942.8121 936.18 28.9317 942.791 936.18 28.9336 962.738 936.132 21.5733 875.905 862.1751 -20.7813 875.879 862.155 -20.7813 902.356 828.4771 -20.7813 902.356 828.4771 21.5733 902.382 828.497 21.5733 875.905 862.1751 -3.7e-5 1019.18 667.677 8.61517 1002.48 642.669 -3.7e-5 1018.94 631.333 -3.7e-5 1026.46 667.3521 -3.7e-5 1026.46 667.3521 -3.7e-5 1018.94 631.333 -8.61521 1002.48 642.669 -3.7e-5 1019.18 667.677 -8.61521 1002.48 642.669 8.61517 1002.48 642.669 -3.7e-5 1019.18 667.677 -3.7e-5 1005.02 616.621 -3.7e-5 1005.02 616.621 11.5385 982.5051 643.002 -3.7e-5 949.087 631.1981 -3.7e-5 975.6411 614.2581 -3.7e-5 975.6411 614.2581 -3.7e-5 949.087 631.1981 -11.5385 982.5051 643.002 10.7153 970.6691 661.502 11.5385 982.5051 643.002 -11.5385 982.5051 643.002 -10.7153 970.6691 661.502 10.7153 970.6691 661.502 6.18723 987.1981 700.799 -3.7e-5 964.6381 709.531 -3.7e-5 944.5291 661.517 -3.7e-5 964.6381 709.531 -6.18731 987.1981 700.799 -10.7153 970.6691 661.502 -3.7e-5 944.5291 661.517 -6.18731 987.1981 700.799 6.18723 987.1981 700.799 -6.17938 1004.64 721.403 -1.8e-5 998.509 744.906 6.17934 1004.64 721.403 6.17934 1004.64 721.403 -1.8e-5 961.577 733.5 -1.8e-5 961.577 733.5 -6.17938 1004.64 721.403 -1.8e-5 998.509 744.906 -1.8e-5 974.75 748.9481 -1.8e-5 974.75 748.9481 -1.8e-5 998.509 744.906 14.2227 889.2341 862.9591 14.2227 327.787 376.221 14.2227 346.42 354.728 14.2227 907.8671 841.4661 -14.2227 889.2341 862.9591 -14.2227 327.787 376.221 -14.2227 907.8671 841.4661 -14.2227 346.42 354.728 -14.2227 346.42 354.728 -14.2227 907.8671 841.4661 -118.456 244.768 873.2631 -119.617 244.77 866.676 -120.1 233.822 864.0861 -118.025 233.818 875.856 -189.823 233.968 876.38 -187.748 233.964 888.15 -167.37 213.169 884.5551 -169.448 213.173 872.7731 -169.448 213.173 872.7731 -167.37 213.169 884.5551 -138.486 213.109 879.462 -140.564 213.113 867.68 -140.564 213.113 867.68 -138.486 213.109 879.462 -118.025 233.818 875.856 -120.1 233.822 864.0861 -187.748 233.964 888.15 -189.823 233.968 876.38 -189.335 244.704 878.97 -188.174 244.701 885.556 -166.275 153.017 903.0311 -180.638 171.646 918.634 -191.003 171.646 918.634 -205.366 153.017 903.0311 -191.003 171.646 932.1071 -191.003 171.646 918.634 -180.638 171.646 918.634 -180.638 171.646 932.1071 -166.275 200.593 903.0311 -205.366 200.593 903.0311 -191.003 181.964 918.634 -180.638 181.964 918.634 -180.638 181.964 918.634 -191.003 181.964 918.634 -191.003 181.964 932.1071 -180.638 181.964 932.1071 -191.003 181.964 932.1071 -191.003 181.964 918.634 0.109907 595.666 621.41 0.109907 627.3731 584.798 24.436 615.751 606.811 0.109907 604.171 628.775 0.109907 595.666 621.41 50.5065 572.382 648.296 50.5065 572.382 648.296 50.5065 580.887 655.661 0.109907 604.171 628.775 0.109907 595.666 621.41 24.436 615.751 606.811 59.8617 582.759 644.9071 59.8617 582.759 644.9071 50.5065 572.382 648.296 0.109907 595.666 621.41 24.436 615.751 606.811 0.109907 604.171 628.775 50.5065 580.887 655.661 50.5065 580.887 655.661 59.8617 582.759 644.9071 24.436 615.751 606.811 0.109907 604.171 628.775 -50.2867 580.887 655.661 -50.2867 572.382 648.296 -50.2867 572.382 648.296 0.109907 595.666 621.41 0.109907 604.171 628.775 0.109907 595.666 621.41 -50.2867 572.382 648.296 -59.6419 582.759 644.9071 -59.6419 582.759 644.9071 -23.8949 615.751 606.811 0.109907 595.666 621.41 -23.8949 615.751 606.811 -59.6419 582.759 644.9071 -50.2867 580.887 655.661 -50.2867 580.887 655.661 0.109907 604.171 628.775 -23.8949 615.751 606.811 0.109907 635.877 592.163 50.5065 659.12 565.325 50.5065 650.6151 557.96 50.5065 650.6151 557.96 0.109907 627.3731 584.798 0.109907 635.877 592.163 0.109907 627.3731 584.798 50.5065 650.6151 557.96 59.8617 648.7431 568.7141 59.8617 648.7431 568.7141 24.436 615.751 606.811 0.109907 627.3731 584.798 24.436 615.751 606.811 59.8617 648.7431 568.7141 50.5065 659.12 565.325 50.5065 659.12 565.325 0.109907 635.877 592.163 24.436 615.751 606.811 0.109907 635.877 592.163 0.109907 627.3731 584.798 -50.2867 650.6151 557.96 -50.2867 650.6151 557.96 -50.2867 659.12 565.325 0.109907 635.877 592.163 0.109907 627.3731 584.798 -23.8949 615.751 606.811 -59.6418 648.7431 568.7141 -59.6418 648.7431 568.7141 -50.2867 650.6151 557.96 0.109907 627.3731 584.798 -23.8949 615.751 606.811 0.109907 635.877 592.163 -50.2867 659.12 565.325 -50.2867 659.12 565.325 -59.6418 648.7431 568.7141 -23.8949 615.751 606.811 0.109907 604.171 628.775 24.436 615.751 606.811 0.109907 635.877 592.163 0.109907 635.877 592.163 -23.8949 615.751 606.811 0.109907 604.171 628.775 0.109907 595.666 621.41 -23.8949 615.751 606.811 0.109907 627.3731 584.798 8.31226 998.0451 792.5531 16.9558 983.132 792.5531 17.6489 983.132 772.5651 9.00536 998.0451 772.5651 -24.8721 999.2561 772.5651 -24.8721 967.0081 772.5651 -25.5652 967.0081 792.5531 -25.5652 999.2561 792.5531 9.00536 968.2191 772.5651 -24.8721 967.0081 772.5651 -24.8721 999.2561 772.5651 9.00536 998.0451 772.5651 9.00536 968.2191 772.5651 8.31226 968.2191 792.5531 -25.5652 967.0081 792.5531 -24.8721 967.0081 772.5651 8.31226 998.0451 792.5531 8.31226 968.2191 792.5531 -24.8721 999.2561 772.5651 -25.5652 999.2561 792.5531 17.6489 983.132 772.5651 16.9558 983.132 792.5531 17.6489 983.132 772.5651 16.9558 983.132 792.5531 -9.59897 968.2191 809.9641 -19.0756 983.132 808.48 -16.023 983.132 789.1651 -6.54641 968.2191 790.6491 24.6756 967.0081 795.536 24.6756 999.2561 795.536 21.623 999.2561 814.851 21.623 967.0081 814.851 -6.54641 998.0451 790.648 24.6756 999.2561 795.536 24.6756 967.0081 795.536 -6.54641 968.2191 790.6491 -6.54641 998.0451 790.648 -9.59897 998.0451 809.963 21.623 999.2561 814.851 24.6756 999.2561 795.536 -9.59897 968.2191 809.9641 -9.59897 998.0451 809.963 24.6756 967.0081 795.536 21.623 967.0081 814.851 -16.023 983.132 789.1651 -19.0756 983.132 808.48 -16.023 983.132 789.1651 -19.0756 983.132 808.48 -279.724 853.351 393.695 -293.245 870.968 410.317 -303.003 870.968 410.317 -316.525 853.351 393.695 -303.003 870.968 423.791 -303.003 870.968 410.317 -293.245 870.968 410.317 -293.245 870.968 423.791 -279.724 898.343 393.695 -316.525 898.343 393.695 -303.003 880.726 410.317 -293.245 880.726 410.317 -293.245 880.726 410.317 -303.003 880.726 410.317 -303.003 880.726 423.791 -293.245 880.726 423.791 -303.003 880.726 423.791 -303.003 880.726 410.317 -266.747 899.1121 431.671 -270.609 867.4251 434.064 -298.385 867.525 415.717 -298.796 899.2081 410.793 -326.392 867.4271 433.71 -330.845 899.113 431.671 -328.394 867.246 466.938 -332.901 898.9381 469.865 -298.808 867.163 482.196 -298.796 898.8591 487.181 -269.03 867.2451 467.315 -264.69 898.9381 469.865 -288.839 846.0811 446.192 -298.677 845.9981 461.548 -310.112 846.051 451.828 -302.526 846.121 438.88 316.246 853.351 393.68 302.725 870.968 410.317 292.967 870.968 410.317 279.446 853.351 393.68 292.967 870.968 423.791 292.967 870.968 410.317 302.725 870.968 410.317 302.725 870.968 423.791 316.246 898.343 393.68 279.446 898.343 393.68 292.967 880.726 410.317 302.725 880.726 410.317 302.725 880.726 410.317 292.967 880.726 410.317 292.967 880.726 423.791 302.725 880.726 423.791 292.967 880.726 423.791 292.967 880.726 410.317 331.181 899.3311 431.875 327.035 867.8651 434.064 299.259 867.965 415.717 299.265 899.4281 410.793 271.251 867.8671 433.71 267.083 899.3331 431.467 269.25 867.686 466.938 264.784 899.1591 469.648 298.836 867.603 482.196 298.779 899.0791 487.181 328.614 867.684 467.315 332.995 899.1571 470.082 308.805 846.5211 446.192 298.967 846.4381 461.548 287.532 846.49 451.828 295.118 846.561 438.88 3.7e-5 803.288 300.951 187.311 803.288 300.951 3.7e-5 910.236 300.951 368.696 910.236 300.951 368.696 803.4671 300.951 368.696 418.412 300.343 187.31 418.353 300.343 368.552 133.962 300.343 187.311 710.338 337.372 3.7e-5 710.338 337.372 3.7e-5 526.9071 337.372 187.31 526.9071 337.372 187.31 491.446 300.644 3.7e-5 491.447 300.644 3.7e-5 133.962 300.343 3.7e-5 905.8261 247.44 204.831 827.668 241.255 3.7e-5 827.0451 247.44 368.7 829.0211 241.255 368.696 905.8261 247.44 368.552 133.962 243.907 204.828 404.819 243.319 368.7 403.6 242.661 204.827 708.1381 313.453 3.7e-5 708.1381 313.453 204.826 531.793 313.453 3.7e-5 531.794 313.453 3.7e-5 406.086 243.976 3.7e-5 133.962 243.907 368.243 718.2611 386.604 368.696 803.4671 300.951 187.311 803.288 300.951 187.273 718.267 386.614 187.271 605.9721 407.955 187.272 468.98 371.383 368.242 468.991 371.378 368.242 605.9721 407.941 187.31 418.353 300.343 368.696 418.412 300.343 187.311 710.338 337.372 187.273 718.267 386.614 187.311 803.288 300.951 187.271 605.9721 407.955 187.31 526.9071 337.372 187.31 418.353 300.343 187.272 468.98 371.383 187.31 491.446 300.644 204.885 712.702 381.286 368.246 712.707 381.297 368.246 509.836 380.157 204.885 509.846 380.15 368.7 403.6 242.661 204.828 404.819 243.319 204.831 827.668 241.255 368.7 829.0211 241.255 204.826 531.793 313.453 204.827 708.1381 313.453 204.885 712.702 381.286 204.885 509.846 380.15 204.828 404.819 243.319 204.831 827.668 241.255 338.595 529.335 388.412 315.786 165.934 805.7951 254.967 165.934 805.7951 277.776 529.335 388.412 338.595 589.864 397.561 315.786 204.977 839.62 315.786 165.934 805.7951 338.595 529.335 388.412 277.776 589.864 397.561 254.967 204.977 839.62 315.786 204.977 839.62 338.595 589.864 397.561 277.776 529.335 388.412 254.967 165.934 805.7951 254.967 204.977 839.62 277.776 589.864 397.561 343.455 147.702 292.15 320.646 147.702 837.8911 250.107 147.702 837.8911 272.916 147.702 292.15 343.455 207.258 292.15 320.646 207.258 837.8911 320.646 147.702 837.8911 343.455 147.702 292.15 272.916 207.258 292.15 250.107 207.258 837.8911 320.646 207.258 837.8911 343.455 207.258 292.15 272.916 147.702 292.15 250.107 147.702 837.8911 250.107 207.258 837.8911 272.916 207.258 292.15 308.228 144.773 905.4411 308.228 144.773 837.6151 308.228 210.539 837.6151 308.228 210.539 905.442 350.64 203.631 918.6 350.64 203.631 905.054 244.88 208.569 905.054 244.88 208.569 918.6 365.5 177.249 905.0531 365.5 177.249 918.5991 350.274 150.887 918.6 350.274 150.887 905.0531 244.854 145.984 918.6 244.854 145.984 905.054 365.5 177.249 905.0531 350.274 150.887 905.0531 244.854 145.984 905.054 350.64 203.631 905.054 244.88 208.569 905.054 350.64 203.631 918.6 244.88 208.569 918.6 244.854 145.984 918.6 365.5 177.249 918.5991 350.274 150.887 918.6 244.854 145.984 905.054 244.854 145.984 918.6 334.078 326.738 382.385 334.078 326.738 290.172 3.7e-5 326.738 290.172 3.7e-5 326.738 382.385 334.078 209.901 382.385 3.7e-5 209.901 382.385 350.64 204.669 851.455 350.64 204.669 837.9091 308.215 209.802 837.908 308.215 209.802 851.4541 365.5 177.248 837.908 365.5 177.248 851.4541 350.274 149.849 851.455 350.274 149.849 837.908 308.212 144.752 851.455 308.212 144.753 837.908 365.5 177.248 837.908 350.274 149.849 837.908 308.212 144.753 837.908 350.64 204.669 837.9091 308.215 209.802 837.908 350.64 204.669 851.455 308.215 209.802 851.4541 308.212 144.752 851.455 365.5 177.248 851.4541 350.274 149.849 851.455 3.7e-5 368.643 502.498 3.7e-5 314.665 585.3551 117.121 310.107 574.4041 117.122 359.817 498.097 3.7e-5 314.665 419.641 117.121 310.107 421.791 3.7e-5 171.152 537.3211 3.7e-5 171.152 467.675 117.121 198.554 441.46 117.121 177.939 530.1671 3.7e-5 215.919 590.673 117.122 219.168 579.301 117.121 198.554 441.46 117.121 310.107 421.791 117.122 359.817 498.097 117.121 177.939 530.1671 117.121 310.107 574.4041 117.122 219.168 579.301 334.034 155.213 850.116 364.943 169.625 850.116 364.943 169.625 909.81 334.034 155.213 909.81 350.53 200.534 850.116 350.53 200.534 909.81 319.622 186.121 850.116 319.622 186.121 909.81 334.034 155.213 850.116 334.034 155.213 909.81 289.88 274.766 901.8931 286.436 284.212 877.621 310.786 217.435 879.3651 307.342 226.881 899.267 307.342 226.881 859.463 298.196 251.963 843.2951 327.147 262.52 843.2951 336.294 237.438 859.463 289.88 274.766 853.3491 318.832 285.324 853.3491 286.436 284.212 877.621 315.388 294.769 877.621 289.88 274.766 901.8931 318.832 285.324 901.8931 298.578 250.914 911.4171 327.53 261.471 911.4171 307.342 226.881 899.267 336.294 237.438 899.267 336.294 237.438 899.267 318.832 285.324 901.8931 327.53 261.471 911.4171 289.88 274.766 853.3491 307.342 226.881 859.463 336.294 237.438 859.463 318.832 285.324 853.3491 315.388 294.769 877.621 339.738 227.993 879.3651 298.578 250.914 911.4171 298.196 251.963 843.2951 327.147 262.52 843.2951 286.131 267.937 878.8811 327.153 282.896 878.8811 334.076 263.911 858.27 293.054 248.952 858.27 293.15 248.686 899.4591 334.173 263.646 899.4591 334.076 263.911 858.27 327.153 282.896 878.8811 334.173 263.646 899.4591 293.15 248.686 899.4591 286.131 267.937 878.8811 293.054 248.952 858.27 354.287 188.588 858.1951 324.923 176.223 858.1951 324.926 176.211 899.5241 354.292 188.576 899.5241 354.292 188.576 899.5241 354.287 188.588 858.1951 324.923 176.223 858.1951 324.926 176.211 899.5241 286.437 247.255 895.259 338.905 266.388 895.259 333.515 281.17 880.7561 281.046 262.037 880.7561 291.819 232.496 880.554 344.287 251.629 880.554 333.515 281.17 880.7561 338.905 266.388 895.259 344.287 251.629 880.554 291.819 232.496 880.554 286.437 247.255 895.259 281.046 262.037 880.7561 332.812 280.974 826.2941 282.096 262.48 826.2941 292.904 232.839 826.285 343.62 251.333 826.285 343.62 251.333 826.285 332.812 280.974 826.2941 282.096 262.48 826.2941 292.904 232.839 826.285 343.62 251.333 826.285 292.904 232.839 826.285 282.096 262.48 826.2941 282.096 262.48 826.2941 332.812 280.974 826.2941 343.62 251.333 826.285 94.3947 814.812 879.077 98.3747 805.5791 854.8051 71.1975 868.6231 854.8051 75.1775 859.3911 879.077 71.1975 868.6231 854.8051 75.1775 859.3911 830.533 50.2928 848.663 830.533 46.3128 857.8961 854.8051 75.1775 859.3911 830.533 84.7861 837.101 820.4791 59.9014 826.374 820.4791 50.2928 848.663 830.533 94.3947 814.812 830.533 69.51 804.0841 830.533 98.3747 805.5791 854.8051 73.49 794.8521 854.8051 94.3947 814.812 879.077 69.51 804.0841 879.077 84.7861 837.101 889.1311 59.9014 826.374 889.1311 75.1775 859.3911 879.077 50.2928 848.663 879.077 50.2928 848.663 879.077 69.51 804.0841 879.077 59.9014 826.374 889.1311 94.3947 814.812 830.533 75.1775 859.3911 830.533 50.2928 848.663 830.533 69.51 804.0841 830.533 73.49 794.8521 854.8051 46.3128 857.8961 854.8051 84.7861 837.101 889.1311 84.7861 837.101 820.4791 59.9014 826.374 820.4791 95.5086 827.371 854.702 59.681 812.609 854.7011 53.5216 827.4011 838.3591 89.3496 842.163 838.36 89.26401 842.37 871.0181 53.4354 827.608 871.017 53.5216 827.4011 838.3591 59.681 812.609 854.7011 53.4354 827.608 871.017 89.26401 842.37 871.0181 95.5086 827.371 854.702 89.3496 842.163 838.36 31.3447 896.43 838.3 55.1065 908.074 838.301 55.1029 908.0831 871.069 31.3407 896.439 871.069 31.3407 896.439 871.069 31.3447 896.43 838.3 55.1065 908.074 838.301 55.1029 908.0831 871.069 31.3407 896.439 871.069 39.5484 912.4171 871.069 39.5522 912.408 838.3 39.5522 912.408 838.3 31.3447 896.43 838.3 31.3407 896.439 871.069 55.1029 908.0831 871.069 55.1065 908.074 838.301 39.5522 912.408 838.3 39.5522 912.408 838.3 39.5484 912.4171 871.069 55.1029 908.0831 871.069 61.7793 898.353 831.6331 61.7704 898.236 875.759 50.2692 882.989 875.7581 50.2882 883.002 831.63 50.2853 913.6051 831.63 50.2663 913.5921 875.7581 50.2692 882.989 875.7581 61.7704 898.236 875.759 50.2663 913.5921 875.7581 50.2853 913.6051 831.63 61.7793 898.353 831.6331 50.2882 883.002 831.63 36.3158 882.988 875.559 36.2946 882.999 832.0811 36.2931 913.6091 832.0861 36.3144 913.598 875.561 36.3144 913.598 875.561 36.3158 882.988 875.559 36.2946 882.999 832.0811 36.2931 913.6091 832.0861 22.3625 882.9871 867.043 22.301 882.996 840.8521 22.3009 913.614 840.858 22.3625 913.6041 867.0451 22.3625 913.6041 867.0451 22.3625 882.9871 867.043 22.301 882.996 840.8521 22.3009 913.614 840.858 267.083 899.3331 431.467 264.784 899.1591 469.648 298.779 899.0791 487.181 299.265 899.4281 410.793 332.995 899.1571 470.082 331.181 899.3311 431.875 271.738 843.8131 394.39 323.699 843.8131 394.39 323.699 907.6961 394.39 271.738 907.6961 394.39 188.392 944.054 323.055 201.93 944.054 315.248 183.57 952.3931 321.153 201.842 952.3931 310.815 201.912 942.923 304.244 179.417 942.923 318.4 176.882 954.9061 342.92 176.951 954.4041 365.796 185.021 944.0891 365.42 176.961 940.8471 365.796 215.112 944.054 322.918 219.731 952.3931 319.835 223.592 942.923 316.953 226.75 954.7991 343.272 226.68 940.8471 365.796 226.687 954.4041 365.796 219.065 944.0891 365.42 234.043 929.4411 375.514 234.043 952.1781 371.046 226.797 952.1781 371.046 226.797 935.754 375.562 226.797 961.0451 355.68 234.043 961.0451 355.68 234.043 952.2031 340.329 226.797 952.2031 340.329 226.797 936.0231 335.307 234.043 929.7221 335.258 234.043 952.2031 340.329 234.043 952.1781 371.046 234.043 929.4411 375.514 234.043 929.7221 335.258 226.797 952.2031 340.329 226.797 936.0231 335.307 226.797 935.754 375.562 226.797 952.1781 371.046 226.797 935.754 375.562 226.797 936.0231 335.307 176.786 936.0231 335.307 176.786 936.0231 335.307 176.786 935.754 375.562 226.797 935.754 375.562 226.797 936.0231 335.307 234.043 929.7221 335.258 169.25 929.7221 335.259 169.25 929.7221 335.259 176.786 936.0231 335.307 226.797 936.0231 335.307 169.249 960.95 355.633 169.25 952.108 340.281 169.249 952.0831 370.998 169.249 952.0831 370.998 169.249 929.4411 375.514 176.786 935.754 375.562 176.786 952.0831 370.998 176.786 960.95 355.633 169.249 960.95 355.633 176.786 952.1071 340.281 169.25 952.108 340.281 176.786 936.0231 335.307 169.25 929.7221 335.259 176.786 935.754 375.562 176.786 936.0231 335.307 176.786 952.1071 340.281 176.786 952.0831 370.998 234.043 929.4411 375.514 226.797 935.754 375.562 176.786 935.754 375.562 176.786 935.754 375.562 169.249 929.4411 375.514 234.043 929.4411 375.514 234.043 961.0451 355.68 226.797 961.0451 355.68 169.25 929.7221 335.259 169.249 929.4411 375.514 176.786 960.95 355.633 82.5239 790.42 863.934 75.2539 806.5971 874.509 81.7926 811.885 861.2921 87.2225 799.6691 851.98 96.9696 796.715 864.0891 89.6702 812.9581 874.6911 87.2225 799.6691 851.98 81.7926 811.885 861.2921 114.363 717.354 830.614 120.425 723.5521 817.2841 128.861 723.5291 830.7531 120.425 723.5521 817.2841 174.558 574.5711 816.4481 182.142 577.296 802.8031 189.104 580.6311 816.637 182.142 577.296 802.8031 241.065 412.554 842.7581 249.849 412.515 829.6021 255.64 418.54 843.03 249.849 412.515 829.6021 283.946 305.381 886.233 293.574 303.347 873.89 298.536 311.326 886.5731 293.574 303.347 873.89 296.405 273.671 900.989 304.393 275.771 887.192 310.989 279.63 901.3361 304.393 275.771 887.192 287.822 297.692 816.6961 301.75 262.758 836.3131 306.699 271.443 848.496 293.039 305.746 829.2271 302.44 303.578 816.733 316.351 268.689 836.3461 301.75 262.758 836.3131 287.822 297.692 816.6961 242.82 408.986 772.845 248.857 415.129 786.109 257.414 414.931 772.806 242.82 408.986 772.845 174.679 574.335 745.4151 181.902 577.76 759.0971 189.222 580.403 745.2821 174.679 574.335 745.4151 110.611 725.773 761.483 119.257 725.981 774.7891 125.069 732.04 761.306 110.611 725.773 761.483 73.1591 811.247 798.6071 83.1058 808.569 810.632 87.5263 817.7211 798.476 73.1591 811.247 798.6071 67.2608 844.4741 839.4871 55.6234 850.996 830.97 55.6234 850.996 830.97 70.0241 857.3931 830.746 325.145 242.11 867.7921 325.553 240.917 290.634 312.801 231.659 290.644 312.393 232.852 867.8021 312.393 232.852 867.8021 312.801 231.659 290.644 327.194 225.244 290.667 326.787 226.438 867.8261 49.5552 179.397 933.0921 35.0408 214.438 933.0921 27.1012 206.498 1011.97 38.9244 179.397 1010.23 3.7e-5 228.952 933.0921 3.7e-5 217.724 1011.97 3.7e-5 129.842 933.0921 35.0408 144.356 933.0921 27.1012 152.296 1011.97 3.7e-5 141.07 1011.97 29.5432 179.397 920.1651 20.8902 200.287 920.1651 11.0482 190.445 926.5811 15.6246 179.397 926.5811 3.7e-5 208.94 920.1651 3.7e-5 195.022 926.5811 3.7e-5 149.854 920.1651 20.8902 158.507 920.1651 11.0483 168.349 926.5811 3.7e-5 163.773 926.5811 11.8839 179.397 943.173 3.7e-5 194.164 943.173 3.7e-5 164.63 943.173 308.228 210.539 837.6151 308.228 144.773 837.6151 3.7e-5 144.773 837.6151 3.7e-5 210.539 837.6151 308.228 210.539 905.442 308.228 210.539 837.6151 3.7e-5 210.539 837.6151 3.7e-5 210.539 905.442 308.228 144.773 905.4411 308.228 210.539 905.442 3.7e-5 210.539 905.442 3.7e-5 144.773 905.442 308.228 144.773 837.6151 308.228 144.773 905.4411 3.7e-5 144.773 905.442 3.7e-5 144.773 837.6151 -187.311 803.288 300.951 -368.696 910.236 300.951 -368.696 803.468 300.951 -368.696 418.412 300.343 -368.552 133.962 300.343 -187.31 418.353 300.343 -187.31 710.338 337.372 -187.31 526.9071 337.372 -187.31 491.447 300.644 -204.83 827.668 241.255 -368.7 829.0211 241.255 -368.696 905.8261 247.44 -368.552 133.962 243.907 -368.7 403.6 242.661 -204.828 404.819 243.319 -204.827 708.1381 313.453 -204.826 531.793 313.453 -187.311 803.288 300.951 -368.696 803.468 300.951 -368.242 718.2611 386.604 -187.273 718.267 386.614 -187.271 605.9721 407.955 -368.242 605.9721 407.941 -368.242 468.991 371.37 -187.272 468.98 371.375 -368.696 418.412 300.343 -187.31 418.353 300.343 -187.31 710.338 337.372 -187.311 803.288 300.951 -187.273 718.267 386.614 -187.271 605.9721 407.955 -187.31 526.9071 337.372 -187.31 418.353 300.343 -187.31 491.447 300.644 -187.272 468.98 371.375 -204.885 712.702 381.286 -204.885 509.846 380.15 -368.246 509.836 380.157 -368.246 712.707 381.297 -204.828 404.819 243.319 -368.7 403.6 242.661 -204.83 827.668 241.255 -368.7 829.0211 241.255 -204.826 531.793 313.453 -204.885 509.846 380.15 -204.885 712.702 381.286 -204.827 708.1381 313.453 -204.828 404.819 243.319 -204.83 827.668 241.255 -343.454 147.702 292.15 -272.916 147.702 292.15 -250.107 147.702 837.8911 -320.646 147.702 837.8911 -343.454 207.258 292.15 -343.454 147.702 292.15 -320.646 147.702 837.8911 -320.646 207.258 837.8911 -272.916 207.258 292.15 -343.454 207.258 292.15 -320.646 207.258 837.8911 -250.107 207.258 837.8911 -272.916 147.702 292.15 -272.916 207.258 292.15 -250.107 207.258 837.8911 -250.107 147.702 837.8911 -308.227 144.773 905.4411 -308.227 210.539 905.442 -308.227 210.539 837.6151 -308.227 144.773 837.6151 -244.88 208.569 905.054 -350.64 203.631 905.054 -350.64 203.631 918.6 -244.88 208.569 918.6 -365.5 177.249 905.0531 -365.5 177.249 918.5991 -350.274 150.887 905.0531 -350.274 150.887 918.6 -244.854 145.984 918.6 -244.854 145.984 905.054 -244.854 145.984 905.054 -350.274 150.887 905.0531 -365.5 177.249 905.0531 -350.64 203.631 905.054 -244.88 208.569 905.054 -244.854 145.984 918.6 -244.88 208.569 918.6 -350.64 203.631 918.6 -365.5 177.249 918.5991 -350.274 150.887 918.6 -244.854 145.984 918.6 -244.854 145.984 905.054 -334.078 326.738 382.385 3.7e-5 326.738 382.385 -334.078 326.738 290.172 -334.078 209.901 382.385 -308.215 209.802 837.908 -350.64 204.669 837.9091 -350.64 204.669 851.455 -308.215 209.802 851.4541 -365.5 177.248 837.908 -365.5 177.248 851.4541 -350.274 149.849 837.908 -350.274 149.849 851.455 -308.212 144.752 851.455 -308.212 144.753 837.908 -308.212 144.753 837.908 -350.274 149.849 837.908 -365.5 177.248 837.908 -350.64 204.669 837.9091 -308.215 209.802 837.908 -308.212 144.752 851.455 -308.215 209.802 851.4541 -350.64 204.669 851.455 -365.5 177.248 851.4541 -350.274 149.849 851.455 -117.122 359.817 498.097 -117.121 310.107 574.4041 -117.121 310.107 421.791 -117.121 177.939 530.1671 -117.121 198.554 441.46 -117.122 219.168 579.301 -117.121 198.554 441.46 -117.121 177.939 530.1671 -117.122 359.817 498.097 -117.121 310.107 421.791 -117.122 219.168 579.301 -117.121 310.107 574.4041 -334.034 155.213 850.116 -334.034 155.213 909.81 -364.943 169.625 909.81 -364.943 169.625 850.116 -350.53 200.534 909.81 -350.53 200.534 850.116 -319.621 186.121 909.81 -319.621 186.121 850.116 -334.034 155.213 909.81 -334.034 155.213 850.116 -289.88 274.766 901.8931 -307.342 226.881 899.267 -310.786 217.435 879.3651 -286.436 284.212 877.621 -307.342 226.881 859.463 -336.293 237.438 859.463 -327.147 262.52 843.2951 -298.196 251.963 843.2951 -318.832 285.324 853.3491 -289.88 274.766 853.3491 -315.387 294.769 877.621 -286.436 284.212 877.621 -318.832 285.324 901.8931 -289.88 274.766 901.8931 -327.53 261.471 911.4171 -298.578 250.914 911.4171 -336.293 237.438 899.267 -307.342 226.881 899.267 -336.293 237.438 899.267 -327.53 261.471 911.4171 -318.832 285.324 901.8931 -289.88 274.766 853.3491 -307.342 226.881 859.463 -336.293 237.438 859.463 -339.738 227.993 879.3651 -315.387 294.769 877.621 -318.832 285.324 853.3491 -298.578 250.914 911.4171 -298.196 251.963 843.2951 -327.147 262.52 843.2951 -286.131 267.937 878.8811 -293.054 248.952 858.27 -334.076 263.911 858.27 -327.153 282.896 878.8811 -334.173 263.646 899.4591 -293.15 248.686 899.4591 -334.076 263.911 858.27 -334.173 263.646 899.4591 -327.153 282.896 878.8811 -293.15 248.686 899.4591 -293.054 248.952 858.27 -286.131 267.937 878.8811 -354.287 188.588 858.1951 -324.922 176.223 858.1951 -324.926 176.212 899.5241 -354.292 188.576 899.5241 -354.287 188.588 858.1951 -354.292 188.576 899.5241 -324.926 176.212 899.5241 -324.922 176.223 858.1951 -286.437 247.255 895.259 -281.046 262.037 880.7561 -333.515 281.17 880.7561 -338.905 266.388 895.259 -344.287 251.629 880.554 -291.819 232.496 880.554 -333.515 281.17 880.7561 -344.287 251.629 880.554 -338.905 266.388 895.259 -291.819 232.496 880.554 -281.046 262.037 880.7561 -286.437 247.255 895.259 -332.811 280.974 826.2941 -282.096 262.48 826.2941 -292.904 232.839 826.285 -343.62 251.333 826.285 -332.811 280.974 826.2941 -343.62 251.333 826.285 -292.904 232.839 826.285 -282.096 262.48 826.2941 -343.62 251.333 826.285 -332.811 280.974 826.2941 -282.096 262.48 826.2941 -282.096 262.48 826.2941 -292.904 232.839 826.285 -343.62 251.333 826.285 -94.3947 814.812 879.077 -75.1775 859.3911 879.077 -71.1975 868.6231 854.8051 -98.3747 805.5791 854.8051 -71.1975 868.6231 854.8051 -46.3128 857.8961 854.8051 -50.2928 848.663 830.533 -75.1775 859.3911 830.533 -75.1775 859.3911 830.533 -50.2928 848.663 830.533 -59.9014 826.374 820.4791 -84.7861 837.101 820.4791 -69.51 804.0841 830.533 -94.3946 814.812 830.533 -73.49 794.8521 854.8051 -98.3747 805.5791 854.8051 -69.51 804.0841 879.077 -94.3947 814.812 879.077 -59.9014 826.374 889.1311 -84.7861 837.101 889.1311 -50.2928 848.663 879.077 -75.1775 859.3911 879.077 -50.2928 848.663 879.077 -59.9014 826.374 889.1311 -69.51 804.0841 879.077 -94.3946 814.812 830.533 -75.1775 859.3911 830.533 -50.2928 848.663 830.533 -46.3128 857.8961 854.8051 -73.49 794.8521 854.8051 -69.51 804.0841 830.533 -84.7861 837.101 889.1311 -84.7861 837.101 820.4791 -59.9014 826.374 820.4791 -95.5086 827.371 854.702 -89.3496 842.163 838.36 -53.5215 827.4011 838.3591 -59.681 812.609 854.7011 -53.4354 827.608 871.017 -89.26401 842.37 871.0181 -53.5215 827.4011 838.3591 -53.4354 827.608 871.017 -59.681 812.609 854.7011 -89.26401 842.37 871.0181 -89.3496 842.163 838.36 -95.5086 827.371 854.702 -55.1064 908.074 838.301 -31.3447 896.43 838.3 -55.1029 908.0831 871.069 -31.3407 896.439 871.069 -31.3447 896.43 838.3 -31.3407 896.439 871.069 -55.1029 908.0831 871.069 -55.1064 908.074 838.301 -31.3407 896.439 871.069 -31.3447 896.43 838.3 -39.5521 912.408 838.3 -39.5521 912.408 838.3 -39.5483 912.4171 871.069 -31.3407 896.439 871.069 -55.1029 908.0831 871.069 -39.5483 912.4171 871.069 -39.5521 912.408 838.3 -39.5521 912.408 838.3 -55.1064 908.074 838.301 -55.1029 908.0831 871.069 -61.7793 898.353 831.6331 -50.2881 883.002 831.63 -50.2691 882.989 875.7581 -61.7704 898.236 875.759 -50.2662 913.5921 875.7581 -50.2853 913.6051 831.63 -50.2691 882.989 875.7581 -50.2662 913.5921 875.7581 -61.7704 898.236 875.759 -50.2853 913.6051 831.63 -50.2881 883.002 831.63 -61.7793 898.353 831.6331 -36.2946 882.999 832.0811 -36.3158 882.988 875.559 -36.2931 913.6091 832.0861 -36.3144 913.598 875.561 -36.3158 882.988 875.559 -36.3144 913.598 875.561 -36.2931 913.6091 832.0861 -36.2946 882.999 832.0811 -22.3625 882.9871 867.043 -22.301 882.996 840.8521 -22.3009 913.614 840.858 -22.3625 913.6041 867.0451 -22.3625 913.6041 867.0451 -22.3625 882.9871 867.043 -22.301 882.996 840.8521 -22.3009 913.614 840.858 -298.796 898.8591 487.181 -264.69 898.9381 469.865 -266.747 899.1121 431.671 -298.796 899.2081 410.793 -330.845 899.113 431.671 -332.901 898.9381 469.865 -272.699 843.8131 394.39 -272.699 907.6961 394.39 -323.699 907.6961 394.39 -323.699 843.8131 394.39 -188.392 944.054 323.055 -183.569 952.3931 321.153 -201.93 944.054 315.248 -201.842 952.3931 310.815 -179.417 942.923 318.4 -201.912 942.923 304.244 -185.021 944.0891 365.42 -176.951 954.4041 365.796 -176.882 954.9061 342.92 -176.961 940.8471 365.796 -215.112 944.054 322.918 -219.731 952.3931 319.835 -223.592 942.923 316.953 -226.75 954.7991 343.272 -226.68 940.8471 365.796 -219.065 944.0891 365.42 -226.687 954.4041 365.796 -234.043 929.4411 375.514 -226.797 935.754 375.562 -226.797 952.1781 371.046 -234.043 952.1781 371.046 -226.797 961.0451 355.68 -234.043 961.0451 355.68 -226.797 952.2031 340.329 -234.043 952.2031 340.329 -226.797 936.0231 335.307 -234.043 929.7221 335.258 -234.043 952.2031 340.329 -234.043 929.7221 335.258 -234.043 929.4411 375.514 -234.043 952.1781 371.046 -226.797 952.2031 340.329 -226.797 952.1781 371.046 -226.797 935.754 375.562 -226.797 936.0231 335.307 -226.797 935.754 375.562 -176.786 935.754 375.562 -176.786 936.0231 335.307 -176.786 936.0231 335.307 -226.797 936.0231 335.307 -226.797 935.754 375.562 -226.797 936.0231 335.307 -176.786 936.0231 335.307 -169.249 929.7221 335.259 -169.249 929.7221 335.259 -234.043 929.7221 335.258 -226.797 936.0231 335.307 -169.249 952.0831 370.998 -169.249 952.108 340.281 -169.249 960.95 355.633 -169.249 952.0831 370.998 -176.786 952.0831 370.998 -176.786 935.754 375.562 -169.249 929.4411 375.514 -169.249 960.95 355.633 -176.786 960.95 355.633 -176.786 952.1071 340.281 -169.249 952.108 340.281 -176.786 936.0231 335.307 -169.249 929.7221 335.259 -176.786 935.754 375.562 -176.786 952.0831 370.998 -176.786 952.1071 340.281 -176.786 936.0231 335.307 -234.043 929.4411 375.514 -169.249 929.4411 375.514 -176.786 935.754 375.562 -176.786 935.754 375.562 -226.797 935.754 375.562 -234.043 929.4411 375.514 -234.043 961.0451 355.68 -226.797 961.0451 355.68 -169.249 929.4411 375.514 -169.249 929.7221 335.259 -176.786 960.95 355.633 -82.5239 790.42 863.934 -87.2225 799.6691 851.98 -81.7925 811.885 861.2921 -75.2538 806.5971 874.509 -96.9696 796.715 864.0891 -89.6702 812.9581 874.6911 -87.2225 799.6691 851.98 -81.7925 811.885 861.2921 -114.363 717.354 830.614 -120.425 723.5521 817.2841 -128.861 723.5291 830.7531 -120.425 723.5521 817.2841 -174.558 574.5711 816.4481 -182.142 577.296 802.8031 -189.104 580.6311 816.637 -182.142 577.296 802.8031 -241.065 412.554 842.7581 -249.849 412.515 829.6021 -255.64 418.54 843.03 -249.849 412.515 829.6021 -283.946 305.381 886.233 -293.574 303.347 873.89 -298.536 311.326 886.5731 -293.574 303.347 873.89 -296.405 273.671 900.989 -304.393 275.771 887.192 -310.989 279.63 901.3361 -304.393 275.771 887.192 -287.822 297.692 816.6961 -293.039 305.746 829.2271 -306.699 271.443 848.496 -301.75 262.758 836.3131 -302.44 303.578 816.733 -287.822 297.692 816.6961 -301.75 262.758 836.3131 -316.35 268.689 836.3461 -242.82 408.986 772.845 -248.857 415.129 786.109 -257.414 414.931 772.806 -242.82 408.986 772.845 -174.679 574.335 745.4151 -181.902 577.76 759.0971 -189.222 580.403 745.2821 -174.679 574.335 745.4151 -110.611 725.773 761.483 -119.257 725.981 774.7891 -125.069 732.04 761.306 -110.611 725.773 761.483 -73.15901 811.247 798.6071 -83.1058 808.569 810.632 -87.5262 817.7211 798.476 -73.15901 811.247 798.6071 -55.6233 850.996 830.97 -67.2608 844.4741 839.4871 -70.024 857.3931 830.746 -55.6233 850.996 830.97 -312.8 231.659 290.644 -325.553 240.917 290.634 -325.145 242.11 867.7921 -312.393 232.852 867.8021 -327.194 225.244 290.667 -312.8 231.659 290.644 -312.393 232.852 867.8021 -326.787 226.438 867.8261 -49.5552 179.397 933.0921 -38.9244 179.397 1010.23 -27.1011 206.498 1011.97 -35.0408 214.438 933.0921 -27.1011 152.296 1011.97 -35.0408 144.356 933.0921 -29.5432 179.397 920.1651 -15.6245 179.397 926.5811 -11.0482 190.445 926.5811 -20.8902 200.287 920.1651 -11.0482 168.349 926.5811 -20.8902 158.507 920.1651 -11.8838 179.397 943.173 -308.227 210.539 837.6151 -308.227 144.773 837.6151 -308.227 210.539 905.442 -308.227 210.539 837.6151 -308.227 144.773 905.4411 -308.227 210.539 905.442 -308.227 144.773 837.6151 -308.227 144.773 905.4411 154.453 298.039 515.931 154.453 233.624 515.93 154.453 200.754 399.228 154.453 322.864 381.268 154.453 200.242 381.268 125.134 298.039 515.93 154.453 298.039 515.931 154.453 322.864 381.268 125.134 322.864 381.268 125.134 233.624 515.93 154.453 200.754 399.228 154.453 233.624 515.93 125.134 298.039 515.93 125.134 233.624 515.93 125.134 265.831 534.78 154.453 265.831 534.78 125.134 265.831 534.78 154.453 265.831 534.78 -154.453 200.754 399.228 -154.453 233.624 515.93 -154.453 298.039 515.931 -154.453 322.864 381.268 -154.453 200.242 381.268 -125.134 298.039 515.93 -125.134 322.864 381.268 -154.453 322.864 381.268 -154.453 298.039 515.931 -125.134 233.624 515.93 -154.453 233.624 515.93 -154.453 200.754 399.228 -125.134 298.039 515.93 -125.134 265.831 534.78 -125.134 233.624 515.93 -125.134 265.831 534.78 -154.453 265.831 534.78 -154.453 265.831 534.78 202.639 244.768 882.5471 203.243 244.77 875.8861 203.455 233.822 873.259 202.376 233.818 885.1621 132.946 233.968 866.8671 131.867 233.964 878.7691 152.474 213.169 880.637 153.555 213.173 868.7211 153.555 213.173 868.7211 152.474 213.169 880.637 181.684 213.109 883.285 182.765 213.113 871.369 182.765 213.113 871.369 181.684 213.109 883.285 202.376 233.818 885.1621 203.455 233.822 873.259 131.867 233.964 878.7691 132.946 233.968 866.8671 132.738 244.704 869.494 132.135 244.701 876.155 198.85 255.074 856.384 194.906 232.23 866.324 168.654 226.755 849.871 168.684 248.783 837.4791 142.183 232.124 866.0061 138.268 254.953 856.0191 140.292 242.04 895.804 136.095 266.347 890.2581 168.254 246.593 909.4871 168.225 271.578 905.98 196.398 242.152 896.142 200.564 266.476 890.6461 177.676 220.155 882.5191 168.378 224.738 896.29 157.57 221.837 887.574 164.74 217.973 875.962 138.268 254.953 856.0191 136.095 266.347 890.2581 168.225 271.578 905.98 168.684 248.783 837.4791 200.564 266.476 890.6461 198.85 255.074 856.384 204.913 151.972 903.1231 185.697 176.805 917.0061 166.481 151.972 903.1231 204.913 201.638 903.1231 166.481 201.638 903.1231 0.109889 687.36 700.3781 0.109907 719.067 663.765 24.436 707.445 685.778 0.109889 695.864 707.7431 0.109889 687.36 700.3781 35.7991 673.179 716.752 35.7991 673.179 716.752 35.7991 681.684 724.117 0.109889 695.864 707.7431 0.109889 687.36 700.3781 24.436 707.445 685.778 45.9853 684.0991 712.736 45.9853 684.0991 712.736 35.7991 673.179 716.752 0.109889 687.36 700.3781 24.436 707.445 685.778 0.109889 695.864 707.7431 35.7991 681.684 724.117 35.7991 681.684 724.117 45.9853 684.0991 712.736 24.436 707.445 685.778 0.109889 695.864 707.7431 -35.5909 681.677 724.1251 -35.5909 673.1721 716.76 -35.5909 673.1721 716.76 0.109889 687.36 700.3781 0.109889 695.864 707.7431 0.109889 687.36 700.3781 -35.5909 673.1721 716.76 -45.7103 684.05 712.7921 -45.7103 684.05 712.7921 -23.895 707.445 685.778 0.109889 687.36 700.3781 -23.895 707.445 685.778 -45.7103 684.05 712.7921 -35.5909 681.677 724.1251 -35.5909 681.677 724.1251 0.109889 695.864 707.7431 -23.895 707.445 685.778 0.109907 727.5711 671.13 35.4799 741.5291 655.0131 35.4799 733.025 647.648 35.4799 733.025 647.648 0.109907 719.067 663.765 0.109907 727.5711 671.13 0.109907 719.067 663.765 35.4799 733.025 647.648 45.6961 730.59 659.052 45.6961 730.59 659.052 24.436 707.445 685.778 0.109907 719.067 663.765 24.436 707.445 685.778 45.6961 730.59 659.052 35.4799 741.5291 655.0131 35.4799 741.5291 655.0131 0.109907 727.5711 671.13 24.436 707.445 685.778 0.109907 727.5711 671.13 0.109907 719.067 663.765 -36.1605 733.5811 647.0061 -36.1605 733.5811 647.0061 -36.1605 742.085 654.371 0.109907 727.5711 671.13 0.109907 719.067 663.765 -23.895 707.445 685.778 -46.2615 731.2191 658.325 -46.2615 731.2191 658.325 -36.1605 733.5811 647.0061 0.109907 719.067 663.765 -23.895 707.445 685.778 0.109907 727.5711 671.13 -36.1605 742.085 654.371 -36.1605 742.085 654.371 -46.2615 731.2191 658.325 -23.895 707.445 685.778 0.109889 695.864 707.7431 24.436 707.445 685.778 0.109907 727.5711 671.13 0.109907 727.5711 671.13 -23.895 707.445 685.778 0.109889 695.864 707.7431 0.109889 687.36 700.3781 -23.895 707.445 685.778 0.109907 719.067 663.765 0.194441 506.153 544.122 0.19446 537.86 507.509 24.5205 526.238 529.522 0.19446 514.658 551.487 0.194441 506.153 544.122 35.8836 491.973 560.496 35.8836 491.973 560.496 35.8837 500.478 567.861 0.19446 514.658 551.487 0.194441 506.153 544.122 24.5205 526.238 529.522 46.0699 502.892 556.48 46.0699 502.892 556.48 35.8836 491.973 560.496 0.194441 506.153 544.122 24.5205 526.238 529.522 0.19446 514.658 551.487 35.8837 500.478 567.861 35.8837 500.478 567.861 46.0699 502.892 556.48 24.5205 526.238 529.522 0.19446 514.658 551.487 -35.5064 500.47 567.869 -35.5064 491.966 560.504 -35.5064 491.966 560.504 0.194441 506.153 544.122 0.19446 514.658 551.487 0.194441 506.153 544.122 -35.5064 491.966 560.504 -45.6257 502.844 556.536 -45.6257 502.844 556.536 -23.8104 526.238 529.522 0.194441 506.153 544.122 -23.8104 526.238 529.522 -45.6257 502.844 556.536 -35.5064 500.47 567.869 -35.5064 500.47 567.869 0.19446 514.658 551.487 -23.8104 526.238 529.522 0.19446 546.3651 514.874 35.5645 560.323 498.757 35.5645 551.8181 491.392 35.5645 551.8181 491.392 0.19446 537.86 507.509 0.19446 546.3651 514.874 0.19446 537.86 507.509 35.5645 551.8181 491.392 45.7806 549.383 502.796 45.7806 549.383 502.796 24.5205 526.238 529.522 0.19446 537.86 507.509 24.5205 526.238 529.522 45.7806 549.383 502.796 35.5645 560.323 498.757 35.5645 560.323 498.757 0.19446 546.3651 514.874 24.5205 526.238 529.522 0.19446 546.3651 514.874 0.19446 537.86 507.509 -36.076 552.375 490.749 -36.076 552.375 490.749 -36.076 560.879 498.114 0.19446 546.3651 514.874 0.19446 537.86 507.509 -23.8104 526.238 529.522 -46.1769 550.013 502.069 -46.1769 550.013 502.069 -36.076 552.375 490.749 0.19446 537.86 507.509 -23.8104 526.238 529.522 0.19446 546.3651 514.874 -36.076 560.879 498.114 -36.076 560.879 498.114 -46.1769 550.013 502.069 -23.8104 526.238 529.522 0.19446 514.658 551.487 24.5205 526.238 529.522 0.19446 546.3651 514.874 0.19446 546.3651 514.874 -23.8104 526.238 529.522 0.19446 514.658 551.487 0.194441 506.153 544.122 -23.8104 526.238 529.522 0.19446 537.86 507.509 -155.419 200.244 937.8361 -159.362 170.949 945.1671 -185.615 168.001 928.0781 -185.584 196.856 918.2 -212.085 170.892 944.837 -216 200.179 937.457 -213.976 176.232 975.785 -218.173 206.314 973.0181 -186.014 178.683 989.996 -186.043 209.132 989.3471 -157.87 176.292 976.1361 -153.704 206.384 973.421 -176.592 153.099 959.9891 -185.89 155.566 974.2921 -196.698 154.004 965.2391 -189.528 151.924 953.179 -216 200.179 937.457 -218.173 206.314 973.0181 -186.043 209.132 989.3471 -185.584 196.856 918.2 -153.704 206.384 973.421 -155.419 200.244 937.8361 -212.947 932.434 239.591 -350.545 932.434 253.47 -345.883 932.434 320.841 -206.454 932.434 308.027 0.027067 -833.35 313.996 0.02051395 -851.5241 312.168 74.4388 -844.0131 312.903 67.6208 -828.028 316.112 0.02907699 -827.6541 233.422 85.8424 -815.374 235.98 161.587 -667.905 248.475 163.962 -672.171 306.608 149.16 -760.4411 312.728 147.744 -759.059 241.781 128.875 -673.754 310.342 124.395 -750.577 314.464 -67.5629 -828.028 316.112 -74.3923 -844.0131 312.903 -85.7757 -815.374 235.98 -161.426 -667.905 248.475 -147.64 -759.059 241.781 -149.057 -760.4411 312.728 -163.804 -672.171 306.608 -124.285 -750.577 314.464 -128.718 -673.754 310.342 46.6215 -906.366 268.056 111.058 -850.11 362.817 -0.186231 -876.3071 392.245 -2.06556 -849.0631 369.014 98.7061 -822.0131 369.022 91.31 -879.905 267.944 9.58118 -900.5861 275.552 153.799 -799.84 395.064 9.58118 -900.5861 275.552 9.86712 -906.1441 278.555 98.7061 -822.0131 369.022 94.399 -887.8081 268.984 91.31 -879.905 267.944 -2.06556 -849.0631 369.014 -0.186231 -876.3071 392.245 -108.492 -852.6591 368.653 -47.281 -905.2471 273.323 -153.422 -796.0651 391.02 -11.4474 -904.8851 283.053 -11.1306 -899.0181 280.236 -88.1189 -880.075 273.396 -93.9264 -827.73 363.249 -2.06556 -849.0631 369.014 -11.1306 -899.0181 280.236 -88.1189 -880.075 273.396 -91.1099 -887.759 274.458 -93.9264 -827.73 363.249 -2.06556 -849.0631 369.014 151.794 -684.6491 322.545 173.976 -676.1671 383.886 142.401 -783.096 323.232 106.865 -845.572 322.208 -151.636 -684.6491 322.553 -142.593 -783.24 323.057 -172.147 -676.057 383.978 -106.78 -845.5911 322.183 33.2146 -835.554 300.381 65.276 -799.484 304.974 31.1186 -799.916 319.227 83.1254 -696.411 293.624 30.7723 -699.604 318.911 32.8585 -753.2291 325.622 81.1471 -753.5451 303.867 0 -806.309 315.471 0 -846.41 300.915 0 -699.668 309.092 0 -755.5241 317.946 69.1298 -663.6931 279.495 28.4788 -652.684 292.316 0 -651.7171 290.015 0 -838.126 284.979 0 -802.3541 281.237 0 -752.406 279.755 0 -702.5711 275.819 0 -657.947 262.852 -33.2146 -835.554 300.381 -31.1186 -799.916 319.227 -65.276 -799.484 304.974 -83.1254 -696.411 293.624 -81.1471 -753.5451 303.867 -32.8585 -753.2291 325.622 -30.7724 -699.604 318.911 -69.1298 -663.6931 279.495 -28.4788 -652.684 292.316 380.894 638.375 159.672 380.894 624.04 184.501 403.413 623.5061 183.576 403.413 637.307 159.672 380.894 595.37 184.501 403.413 595.9041 183.576 380.894 581.0341 159.672 403.413 582.103 159.672 380.894 595.37 134.843 403.413 595.9041 135.768 380.894 595.37 134.843 380.894 624.04 134.843 403.413 623.5061 135.768 403.413 595.9041 135.768 403.413 637.307 159.672 403.413 623.5061 183.576 403.413 595.9041 183.576 403.413 582.103 159.672 403.413 595.9041 135.768 403.413 623.5061 135.768 -380.894 638.375 159.672 -403.413 637.307 159.672 -403.413 623.5061 183.576 -380.894 624.04 184.501 -403.413 595.9041 183.576 -380.894 595.37 184.501 -403.413 582.103 159.672 -380.894 581.0341 159.672 -403.413 595.9041 135.768 -380.894 595.37 134.843 -380.894 595.37 134.843 -403.413 595.9041 135.768 -403.413 623.5061 135.768 -380.894 624.04 134.843 -403.413 595.9041 135.768 -403.413 582.103 159.672 -403.413 595.9041 183.576 -403.413 623.5061 183.576 -403.413 637.307 159.672 -403.413 623.5061 135.768 -11.275 -629.7531 618.2011 -338.595 529.335 388.412 -277.776 529.335 388.412 -254.967 165.934 805.7951 -315.786 165.934 805.7951 -338.595 589.864 397.561 -338.595 529.335 388.412 -315.786 165.934 805.7951 -315.786 204.977 839.62 -277.776 589.864 397.561 -338.595 589.864 397.561 -315.786 204.977 839.62 -254.967 204.977 839.62 -277.776 529.335 388.412 -277.776 589.864 397.561 -254.967 204.977 839.62 -254.967 165.934 805.7951 433.721 -206.892 634.02 447.135 -206.892 647.0971 436.26 -212.31 646.0291 436.26 -201.474 646.0291 447.135 -201.623 868.989 447.135 -212.161 868.989 435.876 -206.892 869.817 436.26 -201.474 646.0291 435.876 -206.892 869.817 434.295 -201.625 882.035 434.295 -212.159 882.035 357.444 -201.563 881.986 357.444 -212.221 881.986 357.127 -206.892 871.356 357.127 -206.892 871.356 329.043 -201.574 644.642 329.043 -212.211 644.642 329.043 -212.211 644.642 345.201 -206.892 634.012 329.043 -201.574 644.642 336.519 -215.828 889.07 335.987 -206.892 866.134 335.987 -206.892 866.134 336.519 -197.956 889.07 317.66 -212.221 884.814 317.343 -206.892 874.184 317.343 -206.892 874.184 317.66 -201.563 884.814 270.181 -212.221 884.814 269.864 -206.892 874.184 269.864 -206.892 874.184 270.181 -201.563 884.814 345.201 -206.892 626.64 322.888 -212.204 626.9121 322.888 -201.581 626.9121 345.201 -206.892 634.012 345.201 -206.892 626.64 345.201 -206.892 634.012 345.201 -206.892 626.64 -433.721 -206.892 634.02 -436.26 -212.31 646.0291 -447.135 -206.892 647.0971 -436.26 -201.474 646.0291 -447.135 -212.161 868.989 -447.135 -201.623 868.989 -435.876 -206.892 869.817 -436.26 -201.474 646.0291 -435.876 -206.892 869.817 -434.295 -212.159 882.035 -434.295 -201.625 882.035 -357.444 -201.563 881.986 -357.444 -212.221 881.986 -357.127 -206.892 871.356 -357.127 -206.892 871.356 -329.043 -212.211 644.642 -329.043 -201.574 644.642 -345.201 -206.892 634.012 -329.043 -212.211 644.642 -329.043 -201.574 644.642 -335.987 -206.892 866.134 -336.519 -215.828 889.07 -336.519 -197.956 889.07 -335.987 -206.892 866.134 -317.343 -206.892 874.184 -317.66 -212.221 884.814 -317.66 -201.563 884.814 -317.343 -206.892 874.184 -269.864 -206.892 874.184 -270.181 -212.221 884.814 -270.181 -201.563 884.814 -269.864 -206.892 874.184 -345.201 -206.892 626.64 -322.888 -201.581 626.9121 -322.888 -212.204 626.9121 -345.201 -206.892 634.012 -345.201 -206.892 626.64 -345.201 -206.892 634.012 -345.201 -206.892 626.64 297.417 -808.7581 570.746 280.42 -780.9541 518.005 278.249 -830.8551 520.233 295.782 -831.16 568.088 342.416 -830.866 580.9671 344.524 -808.905 584.458 392.626 -830.8781 568.7451 393.972 -808.5321 571.1571 414.712 -807.5911 532.4251 413.036 -831.0681 532.7951 402.111 -805.864 490.597 402.054 -831.1651 491.263 356.481 -831.0971 456.142 359.014 -803.442 451.108 289.148 -749.88 536.885 354.272 -678.681 585.218 311.818 -678.0921 566.1021 408.451 -592.52 558.463 381.737 -600.635 448.889 408.198 -598.593 494.101 310.555 -832.634 484.161 298.264 -830.634 470.736 356.481 -831.0971 456.142 346.9 -832.736 474.765 297.212 -811.1571 466.125 298.264 -830.634 470.736 190.705 -405.015 635.197 191.154 -396.142 652.575 95.6967 -420.183 654.682 95.0539 -426.331 635.9 0 42.9891 917.246 0 -47.7184 933.027 198.195 -42.0346 928.6491 222.375 43.6733 909.2941 184.181 -353.366 905.994 188.425 -328.764 929.9951 93.0184 -361.199 939.376 91.5545 -385.791 913.298 271.107 -260.5 882.452 266.964 -233.223 898.764 262.115 -281.23 898.462 238.834 -287.63 871.5661 249.642 -326.824 657.4251 257.86 -312.721 671.5971 191.012 -247.713 941.014 94.8302 -266.168 947.309 250.953 -234.46 917.8521 250.049 -286.428 912.142 278.249 -830.8551 520.233 310.555 -832.634 484.161 299.737 -831.205 518.8391 309.381 -831.96 550.76 344.9 -831.848 563.867 342.416 -830.866 580.9671 295.782 -831.16 568.088 381.518 -832.257 551.731 392.626 -830.8781 568.7451 413.036 -831.0681 532.7951 392.043 -832.934 526.216 402.054 -831.1651 491.263 386.053 -833.1851 494.193 346.9 -832.736 474.765 298.264 -830.634 470.736 297.212 -811.1571 466.125 260.758 -288.735 878.7841 282.449 -318.83 671.083 266.999 -339.531 654.528 269.884 -345.459 632.663 299.27 -302.264 628.343 343.768 -803.212 516.957 156.68 -841.7551 302.372 69.9496 -862.5731 293.572 70.3698 -850.8721 269.563 167.408 -833.7191 279.049 216.119 -821.5521 293.643 194.44 -826.814 310.621 229.565 -823.9671 320.851 199.634 -826.8651 313.653 105.566 -843.1781 456.325 103.013 -855.7081 424.591 214.672 -838.736 412.768 215.567 -828.403 456.99 0 -851.41 456.86 0 -866.0521 430.664 357.285 -787.869 185.628 353.983 -790.481 361.005 290.608 -818.372 342.618 278.002 -813.0941 251.423 66.6918 -847.207 301.113 154.683 -831.113 307.371 190.697 -819.2681 313.877 194.283 -819.5891 317.042 191.54 -845.671 366.911 176.374 -853.8731 329.366 84.4102 -908.4281 349.005 169.638 -847.5941 322.961 87.0184 -910.5581 364.723 0 -851.26 299.745 0 -868.3261 292.255 297.212 -811.1571 466.125 359.014 -803.442 451.108 0 -364.515 892.8161 89.4799 -357.988 891.1121 91.5545 -385.791 913.298 0 -400.794 915.7711 228.697 -299.164 879.16 238.834 -287.63 871.5661 260.758 -288.735 878.7841 245.751 -306.172 891.0241 0 81.7832 271.364 339.44 67.928 233.315 0 53.0254 209.814 301.286 83.8851 545.4281 329.733 84.6169 527.486 0 84.7299 544.87 341.489 29.8636 551.4931 385.733 28.9738 522.8651 329.733 84.6169 527.486 301.286 83.8851 545.4281 289.46 75.9394 588.5791 325.217 30.9314 586.004 258.458 50.9149 880.9431 253.463 58.0479 890.3081 266.079 35.2156 892.8851 270.76 32.9764 879.392 338.763 83.7516 461.061 390.643 29.9196 469.773 154.683 -831.113 307.371 147.067 -819.012 295.04 66.6918 -847.207 301.113 190.697 -819.2681 313.877 195.548 -812.309 317.48 83.7402 -891.7341 354.228 169.866 -837.4431 330.617 169.638 -847.5941 322.961 84.4102 -908.4281 349.005 0 -832.7431 279.702 0 -851.26 299.745 358.445 -482.068 579.3311 378.686 29.9794 432.423 383.297 30.5201 231.535 339.44 67.928 233.315 383.297 30.5201 231.535 384.043 -354.373 314.228 384.049 -313.434 236.884 389.447 -333.985 218.176 384.049 -313.434 236.884 384.043 -354.373 314.228 390.167 -375.635 292.122 383.854 -435.585 376.903 389.113 -448.909 349.385 383.934 -530.299 400.389 389.041 -533.979 369.46 382.413 -687.6961 332.225 387.318 -662.044 313.605 388.053 -610.509 353.304 383.612 -623.4381 382.674 383.021 -723.61 248.799 386.747 -693.1721 260.889 95.6856 -877.2321 388.061 0 -890.361 397.067 0 -926.5191 376.152 129.447 -832.9461 237.634 0 -855.6821 268.665 0 -839.325 235.457 296.587 34.4839 618.788 0 -432.991 635.033 0 -482.785 631.35 0 -926.0211 360.325 0 -908.4611 365.582 0 -926.0211 360.325 0 75.6874 588.887 289.46 75.9394 588.5791 320.909 -492.019 557.7271 302.426 -491.418 459.192 295.429 -630.7921 497.33 383.934 -530.299 400.389 383.612 -623.4381 382.674 338.763 83.7516 461.061 339.474 -482.684 622.906 339.474 -482.684 622.906 320.909 -492.019 557.7271 358.445 -482.068 579.3311 0 52.6087 617.423 284.795 52.6002 617.2431 0.152202 62.8098 891.1871 0 52.8608 879.76 177.61 -337.651 886.7561 258.458 50.9149 880.9431 284.795 52.6002 617.2431 251.921 -33.9296 911.762 0 -274.749 948.69 177.61 -337.651 886.7561 89.4799 -357.988 891.1121 92.943 -402.154 657.3181 185.413 -379.749 657.3811 228.697 -299.164 879.16 249.642 -326.824 657.4251 249.642 -326.824 657.4251 185.413 -379.749 657.3811 95.6967 -420.183 654.682 92.943 -402.154 657.3181 0 -408.715 656.95 0 -426.359 655.012 257.86 -312.721 671.5971 388.953 -310.115 210.796 389.071 30.5895 208.513 373.896 46.4325 209.606 366.302 -336.249 220.616 366.753 -310.905 211.156 388.953 -310.115 210.796 389.447 -333.985 218.176 389.113 -448.909 349.385 367.222 -448.112 348.793 367.897 -376.365 293.733 389.041 -533.979 369.46 367.524 -532.29 369.104 388.053 -610.509 353.304 387.318 -662.044 313.605 366.638 -662.919 312.28 368.563 -609.526 352.654 386.747 -693.1721 260.889 367.358 -692.8861 260.936 382.664 -717.604 192.894 366.801 -714.7531 193.633 383.854 -435.585 376.903 353.983 -790.481 361.005 382.413 -687.6961 332.225 383.021 -723.61 248.799 357.285 -787.869 185.628 382.664 -717.604 192.894 139.818 -827.5441 185.582 276.3 -813.327 185.573 382.664 -717.604 192.894 194.283 -819.5891 317.042 167.939 -731.8151 318.966 0 -706.939 312.874 274.205 -789.2241 494.76 272.672 -482.747 630.914 274.205 -789.2241 494.76 384.043 -354.373 314.228 0 -375.296 942.5191 0 -364.515 892.8161 0 -408.715 656.95 272.672 -482.747 630.914 210.289 -491.548 418.735 302.426 -491.418 459.192 210.289 -491.548 418.735 0 -491.582 388.235 0 -829.512 388.235 184.289 -815.116 388.346 210.289 -491.548 418.735 184.289 -815.116 388.346 221.753 -628.501 472.674 295.429 -630.7921 497.33 302.426 -491.418 459.192 148.659 -811.1431 500.957 283.296 -759.4511 500.96 149.712 -786.3291 500.96 149.712 -786.3291 500.96 275.191 -786.5 441.013 184.289 -815.116 388.346 0 -829.512 388.235 0 -798.3071 500.961 0 -824.239 501.056 0 -798.3071 500.961 275.191 -786.5 441.013 283.296 -759.4511 500.96 283.296 -759.4511 500.96 0 -482.785 631.35 0 -491.582 388.235 283.296 -759.4511 500.96 0 52.8608 879.76 373.896 46.4325 209.606 382.664 -717.604 192.894 357.285 -787.869 185.628 366.801 -714.7531 193.633 0 -833.0861 185.509 -282.209 -831.088 504.128 -278.251 -785.4461 502.388 -295.614 -831.213 568.215 -375.166 -794.275 454.635 -379.039 -831.1671 461.902 -407.779 -831.14 508.505 -289.148 -749.88 536.885 -342.399 -830.997 580.948 -311.818 -678.0921 566.1021 -354.272 -678.681 585.218 -397.902 -831.0211 565.652 -406.29 -592.52 557.267 -407.779 -831.14 508.505 -408.198 -598.593 494.101 -381.737 -600.635 448.889 -324.077 -814.4351 453.224 -324.176 -830.655 459.606 -385.733 28.9738 522.8651 -405.438 -306.056 541.37 -359.041 -304.231 571.43 -341.489 29.8636 551.4931 -390.643 29.9196 469.773 -405.389 -305.362 484.876 -378.686 29.9794 432.423 -381.242 -307.31 442.689 -190.704 -405.015 635.197 -95.0539 -426.331 635.9 -95.6967 -420.183 654.682 -191.154 -396.142 652.575 -222.375 43.6733 909.2941 -198.195 -42.0346 928.6491 -184.181 -353.366 905.994 -91.5545 -385.791 913.298 -93.0184 -361.199 939.376 -188.425 -328.764 929.9951 -271.107 -260.5 882.452 -262.115 -281.23 898.462 -266.964 -233.223 898.764 -238.834 -287.63 871.5661 -257.86 -312.721 671.5971 -252.648 -326.845 657.2041 -94.8302 -266.168 947.309 -191.012 -247.713 941.014 -250.049 -286.428 912.142 -250.953 -234.46 917.8521 -325.217 30.9314 586.004 -341.489 29.8636 551.4931 -359.041 -304.231 571.43 -340.131 -305.349 603.73 -260.758 -288.735 878.7841 -282.449 -318.83 671.083 -299.27 -302.264 628.343 -269.884 -345.459 632.663 -270.005 -339.552 654.307 -156.68 -841.7551 302.372 -167.408 -833.7191 279.049 -70.3698 -850.8721 269.563 -69.9496 -862.5731 293.572 -194.44 -826.814 310.621 -216.119 -821.5521 293.643 -229.565 -823.9671 320.851 -199.634 -826.8651 313.653 -105.566 -843.1781 456.325 -215.567 -828.403 456.99 -214.672 -838.736 412.768 -103.013 -855.7081 424.591 -357.285 -787.869 185.628 -278.002 -813.0941 251.423 -290.608 -818.372 342.618 -353.983 -790.481 361.005 -66.6918 -847.207 301.113 -154.683 -831.113 307.371 -190.697 -819.2681 313.877 -194.283 -819.5891 317.042 -176.374 -853.8731 329.366 -191.54 -845.671 366.911 -84.4102 -908.4281 349.005 -87.0184 -910.5581 364.723 -169.638 -847.5941 322.961 -324.077 -814.4351 453.224 -375.166 -794.275 454.635 -324.077 -814.4351 453.224 -91.5545 -385.791 913.298 -89.4799 -357.988 891.1121 -228.697 -299.164 879.16 -245.751 -306.172 891.0241 -260.758 -288.735 878.7841 -238.834 -287.63 871.5661 -339.44 67.928 233.315 -301.286 83.8851 545.4281 -329.733 84.6169 527.486 -301.286 83.8851 545.4281 -329.733 84.6169 527.486 -385.733 28.9738 522.8651 -289.46 75.9394 588.5791 -258.458 50.9149 880.9431 -270.76 32.9764 879.392 -266.079 35.2156 892.8851 -253.463 58.0479 890.3081 -338.763 83.7516 461.061 -390.643 29.9196 469.773 -154.683 -831.113 307.371 -66.6918 -847.207 301.113 -147.067 -819.012 295.04 -190.697 -819.2681 313.877 -195.548 -812.309 317.48 -83.7402 -891.7341 354.228 -84.4102 -908.4281 349.005 -169.638 -847.5941 322.961 -169.866 -837.4431 330.617 -358.445 -482.068 579.3311 -405.438 -306.056 541.37 -339.44 67.928 233.315 -383.297 30.5201 231.535 -378.686 29.9794 432.423 -383.297 30.5201 231.535 -384.049 -313.434 236.884 -384.043 -354.373 314.228 -389.447 -333.985 218.176 -390.167 -375.635 292.122 -384.043 -354.373 314.228 -384.049 -313.434 236.884 -389.113 -448.909 349.385 -383.854 -435.585 376.903 -384.043 -354.373 314.228 -389.041 -533.979 369.46 -383.934 -530.299 400.389 -382.413 -687.6961 332.225 -383.612 -623.4381 382.674 -388.053 -610.509 353.304 -387.318 -662.044 313.605 -386.747 -693.1721 260.889 -383.021 -723.61 248.799 -95.6856 -877.2321 388.061 -129.447 -832.9461 237.634 -296.587 34.4839 618.788 -289.46 75.9394 588.5791 -278.251 -785.4461 502.388 -282.209 -831.088 504.128 -295.429 -630.7921 497.33 -300.805 -491.418 465.8 -320.909 -492.019 557.7271 -383.934 -530.299 400.389 -383.612 -623.4381 382.674 -338.763 83.7516 461.061 -381.242 -307.31 442.689 -405.389 -305.362 484.876 -343.394 -482.684 622.481 -343.394 -482.684 622.481 -358.445 -482.068 579.3311 -320.909 -492.019 557.7271 -284.795 52.6002 617.2431 -0.152202 62.8098 891.1871 -177.61 -337.651 886.7561 -258.458 50.9149 880.9431 -284.795 52.6002 617.2431 -251.921 -33.9296 911.762 -177.61 -337.651 886.7561 -185.413 -379.749 657.3811 -92.943 -402.154 657.3181 -89.4799 -357.988 891.1121 -228.697 -299.164 879.16 -252.648 -326.845 657.2041 -185.413 -379.749 657.3811 -252.648 -326.845 657.2041 -95.6967 -420.183 654.682 -92.943 -402.154 657.3181 -257.86 -312.721 671.5971 -388.953 -310.115 210.796 -373.896 46.4325 209.606 -389.071 30.5895 208.513 -366.302 -336.249 220.616 -389.447 -333.985 218.176 -388.953 -310.115 210.796 -366.753 -310.905 211.156 -367.897 -376.365 293.733 -367.222 -448.112 348.793 -389.113 -448.909 349.385 -367.524 -532.29 369.104 -389.041 -533.979 369.46 -388.053 -610.509 353.304 -368.562 -609.526 352.654 -366.638 -662.919 312.28 -387.318 -662.044 313.605 -367.358 -692.8861 260.936 -386.747 -693.1721 260.889 -366.801 -714.7531 193.633 -382.664 -717.604 192.894 -383.854 -435.585 376.903 -383.297 30.5201 231.535 -382.413 -687.6961 332.225 -353.983 -790.481 361.005 -383.021 -723.61 248.799 -357.285 -787.869 185.628 -382.664 -717.604 192.894 -139.818 -827.5441 185.582 -276.3 -813.327 185.573 -382.664 -717.604 192.894 -194.283 -819.5891 317.042 -167.939 -731.8151 318.966 -272.672 -482.747 630.914 -384.049 -313.434 236.884 -278.251 -785.4461 502.388 -384.043 -354.373 314.228 0 -364.515 892.8161 0 -408.715 656.95 -272.672 -482.747 630.914 -210.289 -491.548 418.735 -300.805 -491.418 465.8 -210.289 -491.548 418.735 -184.289 -815.116 388.346 -210.289 -491.548 418.735 -221.753 -628.501 472.674 -184.289 -815.116 388.346 -300.805 -491.418 465.8 -295.429 -630.7921 497.33 -148.659 -811.1431 500.957 -149.712 -786.3291 500.96 -283.296 -759.4511 500.96 -149.712 -786.3291 500.96 -184.289 -815.116 388.346 -275.191 -786.5 441.013 -275.191 -786.5 441.013 -283.296 -759.4511 500.96 -283.296 -759.4511 500.96 0 -482.785 631.35 -283.296 -759.4511 500.96 -373.896 46.4325 209.606 -382.664 -717.604 192.894 -366.801 -714.7531 193.633 -357.285 -787.869 185.628 -313.091 -842.996 544.255 -304.184 -843.0031 506.638 -287.617 -857.77 504.99 -300.031 -857.63 562.8161 -342.714 -857.0731 574.561 -340.704 -842.7421 560.3731 -380.112 -843.371 544.872 -391.899 -857.895 564.638 -401.862 -857.9481 509.01 -385.854 -843.0891 512.0711 -370.394 -843.3291 479.735 -377.462 -857.861 467.73 -323.916 -857.733 465.133 -329.326 -843.533 477.987 -282.209 -831.088 504.128 -295.614 -831.213 568.215 -342.399 -830.997 580.948 -397.902 -831.0211 565.652 -407.779 -831.14 508.505 -379.039 -831.1671 461.902 -324.176 -830.655 459.606 -343.579 -850.3151 516.971 369.551 -492.725 -16.6512 369.551 -555.452 -16.6511 286.983 -555.445 -16.614 286.983 -492.732 -16.614 369.551 -433.782 4.80247 286.983 -433.801 4.83521 369.551 -385.731 45.1222 286.983 -385.76 45.1465 369.551 -354.368 99.4448 286.983 -354.403 99.4577 369.551 -343.475 161.218 286.983 -343.513 161.218 369.551 -354.368 222.992 286.983 -354.403 222.979 369.552 -385.731 277.314 286.983 -385.759 277.29 369.551 -433.782 317.634 286.983 -433.801 317.601 369.551 -704.702 161.218 286.983 -704.6641 161.218 286.983 -693.7741 99.4577 369.551 -693.809 99.4448 286.983 -662.4171 45.1465 369.551 -662.4461 45.1222 286.983 -614.376 4.83521 369.551 -614.395 4.80251 286.983 -555.445 -16.614 369.551 -555.452 -16.6511 286.983 -492.732 339.05 369.551 -492.725 339.088 286.983 -555.445 339.05 369.552 -555.452 339.088 286.983 -614.376 317.601 369.551 -614.395 317.634 286.983 -662.4171 277.29 369.551 -662.4461 277.314 286.983 -693.7741 222.979 369.552 -693.809 222.992 268.915 -679.1121 188.047 268.915 -660.414 82.0043 268.915 -577.927 12.79 268.915 -577.927 12.79 268.915 -470.249 12.79 268.915 -387.763 82.0043 268.915 -369.065 188.047 268.915 -422.904 281.299 268.915 -524.088 318.127 268.915 -625.273 281.299 268.915 -369.065 188.047 268.915 -387.763 82.0043 268.915 -660.414 82.0043 268.915 -679.1121 188.047 404.255 -500.449 119.164 404.304 -548.526 119.218 379.337 -524.0891 29.9191 404.292 -500.672 207.472 404.337 -548.2451 207.521 404.348 -573.7481 163.808 404.252 -475.183 163.701 268.915 -625.273 281.299 268.915 -422.904 281.299 268.915 -524.088 318.127 268.915 -470.249 12.79 268.915 -577.927 12.79 379.337 -439.691 60.6372 379.337 -524.0891 29.9191 379.337 -394.784 138.418 379.337 -410.38 226.868 379.337 -479.182 284.599 379.337 -568.9951 284.599 379.337 -524.0891 29.9191 379.337 -608.486 60.6373 379.337 -653.393 138.418 379.337 -637.7971 226.868 379.337 -439.691 60.6372 379.337 -394.784 138.418 379.337 -410.38 226.868 379.337 -479.182 284.599 379.337 -568.9951 284.599 379.337 -608.486 60.6373 379.337 -653.393 138.418 379.337 -637.7971 226.868 207.053 440.812 99.4577 207.053 429.922 161.218 187.484 469.718 186.041 187.484 486.699 89.7428 207.053 472.168 45.1464 207.053 520.21 4.83514 187.484 561.6051 26.8885 207.053 579.1411 -16.614 207.053 641.854 -16.614 207.053 579.1411 -16.614 187.484 561.6051 26.8885 187.484 659.389 26.8884 207.053 700.785 4.83514 207.053 748.8261 45.1464 187.484 734.296 89.7428 207.053 780.1831 99.4577 207.053 791.0731 161.218 187.484 751.2761 186.041 207.053 780.1831 222.979 207.053 748.8261 277.29 187.484 702.384 270.725 207.053 700.785 317.601 207.053 641.854 339.05 187.484 610.497 304.169 207.053 579.1411 339.05 207.053 520.21 317.601 187.484 518.611 270.725 207.053 472.168 277.29 207.053 440.812 222.979 187.484 751.2761 186.041 187.484 734.296 89.7428 187.484 486.699 89.7428 187.484 469.718 186.041 187.484 518.611 270.725 187.484 702.384 270.725 187.484 610.497 304.169 187.484 659.389 26.8884 187.484 561.6051 26.8885 398.207 641.8291 -16.4735 398.207 579.1651 -16.4735 398.207 700.7141 4.95869 398.207 748.7171 45.2381 398.207 780.049 99.5065 398.207 790.93 161.218 398.207 780.049 222.93 398.207 748.7171 277.198 398.207 700.7141 317.477 398.207 440.946 99.5065 398.207 430.065 161.218 398.207 472.278 45.2381 398.207 520.281 4.95872 398.207 579.1651 -16.4735 398.207 641.8291 338.91 398.207 579.1651 338.91 398.207 520.281 317.478 398.207 472.278 277.198 398.207 440.946 222.93 408.153 689.1251 67.5131 408.153 610.497 38.895 408.153 730.962 139.977 408.153 716.432 222.38 408.153 652.3341 276.164 408.153 568.66 276.164 408.153 610.497 38.895 408.153 531.87 67.5131 408.153 490.033 139.977 408.153 504.562 222.38 408.153 689.1251 67.5131 408.153 730.962 139.977 383.478 610.1181 161.108 408.153 716.432 222.38 408.153 652.3341 276.164 408.153 568.66 276.164 408.153 531.87 67.5131 408.153 610.497 38.895 408.153 490.033 139.977 408.153 504.562 222.38 -369.551 -492.725 -16.6512 -286.983 -492.732 -16.614 -286.983 -555.445 -16.614 -369.551 -555.452 -16.6511 -369.551 -433.782 4.80247 -286.983 -433.801 4.83521 -369.551 -385.731 45.1222 -286.983 -385.76 45.1465 -369.551 -354.368 99.4448 -286.983 -354.403 99.4577 -369.551 -343.475 161.218 -286.983 -343.513 161.218 -369.551 -354.368 222.992 -286.983 -354.403 222.979 -369.552 -385.731 277.314 -286.983 -385.759 277.29 -369.551 -433.782 317.634 -286.983 -433.801 317.601 -369.551 -704.702 161.218 -369.551 -693.809 99.4448 -286.983 -693.7741 99.4577 -286.983 -704.6641 161.218 -369.551 -662.4461 45.1222 -286.983 -662.4171 45.1465 -369.551 -614.395 4.80251 -286.983 -614.376 4.83521 -369.551 -555.452 -16.6511 -286.983 -555.445 -16.614 -369.551 -492.725 339.088 -286.983 -492.732 339.05 -369.552 -555.452 339.088 -286.983 -555.445 339.05 -369.551 -614.395 317.634 -286.983 -614.376 317.601 -369.551 -662.4461 277.314 -286.983 -662.4171 277.29 -369.552 -693.809 222.992 -286.983 -693.7741 222.979 -268.915 -660.414 82.0043 -268.915 -679.1121 188.047 -268.915 -577.927 12.79 -268.915 -470.249 12.79 -268.915 -577.927 12.79 -268.915 -387.763 82.0043 -268.915 -369.065 188.047 -268.915 -422.904 281.299 -268.915 -524.088 318.127 -268.915 -625.273 281.299 -268.915 -369.065 188.047 -268.915 -679.1121 188.047 -268.915 -660.414 82.0043 -268.915 -387.763 82.0043 -404.255 -500.449 119.164 -379.337 -524.0891 29.9191 -404.304 -548.526 119.218 -404.292 -500.672 207.472 -404.252 -475.183 163.701 -404.348 -573.7481 163.808 -404.337 -548.2451 207.521 -268.915 -625.273 281.299 -268.915 -422.904 281.299 -268.915 -524.088 318.127 -268.915 -470.249 12.79 -268.915 -577.927 12.79 -379.337 -524.0891 29.9191 -379.337 -439.691 60.6372 -379.337 -394.784 138.418 -379.337 -410.38 226.868 -379.337 -479.182 284.599 -379.337 -568.9951 284.599 -379.337 -608.486 60.6373 -379.337 -524.0891 29.9191 -379.337 -653.393 138.418 -379.337 -637.7971 226.868 -379.337 -439.691 60.6372 -379.337 -394.784 138.418 -379.337 -410.38 226.868 -379.337 -479.182 284.599 -379.337 -568.9951 284.599 -379.337 -608.486 60.6373 -379.337 -653.393 138.418 -379.337 -637.7971 226.868 -207.053 440.812 99.4577 -187.484 486.699 89.7428 -187.484 469.718 186.041 -207.053 429.922 161.218 -207.053 472.168 45.1464 -207.053 520.21 4.83514 -187.484 561.6051 26.8885 -207.053 579.1411 -16.614 -207.053 641.854 -16.614 -187.484 659.389 26.8884 -187.484 561.6051 26.8885 -207.053 579.1411 -16.614 -207.053 700.785 4.83514 -207.053 748.8261 45.1464 -187.484 734.296 89.7428 -207.053 780.1831 99.4577 -207.053 791.0731 161.218 -187.484 751.2761 186.041 -207.053 780.1831 222.979 -207.053 748.8261 277.29 -187.484 702.384 270.725 -207.053 700.785 317.601 -207.053 641.854 339.05 -187.484 610.497 304.169 -207.053 579.1411 339.05 -207.053 520.21 317.601 -187.484 518.611 270.725 -207.053 472.168 277.29 -207.053 440.812 222.979 -187.484 751.2761 186.041 -187.484 469.718 186.041 -187.484 486.699 89.7428 -187.484 734.296 89.7428 -187.484 518.611 270.725 -187.484 702.384 270.725 -187.484 610.497 304.169 -187.484 659.389 26.8884 -187.484 561.6051 26.8885 -398.207 579.1651 -16.4735 -398.207 641.8291 -16.4735 -398.207 700.7141 4.95869 -398.207 748.7171 45.2381 -398.207 780.049 99.5065 -398.207 790.93 161.218 -398.207 780.049 222.93 -398.207 748.7171 277.198 -398.207 700.7141 317.477 -398.207 430.065 161.218 -398.207 440.946 99.5065 -398.207 472.278 45.2381 -398.207 520.281 4.95872 -398.207 579.1651 -16.4735 -398.207 641.8291 338.91 -398.207 579.1651 338.91 -398.207 520.281 317.478 -398.207 472.278 277.198 -398.207 440.946 222.93 -408.153 610.497 38.895 -408.153 689.1251 67.5131 -408.153 730.962 139.977 -408.153 716.432 222.38 -408.153 652.3341 276.164 -408.153 568.66 276.164 -408.153 531.87 67.5131 -408.153 610.497 38.895 -408.153 490.033 139.977 -408.153 504.562 222.38 -408.153 689.1251 67.5131 -383.478 610.1181 161.108 -408.153 730.962 139.977 -408.153 716.432 222.38 -408.153 652.3341 276.164 -408.153 568.66 276.164 -408.153 531.87 67.5131 -408.153 610.497 38.895 -408.153 490.033 139.977 -408.153 504.562 222.38 354.934 414.898 212.706 354.934 447.745 292.101 419.343 447.82 292.105 419.342 414.899 212.706 354.934 522.603 359.68 419.343 522.603 359.686 419.343 447.82 292.105 354.934 447.745 292.101 354.934 773.49 292.399 419.342 773.5031 292.393 419.353 699.4091 359.9 354.951 699.457 359.885 419.355 608.6621 377.996 354.945 608.666 377.808 354.934 773.49 292.399 354.934 804.957 212.706 419.343 804.957 212.706 419.342 773.5031 292.393 389.756 608.432 394.958 389.756 514.207 375.851 419.355 608.6621 377.996 389.756 706.962 376.303 419.343 447.82 292.105 389.756 433.288 301.381 389.756 398.665 212.706 419.342 414.899 212.706 419.343 804.957 212.706 389.621 821.4271 212.705 389.738 787.7691 301.593 389.756 433.288 301.381 389.738 787.7691 301.593 419.343 804.957 212.706 354.934 804.957 212.706 389.621 821.4271 212.705 354.934 414.898 212.706 419.342 414.899 212.706 389.756 398.665 212.706 408.635 405.97 212.706 408.635 406.216 231.059 408.67 181.874 231.059 408.67 181.874 212.705 408.67 181.874 231.059 408.635 406.216 231.059 389.756 406.214 231.197 389.69 173.554 231.2 408.607 814.764 212.705 408.615 929.9481 212.705 408.615 929.9481 231.839 408.607 814.4281 231.839 408.607 814.4281 231.839 408.615 929.9481 231.839 389.757 929.9331 231.839 389.757 929.9331 231.839 389.693 814.4581 231.839 408.607 814.4281 231.839 389.69 173.554 231.2 389.524 173.631 212.708 408.67 181.874 212.705 389.524 173.631 212.708 389.693 405.97 212.706 408.635 405.97 212.706 408.615 929.9481 212.705 408.607 814.764 212.705 389.752 814.764 212.705 389.761 929.9481 212.705 389.761 929.9481 212.705 389.757 929.9331 231.839 389.756 435.846 301.027 389.756 545.153 380.781 389.756 423.637 518.767 355.984 113.024 594.087 3.7e-5 113.023 594.087 3.7e-5 113.024 212.714 355.984 113.024 212.714 354.937 421.759 294.053 355.006 423.637 518.767 354.932 523.814 389.5 3.7e-5 147.543 294.036 3.7e-5 147.543 594.087 350.019 153.269 594.087 350.019 153.237 293.956 389.756 880.278 481.582 355.006 880.278 481.582 355.006 807.55 518.767 389.756 807.55 518.767 355.006 423.637 518.767 355.006 394.163 567.483 389.756 394.163 567.483 389.756 423.637 518.767 389.756 336.383 594.087 355.006 336.383 594.087 350.019 153.269 594.087 389.69 152.15 594.087 355.006 929.92 397.483 389.756 929.9191 396.126 355.984 113.024 594.087 350.019 153.269 594.087 3.7e-5 147.543 594.087 3.7e-5 113.023 594.087 355.984 113.024 594.087 355.006 394.163 567.483 389.756 394.163 567.483 355.006 929.92 397.483 3.7e-5 929.9191 397.483 3.7e-5 902.7481 397.037 3.7e-5 902.7481 397.037 355.006 902.7481 397.037 355.006 929.92 397.483 355.006 880.278 481.582 355.006 929.92 397.483 355.006 902.7481 397.037 389.738 784.9851 301.385 389.756 880.278 481.582 389.756 807.55 518.767 389.756 423.637 518.767 355.006 423.637 518.767 389.756 545.153 380.781 389.756 673.863 381.651 389.756 807.55 518.767 389.756 423.637 518.767 355.006 807.55 518.767 354.932 696.64 390.524 389.756 673.863 381.651 389.626 152.069 212.709 389.69 152.15 594.087 355.984 113.024 594.087 355.984 113.024 212.714 354.937 798.054 294.06 3.7e-5 929.9191 397.483 355.006 929.92 397.483 389.757 929.9411 212.705 3.7e-5 930.027 212.714 355.006 929.92 397.483 389.756 929.9191 396.126 389.621 821.4271 212.705 389.757 929.9411 212.705 389.738 784.9851 301.385 389.756 929.9191 396.126 389.756 929.9191 396.126 355.006 423.637 518.767 350.019 153.237 293.956 355.006 394.163 567.483 350.019 153.269 594.087 355.006 336.383 594.087 350.019 153.237 293.956 355.006 394.163 567.483 389.727 318.251 421.622 389.69 152.15 594.087 389.687 221.486 421.819 389.719 318.369 212.707 389.756 435.846 301.027 354.937 798.054 294.06 355.006 902.7481 397.037 355.006 902.5971 293.923 355.006 902.7481 397.037 3.7e-5 902.7481 397.037 3.7e-5 902.6231 294.035 3.7e-5 902.6231 294.035 355.006 902.5971 293.923 355.006 902.7481 397.037 389.756 394.163 567.483 389.756 336.383 594.087 -354.934 414.898 212.706 -419.342 414.899 212.706 -419.343 447.82 292.105 -354.934 447.745 292.101 -354.934 522.603 359.68 -354.934 447.745 292.101 -419.343 447.82 292.105 -419.343 522.603 359.686 -354.934 773.49 292.399 -354.951 699.457 359.885 -419.353 699.4091 359.9 -419.342 773.5031 292.393 -419.355 608.6621 377.996 -354.945 608.666 377.808 -354.934 773.49 292.399 -419.342 773.5031 292.393 -419.343 804.957 212.706 -354.934 804.957 212.706 -389.756 514.207 375.851 -389.756 608.432 394.958 -419.355 608.6621 377.996 -389.756 706.962 376.303 -389.756 433.288 301.381 -419.343 447.82 292.105 -419.342 414.899 212.706 -389.756 398.665 212.706 -389.621 821.4271 212.705 -419.343 804.957 212.706 -389.738 787.7691 301.593 -389.756 433.288 301.381 -389.738 787.7691 301.593 -419.343 804.957 212.706 -389.621 821.4271 212.705 -354.934 804.957 212.706 -354.934 414.898 212.706 -389.756 398.665 212.706 -419.342 414.899 212.706 -408.635 405.97 212.706 -408.67 181.874 212.705 -408.67 181.874 231.059 -408.635 406.216 231.059 -389.756 406.214 231.197 -408.635 406.216 231.059 -408.67 181.874 231.059 -389.69 173.554 231.2 -408.607 814.764 212.705 -408.607 814.4281 231.839 -408.615 929.9481 231.839 -408.615 929.9481 212.705 -408.607 814.4281 231.839 -389.692 814.4581 231.839 -389.757 929.934 231.839 -389.757 929.934 231.839 -408.615 929.9481 231.839 -408.607 814.4281 231.839 -389.524 173.631 212.708 -389.69 173.554 231.2 -389.693 405.97 212.706 -389.524 173.631 212.708 -408.67 181.874 212.705 -408.635 405.97 212.706 -408.615 929.9481 212.705 -389.761 929.9481 212.705 -389.752 814.764 212.705 -408.607 814.764 212.705 -389.761 929.9481 212.705 -389.757 929.934 231.839 -389.756 435.846 301.027 -389.756 423.637 518.767 -389.756 545.153 380.781 -355.984 113.024 594.087 -355.984 113.024 212.714 -354.937 421.759 294.053 -354.932 523.814 389.5 -355.006 423.637 518.767 -350.019 153.237 293.956 -350.019 153.269 594.087 -389.756 880.278 481.582 -389.756 807.55 518.767 -355.006 807.55 518.767 -355.006 880.278 481.582 -355.006 423.637 518.767 -389.756 423.637 518.767 -389.756 394.163 567.483 -355.006 394.163 567.483 -389.756 336.383 594.087 -389.69 152.15 594.087 -350.019 153.269 594.087 -355.006 336.383 594.087 -355.006 929.92 397.483 -389.756 929.92 396.126 -355.984 113.024 594.087 -350.019 153.269 594.087 -355.984 113.024 594.087 -355.006 394.163 567.483 -389.756 394.163 567.483 -355.006 929.92 397.483 -355.006 902.7481 397.037 3.7e-5 902.7481 397.037 3.7e-5 902.7481 397.037 3.7e-5 929.9191 397.483 -355.006 929.92 397.483 -355.006 880.278 481.582 -355.006 902.7481 397.037 -355.006 929.92 397.483 -389.738 784.9851 301.385 -389.756 807.55 518.767 -389.756 880.278 481.582 -389.756 423.637 518.767 -355.006 423.637 518.767 -389.756 545.153 380.781 -389.756 423.637 518.767 -389.756 807.55 518.767 -389.756 673.863 381.651 -354.932 696.64 390.524 -355.006 807.55 518.767 -389.756 673.863 381.651 -389.626 152.069 212.709 -355.984 113.024 212.714 -355.984 113.024 594.087 -389.69 152.15 594.087 -354.937 798.054 294.06 -389.756 929.9411 212.705 -355.006 929.92 397.483 -355.006 929.92 397.483 -389.756 929.92 396.126 -389.756 929.9411 212.705 -389.621 821.4271 212.705 -389.738 784.9851 301.385 -389.756 929.92 396.126 -389.756 929.92 396.126 -355.006 423.637 518.767 -355.006 394.163 567.483 -350.019 153.237 293.956 -350.019 153.269 594.087 -350.019 153.237 293.956 -355.006 336.383 594.087 -355.006 394.163 567.483 -389.69 152.15 594.087 -389.756 435.846 301.027 -389.756 398.665 212.706 -354.937 798.054 294.06 -355.006 902.5971 293.923 -355.006 902.7481 397.037 -355.006 902.7481 397.037 -355.006 902.5971 293.923 3.7e-5 902.6231 294.035 3.7e-5 902.6231 294.035 3.7e-5 902.7481 397.037 -355.006 902.7481 397.037 -389.756 336.383 594.087 -389.756 394.163 567.483 389.687 221.486 421.819 389.663 221.636 212.708 389.719 318.369 212.707 389.727 318.251 421.622 389.663 221.636 212.708 389.756 398.665 212.706 -7.64723 976.9691 892.77 -0.546669 988.2081 898.723 -0.994973 988.6351 884.413 -6.65216 976.9171 879.363 -2.33988 989.9151 841.4821 -2.67191 976.7081 825.736 -3.66698 976.76 839.1431 7.84102 978.3981 894.3031 8.15374 979.2481 881.5911 9.0919 981.7991 843.4561 -7.64723 976.9691 892.77 -6.65216 976.9171 879.363 -3.66698 976.76 839.1431</float_array>
          <technique_common>
            <accessor source="#mater_lod1-mesh-positions-array" count="4423" stride="3">
              <param name="X" type="float"/>
              <param name="Y" type="float"/>
              <param name="Z" type="float"/>
            </accessor>
          </technique_common>
        </source>
        <source id="mater_lod1-mesh-normals">
          <float_array id="mater_lod1-mesh-normals-array" count="11934">-0.944051 -0.0843712 0.3188247 -0.6456035 -0.04881364 0.7621111 -0.2850543 0.5113791 0.8107006 0.03726589 -0.9422563 0.3328132 0.03021448 -0.5991799 0.8000441 -0.6426144 -0.5544289 0.5288245 -0.749903 -0.6585903 0.06248438 0.9651001 -0.04817187 0.2574126 0.2745044 0.5083693 0.8162156 0.6473137 -0.03372573 0.7614772 0.6731812 -0.7368153 0.06269186 0.5660733 -0.6293631 0.5324126 0.5226448 -0.3876001 0.7593476 -0.5183057 -0.341054 0.7842458 0.7201739 -0.1090933 0.6851629 -0.7548145 -0.121101 0.6446626 -0.7547801 -0.1211935 0.6446855 0.7201335 -0.1091304 0.6851995 0.5226728 -0.3876097 0.7593235 -0.5183438 -0.3410785 0.7842099 0.5831531 0.3164819 0.748179 0.2872645 0.5327255 0.7960419 -0.2759602 0.5346665 0.7987352 -0.55432 0.3276259 0.7651082 -0.6487218 -0.6668525 0.3666985 0.006578207 -0.9038076 0.4278887 0.01043319 -0.683184 0.7301719 -0.5744719 -0.2264927 0.7865642 0.6400176 -0.6724358 0.3717629 0.6070082 -0.2600169 0.7509544 0.9633786 -0.1021953 0.2479068 -0.9575737 -0.1018636 0.2695858 0.5922994 0.3151412 0.7415305 0.3151025 0.5318972 0.7859999 -0.2536009 0.537739 0.8040668 -0.5640773 0.3241609 0.7594317 -0.6358584 -0.6763433 0.3718116 0.03690445 -0.9053597 0.4230391 0.02842223 -0.6642729 0.7469497 -0.5762098 -0.2313812 0.7838655 0.6704314 -0.66094 0.3371646 0.6221973 -0.2566431 0.7395979 0.9711431 -0.1046082 0.2143322 -0.9588221 -0.1067556 0.2631797 0.5831524 0.3164858 0.7481778 0.2872474 0.5327275 0.7960467 -0.2867062 0.5333516 0.7958239 -0.5577108 0.3262773 0.7632182 -0.674133 -0.6504576 0.3499281 -0.02710229 -0.9036172 0.4274828 0.004444301 -0.6863683 0.7272406 -0.5803167 -0.2313765 0.7808312 0.6400321 -0.672429 0.3717504 0.6070223 -0.2600086 0.7509458 0.9633859 -0.1021771 0.2478861 -0.9607416 -0.1060625 0.2563714 0.02173578 -0.9785507 0.2048563 0.02078056 -0.9787343 0.204077 0.1172354 -0.9715133 0.2059561 0.1201988 -0.9702405 0.2102038 0.6314085 -0.7443271 0.2174873 0.6321026 -0.7431465 0.2194985 0.5042397 -0.8344123 0.2224824 0.4981973 -0.8384697 0.2208352 0.02483928 -0.9805939 0.1944701 0.0249105 -0.9825865 0.1841286 0.1308581 -0.9743006 0.1833429 0.1320706 -0.9722769 0.192964 0.6059616 -0.7754005 0.1776645 0.4842162 -0.8537578 0.1913955 0.487088 -0.8546789 0.1796371 0.6074316 -0.7766123 0.1670336 0.02386415 -0.9842395 0.1752233 0.128108 -0.9765791 0.1728627 0.6081409 -0.7776293 0.1595534 0.4790301 -0.8600479 0.1756352 0.2632103 -0.9392344 0.2203615 0.2692934 -0.9365015 0.2246021 0.2719875 -0.9447924 0.1827303 0.2737283 -0.9423452 0.1925055 0.26816 -0.9469253 0.1772646 -0.5811964 -0.7913293 0.1897593 -0.6478228 -0.7471066 0.1488533 -0.6746158 -0.7205174 0.1604629 -0.5907329 -0.786534 0.1799974 -0.1775479 -0.9593639 0.2193118 -0.3822227 -0.8948916 0.2303801 -0.3785174 -0.8964217 0.2305486 -0.171514 -0.961894 0.2129388 -0.5846567 -0.7940917 0.1661181 -0.6837041 -0.714164 0.1500611 -0.1923959 -0.962274 0.1923869 -0.3776778 -0.9056302 0.192856 -0.3736138 -0.909195 0.1837857 -0.1908829 -0.9642993 0.1835497 -0.6095179 -0.7655121 0.2061055 -0.7107723 -0.6686832 0.2183245 -0.7062277 -0.6766892 0.2081689 -0.6024472 -0.771382 0.205006 -0.3677918 -0.9130203 0.1764174 -0.1858522 -0.9674525 0.1717396 0.02169823 -0.9785523 0.2048528 -0.0693385 -0.9758577 0.2071086 -0.06713467 -0.9765381 0.2046132 0.02073055 -0.9787349 0.2040792 0.02480697 -0.9805939 0.1944745 -0.07808846 -0.9776532 0.1951833 -0.07710081 -0.9799421 0.1837633 0.02490019 -0.9825873 0.1841256 -0.07551896 -0.9821183 0.1724547 0.02382385 -0.9842404 0.1752243 -0.04199773 -0.9974998 0.05683547 0.1342051 -0.9909215 0.007974147 0.2616472 -0.9553966 0.1369608 -0.09017765 -0.9674571 0.2364207 0.2110476 -0.9255116 0.3144636 0.03773856 -0.9313764 0.3620964 0.2161995 -0.8715882 0.4399908 0.09238415 -0.8755208 0.4742662 0.3398106 -0.8855763 0.3166758 0.3759393 -0.9065561 0.1919003 0.3361002 -0.9415867 0.02124494 0.2456551 -0.9666626 -0.0722301 0.07346409 -0.9901487 -0.1191995 -0.0539909 -0.9950557 -0.08336204 -0.1784964 -0.9828187 0.04697388 -0.2115619 -0.9616855 0.1743634 -0.1657372 -0.924814 0.3424183 -0.07472884 -0.8989159 0.4317012 0.04199707 -0.9975 0.05683463 0.09017789 -0.9674575 0.2364196 -0.2616473 -0.9553965 0.1369609 -0.1342053 -0.9909215 0.007975459 -0.03773856 -0.9313764 0.3620965 -0.2110474 -0.9255116 0.3144636 -0.09238463 -0.8755211 0.4742657 -0.2161995 -0.8715885 0.4399902 -0.3398104 -0.8855762 0.3166763 -0.3759394 -0.9065561 0.1919003 -0.3361002 -0.9415867 0.02124494 -0.2456551 -0.9666626 -0.0722301 -0.07346427 -0.9901487 -0.1191995 0.0539909 -0.9950556 -0.08336323 0.1784957 -0.9828188 0.04697537 0.2115616 -0.9616856 0.1743631 0.1657378 -0.9248139 0.3424183 0.07472908 -0.8989159 0.4317012 0.06583136 -0.4603891 -0.8852729 0.6387836 -0.3765881 -0.6709225 0.5142604 -0.7026062 -0.4918138 0.03860414 -0.8184244 -0.573316 -1.78355e-5 4.78468e-5 -1 3.07447e-4 0.01890897 -0.9998213 -1.45401e-5 1.97739e-5 -1 0 0 -1 0.9999827 -3.36146e-4 -0.005886971 0 0.01585948 -0.9998743 0.00177133 -7.02811e-4 -0.9999983 0.001736521 -6.85057e-4 -0.9999983 -0.007619202 -0.01785665 -0.9998115 0 -0.005245983 -0.9999863 0.0708605 0.4618526 -0.8841217 0.6194231 0.4041245 -0.6730517 0 4.74474e-4 -1 0.02762335 0.002991199 -0.999614 -0.7435428 -0.05939686 0.6660451 -0.7429463 0.06355166 0.6663273 0.7369426 0.06037902 0.6732533 0.7363411 -0.05874711 0.6740554 -0.6646035 -0.1393781 -0.7340818 0.6731293 -0.1396478 -0.72622 0.5294584 -0.3165247 -0.7870745 -0.5208082 -0.3193012 -0.7917106 0.6729754 -0.1395946 -0.7263729 0.7368343 0.06039869 0.6733701 0.8156966 0.1121841 0.5674979 0.5294349 -0.316558 -0.7870768 -0.8165488 0.1100606 0.5666877 0.815716 0.1122155 0.5674638 -0.7428202 0.06352728 0.6664702 -0.6644575 -0.1394171 -0.7342065 -0.5207927 -0.3193318 -0.7917085 -0.8165323 0.1101009 0.5667034 0.6728438 0.1396058 -0.7264926 -0.6644611 0.1399688 -0.7340983 -0.6674858 0.2797164 -0.690088 0.6715893 0.2846387 -0.6840677 -0.6643375 0.1399924 -0.7342057 -0.743411 -0.05941355 0.6661908 -0.7599213 -0.1278572 0.6373165 -0.6673843 0.2797187 -0.6901853 0.7529317 -0.1220703 0.6466783 -0.7600252 -0.1277936 0.6372054 0.7362449 -0.05872863 0.674162 0.6727109 0.1396279 -0.7266114 0.671447 0.2847034 -0.6841805 0.7528226 -0.1220754 0.6468042 -0.5910827 -0.4979064 -0.6345947 -0.5938923 0.4821498 -0.644068 0.593901 0.4820949 -0.6441011 0.5910544 -0.4978632 -0.6346551 -0.5917757 -0.4939968 -0.6369999 -0.5937008 0.4834126 -0.6432976 0.5936631 0.4834024 -0.6433399 0.5917469 -0.4939765 -0.6370422 0.5773783 0.5781516 -0.5765199 0.8543852 0.4504292 -0.2591131 0.8548794 -0.4493253 -0.2593992 0.5773783 -0.5781517 -0.5765196 0.4618905 0.7348258 0.4966773 0.496539 0.5529162 0.6691284 0.5130628 -0.5216223 0.681672 0.4925621 -0.7097622 0.5036075 0 0.5500882 0.8351066 -2.43056e-5 -0.5067268 0.8621068 0 0.55121 -0.8343666 0.4889745 0.5499868 -0.6770662 0.4837594 -0.5420538 -0.6871351 2.54411e-5 -0.5389451 -0.8423409 0.4392778 0.7483361 -0.4970193 0.4696297 -0.7245217 -0.5044961 8.21352e-5 0.9999966 -0.002638041 0.4697039 -0.7244583 -0.504518 0.4925713 -0.7096927 0.5036962 0.2838469 -0.9586763 -0.01925086 0.5130712 -0.5215745 0.6817023 4.19915e-5 -0.5066867 0.8621303 0 -0.9548331 0.2971428 -4.10378e-5 -0.5388699 -0.842389 0.4837704 -0.5419757 -0.6871889 0 -0.916837 -0.3992619 0.2231096 0.7174345 0.6599318 0.1695767 0.7031042 -0.690571 0.2225923 -0.7191322 0.6582564 0.168255 -0.7047907 -0.6891737 0.2225698 -0.7190326 0.6583729 0.1683211 -0.7049149 -0.6890306 -0.5793319 0.5740669 -0.5786378 -0.8529651 0.4558591 -0.2542501 0.8543814 0.4504337 -0.2591179 0.5773752 0.5781506 -0.5765239 -0.7372146 -0.07417762 0.6715745 -0.7384639 0.07930046 0.6696137 0.7329678 0.08358192 0.675109 0.7322351 -0.08282792 0.6759965 -0.8532999 -0.4542382 -0.2560213 -0.5717781 -0.5790116 -0.5812189 0.5773952 -0.5781376 -0.576517 0.8548689 -0.4493664 -0.2593631 -0.8529573 0.4558725 -0.2542522 -0.8532927 -0.4542784 -0.2559742 -0.7383326 0.07932907 0.6697551 -0.7372308 -0.07414829 0.6715599 0.7321221 -0.08282947 0.6761187 0.7328296 0.08365893 0.6752495 0.5566343 -0.3797115 -0.7389029 -0.5467234 -0.3878198 -0.7420845 0.7982128 0.1506778 0.583226 0.5566431 -0.3796406 -0.7389327 -0.7954999 0.1442713 0.5885285 0.798256 0.1506635 0.5831707 -0.5467165 -0.3877906 -0.7421049 -0.7954261 0.1443427 0.5886106 -0.8379892 0.545625 0.008221864 0.6888583 0.3395099 -0.6404743 0.6577227 -0.1452718 0.7391191 -0.8379768 0.5456432 0.008277773 -0.852977 0.4558416 -0.2542414 0.6887175 0.3395783 -0.6405895 0.6576498 -0.1453186 0.7391748 2.99617e-5 -0.6271933 -0.7788637 3.01038e-5 0.6271933 -0.7788637 0.58952 0.5065782 -0.629162 0.5895075 -0.5065653 -0.629184 3.36779e-5 -0.6423787 -0.7663874 2.85615e-5 0.6609956 -0.7503898 0.5945645 0.531439 -0.6033785 0.5776745 -0.5242996 -0.6256214 -0.5717364 -0.5790924 -0.5811794 -0.5792828 0.5740892 -0.578665 -0.5257313 -0.8506507 0 -0.151728 -0.9857186 0.0730583 -0.1516647 0.9857363 0.07295197 -0.5257463 0.8506416 4.06361e-5 -0.5257171 0.8506596 4.08288e-5 -0.1518282 0.9857055 0.0730279 0.987713 1.34552e-5 0.1562787 1 5.26062e-6 0 0.3634737 0.7269988 0.5825458 0.3635473 -0.726986 0.582516 0.7371581 4.71401e-5 0.6757203 0.3635109 0.7269883 0.5825359 -0.5607175 -0.6808966 0.471143 -0.6104366 -8.10623e-6 0.7920652 -0.4168351 -0.850668 -0.320332 0.4168219 -0.8506736 -0.3203341 0.6104366 2.71336e-5 0.7920652 0.5607284 -0.680884 0.4711483 0.6105126 -2.91649e-5 0.7920066 -0.6105126 -2.93032e-5 0.7920066 3.72577e-5 0.7766687 -0.6299093 -4.69315e-5 -8.00192e-6 1 -0.3855999 0.005178809 0.9226516 0.2391423 0.7068444 -0.6657192 0 -0.7767119 -0.6298562 0.2375577 -0.7061276 -0.667046 -0.385709 0.005141854 0.9226062 4.6931e-5 -1.64509e-5 1 -3.72577e-5 0.7767546 -0.6298034 0.2390995 0.7069097 -0.6656652 -0.2617254 0.001071393 0.9651418 0.1381773 0.8732715 -0.46723 0.1472091 -0.8712443 -0.4682551 -0.2616179 0.001028418 0.965171 0.138309 0.8732867 -0.4671626 -6.74764e-4 -2.89192e-6 0.9999998 3.60342e-4 0.7839198 -0.620862 3.63842e-4 -0.7839536 -0.6208193 -6.74814e-4 -1.71065e-5 0.9999998 3.26429e-4 0.7840086 -0.62075 0 0.7088812 -0.7053279 0 0.7078191 0.7063938 0 0.7063997 0.7078132 0 0.7053322 -0.708877 0 -0.705347 0.7088623 0 -0.7088593 0.7053499 -4.14637e-5 -0.7063462 -0.7078666 1.56695e-6 -0.7077689 -0.7064442 5.2643e-6 -0.7064794 -0.7077336 1.80049e-5 -0.7078691 -0.7063437 0 0.9777247 -0.2098916 0.7096908 0.6888201 -0.1478714 2.84267e-5 0.6608807 -0.750491 0.6247267 -0.7776158 -0.07092493 0 -0.9958664 -0.09083074 3.38392e-5 -0.6422203 -0.7665202 0 0.976958 -0.213432 0.6533516 0.7396106 -0.1615796 2.99617e-5 0.6270539 -0.7789759 0.6533693 -0.7395929 -0.161589 0 -0.9769544 -0.2134486 3.01038e-5 -0.6270407 -0.7789865 -0.6342242 0.7425864 -0.2152328 -0.5936337 0.4833529 -0.6434043 -0.5917418 -0.4940205 -0.637013 -0.6430405 -0.7417157 -0.1906741 0.6342536 0.742579 -0.2151719 -0.5937008 0.4833396 -0.6433523 -0.6343356 0.7425061 -0.2151817 0.6430877 -0.7416678 -0.1907017 -0.6431508 -0.7416089 -0.1907181 -0.5917757 -0.4939156 -0.6370629 -0.6331117 0.7426742 -0.2181854 -0.5938652 0.482046 -0.6441707 -0.591046 -0.4979058 -0.6346294 -0.646229 -0.7411866 -0.1817435 0.6331501 0.7426361 -0.2182032 -0.5939617 0.4820488 -0.6440795 -0.6332603 0.7425413 -0.2182063 0.6462851 -0.7411453 -0.1817121 -0.6463752 -0.7410636 -0.1817246 -0.5910828 -0.4977748 -0.6346979 0.999996 0.001124441 0.002633035 0.999996 7.69612e-4 -0.002740442 0 0.06671774 0.997772 0 0.06671887 0.9977719 0 -0.06482529 -0.9978967 0 -0.06482547 -0.9978967 -0.8375308 -1.15947e-5 -0.5463903 -0.8384628 -8.5372e-6 0.544959 -0.2853868 0.7405817 0.6083529 -0.2840897 0.7410596 -0.6083781 -0.8384619 6.98864e-5 0.5449603 -0.285326 -0.7406666 0.608278 -0.2853861 0.7406435 0.6082779 -0.284203 -0.7410162 -0.6083781 -0.2853367 -0.7406018 0.6083519 -0.8375481 -3.52263e-5 -0.5463637 -0.2840549 0.7411374 -0.6082995 -0.2841578 -0.7410979 -0.6082996 -0.8373737 -0.546631 -3.17909e-4 -0.8378554 0.5458922 -3.16325e-4 -0.2955448 0.6043816 -0.7398488 -0.2947443 -0.6041907 -0.7403239 -0.8378477 0.545904 -3.50714e-4 -0.29605 0.6042349 0.7397666 -0.2954754 0.6042675 -0.7399696 -0.2953622 -0.6041525 0.7401088 -0.2960001 0.6043435 0.7396978 -0.8373537 -0.5466616 -2.44141e-4 -0.2947568 -0.6041123 -0.7403829 -0.2952661 -0.60407 0.7402144 -0.8369497 -0.5472798 -3.05846e-4 -0.8374301 0.5465445 -3.14331e-4 -0.3063055 0.6001721 -0.7388982 -0.3055194 -0.5999805 -0.7393791 -0.8374287 0.5465466 -3.90261e-4 -0.3067867 0.6000173 0.7388242 -0.3062742 0.6000886 -0.7389789 -0.3062062 -0.5999421 0.7391261 -0.3068443 0.6000952 0.7387371 -0.836934 -0.5473038 -2.84404e-4 -0.3054618 -0.5999089 -0.7394609 -0.3061291 -0.5998668 0.7392191 0.5542182 0.7179415 -0.4211913 0.07855683 0.8351586 -0.5443702 -0.06583148 -0.4603891 -0.885273 -0.03860414 -0.8184243 -0.5733162 -0.5142604 -0.7026062 -0.4918138 -0.6387836 -0.3765881 -0.6709225 1.78095e-5 4.78468e-5 -1 1.45181e-5 1.97739e-5 -1 -3.0743e-4 0.01890897 -0.9998213 -0.9999827 -3.36146e-4 -0.005886971 -0.00177133 -7.02811e-4 -0.9999983 0.007619202 -0.01785665 -0.9998115 -0.001736521 -6.85057e-4 -0.9999983 -0.6194231 0.4041244 -0.6730517 -0.07086056 0.4618526 -0.8841217 -0.02762335 0.002991199 -0.999614 0.7435427 -0.05939012 0.6660459 -0.7363411 -0.05875021 0.674055 -0.736941 0.06030142 0.673262 0.7429464 0.06355744 0.6663267 -0.5294175 -0.3165436 -0.7870944 -0.6731294 -0.1396428 -0.7262209 0.6646035 -0.139378 -0.7340818 0.5208085 -0.3192908 -0.7917146 -0.8156975 0.112229 0.5674878 -0.7368324 0.06030821 0.6733802 -0.6729752 -0.1396207 -0.726368 -0.5294384 -0.3164328 -0.7871246 0.8165482 0.1100407 0.5666921 -0.8157165 0.1122369 0.5674588 0.5207928 -0.3193274 -0.7917101 0.6644576 -0.1393907 -0.7342114 0.7428216 0.06361716 0.6664601 0.8165313 0.1100568 0.5667135 0.6674855 0.2797301 -0.6900827 0.664461 0.1399679 -0.7340984 -0.6728438 0.1396097 -0.7264919 -0.6715897 0.2846249 -0.684073 0.7599214 -0.1278766 0.6373123 0.7434105 -0.0593841 0.666194 0.6643373 0.1400184 -0.7342008 0.6673837 0.279742 -0.6901764 -0.7529311 -0.1220504 0.6466827 0.7600254 -0.1278126 0.6372013 -0.6714478 0.2846807 -0.6841892 -0.672711 0.139602 -0.7266163 -0.7362466 -0.05881899 0.6741523 -0.7528246 -0.1221417 0.6467895 0.5910826 -0.4979065 -0.6345947 -0.5910544 -0.4978632 -0.6346551 -0.593901 0.4820949 -0.6441011 0.5939617 0.4820644 -0.644068 0.5917757 -0.4939967 -0.6369998 -0.5917469 -0.4939765 -0.6370422 -0.5936631 0.4834024 -0.6433399 0.5937008 0.4834126 -0.6432975 -0.5773783 0.5781518 -0.5765197 -0.5773783 -0.5781515 -0.5765198 -0.8662363 -0.4221556 -0.2672443 -0.8657415 0.423257 -0.2671054 -0.4618905 0.7348258 0.4966773 -0.492604 -0.709753 0.5035792 -0.5130629 -0.5216223 0.681672 -0.4965391 0.5529163 0.6691282 -0.4837523 -0.5420536 -0.6871402 -0.4889739 0.5499868 -0.6770665 -0.4695857 -0.7245314 -0.5045232 -0.4392777 0.7483363 -0.4970191 -8.20011e-5 0.9999966 -0.002642631 -0.469593 -0.7244826 -0.5045863 -0.2838467 -0.9586765 -0.01925075 -0.4926855 -0.709668 0.5036194 -0.5130636 -0.5215744 0.6817082 -0.4837834 -0.5419763 -0.6871792 -0.1695772 0.7031036 -0.6905715 -0.2231094 0.7174345 0.6599318 -0.2226223 -0.7191291 0.6582497 -0.2225747 -0.7190313 0.6583726 -0.1682801 -0.7047892 -0.6891691 -0.1682906 -0.7049182 -0.6890345 0.5793319 0.5740631 -0.5786417 -0.5773752 0.5781475 -0.5765271 -0.8657421 0.4232473 -0.2671187 0.8642943 0.4290461 -0.2625164 0.7246819 -0.04357272 0.6877046 -0.7189624 -0.04745697 0.693427 -0.7190356 0.04634016 0.6934267 0.7246114 0.04291176 0.6878204 0.8646264 -0.4274508 -0.2640214 -0.8662337 -0.4221468 -0.2672662 -0.5773952 -0.5781403 -0.5765143 0.5717781 -0.5790101 -0.5812205 0.8643237 0.4290125 -0.2624748 0.7245866 -0.0435695 0.6878052 0.7244936 0.04290056 0.6879451 0.8646367 -0.4274196 -0.2640376 -0.7188817 0.04632645 0.6935871 -0.7188237 -0.04750245 0.6935676 -0.5236714 -0.3192499 -0.7898404 0.513186 -0.3274388 -0.7933624 -0.8089729 0.07902139 0.5825104 -0.5236709 -0.3191449 -0.789883 0.8046216 0.0712828 0.5894938 -0.8089773 0.07900381 0.5825068 0.5132196 -0.3275016 -0.7933148 0.8046012 0.07124298 0.5895264 0.6585491 0.2974836 -0.6912429 -0.667515 0.2886306 -0.686379 0.7538097 -0.08755928 0.651233 0.6584083 0.2975454 -0.6913503 -0.7536225 -0.09449428 0.6504799 0.7539051 -0.08752948 0.6511266 -0.6673846 0.2886972 -0.6864778 -0.7535056 -0.09459847 0.6506002 -3.01038e-5 -0.6271933 -0.7788637 -0.5895077 -0.506564 -0.6291849 -0.5895229 0.5065722 -0.629164 -2.99617e-5 0.6271933 -0.7788637 -3.27842e-5 -0.6186696 -0.7856514 -0.580965 -0.5034917 -0.6395123 -0.5945708 0.5314506 -0.6033621 -1.99655e-4 0.6610054 -0.7503812 0.5717367 -0.5790091 -0.5812622 0.5792828 0.5740892 -0.5786651 0.5257313 -0.8506507 0 0.5257463 0.8506416 4.08288e-5 0.1516647 0.9857258 0.07309395 0.151728 -0.9857186 0.0730583 0.5257171 0.8506596 4.06361e-5 -1 5.26062e-6 0 -0.9877132 1.33969e-5 0.1562782 0.1518278 0.9857065 0.07301568 -0.3634488 0.7270113 0.5825458 -0.7371581 4.71401e-5 0.6757203 -0.3635473 -0.726986 0.582516 -0.3634958 0.7269963 0.5825352 0.4168351 -0.850668 -0.320332 0.5607175 -0.6808966 0.471143 -0.5607284 -0.680884 0.4711483 -0.4168219 -0.8506736 -0.3203341 -0.2391164 0.7068447 -0.6657282 0.3856869 0.005179286 0.9226152 0.3855518 0.005141198 0.922672 -0.2375577 -0.7061276 -0.667046 -0.2390995 0.7069097 -0.6656652 -0.1383468 0.8732758 -0.4671722 0.2616011 0.001072943 0.9651755 0.2617421 0.001026451 0.9651373 -0.1472091 -0.8712441 -0.4682556 -0.1383091 0.8732867 -0.4671627 -4.73286e-4 0.7839202 -0.6208615 6.74924e-4 -1.71363e-6 0.9999998 6.74653e-4 -1.89681e-5 0.9999998 -3.63842e-4 -0.7839533 -0.6208199 -3.26251e-4 0.7840086 -0.62075 0 0.7088897 -0.7053194 0 0.7053323 -0.7088769 0 0.7063993 0.7078136 0 0.7078101 0.7064028 0 -0.7088598 0.7053495 0 -0.7053391 0.7088701 5.10623e-6 -0.707768 -0.706445 2.60421e-5 -0.7063456 -0.7078672 4.15761e-6 -0.7064794 -0.7077336 -2.70931e-5 -0.7078691 -0.7063437 -2.85615e-5 0.6608781 -0.7504933 -0.6543461 0.7393502 -0.1587216 0 0.977724 -0.209895 -0.6702872 -0.7335417 -0.112391 -3.26295e-5 -0.6185112 -0.785776 0 -0.9884649 -0.1514502 -3.01038e-5 0.6270511 -0.7789781 -0.6533454 0.7396152 -0.1615836 0 0.9769572 -0.2134356 -0.6533682 -0.7395931 -0.1615919 -2.1045e-4 -0.6270378 -0.7789888 0 -0.9769535 -0.2134522 0.5917418 -0.4939216 -0.6370896 0.5936337 0.4833722 -0.6433898 0.6342242 0.7426126 -0.2151423 0.6430406 -0.7417194 -0.1906598 0.5937009 0.4833397 -0.6433523 -0.6342536 0.742579 -0.2151719 0.6343356 0.742506 -0.2151818 -0.6430876 -0.7416678 -0.1907017 0.5917755 -0.4939156 -0.6370629 0.6431508 -0.7416089 -0.190718 0.591046 -0.49781 -0.6347046 0.5938652 0.4821528 -0.6440907 0.6331116 0.7426673 -0.2182087 0.646229 -0.7411893 -0.1817324 0.5938923 0.4820248 -0.6441615 -0.6331501 0.7426361 -0.2182032 0.6332603 0.7425412 -0.2182064 -0.6462851 -0.7411453 -0.1817121 0.5910829 -0.4977749 -0.6346977 0.6463752 -0.7410637 -0.1817245 -0.999996 0.001124441 0.002633094 -0.999996 7.69615e-4 -0.002740442 0.8375315 -1.42991e-5 -0.5463892 0.2842536 0.740997 -0.6083777 0.2853876 0.7405818 0.6083524 0.8384633 -5.91855e-6 0.5449581 0.2854197 0.7406306 0.6082779 0.2854078 -0.7406352 0.6082779 0.8384626 -3.50177e-5 0.5449593 0.2851732 -0.7406648 0.6083519 0.2841209 -0.741048 -0.6083775 0.2840763 -0.7411292 -0.6082994 0.2841367 0.741106 -0.6082996 0.8375484 7.00653e-5 -0.5463631 0.8373737 -0.546631 -3.22981e-4 0.2948258 -0.6041907 -0.7402914 0.2954648 0.6043815 -0.7398809 0.8378553 0.5458922 -3.30676e-4 0.2955083 0.6042706 -0.739954 0.2960062 0.60427 0.7397555 0.8378477 0.5459041 -2.45273e-4 0.2960804 0.6043434 0.7396658 0.2952808 -0.6041525 0.7401413 0.2952992 -0.6040724 0.7401992 0.2947238 -0.60411 -0.7403979 0.8373536 -0.5466616 -3.49253e-4 0.8369497 -0.5472798 -3.1332e-4 0.3055995 -0.5999805 -0.7393459 0.3062267 0.600172 -0.7389309 0.8374301 0.5465445 -3.08395e-4 0.3061916 0.6000916 -0.7390106 0.3068692 0.6000142 0.7387924 0.8374288 0.5465466 -2.85447e-4 0.3069233 0.6000952 0.7387042 0.3061261 -0.599942 0.7391592 0.3060467 -0.5998689 0.7392514 0.3055444 -0.5999068 -0.7394286 0.836934 -0.5473037 -3.8892e-4 -0.5542181 0.7179415 -0.4211915 -0.07855683 0.8351587 -0.5443702 -1.3696e-7 -0.3255657 -0.9455195 0.6321253 -0.4953537 -0.5958544 -0.6348394 -0.5044378 -0.5852534 0.9006164 -0.2295331 -0.3690593 -0.951458 -0.3039009 0.04870134 -0.9006164 -0.2295334 -0.369059 -0.9093617 -0.4154857 0.02080756 0.6545083 -0.3266034 -0.6818718 -0.6576786 -0.3226776 -0.6806894 0.9198232 -0.3922255 -0.009194612 0.968974 -0.2467316 -0.01459723 -0.9710887 -0.2382613 -0.01477414 0.2804362 -0.6926354 -0.6645389 -0.2804313 -0.6926351 -0.6645412 0.702737 0.003956377 0.7114387 -0.007105886 -0.01473999 0.9998661 0.5523871 -0.6099625 0.5681675 -0.7128353 0.003882527 0.7013207 -0.9997834 -0.01933401 -0.007705688 -0.5602763 -0.6099734 0.5603775 -0.7020565 -1.03796e-4 -0.7121213 0.007095515 -0.01993143 -0.9997763 -0.5507224 -0.6256259 -0.552537 0.7120965 -1.02315e-4 -0.7020816 0.9997929 -0.01929348 0.006469249 0.5584824 -0.6256645 -0.5446481 0.518673 0.6929526 -0.5007944 -0.5186772 0.6929466 -0.5007984 -0.6034232 0.7974015 0.005609214 -0.5603637 -0.610015 0.5602448 -0.7127094 0.003882884 0.7014487 -0.5604311 -0.60989 0.5603136 -0.5507551 -0.6255801 -0.5525562 0.6034451 0.7973848 0.005610406 0.9588649 -0.2814415 0.03699749 0.3339178 0.7234285 -0.6042765 0.8324586 0.5084981 -0.2200962 0.8563058 -0.0706281 0.5116171 0.229892 0.544285 0.806786 0.7991991 -0.06849193 0.5971515 0.8562487 -0.07067906 0.5117056 0.8324173 0.508522 -0.2201977 0.2299314 0.5443002 0.8067646 -0.2920944 0.6732538 0.6792719 0.7992023 -0.06842589 0.5971547 -0.2920925 0.673115 0.6794103 0.333919 0.7232953 -0.6044353 -0.1305497 0.9876762 0.08632963 -0.4289813 -0.5655432 0.7043692 -0.4303908 -0.5623289 0.7060808 -0.1308741 0.9875937 0.08677989 0.534165 -0.3741722 -0.7580654 0.5346469 -0.371026 -0.759271 0.5342053 -0.3739954 -0.7581242 0.534779 -0.3708869 -0.759246 0.6896377 0.2321413 -0.6859376 0.7202875 -0.6646183 -0.1986666 -0.2576015 -0.8620563 -0.4364638 -0.5551135 -0.1360154 -0.8205784 0.4939838 0.2944294 0.8181022 0.6087208 -0.6798437 0.4089883 -0.2685614 -0.8739306 0.4051173 -0.7243068 -0.06592851 0.6863185 0.4940321 0.2942535 0.8181365 0.6896044 0.2319864 -0.6860235 -0.5551906 -0.1361649 -0.8205014 -0.7241885 -0.06604677 0.686432 -0.2685706 -0.873907 0.4051621 -0.4870585 -0.6579939 0.5742981 0.5666743 -0.5992444 0.5654966 0.60868 -0.6798017 0.4091191 -0.2577108 -0.8620015 -0.4365073 -0.4983851 -0.5997878 -0.6259927 0.7202869 -0.6646339 -0.1986166 0.5491167 -0.5479069 -0.6310854 -0.498425 -0.5997623 -0.6259854 -0.2576145 -0.8619996 -0.436568 0.6086445 -0.6798276 0.4091288 0.5666508 -0.5992324 0.5655329 0.8093406 0.5122326 0.2873774 0.8466415 0.5199579 -0.1133231 -0.2638522 0.7171677 0.6450213 0.05712813 0.459612 0.8862805 0.842639 -0.5344927 -0.06539893 0.7659336 -0.578244 0.2810332 0.06717479 -0.5011422 0.8627538 -0.2103847 -0.7142771 0.6674927 0.8465949 0.5200384 -0.1133006 0.8093281 0.5123004 0.2872913 0.7658713 -0.578318 0.2810509 0.842572 -0.5345895 -0.06547117 -0.6150586 -4.33624e-5 -0.7884815 -0.6043435 -0.7967239 -2.29776e-5 -0.6043435 0.7967239 -4.67002e-5 -0.6043783 0.7966976 -2.46689e-5 -0.6151382 7.04452e-6 0.7884193 0.5553647 -1.8999e-7 0.8316069 0.5360314 0.8441981 -3.59565e-5 -0.6043701 -0.7967037 1.54749e-5 0.5360435 -0.8441904 1.1228e-5 -0.6151243 1.08093e-4 -0.7884302 0.5552949 -2.17184e-6 -0.8316535 -0.6151674 -4.65773e-5 -0.7883965 0.5553045 -3.17395e-5 -0.8316472 0.5552662 6.51181e-5 -0.8316727 0.5359838 0.8442284 9.87947e-5 0.5359838 -0.8442284 -5.13494e-5 -0.6121439 -4.28855e-5 -0.7907465 -0.6009771 -0.7992663 -2.18749e-5 -0.6009771 0.7992663 -4.56274e-5 -0.6010388 0.79922 -2.79285e-5 -0.612218 4.75347e-6 0.7906892 0.5583299 -2.13087e-6 0.8296191 0.5394199 0.842037 -3.73758e-5 -0.6010261 -0.7992294 2.13496e-5 0.5394379 -0.8420254 1.5378e-5 -0.6122424 7.87377e-5 -0.7906702 0.5582555 -5.0813e-6 -0.8296691 -0.6122028 -5.53019e-5 -0.7907009 0.5582545 -1.03712e-5 -0.8296698 0.5582528 6.49989e-5 -0.829671 0.5393387 0.8420891 -2.63453e-5 0.5393387 -0.8420891 -5.126e-5 -0.6121439 4.3571e-5 0.7907465 0.5582528 -2.56598e-5 0.829671 -0.6150586 4.27663e-5 0.7884815 0.5552662 -2.56896e-5 0.8316727 0.5394071 -0.5475631 0.6396989 -0.2925639 0.2503893 0.9228822 0.00247693 6.56799e-4 0.9999967 0.2089476 -0.7082882 0.6742913 0.5358626 -0.5501381 -0.6404681 0.2074596 -0.7106225 -0.6722918 -0.2569297 0.2524297 -0.9328808 0.789507 0.02291089 0.6133137 0.106377 0.8100244 0.5766667 0.7868293 0.02115923 -0.6168079 0.1385611 0.8105377 -0.5690602 0.05106717 -0.7183113 0.6938451 1.69281e-4 3.84245e-6 1 0 4.13188e-7 1 3.70494e-5 -0.7096015 0.7046032 0.05051648 -0.7189991 -0.6931727 0 -7.69046e-4 -0.9999997 -3.71682e-5 -0.7098212 -0.704382 0.05053526 -0.7188743 -0.6933008 0.2074148 -0.7105115 -0.672423 0.2088918 -0.7081564 0.6744471 0.05097794 -0.7181786 0.693989 0.7867271 0.0211634 -0.6169382 0.1385173 0.8105545 -0.569047 0.1064243 0.8099743 0.5767282 0.7894172 0.02295219 0.613428 3.13453e-5 -0.7097004 -0.7045036 3.14936e-5 -0.7094651 0.7047406 0.5393886 -0.5474126 0.6398434 0.5357511 -0.5500883 -0.6406042 0.1063713 0.81002 0.5766739 0.1384938 0.8105004 -0.5691296 -0.2571365 0.2524895 -0.9328076 -0.2925924 0.2504745 0.9228501 -0.3338887 0.7234302 -0.6042907 -0.8563036 -0.07065033 0.5116178 -0.832377 0.5086109 -0.2201446 -0.8562482 -0.07067686 0.5117068 -0.799198 -0.06849408 0.5971526 -0.2299348 0.5442392 0.8068047 -0.8324328 0.5085009 -0.220188 -0.7992031 -0.06840354 0.5971561 0.2920656 0.6732521 0.6792859 -0.2299376 0.544294 0.806767 0.2921121 0.673116 0.6794009 -0.333901 0.7232962 -0.6044441 0.1305495 0.9876762 0.08632934 0.130875 0.9875936 0.08677947 0.4303914 -0.5623289 0.7060804 0.428982 -0.5655431 0.7043689 -0.5347552 -0.3710178 -0.7591989 -0.53395 -0.3741878 -0.758209 -0.5342084 -0.373995 -0.7581221 -0.5347756 -0.3708861 -0.7592486 -0.6611778 0.1976912 -0.7237142 0.6246639 -0.01779967 -0.7806909 0.3441697 -0.8279051 -0.4428548 -0.5987939 -0.7459412 -0.291578 -0.5825791 0.1819225 0.7921527 -0.5784028 -0.7487437 0.3237795 0.3876379 -0.8369038 0.386431 0.6759381 -0.0289694 0.7363888 -0.5825162 0.1817293 0.7922432 0.6759065 -0.02916896 0.73641 0.6245548 -0.01792001 -0.7807755 -0.6613031 0.1975764 -0.7236311 0.3876487 -0.8369117 0.3864032 -0.5784176 -0.7486636 0.3239384 -0.4941368 -0.6435859 0.5844879 0.5820305 -0.5584325 0.5910953 0.5855971 -0.5556 -0.5902413 0.3442823 -0.8278647 -0.4428431 -0.598802 -0.7459422 -0.2915588 0.3441814 -0.8278553 -0.4429388 0.5856323 -0.5555505 -0.5902531 -0.4925031 -0.6400429 -0.5897336 -0.4941504 -0.6435693 0.5844947 -0.5783742 -0.7487265 0.3238703 0.1405544 -0.6686379 0.7301834 0.1922689 0.6744279 0.7128672 -0.1112499 0.4375179 0.8923014 -0.1237469 -0.4814758 0.8676796 -0.8557197 0.5109375 -0.0817725 -0.8096323 0.504121 0.3005955 -0.8501411 -0.5256267 -0.03125417 -0.7633389 -0.5740095 0.2963559 -0.763299 -0.5740772 0.2963278 -0.8095856 0.5041984 0.3005914 -0.8556711 0.5110156 -0.08179312 -0.8500893 -0.5257132 -0.03120815 0.6043435 0.7967239 -2.31266e-5 0.6043435 -0.7967239 -4.68791e-5 0.6150586 4.27365e-5 -0.7884815 0.6043777 0.796698 4.52064e-5 -0.536031 0.8441984 5.27799e-5 -0.5553643 -2.08877e-5 0.8316072 0.6151383 -1.11237e-5 0.7884192 -0.5360435 -0.8441904 -1.49235e-5 0.6043701 -0.7967038 -7.38725e-6 -0.5552728 1.69873e-5 -0.8316683 0.6151768 6.60159e-5 -0.7883893 0.6151144 -8.84831e-5 -0.7884379 -0.5553268 -1.2923e-5 -0.8316324 -0.5552662 -2.57194e-5 -0.8316727 -0.5359838 -0.8442284 9.88543e-5 -0.5359838 0.8442284 -5.12004e-5 0.6009771 0.7992663 -2.21431e-5 0.6009771 -0.7992663 -4.5836e-5 0.6121439 4.35114e-5 -0.7907464 0.6010345 0.7992233 4.18015e-5 -0.5394202 0.8420369 4.83468e-5 -0.5583313 -2.1562e-5 0.8296182 0.6122127 -1.35042e-5 0.7906932 -0.5394381 -0.8420253 -9.8981e-6 0.6010217 -0.7992327 -2.38419e-7 -0.5582354 1.03414e-5 -0.8296826 0.612219 9.11299e-5 -0.7906882 0.6122401 -7.89166e-5 -0.790672 -0.5582788 6.77817e-6 -0.8296535 -0.5582528 -2.56598e-5 -0.829671 -0.5393387 -0.842089 -2.62558e-5 -0.5393387 0.8420891 -5.10812e-5 0.6121439 -4.29451e-5 0.7907464 -0.5582528 6.48797e-5 0.829671 0.6150586 -4.33624e-5 0.7884814 -0.5552662 6.50287e-5 0.8316727 -0.5394911 -0.547481 0.6396984 -0.208917 -0.7082971 0.6742914 -0.00247693 6.56799e-4 0.9999967 0.2925759 0.2503748 0.9228823 -0.5357786 -0.5502205 -0.6404677 0.2569555 0.2524039 -0.9328805 -0.2074903 -0.7106135 -0.6722918 -0.1064656 0.8100128 0.5766665 -0.7895063 0.02291464 0.6133147 -0.7868301 0.02115541 -0.616807 -0.1384363 0.8105596 -0.5690594 -0.05097448 -0.7183178 0.6938453 -1.69161e-4 3.84247e-6 1 -0.05060935 -0.7189925 -0.6931728 -0.05052495 -0.7188751 -0.6933007 -0.05103397 -0.7181747 0.693989 -0.2089046 -0.7081526 0.6744471 -0.2074095 -0.710513 -0.672423 -0.7867273 0.02115565 -0.6169381 -0.7894185 0.02289974 0.6134281 -0.1063834 0.8100464 0.5766345 -0.1385577 0.8104832 -0.5691386 -0.5393518 -0.5474486 0.6398436 -0.535737 -0.5501021 -0.6406041 -0.106375 0.8100255 0.5766655 0.2925755 0.2504959 0.9228497 0.2571194 0.252506 -0.9328078 -0.1385583 0.8105563 -0.5690344 -0.8892546 0.4353901 0.1402208 -0.3229053 0.574293 0.7522765 0.08240336 0.9849545 0.1519024 -0.07877182 -0.9892575 0.1231449 0.3251791 -0.5818319 0.7454732 -0.6362501 -0.3642441 0.6800825 0.6330424 0.3541471 0.6883583 0.3252115 -0.5818461 0.745448 -0.07879406 -0.9892552 0.1231497 -0.6363373 -0.3642159 0.6800159 0.8944767 -0.4261206 0.1353983 0.8944417 -0.4261704 0.1354728 0.6331488 0.354119 0.688275 0.666579 0.3847789 0.6384495 0 -3.60835e-7 1 0.7579604 -0.1337103 0.6384493 0.2632952 0.7232277 0.6384491 -0.2631892 0.7232664 0.6384492 -0.666522 0.3848773 0.6384496 -0.7579805 -0.1335957 0.6384495 -0.4947751 -0.5895596 0.638449 -5.63562e-5 -0.7696647 0.6384484 0.4946867 -0.5896341 0.6384488 0.9825295 -0.1732494 0.06797289 0.8640252 0.4988386 0.06797415 0.6664548 0.3848066 0.6385625 0.7578648 -0.1336052 0.638585 0.341319 0.9374879 0.06795495 0.2631253 0.7232062 0.6385437 0.3411363 0.9375514 0.0679959 -0.3412273 0.9375202 0.06796962 -0.2632417 0.7231536 0.6385552 0.2632165 0.7231106 0.6386142 -0.8640196 0.4988483 0.06797564 -0.6664879 0.3847543 0.6385594 -0.9825301 -0.1732457 0.06797558 -0.7578752 -0.1336638 0.6385603 -0.6413051 -0.7642692 0.06797486 -0.4946473 -0.5895461 0.6385605 -4.97862e-6 -0.9976868 0.06797814 3.16799e-5 -0.7695695 0.6385632 0.6413013 -0.7642723 0.06797409 0.4947074 -0.5895192 0.6385388 0.9861865 -0.164983 0.01472693 0.8659567 0.499952 0.01292788 0.5178985 0.2990297 0.8014753 0.7935087 -0.1343662 0.5935402 -0.8659583 0.499949 0.01293468 -0.9861932 -0.1649427 0.01473426 -0.7935225 -0.1343935 0.5935154 -0.51791 0.2990247 0.8014697 -2.52849e-5 -0.9999163 0.01293903 -1.1893e-5 -0.8073081 0.5901302 4.38392e-5 -0.8073456 0.5900788 0.7935629 -0.1343134 0.5934794 -0.7935456 -0.1344157 0.5934794 0.5179927 0.2990862 0.8013932 -0.517998 0.2990771 0.8013932 -0.4606635 -0.6560807 0.5977853 0.4606626 -0.6560744 0.5977931 0.7419313 -0.2677795 0.6146805 -0.7418955 -0.2678787 0.6146805 -0.5746302 -0.8184133 0 0.5746533 -0.8183971 0 0.9405865 -0.3395544 0 0.7417911 -0.2678207 0.6148318 -0.9405754 -0.3395852 0 -0.7417822 -0.2678454 0.6148317 -0.8589006 0.5121403 -0.001486241 -0.6975058 0.4057666 0.590626 -1.21862e-4 0.7846336 0.6199598 3.07995e-4 0.9999113 -0.01332056 -0.858901 0.5121399 -0.001448452 -0.867828 -0.4968645 -6.07212e-4 -0.7029163 -0.3926908 0.5930452 -0.6974662 0.4058774 0.5905967 3.26335e-4 -0.9999849 -0.005492866 -2.12675e-4 -0.7868273 0.6171732 0.8678019 -0.4969101 -5.11756e-4 0.7028812 -0.3927157 0.5930703 0.8588796 0.5121756 -0.001377284 0.6974742 0.4058843 0.5905826 -1.03623e-4 0.7847369 0.6198292 -1.98424e-4 -0.786921 0.6170538 0.7029654 -0.3927981 0.5929159 0.6975197 0.405898 0.5905195 -0.6975679 0.4058373 0.5905042 -0.702968 -0.3927472 0.5929465 0.7501442 -0.6612744 0 0.750173 0.6612416 0 0.7070733 0.7071403 0 0.7071068 -0.7071068 0 0 1 0 0.9316391 0 0.363385 0.03487169 0 0.9993918 0.0578612 -0.5560591 0.8291263 0.753561 -0.5798557 0.3096987 -0.06229978 -0.8126791 0.5793717 -0.1531619 0 0.9882011 0 0 1 -3.13406e-5 -0.6533942 0.757018 -0.06242489 -0.8126591 0.5793864 -0.007516026 -0.9999645 0.003799676 0.6750615 -0.7344378 -0.06995075 0.7536296 -0.5797622 0.3097069 0.05786961 -0.5559684 0.8291865 0 -1 0 4.27067e-5 -0.6532618 0.7571321 0.6749494 -0.7345453 -0.06990456 0.9911861 0 -0.1324776 0.7077325 -0.7064806 0 0.7077688 0.7064442 0 0.5773379 0.5773594 0.5773536 0.5773599 -0.5773599 0.5773311 -3.39194e-5 0.7070559 0.7071576 0 -0.7071254 0.7070882 0.5773084 0.5773915 0.577351 3.39194e-5 0.7071576 0.7070559 -0.7501442 -0.6612744 0 -0.7071068 -0.7071068 0 -0.7070733 0.7071403 0 -0.750173 0.6612416 0 -0.9316419 0 0.3633778 -0.7476589 -0.5914517 0.3019788 -0.05787855 -0.5560579 0.8291259 -0.03487193 0 0.9993918 0.05152422 -0.8241175 0.5640708 0.1531618 0 0.9882012 0.05146044 -0.8240986 0.564104 -0.05789697 -0.5559665 0.8291859 -0.7477431 -0.5913189 0.3020306 -0.6645174 -0.7459126 -0.04506748 -0.9911861 0 -0.1324775 -0.6644095 -0.7460139 -0.04498255 -0.7077325 -0.7064806 0 -0.5773599 -0.5773599 0.5773311 -0.5773379 0.5773594 0.5773536 -0.7077688 0.7064442 0 -0.5773915 0.5773084 0.577351 -1.13412e-4 -0.7395691 0.6730807 -1.26082e-5 -0.7395794 0.6730693 -3.83005e-5 -0.5637596 0.8259389 6.80103e-5 -0.5637546 0.8259424 0.9929615 -0.08948206 -0.07759082 0.9929602 -0.08954071 -0.07754087 0.9934175 0.08653169 0.07506078 0.9934195 0.08658051 0.07497709 -0.6789984 0.5938026 -0.4316939 -0.6789684 0.5938198 -0.4317176 -0.6795965 0.3469654 -0.6463465 -0.6795979 0.3469648 -0.6463453 -2.86578e-5 0.560503 -0.8281524 -9.51999e-5 0.5605126 -0.828146 6.65824e-5 0.7369267 -0.6759727 1.36562e-5 0.7369248 -0.6759749 0.9929602 -0.08953976 -0.07754242 0.9929615 -0.08957856 -0.07747948 0.9934192 0.08657866 0.07498258 0.9934177 0.08665102 0.07491892 -0.6789714 -0.3424482 0.6494053 -0.678983 -0.3424392 0.6493977 -0.679624 -0.5901273 0.4357304 -0.6795924 -0.5901486 0.435751 1.34854e-5 -0.7395795 0.6730692 1.11526e-4 -0.7395693 0.6730805 -6.61017e-5 -0.5637547 0.8259423 3.786e-5 -0.5637596 0.8259389 -0.9929603 -0.08954066 -0.07754075 -0.9929617 -0.08948189 -0.07759094 -0.9934194 0.08657759 0.07498252 -0.9934176 0.08653157 0.07505959 0.67897 0.593819 -0.4317162 0.6789993 0.5938022 -0.4316933 0.6795951 0.346966 -0.6463475 0.6795988 0.3469645 -0.6463444 9.66111e-5 0.5605126 -0.828146 2.94191e-5 0.5605031 -0.8281523 -1.27668e-5 0.7369251 -0.6759745 -6.80103e-5 0.7369266 -0.6759728 -0.9929616 -0.0895785 -0.07747966 -0.9929602 -0.08953964 -0.07754218 -0.9934177 0.08665066 0.07491922 -0.9934192 0.08658266 0.07497882 0.6789838 -0.3424389 0.6493972 0.6789726 -0.3424473 0.6494045 0.6795949 -0.5901468 0.4357496 0.6796231 -0.590128 0.4357309 0.5598713 0.05675739 0.8266335 0.8510364 -0.2993217 0.4314437 0.4990717 0.6134895 -0.6120117 0.5650852 0.8243734 -0.03297269 -0.4990605 0.613496 -0.6120142 -0.565113 0.8243549 -0.03295755 -0.5598734 0.05682438 0.8266274 -0.851071 -0.2992794 0.4314048 0.8510696 -0.2993265 0.4313749 0.5599135 0.05678486 0.8266031 -0.5651296 0.8243421 -0.03299486 0.5651301 0.8243418 -0.03299379 -0.5332979 0.8459276 0 -0.5333237 0.8459113 0 -0.9758736 0.2183366 0 -0.9758719 0.2183441 -3.66631e-7 0.5393751 0.8420657 0 0.5393459 0.8420844 -9.93698e-7 0.9762247 0.2167613 -5.46582e-6 0.9762227 0.21677 -6.70894e-6 5.45437e-7 0 -1 3.32468e-7 0 -1 -8.64761e-6 7.99747e-6 1 6.55777e-7 2.89753e-5 1 -9.00485e-6 1.11576e-5 1 -1.16932e-5 2.3722e-6 1 -1 -1.42237e-7 -4.95496e-6 -1 0 -5.67054e-6 1 3.73775e-6 -1.12732e-5 1 3.57205e-6 -1.2021e-5 1.31175e-6 0 -1 9.48347e-7 0 -1 -1.15023e-5 0 1 -1.15298e-5 0 1 -3.19671e-4 -1 -1.47174e-6 -3.19673e-4 -1 0 -3.19673e-4 -1 -2.80193e-7 -3.19671e-4 -1 -1.68061e-6 -0.5332965 0.8459284 7.51582e-7 -0.5333222 0.8459123 0 -0.9758735 0.2183366 4.77274e-6 -0.9758718 0.2183443 4.674e-6 0.5393701 0.842069 0 0.5393455 0.8420847 -9.93698e-7 0.9762244 0.2167627 -5.46578e-6 0.9762229 0.2167694 -6.67948e-6 5.36442e-7 0 -1 -2.33165e-6 0 -1 -1.99296e-7 0 -1 1.70539e-6 0 -1 0 0 1 3.46105e-7 0 1 0 0 1 0 0 1 -1 -2.84474e-7 -4.21044e-6 -1 0 -5.67022e-6 1 2.59408e-6 -1.0877e-5 1 2.43942e-6 -1.15672e-5 -1.57917e-6 0 -1 1.38489e-7 0 -1 0 0 1 -3.19672e-4 -1 8.52715e-7 -3.19673e-4 -1 -1.30781e-6 -3.19673e-4 -1 -9.85574e-7 -3.19672e-4 -1 1.17495e-6 -1 0 0 0 -0.3826907 -0.9238767 0 1.11302e-5 -1 0 -1.04526e-5 -1 0 -0.3826906 -0.9238766 0 0.7071147 -0.707099 0 0.7070994 -0.7071143 0 1 1.04936e-5 0 1 -1.13561e-5 0 0.7070997 0.7071139 0 0.7071149 0.7070987 0 -1.04526e-5 1 0 1.11302e-5 1 0 -0.3826906 0.9238766 0 -0.3826907 0.9238767 1 0 0 0 0.8840489 -0.4673945 0 0.884048 -0.4673961 0 0.3253981 -0.9455771 0 0.3254101 -0.9455731 0 0.8800913 0.4748046 -5.43831e-6 0.8800979 0.4747923 -3.65269e-6 0.3236702 0.94617 -8.57492e-6 0.3236999 0.9461598 1 1.58439e-5 -6.52914e-6 1 -7.12052e-6 -1.792e-5 0.9960656 -0.08861941 -2.63774e-4 0.9961202 -0.08800137 -4.58824e-4 -0.9960669 -0.08860433 -2.61643e-4 -1 5.67457e-5 1.11896e-5 -1 2.44964e-5 -4.76364e-6 -0.9961207 -0.08799725 -4.6599e-4 0 0.04476892 -0.9989975 0 0.04476892 -0.9989974 -9.27043e-7 0.04493111 0.9989902 0 0.04493093 0.9989901 0.9898568 -0.1420689 -4.20065e-5 0.9898929 -0.1418169 -3.41628e-4 -0.9898936 -0.1418119 -3.45185e-4 -0.9898571 -0.1420667 -4.2068e-5 -0.2669944 0.9254341 0.2688603 -0.9890279 -0.02992087 0.1446669 -0.8530299 -0.06369256 0.5179608 0.5831776 0.8069654 0.09333056 0.8087445 0.5866131 -0.04263073 -0.7213876 0.689446 -0.0653007 -0.5809083 -0.04145735 -0.8129126 0.3357811 -0.6711272 -0.6609382 0.6868091 -0.7204304 -0.09629827 -0.7375089 -0.6647914 -0.1188823 0.5844212 -0.8063024 0.09126001 -0.9890274 -0.03011345 0.1446306 -0.2308531 -0.9420454 0.2434287 -0.03616893 -0.0436058 0.9983939 -0.03276687 -0.04341286 0.9985197 -0.9457371 0.01094537 -0.3247485 -0.9709371 0.009568095 -0.2391436 0.9875633 0.003892421 -0.1571744 0.9684014 0.01087987 -0.2491593 -0.9709354 0.009506702 -0.2391529 -0.9457153 0.01100236 -0.3248102 -0.03842931 -0.9798704 0.1959012 -0.03314 -0.9800563 0.1959377 -0.9389432 0.3373979 -0.06744182 -0.9032503 0.4207811 -0.08415442 0.9317876 0.3559602 -0.0711646 0.9628704 0.2647252 -0.0529263 -0.9031972 0.4208967 -0.0841481 -0.9389095 0.3374909 -0.06744444 -0.2669355 0.9254263 0.2689453 -0.853052 -0.06370294 0.517923 -0.7282761 -0.6843004 -0.03670144 -0.2313055 0.9722416 0.03527367 -0.3268245 0.9447864 0.02376383 -0.6595051 -0.7509111 -0.03443449 0.9644276 -0.2628364 0.02822357 0.9792624 -0.2020125 0.01536828 -0.7282433 -0.6843312 -0.03677797 -0.6594799 -0.7509315 -0.03447151 0.4559367 0.5862383 -0.6696614 -0.5809275 -0.04147905 -0.8128977 0.3357107 -0.6711766 -0.6609238 -0.7373865 -0.6649309 -0.1188619 0.9932308 -0.05764359 0.1008461 -1 -5.20576e-5 -6.42773e-5 -1 -5.12366e-5 -6.54924e-5 -1 -5.06343e-5 -6.47527e-5 -1 -4.95863e-5 -6.49358e-5 5.31097e-4 -0.2678009 -0.9634742 4.09494e-4 0.1211912 -0.9926291 4.01645e-4 0.1213346 -0.9926117 5.28952e-4 -0.2678011 -0.9634741 1.09103e-5 0.7875642 -0.6162327 1.36947e-5 0.7876784 -0.6160868 -4.11028e-4 0.992626 0.121217 -4.02114e-4 0.9926109 0.1213401 -5.73884e-4 0.6161288 0.7876453 -5.74612e-4 0.616144 0.7876334 -4.01673e-4 -0.1213655 0.9926078 -4.00763e-4 -0.1211914 0.9926291 -3.55837e-6 -0.7877237 0.6160288 7.49882e-6 -0.787573 0.6162214 1.94839e-4 -0.963472 0.2678094 2.13381e-4 -0.9634684 0.2678224 1 9.82124e-5 1.30811e-4 1 1.00463e-4 1.30148e-4 1 1.00643e-4 1.28764e-4 -1 -4.97986e-5 -6.59682e-5 -1 -5.10653e-5 -6.38304e-5 1 1.02113e-4 1.29688e-4 1 1.03144e-4 1.29429e-4 1 1.01606e-4 1.30097e-4 1 9.99651e-5 1.30559e-4 -1 -5.40376e-5 -6.14445e-5 -1 -4.65406e-5 -6.73238e-5 1 1.05735e-4 1.27379e-4 -5.28616e-4 0.7570558 0.6533502 -5.21872e-4 0.7570752 0.6533276 -2.56978e-4 0.9155569 -0.4021885 -2.57218e-4 0.915587 -0.40212 -2.15096e-4 -0.2203948 0.9754108 -2.09568e-4 -0.2204506 0.9753982 0.9996071 -0.02033227 -0.01929742 1 5.85693e-5 5.2073e-5 0.9995315 -0.02276295 -0.02045947 -0.9994866 -0.02382981 -0.02141916 -1 -6.9061e-5 -6.892e-5 -0.9995689 -0.02129709 -0.02021169 -1.54235e-5 0.6262075 -0.7796566 -1.68221e-5 0.6262068 -0.7796571 1.89939e-6 -0.6105464 0.7919805 0 -0.6105452 0.7919814 0.9990701 -0.03389626 -0.0266487 0.9990934 -0.03276586 -0.02718162 -0.9990094 -0.03425049 -0.02841228 -0.9989839 -0.03543138 -0.02785527 4.11841e-6 -0.004228413 -0.9999911 -4.08737e-7 -0.004504084 -0.9999899 -3.35537e-4 -0.9101871 -0.4141975 -3.31353e-4 -0.9100788 -0.4144354 3.45261e-4 0.9074829 -0.4200891 3.35482e-4 0.9075295 -0.4199882 0.9999995 -9.59861e-5 0.001131772 1 -9.54776e-5 -4.86736e-6 0.9999994 -9.50555e-5 0.001137971 -0.999998 1.0629e-4 0.002013921 -1 1.05684e-4 -6.91875e-6 -0.999998 1.04785e-4 0.002002954 -3.64329e-4 -0.9999994 0.001148521 -3.65691e-4 -0.9999994 0.001147329 3.67774e-4 0.9999963 -0.002720773 3.4772e-4 0.9999962 -0.002749264 0.9999986 -9.13646e-5 0.001652896 0.9999986 -9.27158e-5 0.00165224 -0.9999958 1.10039e-4 0.00292319 -0.9999958 1.12225e-4 0.002924263 -1.36045e-5 0.002454102 0.999997 0 0.002404987 0.9999971 7.75025e-4 -0.7861399 -0.6180481 7.77177e-4 -0.7861405 -0.6180474 0.1169174 -0.1411765 0.9830562 0.9086914 0.0250914 0.416714 0.008862793 0.8963973 -0.443163 0.08790117 0.762275 0.6412569 0.08806079 0.7622666 0.641245 0.00868684 0.896383 -0.4431954 -0.9163381 -0.006899833 0.4003462 0.1169471 -0.1411162 0.9830614 -0.9163544 -0.006942689 0.4003081 0.9086682 0.02519506 0.4167583 0.1170074 -0.1410256 0.9830672 7.82907e-5 0.4214087 -0.9068709 -8.25226e-5 0.4214423 -0.9068554 0.9303306 0.2201182 0.2933139 8.19862e-5 -0.8391279 -0.5439341 1.13606e-4 -0.2400483 -0.970761 -1.17809e-4 -0.2400271 -0.9707661 -8.46386e-5 -0.8391057 -0.5439684 -0.9303259 0.2202061 0.2932627 0.9315987 0.3498218 0.09873503 0.9303355 0.2201737 0.2932567 -0.9303318 0.2201463 0.2932888 -0.9315888 0.3498219 0.09882843 0.9315919 0.3498316 0.09876549 0.8214154 0.5090541 -0.2571784 0.030972 -0.9462247 0.3220244 1.03533e-4 -0.9941957 0.1075871 0.03094369 -0.9462732 0.3218843 -0.8062354 0.5108012 -0.2984404 -0.9315953 0.3498397 0.09870409 -1.06573e-4 -0.9941954 0.107591 -0.8063 0.5107016 -0.2984365 0.821476 0.5089761 -0.2571396 -0.6737149 0.7295649 -0.1176577 0.03679144 0.4139614 0.9095506 0.6891041 0.7157173 -0.1135093 0.6890072 0.7158125 -0.1134974 0.02143216 -0.904495 0.4259455 0.02162379 -0.9045067 0.425911 -0.6736023 0.7296656 -0.1176776 0.03678315 0.4141126 0.9094822 0.06309294 -0.4351059 0.8981661 0.06327527 -0.4351276 0.8981426 0.03679275 0.414063 0.9095044 0.7071123 -0.4631842 0.5342779 0.7071012 -0.4631913 0.5342862 0.7071114 0.4631847 -0.5342786 0.7071014 0.4631913 -0.5342862 -0.7071008 -0.4631916 0.5342865 -0.7071134 -0.4631834 0.5342771 -0.7070559 0.4631952 -0.5343427 -0.7070559 0.4632463 -0.5342984 -0.7071577 0.46318 -0.5342213 -0.7071576 0.4631288 -0.5342657 -0.9848138 0.002365112 0.1735986 -0.9848169 0.002380311 0.1735804 -0.9848129 0.002361416 0.173603 -0.9848108 0.002351164 0.1736153 0.6981281 0.7053552 -0.1228469 0.698128 0.7053579 -0.1228314 0.6981282 0.7053495 -0.1228789 0.6981282 0.7053467 -0.1228945 0.002072513 0.9999979 -2.50475e-5 0.002072513 0.9999979 -2.50476e-5 0.002072513 0.9999979 -2.50475e-5 0.002072513 0.9999979 -2.50474e-5 -0.6951862 0.7082561 0.122839 -0.6951875 0.7082525 0.1228535 -0.6951838 0.7082638 0.1228092 -0.6951826 0.7082674 0.1227948 0.9848097 -0.002877593 -0.1736135 0.9848083 -0.002884745 -0.1736214 0.9848101 -0.002875328 -0.1736109 0.9848123 -0.002864718 -0.1735991 0.3796877 -0.4042202 0.8321318 0.603006 -0.5410427 0.5862222 -0.6030024 -0.5410476 0.5862215 -0.3796906 -0.4042178 0.8321316 -0.7070938 -0.7071198 0 -0.6030244 -0.5410959 0.5861544 0.6030134 -0.5411286 0.5861355 0.7071196 -0.7070941 0 0.3796744 0.4042313 0.8321325 -0.3796767 0.4042286 0.8321328 -0.6030147 0.5410627 0.5861949 0.6030069 0.5410541 0.586211 0.6030089 0.5411002 0.5861663 -0.6030514 0.5410733 0.5861473 -0.7071576 0.7070559 -3.37817e-5 0.7071068 0.7071068 0 -0.7070559 0.7071576 -3.39419e-5 -0.6030441 0.5410542 0.5861725 0.2253093 -0.7364902 -0.6378228 -0.5766054 -0.5348506 0.6176253 -0.5766026 -0.5348411 0.6176362 0.1342812 -0.6838845 -0.7171267 0.2284424 -0.4821686 -0.8457705 0.09469866 0.8335093 0.5443295 0.3241814 0.8432298 0.4288008 0.5766036 -0.5348407 0.6176357 0.5766054 -0.5348507 0.6176252 -0.2284415 -0.4821668 -0.8457716 -0.1348003 -0.6829392 -0.7179296 -0.3230092 0.8441176 0.4279376 -0.09520643 0.8338679 0.5436912 -0.57592 0.5351642 -0.6179931 -0.5759124 0.5351987 -0.6179703 0.2281754 -0.9061132 -0.3562233 0.1341272 -0.8074299 -0.5745145 0.3242095 0.5448504 0.7733216 0.09444206 0.6579267 0.7471367 0.5759124 0.5351987 -0.6179703 0.5759189 0.535162 -0.6179961 -0.1346458 -0.8080909 -0.5734629 -0.2281762 -0.9061123 -0.3562252 -0.09494739 0.6573473 0.7475826 -0.3230403 0.5441235 0.7743221 0.2252771 0.7365075 0.6378142 -0.2281362 0.736004 0.6373791 -0.228169 -0.7359871 -0.6373867 0.3978186 0.6768533 0.6193627 0.7823686 -6.89328e-5 0.6228157 0.8024384 -9.10321e-5 -0.5967351 0.4155875 0.6782813 -0.605988 -0.5566526 0.5905157 -0.5843195 -0.5566528 -0.5905156 -0.5843193 -0.5788353 -0.5865875 0.5664494 -0.5788487 0.5865896 0.5664334 0.4156112 -0.6783714 -0.6058709 -0.5567495 -0.5904492 -0.5842943 -0.5566434 0.590548 -0.5842955 0.4156015 0.678344 -0.6059083 0.4156044 -0.6782958 -0.6059603 0.3978558 -0.6767967 0.6194005 -0.5789035 -0.586576 0.5663915 -0.5566733 -0.5905193 -0.5842961 0.3979141 0.6769037 0.6192462 0.3978327 -0.6769523 0.6192455 -0.5567368 0.5905276 -0.584227 -0.5788049 0.5865658 0.5665028 0.8024455 9.7841e-5 -0.5967255 0.782394 4.47519e-5 0.6227839 0.8024815 4.30346e-5 -0.5966771 0.7824587 -4.33624e-5 0.6227024 -0.481376 -0.6838245 0.5483258 -0.8815593 5.69224e-5 0.4720734 -0.6941334 6.67158e-5 -0.7198465 -0.2899472 -0.6837856 -0.6696029 0.6497216 -0.5891887 -0.4803318 0.6497088 0.5892716 -0.4802474 0.470783 0.5894271 0.6564596 0.4708209 -0.5893959 0.6564605 -0.290066 0.6838023 -0.6695343 0.6497631 0.5892159 -0.4802421 0.6497237 -0.5892281 -0.4802808 -0.2899819 -0.6838871 -0.6694841 -0.2899672 0.6837286 -0.6696524 -0.4813443 0.6838292 0.5483478 0.4708655 0.5893759 0.6564463 0.6497396 0.5892234 -0.480265 -0.4814283 -0.6838968 0.5481898 -0.4813303 0.6839525 0.5482064 0.6497324 -0.5892236 -0.4802743 0.4707809 -0.5893813 0.6565021 -0.6941442 -8.96454e-5 -0.719836 -0.8815513 -4.93161e-5 0.4720883 -0.6941832 4.38988e-5 -0.7197984 -0.8816006 5.26011e-5 0.4719963 0.4116937 -0.438035 0.7991456 0.6206533 -0.5599318 0.548877 -0.6206403 -0.5599321 0.5488914 -0.4116944 -0.4380192 0.7991539 -0.707097 -0.7071166 0 -0.6206601 -0.559985 0.5488151 0.6206446 -0.5600022 0.5488151 0.7071166 -0.707097 0 0.4116832 0.4380447 0.7991457 -0.4116832 0.4380291 0.7991544 -0.620646 0.5599556 0.5488609 0.6206479 0.5599289 0.548886 0.6206459 0.5599762 0.5488399 -0.6206874 0.5599619 0.5488076 -0.6205996 0.5600024 0.5488657 0.7159447 0.5650621 -0.4100344 0.7872953 -0.4187421 -0.452572 0.01461291 -0.4245033 -0.9053085 -0.002167224 0.5469583 -0.8371571 -0.7860378 -0.4088515 -0.4636651 -0.7180954 0.5616989 -0.4108935 -0.7769368 -0.4394387 0.450847 -0.7285707 0.5386714 0.4231051 -0.01301145 -0.428679 0.9033632 -0.001171231 0.5573575 0.8302719 0.7793753 -0.4341662 0.4517454 0.7270595 0.5420089 0.4214391 0.4202622 -0.8949638 -0.1497317 -0.01392167 -0.8805748 0.4737026 -0.4515703 -0.886255 0.1031331 -0.1261733 -0.8877835 -0.4426295 0.4119347 -0.4382861 0.7988838 0.6207532 -0.5601033 0.5485889 -0.6207881 -0.5600673 0.5485861 -0.4119389 -0.4382815 0.7988841 -0.6207902 -0.5601499 0.5484995 0.6207746 -0.5601671 0.5484995 0.4119238 0.4382961 0.7988838 -0.4119281 0.4382922 0.7988838 -0.6207427 0.5600975 0.5486069 0.6207784 0.560069 0.5485954 0.6207752 0.56014 0.5485266 -0.6208437 0.5601208 0.5484687 -0.62075 0.560154 0.5485408 0.7195386 0.5629681 -0.4066092 0.785373 -0.4213058 -0.4535314 0.01286983 -0.4242106 -0.9054722 0.005150198 0.5459862 -0.8377783 -0.7873035 -0.406459 -0.4636208 -0.7146747 0.5624524 -0.4157974 -0.7779057 -0.437081 0.4514676 -0.7307649 0.5393719 0.4184027 -0.01373302 -0.4283664 0.9035009 -0.005462169 0.5563936 0.830901 0.7777434 -0.4367419 0.4520749 0.724985 0.539852 0.4277345 0.4202667 -0.8949596 -0.1497442 -0.01390349 -0.8805699 0.4737123 -0.451546 -0.886268 0.1031276 -0.1261555 -0.8877721 -0.4426574 0 0.1856384 0.9826182 -0.06967163 0.2827107 0.9566716 0 0 1 0 0.3831374 0.9236914 9.77502e-5 -0.4575705 0.8891733 -0.1616542 -0.2198001 0.9620581 -0.7517161 0.1223874 0.6480311 0 0.1856406 0.9826178 -8.73604e-7 -0.3907616 0.9204919 -0.8067449 -0.2309398 0.5439022 -0.629385 -0.3051621 0.7146682 -1.05139e-6 -0.3915371 0.9201624 0 -3.12196e-4 1 0 0.01836091 -0.9998314 0.05144405 -0.3124305 -0.9485467 0 -0.2591401 -0.9658398 0.003165304 -0.3857678 -0.9225906 -4.74625e-4 0.07987618 -0.9968048 -0.001402616 -0.003018677 -0.9999945 0.07018458 0.3426064 -0.9368538 -0.001268029 0.4370127 -0.8994544 0.7698901 -0.1670793 -0.615917 0 -0.2506908 -0.9680673 0.7675719 0.1599903 -0.6206743 0 0.2497317 -0.9683151 0 0.250945 -0.9680013 0 -0.001171469 -0.9999994 -1.85903e-4 0.4692871 0.8830457 -3.69992e-4 0.3833205 0.9236153 -0.06968951 0.2827871 0.9566478 -0.6464611 0.3581391 0.6736649 -0.6605375 -0.0274353 0.7502917 -0.6385 -0.4386458 0.6323825 6.73779e-5 -0.5704303 0.8213461 7.2099e-5 -0.03651636 0.9993331 -0.1617248 -0.2198034 0.9620456 -0.00227952 -0.4576078 0.8891513 -0.7515968 0.1224395 0.6481598 -0.6463027 0.3581632 0.6738042 -0.06960743 0.2829087 0.9566177 -0.6604192 -0.02746623 0.7503947 -0.806698 -0.2309039 0.543987 -0.1616978 -0.2198523 0.9620389 -0.6383644 -0.4387285 0.632462 -0.6292498 -0.3052815 0.7147362 0.6217198 -0.3327234 -0.7090554 0.001703619 -0.4240754 -0.9056253 7.11005e-5 0.4436678 -0.8961914 0.6203087 0.3481633 -0.702851 -0.001261949 0.43702 -0.8994509 0.0701695 0.3427015 -0.9368202 0.0514487 -0.3124765 -0.9485313 0.003163874 -0.3857562 -0.9225955 0.7674636 0.1600731 -0.620787 0.7697663 -0.1671234 -0.61606 0.6215831 -0.3328439 -0.7091187 0.6202024 0.3481496 -0.7029516 0.07009369 0.342702 -0.9368256 0.05143016 -0.3124541 -0.9485397 0 -0.7541943 -0.6566514 0 -0.7541942 -0.6566515 0 -0.7541942 -0.6566514 0 -0.7541943 -0.6566514 0.9988747 -0.008879005 0.04658961 0.9992437 -0.02546155 0.02938938 0.9992375 -0.02444446 0.03044533 0.9988095 -0.007291257 0.04823476 0 0.754193 0.6566529 0 0.7541934 0.6566525 0 0.7541933 0.6566526 0 0.754193 0.656653 -0.9989604 0.007758498 -0.04492086 -0.9991518 0.02696418 -0.03112417 -0.9991561 0.02577739 -0.03197753 -0.9989385 0.006884455 -0.04554808 0.9991278 0 0.04175806 0.9991278 0 0.04175806 0.9991278 0 0.04175806 0 1 0 0 1 0 0 1 0 -0.9991278 0 -0.04175806 -0.9991278 0 -0.04175806 -0.9991278 0 -0.04175806 -0.9991278 0 -0.04175806 1 0 0 1 0 0 1 0 0 0.524581 0.8513606 0 0.5246011 0.8513482 0 -0.6902577 0.7235637 0 -0.69027 0.723552 0 0.9999853 -0.005415797 0 0.9999855 -0.005386292 0 0.5199109 -0.8542205 0 0.5199068 -0.8542231 0 -0.6906855 -0.7231554 -3.4728e-5 -0.6906854 -0.7231554 3.69468e-5 -1.35476e-5 1.97182e-5 -1 -9.38855e-6 5.49806e-6 -1 -3.86209e-6 5.30714e-6 -1 -1.195e-5 2.10691e-5 -1 1.27467e-5 -2.10691e-5 1 2.3663e-6 6.12402e-7 1 9.58643e-6 -3.29491e-6 1 -2.88878e-6 3.80669e-5 1 -0.6905514 -0.7232834 3.47296e-5 -0.6905514 -0.7232833 -2.42788e-4 0 0.7070909 0.7071228 0 0.7071254 0.7070882 0.5624035 0.8268631 0 0.5624039 0.8268628 0 0.1201148 0.9927601 0 0.1201149 0.99276 0 0.9999859 -0.005317151 0 0.9999861 -0.00528711 0 0.5580876 -0.8297822 0 0.5580911 -0.8297798 -8.08842e-6 0.120279 -0.9927402 -5.87477e-5 0.1202744 -0.9927407 -7.31596e-5 -1.27329e-5 2.15287e-5 -1 4.4444e-6 8.75424e-6 -1 2.42183e-6 1.47204e-5 -1 2.26473e-5 0 -1 5.74081e-6 -2.88363e-6 1 -1.98161e-5 1.50135e-5 1 -1.19597e-6 1.06956e-5 1 2.07744e-5 -5.21708e-6 1 -7.26846e-6 3.82157e-5 1 0 0.9999215 0.01253443 0 0.4968852 0.8678163 0.6553263 0.3802205 0.6526714 0.6303529 0.7762384 -0.01045763 0 0.837885 -0.545847 0.7937797 0.5095881 -0.3320149 0 -0.9517238 0.3069556 0 -1 0 0.8511617 -0.5189488 -0.07884222 0.6451463 -0.7453957 0.1678438 0 -0.3947859 0.9187732 0.6562097 -0.3031132 0.691022 0.8511167 -0.5190245 -0.0788291 0.7936981 0.5096702 -0.3320838 0.6302877 0.7762904 -0.01052129 0.6450226 -0.7454844 0.1679252 0.6552202 0.3802876 0.6527387 0.656111 -0.3031212 0.6911122 -0.3421154 -0.9396579 3.37817e-5 0.9396853 -0.3420404 0 0.9396893 -0.3420293 0 -0.3421161 -0.9396578 -3.39419e-5 0.3420219 0.939692 0 0.3420105 0.9396962 0 -0.9396895 0.3420289 0 -0.9396934 0.342018 0 -0.3419215 -0.9397286 3.39435e-5 -0.3419235 -0.9397278 -3.37833e-5 -0.939486 -0.3425877 -8.30281e-6 -0.9394881 -0.3425819 0 -0.9394842 -0.3425924 2.32539e-7 -0.9394831 -0.3425957 2.58028e-5 0.1774598 -0.4866647 -0.8553746 0.02597266 -0.07123428 -0.9971214 0.02598387 -0.07126557 -0.997119 0.1774564 -0.4866645 -0.8553754 -0.242251 0.6643233 -0.707099 -0.2422561 0.6643174 -0.7071028 -0.3425816 0.9394881 2.21782e-6 -0.3425816 0.9394881 -1.73935e-5 -0.2381169 0.6529713 0.7189777 -0.2381203 0.6529969 0.7189533 0.01447659 -0.03970152 0.9991068 0.01447123 -0.03969448 0.9991071 0.1469736 -0.4030674 0.9032915 0.1469737 -0.4030678 0.9032912 0.9394853 0.3425896 -6.01779e-6 0.9394859 0.3425878 5.60759e-6 0.9394853 0.3425894 1.59189e-5 -0.9394862 -0.3425871 -6.47159e-7 -0.9394812 -0.3426005 -3.27421e-5 0.9394867 0.3425856 -4.64029e-6 0.939485 0.3425901 -1.59553e-5 0.9394857 0.3425883 1.10585e-6 0.9394863 0.3425865 7.36269e-7 -0.9394823 -0.3425977 0 -0.9394813 -0.3426004 -3.76823e-5 0.9394866 0.3425856 -4.80256e-5 -0.3425886 0.9394775 0.003879666 -0.3425911 0.9394767 0.003880679 -0.1366019 0.3746048 -0.9170666 -0.1355447 0.3716873 -0.9184097 -0.1342734 0.3682133 0.9199945 -0.1353515 0.3711468 0.9186567 0.9578663 0.2872145 -4.07713e-4 0.9394829 0.3425959 -8.44716e-6 0.9579747 0.2868528 -2.92477e-4 -0.9240897 -0.3821756 -2.31149e-4 -0.939494 -0.3425658 -2.33022e-5 -0.9241935 -0.3819246 -3.13262e-4 -3.55651e-4 8.80598e-4 -0.9999997 -3.67512e-4 8.69311e-4 -0.9999996 -3.14747e-4 7.76507e-4 0.9999997 -3.3119e-4 7.78087e-4 0.9999997 0.9659129 0.2588673 -4.19665e-5 0.9658887 0.2589579 -2.17232e-4 -0.915867 -0.4014818 -1.73961e-4 -0.9158413 -0.4015406 -4.89688e-5 0.001321971 -0.003623783 0.9999926 0.001304745 -0.003575265 0.9999929 -0.3134497 0.8595799 0.4035739 -0.3133037 0.8591756 0.4045467 0.3138476 -0.8606603 0.4009534 0.313991 -0.8610539 0.3999949 0.9394304 0.3426212 -0.009023249 0.9394881 0.3425818 1.16965e-5 0.9394373 0.342601 -0.009079754 -0.9394084 -0.3425061 -0.01419317 -0.9394789 -0.3426067 2.02027e-5 -0.9394158 -0.3424893 -0.01411348 -0.3425885 0.939485 0.001038551 -0.3425904 0.9394843 0.001037001 0.3425917 -0.9394841 9.12753e-4 0.3425914 -0.9394841 9.13771e-4 0.9394074 0.3425403 -0.0134145 0.9393967 0.3425703 -0.01339578 -0.9392993 -0.3424602 -0.02092748 -0.9392895 -0.342486 -0.02094399 -9.86221e-5 2.68988e-4 -1 0.9183079 0.3958671 -1.11509e-6 0.9183079 0.3958671 4.39541e-7 0.9183083 0.3958661 1.46459e-7 0.9183077 0.3958675 -4.62029e-6 -0.3958641 0.9183091 -2.1069e-5 -0.2799311 0.6494095 -0.7070402 -0.2799311 0.6494032 -0.707046 -0.3958629 0.9183097 5.81152e-6 -0.2799174 0.649279 -0.7071655 1.24392e-5 -1.4847e-5 -1 -9.13305e-6 1.57711e-5 -1 -0.2798954 0.6492944 -0.7071601 0.2799293 -0.6493479 -0.7070977 0.2799323 -0.6493375 -0.7071058 0.3958631 -0.9183096 4.41511e-6 0.3958636 -0.9183093 -1.86048e-5 0.2799251 -0.6493239 0.7071212 0.2799288 -0.6493483 0.7070975 -5.4932e-6 4.00439e-6 1 4.27135e-6 -2.89548e-6 1 -0.2799304 0.649349 0.7070961 -0.2799252 0.6493226 0.7071223 -0.9183081 -0.3958664 -3.21504e-6 -0.9183076 -0.3958676 -4.10273e-6 -0.9183074 -0.3958682 1.80079e-5 0.9183079 0.3958671 1.70114e-6 0.9183089 0.3958646 4.62019e-6 -0.918308 -0.3958666 3.59751e-6 -0.9183083 -0.3958659 4.59649e-6 -0.9183078 -0.3958674 0 -0.9183079 -0.3958671 -1.42364e-7 0.9183076 0.395868 2.20097e-5 0.9183071 0.395869 -2.20099e-5 -0.9183096 -0.3958631 -1.80078e-5 0.3809522 -0.9245866 0.003883719 0.380954 -0.924586 0.003863036 0.1514081 -0.3673898 -0.9176602 0.152048 -0.3689717 -0.9169195 0.1505975 -0.3655739 0.9185186 0.1499615 -0.3640108 0.919243 -0.9431701 -0.3323103 -3.82229e-4 -0.923165 -0.3844042 0 -0.9432854 -0.3319833 -2.8653e-4 0.8998814 0.4361345 -3.04462e-4 0.9231794 0.3843696 -1.48261e-5 0.9000337 0.4358203 -4.02473e-4 3.99168e-4 -7.27363e-4 -0.9999997 3.75737e-4 -7.26899e-4 -0.9999997 2.95535e-4 -6.52293e-4 0.9999998 3.21936e-4 -6.52817e-4 0.9999998 -0.9521478 -0.3056383 -3.25918e-5 -0.9521273 -0.3057017 -1.78565e-4 0.8873011 0.4611907 -1.80046e-4 0.8872706 0.4612494 -3.05821e-5 -0.8895043 0.4569269 -2.30128e-4 -0.8895093 0.4569171 -2.3383e-4 0.2684105 0.9633046 -2.39942e-4 0.2684079 0.9633054 -2.32549e-4 0.9999973 0.002164542 9.45176e-4 0.9999973 -0.002312958 -3.73348e-4 0.448364 -0.8938508 -7.16529e-4 0.4524551 -0.8917873 -6.66908e-5 0.4513478 0.8923476 9.72092e-4 0.4496053 0.8932273 4.38859e-4 -0.010127 -9.611e-7 0.9999488 -8.32261e-5 0 1 -0.01007205 -3.45752e-5 0.9999493 -0.0230081 -2.17627e-6 -0.9997353 2.61004e-4 0 -1 -0.02285921 8.29064e-5 -0.9997387 1.32663e-4 -1 -2.55117e-4 1.4209e-4 -1 -2.95583e-4 3.95761e-4 0.9999999 2.74146e-4 3.83167e-4 1 2.85715e-4 -0.2774563 -7.5922e-5 0.9607383 -0.2774249 -4.28618e-5 0.9607474 -0.2917647 1.42097e-4 -0.9564902 -0.291966 9.81797e-5 -0.9564288 1.83757e-4 -1 -2.70866e-4 -9.9253e-7 -1 -3.45878e-4 4.56748e-4 0.9999999 2.75284e-4 2.01492e-4 1 3.74742e-4 -0.5209851 -7.25709e-5 0.8535658 -0.5209526 -5.61589e-5 0.8535857 -0.5311108 1.28638e-4 -0.8473025 -0.5311675 1.6368e-4 -0.847267 -0.7147005 0.5623772 -0.4158548 -0.7308049 0.5392942 0.4184328 -0.005435645 0.5562957 0.8309667 0.005168378 0.5459075 -0.8378296 0.7250717 0.5397778 0.4276809 0.7195932 0.5628883 -0.4066231 0.6653303 0.543742 0.511547 0.0153318 0.4862242 0.8736997 -0.130494 0.9661393 -0.2225898 -0.006259143 0.9787137 -0.2051354 -0.009716451 0.5699995 -0.8215878 -0.6358249 0.4738437 -0.609261 0.6253992 0.7802963 -0.003690898 0.7033622 0.5701224 0.4245494 0.6199495 0.4618961 0.6342829 0.04659634 3.44441e-5 0.9989139 -0.6593391 0.5821931 0.4757344 0.1591866 0.9601371 -0.229775 0.6272549 0.4689598 -0.6217943 -0.6868556 0.7257718 0.03853231 -0.04931193 2.55333e-5 0.9987835 -0.7507638 0.5409377 0.3791307 -0.6193099 0.4692677 0.6294786 0.1522577 0.2370695 0.9594872 0 0.5816194 0.8134612 0.02508896 0.5873154 0.8089693 0.230955 0.2579559 0.9381464 0 1 3.83325e-4 0 1 4.12561e-4 0.02565383 0.6164531 -0.7869737 0 0.6245681 -0.7809703 0.1496205 0.2313665 -0.9612925 0.1816799 0.2163783 -0.9592564 1 -6.89344e-7 0 1 -4.09988e-7 0 1 -2.2307e-7 0 1 -5.38692e-7 0 -1 -3.92437e-7 0 -1 -3.9709e-7 0 0 0.9999777 0.00668621 0 0.9999778 0.006682276 -1.43514e-5 0.007755815 -0.99997 0 0.007618129 -0.999971 -1 -5.7449e-5 -3.23343e-5 -1 -1.18739e-5 -2.82475e-5 -1 -1.85241e-5 -3.23034e-5 -0.02457958 0.6049718 0.7958674 -0.1676737 0.1928298 0.9668 -0.1367773 0.2075953 0.9686053 0 0.6130972 0.7900075 0 1 3.90999e-4 1.67525e-5 1 4.34922e-4 7.01125e-5 0.6241545 -0.781301 -0.02549576 0.6157393 -0.7875373 -0.1418096 0.2312012 -0.9625155 -0.174109 0.2155526 -0.9608451 1 -2.72859e-7 0 1 -1.31704e-6 0 1 -7.4656e-7 0 1 1.89673e-7 0 0 -0.007603764 0.9999711 0 -0.007603585 0.9999711 1 -1.79526e-6 0 -1 -1.79526e-6 0 -1 5.40996e-6 -2.45999e-5 -1 -1.88617e-6 -2.91157e-5 -0.7339491 -0.5392731 0.4129203 -0.5680605 -0.613396 0.5486828 -0.2209042 0.5066702 -0.8333587 -0.1838544 0.4364686 -0.8807342 0.889987 0.1570789 0.4280763 0.8157742 0.008200764 0.5783126 -0.1838537 0.4365445 -0.8806968 -0.2209022 0.506621 -0.8333891 -0.7907957 -0.450734 0.414103 -0.08420169 0.2260837 -0.970462 0.8665732 0.2555589 0.4286498 -0.08421486 0.2261463 -0.9704461 -0.8347124 -0.3335335 0.4381904 0.02406954 -0.02164334 -0.999476 0.8152586 0.3537876 0.4584624 0.02406364 -0.0214951 -0.9994793 -0.8740055 -0.2351549 0.4252255 0.112374 -0.2260425 -0.967614 0.7733715 0.4413994 0.4550422 0.1123722 -0.2259652 -0.9676322 -0.8855535 -0.1613543 0.4356142 0.1639312 -0.3432132 -0.9248412 0.7303739 0.4929245 0.4728421 0.1639503 -0.3431213 -0.9248719 -0.8195091 -0.06171 0.569734 0.172138 -0.3674268 -0.9139836 0.6046805 0.5187467 0.6043703 0.1721723 -0.3674206 -0.9139797 -0.7078337 -0.5144783 -0.4840285 -0.7196625 -0.535526 -0.4419251 -0.1782043 0.4267053 0.88666 -0.1518552 0.3741958 0.9148319 0.8693754 0.1211166 -0.4790797 0.8929528 0.1102681 -0.4364361 -0.7196428 -0.5355439 -0.4419356 -0.7078153 -0.5144671 -0.4840673 -0.729622 -0.4425211 -0.5213704 -0.08989763 0.2319946 0.968554 0.8296005 0.1932994 -0.5238304 -0.7296061 -0.4424399 -0.5214613 -0.768527 -0.337157 -0.543775 -1.75427e-4 0.02981698 0.9995555 0.7736248 0.30637 -0.554655 -0.7685208 -0.3370541 -0.5438477 -0.8194294 -0.2120659 -0.532507 0.1073774 -0.2102228 0.9717389 0.7069317 0.4484578 -0.5469309 -0.8194357 -0.2119482 -0.5325443 -0.8755486 -0.09579753 -0.4735374 0.207961 -0.4401859 0.8734922 0.6480927 0.5847046 -0.4879513 -0.8755543 -0.0957129 -0.473544 0.2479902 -0.5401484 0.8042018 -0.8804801 6.02424e-4 -0.4740831 -0.8804994 7.44048e-4 -0.4740468 0.5739433 0.654298 -0.492426 0.4070642 0.9133983 -0.001602053 0.4070901 0.9133867 -0.001600205 -0.9945614 -0.1041507 -4.48311e-4 -0.994562 -0.1041447 -5.31192e-4 -0.994556 -0.1042026 -5.38384e-4 -0.9945552 -0.1042109 -4.3826e-4 0.58746 -0.8092507 0.00208795 0.5875326 -0.8091978 0.002088308 0.9904003 0.001175105 0.138225 0.7000598 0.7000393 0.1409301 0.5172079 0.5142332 0.6841493 0.7821446 0.00124675 0.6230958 3.39757e-7 0.9900202 0.1409259 -5.41513e-7 0.7308336 0.6825557 2.54839e-7 -0.9900193 0.1409319 0.6993625 -0.7010719 0.1392492 0.5159732 -0.5145658 0.6848313 -7.90298e-7 -0.7308253 0.6825646 0.4186229 6.61737e-6 0.9081602 0.2960147 0.2960202 0.908156 0.5285626 0.5017382 0.6847485 0.7259506 4.87549e-6 0.6877468 1.90939e-6 0.4186462 0.9081496 8.28223e-7 0.7780168 0.6282435 2.26064e-6 -0.4186252 0.9081591 0.2960228 -0.2960128 0.9081559 0.5285546 -0.5017488 0.6847469 1.52623e-6 -0.7780369 0.6282187 0.9359677 5.67141e-7 0.352086 5.85167e-7 0.94757 0.3195483 -5.61764e-7 -0.9475779 0.319525 4.12549e-7 -1.28622e-5 1 0 -1.4849e-5 1 0 -1.98686e-6 1 0 0 1 0.06964784 0.2827202 0.9566705 0 0 1 3.86347e-4 0.3831372 0.9236914 2.3159e-4 -0.4575279 0.8891954 0.1616541 -0.2198001 0.9620582 0.7517161 0.1223733 0.6480337 0.8067463 -0.2309473 0.5438968 0.6293831 -0.3051564 0.7146723 -0.05148404 -0.3124179 -0.9485486 -0.003160834 -0.3857678 -0.9225906 4.74623e-4 0.07987618 -0.9968048 0.001402616 -0.003018677 -0.9999945 0.001264274 0.4370127 -0.8994545 -0.07014715 0.3426207 -0.9368514 -0.7698901 -0.1670809 -0.6159167 -0.7675721 0.160047 -0.6206596 0.06969004 0.2827855 0.9566481 0.002094209 0.3833159 0.923615 1.87134e-4 0.4692854 0.8830466 0.6464611 0.3581444 0.6736622 0.6605431 -0.02744048 0.7502865 -7.20984e-5 -0.03654432 0.9993321 -6.75182e-5 -0.5704307 0.8213458 0.6385312 -0.4385983 0.632384 -1.00889e-4 -0.4575564 0.8891807 0.1617165 -0.2197982 0.9620482 0.7515825 0.1224003 0.6481836 0.06958556 0.2827647 0.9566619 0.6463213 0.3581703 0.6737825 0.6604132 -0.02742075 0.7504016 0.8066974 -0.2309976 0.5439479 0.1616978 -0.2198227 0.9620457 0.6292498 -0.305102 0.7148129 0.6384015 -0.4386124 0.6325052 -0.6217197 -0.3327552 -0.7090407 -0.6203088 0.3481606 -0.7028523 -7.10818e-5 0.4436677 -0.8961914 -0.00170356 -0.4240754 -0.9056253 -0.07016456 0.342701 -0.9368208 0.001256644 0.4370199 -0.899451 -0.05145108 -0.3124766 -0.9485311 -0.00315988 -0.3857563 -0.9225955 -0.7674635 0.1600257 -0.6207991 -0.6202024 0.3482625 -0.7028956 -0.6215828 -0.332724 -0.7091754 -0.769766 -0.1671732 -0.6160466 -0.07009369 0.3427283 -0.9368161 -0.05138456 -0.3125883 -0.948498 0 -1 0 0 -1 0 0 -1 0 0 -1 0 -0.9991279 0 0.04175621 -0.9991279 0 0.04175621 -0.9991279 0 0.04175621 -0.9991279 0 0.04175621 0 1 0 0 1 0 0 1 0 0 1 0 0.9991278 0 -0.04175806 0.9991278 0 -0.04175806 0.9991278 0 -0.04175806 0.9991278 0 -0.04175806 0.6902577 0.7235637 0 -0.5246013 0.8513482 0 -0.524581 0.8513607 0 0.69027 0.723552 0 -0.9999853 -0.005415678 0 -0.9999855 -0.005386054 0 -0.5199068 -0.854223 0 -0.5199111 -0.8542204 0 0.6906855 -0.7231554 -3.45642e-5 0.6907201 -0.7231222 -6.7139e-5 3.76396e-6 5.30714e-6 -1 8.66634e-6 5.49806e-6 -1 1.32753e-5 1.97182e-5 -1 1.195e-5 2.10691e-5 -1 -2.29761e-6 6.12406e-7 1 -1.47537e-7 0 1 -1.19878e-5 -2.10691e-5 1 -8.91921e-6 -3.2949e-6 1 2.88878e-6 3.80669e-5 1 0.6905514 -0.7232834 -3.47296e-5 0.6905861 -0.7232503 -2.77497e-4 0 0.7071255 0.7070882 -0.1201148 0.9927601 0 -0.5624039 0.8268628 0 -0.5624034 0.826863 0 -0.1201149 0.99276 0 -0.9999859 -0.005317032 0 -0.9999861 -0.005286931 0 -0.5580912 -0.8297796 -8.08842e-6 -0.5580877 -0.829782 0 -0.1202793 -0.9927401 -5.87477e-5 -0.1202749 -0.9927407 -7.31596e-5 -4.4444e-6 8.75424e-6 -1 1.27329e-5 2.15287e-5 -1 -2.42184e-6 1.47204e-5 -1 -2.26473e-5 0 -1 1.79736e-6 1.06956e-5 1 2.12315e-5 1.50135e-5 1 -5.0453e-6 -2.88363e-6 1 -2.07744e-5 -5.21708e-6 1 7.26846e-6 3.82158e-5 1 -0.6303529 0.7762374 -0.01052469 -0.6553263 0.3802331 0.6526641 -0.7937796 0.5095911 -0.3320105 -0.6451462 -0.7453934 0.1678543 -0.8511617 -0.5189332 -0.0789445 -0.6562094 -0.3030501 0.6910498 -0.8511167 -0.5190175 -0.07887458 -0.6450226 -0.7455087 0.1678174 -0.6302877 0.7762914 -0.01045244 -0.7936981 0.5096994 -0.332039 -0.656111 -0.3031349 0.6911062 -0.6552202 0.3802769 0.652745 0.3421154 -0.9396579 3.39419e-5 0.3421161 -0.9396578 -3.37817e-5 -0.9396893 -0.3420293 0 -0.9396853 -0.3420404 0 -0.3420163 0.9396941 0 -0.3420275 0.9396899 0 0.9396958 0.3420115 0 0.9396919 0.3420222 0 0.3419442 -0.9397203 -3.39419e-5 0.3419422 -0.939721 3.37817e-5 0.9394861 -0.3425873 -8.1541e-6 0.9394828 -0.3425965 2.58029e-5 0.9394841 -0.3425928 3.05399e-7 0.9394881 -0.3425819 2.9205e-7 -0.1774632 -0.4866662 -0.855373 -0.1774613 -0.4866673 -0.8553727 -0.02598553 -0.07126194 -0.9971192 -0.02597367 -0.07123434 -0.9971214 0.2422533 0.6643106 -0.7071102 0.2422547 0.6643203 -0.7071006 0.3425892 0.9394854 -1.50214e-5 0.3425897 0.9394852 4.81553e-6 0.2381199 0.6529906 0.7189592 0.2381156 0.6529712 0.7189782 -0.01447308 -0.03969275 0.9991072 -0.01447939 -0.03970211 0.9991067 -0.1469767 -0.4030693 0.9032902 -0.1469756 -0.4030657 0.9032919 -0.9394924 0.34257 3.49305e-5 -0.9394904 0.3425753 -2.65317e-5 -0.9394848 0.3425905 -1.76725e-5 0.939486 -0.3425875 -5.07965e-7 0.939481 -0.342601 -3.27421e-5 -0.9394857 0.3425885 -1.88508e-5 -0.9394863 0.3425866 -4.98479e-6 -0.9394849 0.3425906 -4.19492e-6 -0.9394896 0.3425776 2.52005e-5 0.9394823 -0.3425977 0 0.9394813 -0.3426004 -3.76823e-5 -0.9394914 0.3425726 -1.40383e-5 0.3425896 0.9394772 0.003879606 0.1355444 0.3716861 -0.9184102 0.1366022 0.3746049 -0.9170666 0.342592 0.9394763 0.0038805 0.1353525 0.3711468 0.9186566 0.1342753 0.3682137 0.9199939 -0.9578663 0.2872146 -4.07713e-4 -0.9579746 0.2868528 -2.92474e-4 -0.9394829 0.3425959 -8.44716e-6 0.9240912 -0.3821719 -2.24778e-4 0.9241964 -0.3819176 -3.13168e-4 0.939494 -0.3425658 -2.33022e-5 3.55292e-4 8.80604e-4 -0.9999996 3.66732e-4 8.6932e-4 -0.9999997 3.12627e-4 7.76515e-4 0.9999997 3.27212e-4 7.78093e-4 0.9999997 -0.9658886 0.2589581 -2.17225e-4 -0.9659129 0.2588675 -4.1956e-5 0.9158388 -0.4015462 -1.81488e-5 0.9158667 -0.4014826 -1.52516e-4 -0.001321315 -0.003624439 0.9999926 0.3133049 0.8591744 0.4045483 0.3134479 0.8595779 0.4035793 -0.001306474 -0.003575205 0.9999929 -0.3139919 -0.8610537 0.3999947 -0.3138471 -0.8606605 0.4009532 -0.9394304 0.3426209 -0.00903505 -0.9394349 0.3426069 -0.009087741 -0.9394881 0.3425818 1.16965e-5 0.9394085 -0.3425058 -0.01419311 0.9394159 -0.342489 -0.01411348 0.9394789 -0.3426067 2.02027e-5 0.3425911 0.9394841 0.001041591 0.3425962 0.9394822 0.001036345 -0.3425918 -0.939484 9.12927e-4 -0.3425917 -0.9394841 9.14031e-4 -0.9393901 0.3425881 -0.0134018 -0.9393976 0.3425672 -0.01341474 0.9392898 -0.3424853 -0.02094388 0.9392995 -0.3424595 -0.02092736 9.86228e-5 2.68985e-4 -1 9.86221e-5 2.68988e-4 -1 -0.918308 0.395867 -1.70116e-6 -0.918308 0.3958667 -4.62027e-6 -0.9183087 0.3958652 0 -0.9183078 0.3958672 -1.61166e-6 0.3958638 0.9183092 -1.95186e-5 0.3958629 0.9183096 6.11955e-6 0.2799308 0.6494039 -0.7070455 0.2799811 0.6493898 -0.7070385 0.2799165 0.6492798 -0.7071652 0.2797441 0.6493601 -0.7071597 7.1206e-6 1.62639e-5 -1 -1.3602e-5 -1.37792e-5 -1 -0.2799326 -0.6493375 -0.7071058 -0.2799276 -0.6493474 -0.7070987 -0.3958633 -0.9183095 -1.99396e-5 -0.3958621 -0.91831 3.78879e-6 -0.279927 -0.6493485 0.7070979 -0.2799228 -0.6493237 0.7071223 -4.1276e-6 -2.54638e-6 1 6.28381e-6 4.07626e-6 1 0.2799243 0.6493223 0.7071231 0.2799301 0.649348 0.7070971 0.9183084 -0.3958657 -2.52435e-6 0.9183074 -0.3958682 1.80079e-5 0.9183075 -0.3958679 -4.35533e-6 -0.9183081 0.3958665 8.28849e-7 -0.9183097 0.3958628 7.0019e-6 0.9183081 -0.3958666 3.34492e-6 0.918308 -0.395867 -2.56764e-7 0.9183077 -0.3958677 -2.00863e-7 0.9183084 -0.3958657 5.28717e-6 -0.9183076 0.395868 2.20097e-5 -0.9183078 0.3958672 -1.60072e-5 0.9183096 -0.3958631 -1.80078e-5 -0.380952 -0.9245867 0.003882408 -0.1520472 -0.3689709 -0.9169199 -0.1514075 -0.3673887 -0.9176608 -0.3809539 -0.924586 0.003861188 -0.1499618 -0.3640108 0.919243 -0.1505979 -0.365574 0.9185184 0.9431701 -0.3323104 -3.791e-4 0.9432852 -0.3319835 -2.84145e-4 0.9231638 -0.3844069 1.85323e-6 -0.8998812 0.4361351 -3.05798e-4 -0.9000334 0.4358209 -4.03954e-4 -0.9231794 0.3843696 -1.48261e-5 -3.75738e-4 -7.26899e-4 -0.9999997 -3.99169e-4 -7.27363e-4 -0.9999997 -2.95749e-4 -6.52293e-4 0.9999998 -3.21936e-4 -6.52817e-4 0.9999998 0.9521276 -0.3057011 -1.77831e-4 0.9521479 -0.3056379 -3.29796e-5 -0.8872704 0.4612498 -3.19398e-5 -0.8873007 0.4611913 -1.81631e-4 0.8895118 0.4569123 -2.33928e-4 0.8895065 0.4569225 -2.3061e-4 -0.2684059 0.9633059 -2.33083e-4 -0.2684107 0.9633046 -2.37406e-4 -0.9999973 0.002162516 9.44337e-4 -0.452453 -0.8917883 -6.75439e-5 -0.4483626 -0.8938516 -7.15281e-4 -0.9999973 -0.002312839 -3.72542e-4 -0.4496027 0.8932285 4.39765e-4 -0.4513476 0.8923477 9.72796e-4 0.01012605 -9.57953e-7 0.9999488 0.01007044 -3.4578e-5 0.9999494 8.32251e-5 0 1 0.02300989 -2.10078e-6 -0.9997353 0.02286094 8.29279e-5 -0.9997387 -2.61004e-4 0 -1 -1.42091e-4 -1 -2.9555e-4 -1.32664e-4 -1 -2.51928e-4 -3.95761e-4 0.9999999 2.74213e-4 -3.83168e-4 1 2.84132e-4 0.2774254 -4.28603e-5 0.9607473 0.2774566 -7.59128e-5 0.9607383 0.2919677 9.82243e-5 -0.9564282 0.2917652 1.4211e-4 -0.95649 -1.83756e-4 -1 -2.69806e-4 9.9253e-7 -1 -3.45608e-4 -4.56748e-4 0.9999999 2.7547e-4 -2.01492e-4 1 3.76122e-4 0.5209876 -7.25566e-5 0.8535643 0.5209546 -5.61679e-5 0.8535845 0.5311107 1.28655e-4 -0.8473024 0.5311692 1.63682e-4 -0.8472658 -0.001195371 0.5572846 0.8303208 0.7271414 0.5418975 0.421441 0.7159944 0.5650056 -0.4100254 -0.002156555 0.5468741 -0.8372121 -0.7181456 0.5616087 -0.4109291 -0.7285881 0.5385673 0.4232077 -0.6630117 0.5437738 0.5145149 0.130559 0.9661211 -0.2226305 -0.01532262 0.4862303 0.8736965 0.006263196 0.9787143 -0.2051324 0.6358422 0.4738005 -0.6092765 0.009716451 0.5699979 -0.8215887 -0.6166102 0.4875732 0.6181135 -0.7307068 0.5572948 0.3943223 -0.6743145 0.7379387 0.02732241 -0.04659634 3.44441e-5 0.9989139 0.6620079 0.5822211 0.471979 -0.1591885 0.9601373 -0.2297726 -0.6272557 0.4689605 -0.6217929 0.6230725 0.7821621 -0.001828014 0.04931193 2.55333e-5 0.9987835 0.6224718 0.4362708 0.6497667 0.7158182 0.5587097 0.4188652 -0.1522576 0.2370699 0.9594872 -0.2309549 0.2579565 0.9381462 -0.02508896 0.5873154 0.8089693 0 0.5816195 0.813461 0 1 3.83335e-4 -0.02565342 0.616453 -0.7869737 -0.1496183 0.2313666 -0.9612929 -0.1816772 0.2163785 -0.9592569 -1 -4.05851e-7 0 -1 -4.09988e-7 0 1 0 0 1 -7.74064e-7 0 1 0 0 1 7.4812e-7 0 0 0.007618069 -0.999971 1.43515e-5 0.007755935 -0.99997 1 4.03517e-7 0 1 -3.60067e-7 0 1 -1.79528e-6 0 0.02458041 0.604972 0.7958673 0.1367817 0.2075954 0.9686047 0.167679 0.1928298 0.9667991 -1.66853e-5 1 4.24829e-4 0 1 3.90993e-4 -6.81111e-5 0.6241538 -0.7813015 0.02549797 0.6157327 -0.7875425 0.1417901 0.2312048 -0.9625175 0.1740901 0.2155551 -0.9608479 -1 -4.97996e-7 0 -1 -9.0357e-7 0 -1 -1.50519e-6 0 0 -0.007603645 0.9999712 0 -0.007603883 0.9999712 1 4.50541e-7 0 1 -4.05747e-7 0 0.7339474 -0.5392751 0.4129209 0.1838676 0.4364957 -0.8807181 0.2208783 0.5066126 -0.8334007 0.5680592 -0.6134006 0.5486789 -0.8899874 0.1570796 0.4280753 -0.8157759 0.008201658 0.5783099 0.1838133 0.4364441 -0.880755 0.2209334 0.5066761 -0.8333473 0.7907963 -0.4507333 0.4141026 0.08421665 0.2261185 -0.9704525 -0.8665725 0.2555593 0.4286508 0.08416491 0.2260317 -0.9704772 0.8347113 -0.3335356 0.4381908 -0.02402281 -0.02152717 -0.9994796 -0.8152594 0.3537866 0.4584618 -0.02411234 -0.02161031 -0.9994757 0.8740054 -0.2351547 0.4252256 -0.112361 -0.2260113 -0.9676229 -0.7733712 0.4414007 0.4550415 -0.112416 -0.2260747 -0.9676016 0.8855537 -0.1613554 0.4356136 -0.1639 -0.3431295 -0.9248779 -0.7303734 0.4929256 0.4728415 -0.1639824 -0.3432046 -0.9248354 0.8195091 -0.06171071 0.5697339 -0.1721281 -0.3674009 -0.9139959 -0.60468 0.5187472 0.6043704 -0.1721816 -0.3674457 -0.9139679 0.7078723 -0.5143836 -0.4840728 0.1518504 0.3741908 0.9148348 0.1781942 0.4267098 0.8866598 0.7196894 -0.535523 -0.4418849 -0.8693796 0.1211113 -0.4790733 0.7078143 -0.5144677 -0.4840684 0.7196351 -0.5355553 -0.4419343 -0.8929495 0.1102532 -0.4364466 0.7296671 -0.4424107 -0.5214008 0.08989709 0.2319948 0.9685541 -0.8296005 0.1932991 -0.5238305 0.7296076 -0.442436 -0.5214626 0.7685765 -0.3370376 -0.5437791 1.75697e-4 0.02981698 0.9995555 -0.7736247 0.3063702 -0.554655 0.7685202 -0.3370557 -0.5438477 0.8194797 -0.2119479 -0.5324764 -0.1073772 -0.2102227 0.9717389 -0.7069314 0.4484582 -0.5469309 0.8194367 -0.2119457 -0.5325434 0.8755954 -0.09569555 -0.4734712 -0.2079659 -0.4401841 0.873492 -0.6480907 0.5847046 -0.4879541 0.8755561 -0.09570938 -0.4735413 0.8805241 6.98537e-4 -0.474001 -0.2479951 -0.5401461 0.8042019 -0.5739395 0.6542996 -0.4924281 0.8804615 6.54548e-4 -0.4741173 0.9945603 -0.1041623 -4.47544e-4 -0.4071136 0.9133763 -0.001601994 -0.4070571 0.9134014 -0.001599252 0.9945573 -0.1041903 -5.30029e-4 -0.5874648 -0.8092472 0.002086818 0.9945574 -0.1041895 -4.37098e-4 0.994556 -0.1042028 -5.37295e-4 -0.5875385 -0.8091936 0.002090156 -0.9904001 0.001175284 0.1382255 -0.7821444 0.001247286 0.6230959 -0.5172076 0.5142332 0.6841496 -0.70006 0.700039 0.1409308 -0.5159729 -0.5145659 0.6848313 -0.6993622 -0.7010722 0.1392496 -0.4186198 6.17269e-6 0.9081617 -0.7259501 1.85107e-6 0.6877474 -0.5285628 0.5017364 0.6847497 -0.2960122 0.2960206 0.9081568 -0.5285528 -0.5017486 0.6847483 -0.29602 -0.296011 0.9081573 -0.9359672 -9.92495e-7 0.3520871 -4.12552e-7 -1.28622e-5 1 1 0 0 1 0 0 1 -2.18497e-7 0 -1.87183e-5 0.8186194 0.5743366 -1.25265e-5 0.8186061 0.5743554 -8.49105e-7 0.9834287 0.1812952 0 0.9834288 0.1812953 0 -0.7707006 0.6371974 0 -0.9625486 0.2711093 0 -0.7912724 0.611464 0 -2.99295e-5 1 -7.01507e-6 -1.4069e-6 1 -1 0 0 -1 0 0 -1 0 0 -1 -2.18497e-7 0 1.87183e-5 0.8186194 0.5743366 8.49105e-7 0.9834287 0.1812952 1.25265e-5 0.8186061 0.5743554 7.01507e-6 -1.4069e-6 1 0 -2.99185e-5 1 -0.9959127 0.00237149 -0.09029054 -0.9959115 0.00238198 -0.09030348 -0.995913 0.002368927 -0.09028738 -0.9959138 0.002361834 -0.09027862 0.7059432 0.7053484 0.06424778 0.7059437 0.7053489 0.06423819 0.7059424 0.7053475 0.06426739 0.7059419 0.7053471 0.06427693 0.002007067 0.9999979 5.176e-4 0.002007067 0.9999979 5.17601e-4 0.002007067 0.9999979 5.17598e-4 0.002007067 0.9999979 5.17598e-4 -0.7030876 0.7082594 -0.06353324 -0.7030832 0.7082629 -0.06354457 -0.7030968 0.7082524 -0.06351 -0.7031012 0.708249 -0.06349867 0.9959161 -0.002838015 0.09023869 0.9959121 -0.002798795 0.0902847 0.9959174 -0.00285077 0.09022367 0.9959235 -0.002908766 0.0901556 0.7262917 0.3910002 -0.5653488 0.7642077 -0.5868679 -0.2675309 0.01214945 -0.7296095 -0.6837561 0.005425393 0.2354389 -0.971874 -0.7667984 -0.5767796 -0.2816838 -0.7209706 0.3881019 -0.5740891 -0.7571907 -0.3177953 0.5706737 -0.7371394 0.6350644 0.2309088 -0.01325494 -0.1696112 0.9854219 -0.005352795 0.7847704 0.6197634 0.7562288 -0.3182983 0.5716679 0.7317337 0.6380199 0.2397841 0.3721818 -0.9132165 0.1658801 -0.02023339 -0.7217205 0.6918889 -0.4013563 -0.8338156 0.3790313 -0.1135633 -0.990256 -0.08060032 -0.7210134 0.3879765 -0.5741201 -0.7371849 0.6350001 0.2309404 -0.005366384 0.7847011 0.6198511 0.005420148 0.2353078 -0.9719059 0.7317531 0.6379719 0.2398526 0.7263805 0.3909057 -0.5653001 0.2774448 -0.2962461 0.9139271 0 0 1 -0.2774448 -0.2962461 0.9139271 0.2774447 0.2962461 0.913927 -0.2774447 0.2962461 0.913927 0.2252961 -0.7365037 -0.6378118 -0.5188525 -0.5596542 0.6462036 -0.5188369 -0.5596194 0.6462465 0.142439 -0.6890444 -0.7105836 0.193546 -0.4925806 -0.8484718 0.08642351 0.8385931 0.5378593 0.3193745 0.8276717 0.4614753 0.5189043 -0.5596002 0.646209 0.5189099 -0.5596241 0.6461837 -0.1946254 -0.4908327 -0.8492375 -0.1430338 -0.6880753 -0.7114028 -0.3199974 0.8286733 0.4592411 -0.08685439 0.8389407 0.5372475 -0.5162561 0.5606854 -0.6473883 -0.5162531 0.5606797 -0.6473957 0.1922034 -0.9103234 -0.366564 0.1425664 -0.801522 -0.5807214 0.3191294 0.5759332 0.7526336 0.08591002 0.6520783 0.7532685 0.5215376 0.5585808 -0.6449699 0.5215345 0.558586 -0.644968 -0.1424193 -0.8027124 -0.579111 -0.1957804 -0.9103249 -0.3646624 -0.0870862 0.6520401 0.7531666 -0.3194685 0.5719127 0.75555 0.2252842 0.7365042 0.6378156 -0.2281426 0.7360009 0.6373803 -0.2281538 -0.7359973 -0.6373805 0.225296 -0.7365033 -0.6378124 -0.5188416 -0.5596207 0.6462415 -0.5188408 -0.559616 0.6462463 0.1424362 -0.6890423 -0.7105861 0.1935412 -0.4926185 -0.8484508 0.08643501 0.8386033 0.5378415 0.319423 0.8276716 0.4614422 0.5189139 -0.5596274 0.6461778 0.5189008 -0.5595955 0.6462159 -0.1946358 -0.4908373 -0.8492325 -0.1430483 -0.688082 -0.7113932 -0.3199379 0.828683 0.4592649 -0.0868811 0.8389423 0.5372407 -0.5162578 0.5606492 -0.6474183 -0.5162556 0.5606376 -0.6474301 0.1922093 -0.9103221 -0.3665642 0.1425673 -0.8015263 -0.5807154 0.3191621 0.575914 0.7526345 0.08591973 0.6520678 0.7532765 0.5215618 0.558535 -0.64499 0.521545 0.5585743 -0.6449696 -0.1424342 -0.8027033 -0.5791201 -0.1957979 -0.9103234 -0.3646568 -0.08711063 0.6520311 0.7531715 -0.3194206 0.5719355 0.755553 0.2253109 0.736499 0.6378121 -0.2281696 0.7359959 0.6373765 -0.2281546 -0.736 -0.637377 0.719363 0.4835665 -0.4986788 0.7855639 -0.493873 -0.3727987 0.01266467 -0.5757275 -0.8175436 0.005380868 0.3917496 -0.9200562 -0.7878143 -0.4803681 -0.3854804 -0.7140589 0.4820284 -0.5077092 -0.7784637 -0.3498003 0.5211852 -0.7301774 0.6052311 0.3170748 -0.0138998 -0.2622247 0.9649068 -0.005301237 0.6938607 0.7200899 0.7779407 -0.3500068 0.5218273 0.7248055 0.6068065 0.3262559 0.4202793 -0.9073451 0.009503722 -0.01388984 -0.7838593 0.6207831 -0.4515644 -0.854438 0.256954 -0.1261509 -0.951645 -0.2801032 -0.7141091 0.4819153 -0.5077459 -0.7302269 0.6051464 0.3171224 -0.005317926 0.6937778 0.7201696 0.005376756 0.3916625 -0.9200932 0.724865 0.6067161 0.3262919 0.71942 0.4834792 -0.4986809 0 1 0 0 1 -7.32305e-7 0 1 -4.26328e-7 0 1 3.04378e-7 0 -0.1141656 0.9934617 -8.08056e-6 -0.8481105 0.5298194 0.3645843 -0.798196 0.479543 0.0918911 -0.1581687 0.983127 2.32238e-6 -0.9503444 -0.3112006 0.4958367 -0.8430799 -0.2082359 0.9863051 -0.1600658 -0.03976535 0.8188796 -0.0981087 0.5655183 0.7110037 -0.3402593 0.6153839 0.8752835 -0.482863 -0.02687484 0.1008982 0.05095851 0.993591 0.07624691 -2.3155e-4 0.997089 -0.09186887 -0.1581146 0.9831378 -0.3647604 -0.7981311 0.4795171 -0.4959706 -0.8429877 -0.2082909 -0.986402 -0.1594654 -0.03977203 -0.8754991 -0.4824714 -0.02688366 -0.7111825 -0.3399358 0.615356 -0.8188401 -0.09758144 0.5656667 -0.07625174 -1.73539e-4 0.9970886 -0.1008965 0.05102097 0.9935879 0.08654713 -0.7374988 -0.66978 0.6307738 -0.7525868 0.1890438 0.01273792 -0.9335637 0.3581854 -0.002716839 0.8042244 -0.5943196 -0.2121112 0.7833479 -0.5842732 0.3600792 0.5123216 -0.77966 -0.676886 0.1736885 -0.7153026 0.8910958 -0.4461652 -0.08297592 -0.6768234 0.1737189 -0.7153543 -0.579359 -0.7752069 -0.2517887 -0.2121642 0.7833635 -0.584233 0.7192944 -0.4900937 -0.4923655 0.3600084 0.5123884 -0.7796488 -0.002716064 0.8042145 -0.5943331 0.01276755 -0.933535 0.3582591 -0.6083309 -0.7337009 0.3026823 -0.08694911 -0.7430381 -0.6635769 -0.9059208 -0.4173852 -0.07139486 0.5743818 -0.7707859 -0.2756351 0.6719846 0.1907317 -0.7155824 -0.3534389 0.5052264 -0.7872911 0.1732414 0.695316 -0.6975122 -0.002541184 0.8042117 -0.5943377 0.6719431 0.1906618 -0.7156401 -0.3533734 0.505251 -0.7873046 -0.7129596 -0.487531 -0.5039862 0.1732769 0.6952186 -0.6976003 -0.002720952 0.8041974 -0.5943561 0.950873 -0.1529132 -0.2691807 0.9326876 -0.1803957 -0.312332 0.9356892 -0.29126 -0.1991317 0.6056098 -0.781522 -0.1498674 -0.9567892 -0.1409554 -0.2543343 -0.935359 -0.3017711 -0.1844936 -0.9423204 -0.1641481 -0.2916982 -0.6070012 -0.7820369 -0.1413081 0.5908755 -0.8058444 0.03848475 0.900345 -0.4347026 -0.02031236 0.1354695 -0.2688947 0.9535952 0.9802989 0.1852868 -0.06843119 0.06524813 0.3104599 0.9483445 0.1013474 0.002691864 0.9948475 0.9861671 -0.1655654 -0.007921755 0 -0.2613338 0.9652486 2.49066e-7 -0.9452432 0.3263668 -4.4715e-7 0.3150116 0.9490879 -2.07211e-7 0.01068031 0.999943 0.9239148 0.276179 -0.2647765 0.1070805 0.4510916 0.8860306 3.09065e-7 0.369663 0.929166 0 -0.5446876 -0.8386391 0 -0.06732386 -0.9977313 0 -0.09353035 -0.9956164 0 -0.1828833 -0.9831346 0 -0.2790406 -0.9602794 -0.5908753 -0.8058446 0.03848487 -0.1354696 -0.2688947 0.9535951 -0.900345 -0.4347026 -0.02031224 -0.9802989 0.1852865 -0.06843149 -0.986167 -0.1655657 -0.007921457 -0.1013473 0.002691745 0.9948475 -0.0652492 0.3104599 0.9483445 -0.9239148 0.2761792 -0.2647764 -0.1070797 0.4510918 0.8860307 0.04737281 0.9988774 7.0267e-6 0.04737532 0.4994283 0.8650589 0.6277474 0.3891919 0.6741386 0.6277448 0.7784192 1.79037e-5 0.04738551 -0.4994407 0.8650513 0.6277487 -0.3892245 0.6741186 0.04740834 -0.9988756 -1.40093e-6 0.6277733 -0.7783963 -1.27591e-5 0.04736006 -0.4994232 -0.8650627 0.6278105 -0.3891534 -0.6741022 0.04734772 -0.4994315 -0.8650586 0.04737532 0.4994447 -0.8650494 0.6277471 0.3892276 -0.6741183 0.6277789 -0.3892889 -0.6740533 0.6276785 0.7784727 -4.26769e-5 0.6276785 0.3892737 0.6741555 0.6276785 -0.3891986 0.6741989 0.6276785 -0.7784728 4.30047e-5 0.6276785 -0.3892731 -0.674156 0.6276785 0.3891994 -0.6741984 -0.04737293 0.9988774 7.06005e-6 -0.627745 0.778419 1.0008e-5 -0.6277475 0.3891999 0.674134 -0.04737532 0.4994283 0.8650589 -0.6277487 -0.3892176 0.6741226 -0.04738551 -0.4994407 0.8650513 -0.6277732 -0.7783964 -5.07012e-6 -0.04740828 -0.9988756 -1.40093e-6 -0.6277644 -0.3891195 -0.6741646 -0.04734766 -0.4994235 -0.8650633 -0.04736006 -0.4994313 -0.8650581 -0.6278249 -0.3892182 -0.6740513 -0.6277472 0.3891717 -0.6741505 -0.04737538 0.4994447 -0.8650494 -0.6276785 -0.3891988 -0.6741989 -0.6276785 -0.7784727 -4.27961e-5 -0.6276785 -0.3892731 0.674156 -0.6276785 0.3891993 0.6741985 -0.6276785 0.7784727 4.28855e-5 -0.6276785 0.3892737 -0.6741555 -0.6363132 -0.3642048 0.6800445 -0.3533983 0.5052317 -0.7873059 -0.6768382 0.1737036 -0.7153441 0 -0.7541943 -0.6566514 -0.9988747 -0.008878648 0.04658961 -0.9988095 -0.007290959 0.04823476 -0.9992375 -0.02444404 0.03044533 -0.9992437 -0.02546113 0.02938938 0 0.7541929 0.656653 0 0.7541934 0.6566526 0 0.7541934 0.6566525 0.9989604 0.007758378 -0.04492086 0.9989385 0.006884336 -0.04554808 0.9991561 0.02577722 -0.03197753 0.9991518 0.026964 -0.03112417 0.2856914 -0.001154899 -0.958321 0.9504802 -0.009759902 -0.3106319 -0.05191093 -0.9955487 0.07866513 -0.05908358 0.9962628 0.06300574 0.5886161 0.7580204 0.2809563 0.5856823 -0.7667946 0.262683 -0.7274924 -0.00470215 -0.6860997 -0.05900472 0.9962734 0.06291157 -0.7274017 -0.004538953 -0.6861969 0.2830483 0.7536256 0.5932387 0.2830449 -0.753628 0.5932373 0.1845149 0.8625283 0.471168 0.1524414 -0.8748093 0.4598591 0.08929073 -0.01691782 -0.995862 0.08934283 -0.01678788 -0.9958595 -0.4197208 0.6733579 0.6086244 -0.4190636 -0.6736351 0.6087704 -0.4190567 -0.6737564 0.608641 0.4019328 -0.003682076 -0.9156619 -0.419703 0.6734883 0.6084924 0.03408074 -0.7982355 0.6013807 -0.07495307 -8.21948e-4 -0.9971868 -0.0748797 -6.57737e-4 -0.9971924 0.01168596 0.7985612 0.6018004 -0.1752635 -0.8442235 0.5065269 -0.1903492 0.01966404 -0.9815195 -0.1902887 0.01985305 -0.9815275 -0.1454848 0.8578829 0.4928197 0 -0.8579934 0.5136608 -3.87531e-6 -1.05053e-4 -1 -2.78428e-5 6.17574e-5 -1 0 0.858012 0.5136296 0.8375237 9.87202e-5 -0.5464011 -0.6156685 -0.6314653 -0.4713851 -0.6156728 0.6314563 -0.4713917 0.4019477 -0.003555119 -0.9156557 0.8375474 7.36117e-6 -0.5463649 0.4019296 -0.003698825 -0.9156632 0.8375369 -1.43653e-5 -0.5463809 -0.2856918 -0.001155018 -0.9583209 0.05191069 -0.9955486 0.07866561 -0.9504804 -0.009759724 -0.3106316 0.05902135 0.9962626 0.06306791 -0.5856826 -0.7667944 0.2626827 -0.5886164 0.7580202 0.280956 0.7273909 -0.004701912 -0.6862072 0.05893033 0.9962731 0.06298595 0.7275068 -0.00453931 -0.6860854 -0.2830448 -0.753628 0.5932374 -0.2830483 0.7536256 0.5932386 -0.1845149 0.8625283 0.471168 -0.1524413 -0.8748093 0.459859 -0.08933085 -0.01691883 -0.9958584 -0.08922374 -0.01678591 -0.9958702 0.4190325 -0.673642 0.6087843 0.4197529 0.6733511 0.6086099 -0.4019327 -0.003625571 -0.9156621 0.4190297 -0.6737617 0.6086537 0.4197301 0.6734817 0.608481 0.07482635 -8.20667e-4 -0.9971963 -0.0340811 -0.7982354 0.6013808 -0.01168692 0.798561 0.6018004 0.0749011 -6.58125e-4 -0.9971908 0.1903166 0.01966363 -0.9815258 0.1752628 -0.8442235 0.5065271 0.1454828 0.8578832 0.4928199 0.1903203 0.01985365 -0.9815214 2.78596e-5 -5.80304e-5 -1 0 -0.8579932 0.5136612 3.8754e-6 6.1661e-5 -1 -0.8375236 -6.32107e-5 -0.5464011 0.6156727 0.631456 -0.471392 0.6156685 -0.631465 -0.4713854 -0.401943 -0.003556251 -0.9156578 -0.8375402 5.6813e-6 -0.5463758 -0.4019347 -0.003700077 -0.9156609 -0.837544 -1.60784e-5 -0.5463699 -0.6688392 0.01768642 0.7431967 -0.9854118 0.04065597 0.1652594 -0.7938151 -0.608119 -0.006999075 -0.5529356 -0.6199514 0.556707 -0.02723604 -0.6914309 0.7219291 -0.02112406 -0.06478458 0.9976757 0.4690281 -0.6522298 0.5954906 0.6180642 -0.07157331 0.7828626 0.9939242 -0.05035501 0.09787338 0.7717389 -0.6278107 0.1013551 0.8379036 -0.03466141 -0.5447166 0.6672528 -0.6059792 -0.4330855 0.1675936 -0.6628666 -0.7297399 0.5960854 -0.4324426 -0.6765173 -0.9497664 0.118429 0.2896867 -0.005981087 0.0327875 0.9994446 -0.7238072 0.09209281 0.683829 0.8441396 0.03305137 0.5351038 0.9683585 -0.06056487 -0.2421029 0.9609157 -0.007786154 -0.2767318 0.03064745 -0.9898292 0.1389212 -0.5420101 -0.6468074 -0.5365309 0.1676185 -0.6628133 -0.7297826 0.03651988 -0.9877082 0.1519833 -0.3139499 -0.921166 -0.2299752 -0.5419256 -0.6469322 -0.5364658 0.2195122 -0.4603782 0.8601549 0.3150373 -0.6120935 0.7253228 0.1242449 -0.7880679 0.6029196 0.07967782 -0.5984634 0.7971783 0 0.5194709 0.8544881 0 0.1211563 0.9926335 0.1535312 0.1112321 0.9818633 0.1575139 0.4748042 0.8658814 0.4465891 -0.8946779 -0.01046866 0.3640905 -0.4286838 0.8268424 0.1619648 -0.4384492 0.8840417 0.240527 -0.9190458 0.3122527 0.964783 -0.1489878 0.2167869 0.8850734 -0.02303385 0.4648814 0.8278847 -0.4128701 0.3796645 0.7890051 -0.5960654 0.1489202 0.781724 -0.6052582 0.1502342 0.7809771 -0.6061886 0.1503667 0.2169018 -0.03960132 0.9753899 0.04910022 -0.0176559 0.9986378 0.5772756 -0.03011268 0.8159939 0.6379772 -0.3523976 0.6846905 -0.7938997 -0.608009 -0.006953656 -0.5419942 -0.6468133 -0.5365398 0.1386414 -0.9888768 0.05386495 0.2214351 -0.9751335 0.009019792 0.1195796 -0.9856652 -0.1190167 -0.001439392 -0.9833589 -0.1816685 -0.02720922 -0.6913698 0.7219887 -0.5529992 -0.6197795 0.5568351 -0.1082927 -0.9894983 -0.09573888 0.4690943 -0.6521336 0.5955438 0.7718023 -0.6277357 0.1013365 -0.1738744 -0.9847437 -0.006904184 0.1675309 -0.6627961 -0.7298184 0.6673066 -0.6058645 -0.4331632 -0.09987699 -0.9931396 0.06081336 -0.1168954 -0.9699993 0.2131592 -0.5420331 -0.6468833 -0.5364161 -0.3140515 -0.9211369 -0.2299534 0.7315977 -0.6540254 0.1923946 0.5436352 -0.7705206 0.3328045 0.3815953 -0.6770069 0.6293225 0.4652508 -0.4078104 0.7856415 0.7486013 -0.1011923 0.6552529 0.007749438 -0.9993808 0.03432238 0.007738053 -0.9993804 0.03433912 0.1822727 -0.8905055 0.4168653 0.1243997 -0.9444451 0.3042173 0.1230707 -0.9146723 -0.3850041 0.2868561 -0.9322985 -0.2203023 0.1354414 -0.9876223 -0.07910782 -0.007290542 -0.9108022 0.4127788 0.194308 -0.9675872 -0.1613057 -0.007312357 -0.837217 -0.546822 0.1025424 -0.8941251 0.4359191 0.1480253 -0.8916437 0.4278551 0.2374243 -0.9658331 0.1039043 0.1514369 -0.9051699 0.3971582 0 -0.8689464 0.4949063 1.3574e-7 -0.8428818 0.5380989 0.6805733 -0.7323093 -0.02330505 0.760741 -0.6489388 0.01231515 0.2779038 -0.9600299 -0.03334963 0.1814293 -0.9821081 -0.05046898 -0.06744641 0.07365518 0.9950006 -0.1561145 0.08447104 0.9841204 -0.4063094 -0.2623304 0.8752688 -0.9729337 -0.05549073 -0.224323 0.3832184 -0.9235743 -0.0124188 0.3568581 -0.8471386 -0.3937112 0.06489819 -0.5803467 -0.8117796 -0.2489137 -0.08628463 -0.9646746 0.3696839 -0.8682251 0.3309366 3.47085e-5 0.1807541 0.9835284 0 -0.9514822 0.3077038 -0.314032 -0.9211346 -0.2299895 0.596047 -0.4325078 -0.6765094 2.56091e-7 -0.555504 -0.8315139 0.06876146 -0.6191207 -0.7822797 0.03994214 -0.5984377 -0.8001732 -5.83306e-5 -0.9947937 -0.1019105 0.2638121 -0.6097657 -0.7473882 0.06701064 -0.9292675 -0.3632788 0.2093429 -0.6692708 -0.7129181 0.6258935 -0.7669378 -0.1416465 0 0.9759667 -0.2179198 0.2814037 0.9146581 -0.2901941 0 0.8988543 -0.4382478 0.2892019 0.9108584 0.2944474 0.4088646 0.8382478 0.3607915 0 0.9954283 0.09551215 0.6975134 0.3072015 0.6473813 0.8228206 0.3423551 0.453607 0.4089254 0.8382152 0.3607981 0.289245 0.9108222 0.294517 0.3634454 0.8217212 0.4389554 0.8106554 0.3019704 0.5016493 0.5765053 0.8154649 -0.05156433 0.4211485 0.8855117 0.1962224 0.7537887 0.2849996 0.5920962 0.9436992 0.2742573 0.1849731 0.4241359 0.9052881 -0.02371108 0.9253835 0.3676148 -0.09233051 -0.1561312 0.08446002 0.9841187 -0.2335842 0.2027078 0.9509722 -0.06747812 0.07363057 0.9950001 -0.406355 -0.2621743 0.8752945 -0.9830842 -0.1803402 -0.03198295 -0.2304618 0.05966657 -0.9712504 -0.4662829 0.2079065 -0.8598577 -0.2487717 -0.08637797 -0.9647029 0.06495767 -0.5804068 -0.8117318 0 0.2761675 0.9611096 3.2898e-5 0.1806349 0.9835502 0.4899569 -0.2337287 0.8398292 0.9225614 0.3609293 -0.136421 0.8921068 0.4271045 0.1474021 0.2814084 0.914678 -0.2901267 0.9999968 0.00220555 0.001244783 0.994306 0.0633673 0.08567434 0.9969735 0.001779794 0.07772272 0.981369 0.1346057 0.1370996 0.9816522 0.1421594 0.1270821 0.9788897 0.1816792 0.09363675 0.8186577 -0.435272 -0.3746171 0.818661 -0.4352418 -0.3746449 0.9942904 0.0634554 0.08579093 0.9850597 0.07199525 0.1564415 0.9856857 0.06889641 0.1538732 0.9870648 4.23914e-5 0.1603216 0.986447 -0.008304238 0.1638702 0.9882663 -0.1222518 0.09156638 0.9882177 -0.1199972 0.0950073 0.989839 -0.06763833 0.1250749 0.990503 -0.06498163 0.1211667 0.9688002 -0.2478424 7.02045e-4 0.9891487 -0.1387252 0.04837614 0.3036286 -0.7866342 0.5376025 0 -0.6901073 0.7237071 0 -0.8737137 0.4864406 0.1279829 -0.9801712 -0.1512776 0 -0.8934975 -0.4490683 0 -0.9580252 -0.286684 0.8712794 0.3127366 0.3782437 0 -0.5973688 0.8019667 -2.12267e-5 -0.7202512 0.6937134 -4.69461e-5 -0.6772881 -0.735718 0 0.04987037 -0.9987558 -6.35683e-5 -0.6773446 -0.7356659 0 0.9040382 0.4274517 0.3633724 0.8217388 0.4389827 -0.4920112 -0.7486767 0.4443064 -0.634853 -0.5371842 0.555333 -0.7922148 0.0706467 0.6061393 0.9979097 0.01254218 0.06339466 0.9981802 -0.04240888 0.0428698 0.4240043 0.90535 -0.02369934 0.5046718 -0.5549008 0.6613559 0.504724 -0.5548172 0.6613861 -0.4920419 -0.7486264 0.4443572 0.4899353 -0.2339291 0.839786 0 0.9423279 0.3346912 0.4665693 0.7935295 0.3906712 0.01795142 0.9993534 -0.03115528 9.29832e-6 0.9368781 -0.3496561 0.2668526 -0.6771833 -0.6857205 0.5764967 0.8154699 -0.05157947 0.4666265 0.7934953 0.3906725 0.5380448 0.06311404 0.8405501 1.392e-7 -0.005931437 0.9999824 0.4245395 -0.8878053 0.1776741 0.151818 -0.9708178 0.1856458 0.1501243 -0.9713048 0.1844714 0.4320878 -0.884824 0.1743177 0.6896017 -0.706857 0.1574888 0.6282306 -0.76254 0.1544643 -0.1084318 -0.3594307 0.9268506 0.1117567 -0.2271991 0.9674147 0.006757736 -0.1394455 0.9902067 0.01969254 -0.1417214 0.9897107 0 -0.1132251 0.9935694 3.61316e-5 -0.6414654 0.7671521 0.06693524 -0.9292775 -0.3632673 -0.2353273 -0.8363897 0.495049 0.9814771 0.03300803 0.1887152 0.9129056 0.338393 0.22824 0.6641666 0.7109489 0.231159 9.14762e-4 -0.6673485 -0.7447451 -0.002751469 -0.3496537 -0.9368751 -0.03389823 -0.325664 -0.9448778 -0.0276758 -0.6081717 -0.7933231 0.8187298 -0.4351887 -0.3745563 0.007168948 -0.4300003 -0.9028003 0.005445539 -0.4395316 -0.8982107 -0.01976233 -0.7499018 -0.6612539 0.01732629 -9.64391e-4 -0.9998494 0.01634603 -0.02333313 -0.9995941 0.04811531 0.4166747 -0.9077815 0.01291841 0.7433957 -0.6687272 0.01273059 0.7569959 -0.6532956 0.05014967 0.4104825 -0.9104884 0.0223338 0.9093973 -0.4153287 0.01080203 0.9113729 -0.4114401 0.1507332 0.9274234 -0.3422943 0.1288291 0.9324952 -0.3374255 0.9992384 0.007297396 0.03833299 0.7607628 -0.6489127 0.01234811 0.9672133 -0.2142657 0.13634 0.9654954 -0.2365685 0.1088765 0.9687552 -0.2480181 6.87331e-4 0.7608197 -0.6488468 0.01230448 0.6806119 -0.7322741 -0.02328377 0.9932838 -0.114197 -0.01861119 0.09077906 -0.9931741 -0.07324224 0.2011256 -0.979564 -0.001733303 0.9410795 -0.3355599 -0.04205918 -0.972939 -0.05539065 -0.2243247 -0.5688253 -0.8213616 -0.04246139 -1.83911e-7 -0.9999768 0.006819903 -0.2175841 -0.6419316 0.7352421 0.03677797 -0.6755229 0.7364213 0.9969657 0.001773059 0.07782328 0.9814784 0.03299909 0.18871 -0.2175571 -0.6418588 0.7353137 0.9998432 0.00930202 0.01506841 2.69432e-5 -0.6414462 0.7671682 1.59762e-7 -0.4475573 0.8942553 5.41285e-5 -0.9947811 -0.1020325 0.06879657 -0.6191174 -0.7822793 2.58386e-5 -0.9825305 0.1861023 -4.72436e-6 -0.9828905 0.1841914 0.01975381 -0.141712 0.9897109 0.03675144 -0.6754049 0.7365309 -0.2811015 -0.6236119 0.729445 -0.6348723 -0.5371264 0.5553671 -0.2811037 -0.6237341 0.7293398 -1.18409e-5 -0.6639413 0.7477847 -5.27054e-5 0.7926753 0.6096441 -0.3257395 0.6862555 0.650344 -0.2810924 -0.6236966 0.7293762 -0.3256881 0.6862183 0.6504089 -0.6400077 0.02946382 0.7678033 -0.792138 0.0706309 0.6062415 -0.6349398 -0.5370883 0.5553267 0.0684598 -0.4949769 0.866205 -0.9290161 0.3122207 0.1986138 -0.08963644 0.7872475 0.6100873 -0.08966922 0.7872204 0.6101176 -0.7152163 0.5635454 0.4133791 -0.3257818 0.6862484 0.6503301 4.22467e-5 0.7926688 0.6096526 -4.35412e-5 0.7816154 0.6237608 0 -0.5068304 0.8620458 5.00754e-5 0.781687 0.6236711 -0.7151944 0.5635849 0.4133632 -0.9290668 0.3120593 0.1986295 -0.9290555 0.3120789 0.1986524 -1.57588e-5 -0.7201138 0.6938561 -6.54757e-5 -0.6637874 0.7479214 -0.929019 0.3122033 0.198627 1.80758e-5 0.936939 -0.3494932 0.6897084 -0.7067523 0.1574915 0.01285696 0.7500095 -0.6613021 -0.02611809 0.1121549 -0.9933475 0 -0.9931322 -0.1169982 0.9943003 0.06340891 0.08571171 0.9759517 -0.07685655 0.2039883 0.5584095 -0.2974692 0.7743973 0.7105767 -0.1081708 0.6952553 -0.7772192 -0.2771013 -0.5649293 -0.5700915 -0.1198756 -0.8127889 -0.940477 -0.1500679 -0.3049306 0.948845 0.1022449 0.2987292 0.02506309 -0.1095336 0.9936671 0.7222847 0.08483153 0.6863735 -0.01580387 0.02237445 0.9996248 -0.7496994 -0.1114576 0.652325 -0.8440478 0.01262617 0.5361194 -0.9887112 -0.02405148 0.1478906 -0.9678428 -0.01216602 -0.2512616 -0.9670963 -0.03975844 -0.2512849 0.07917332 -0.8665165 -0.4928293 0.4347399 -0.2991426 -0.8494204 -0.8198983 0.3508183 0.4524307 -0.8786005 0.05138778 0.4747847 -0.7218918 0.05173963 0.690069 -0.6960271 0.3156355 0.6449192 -0.9247756 0.3676205 -0.09821087 -0.9671675 0.02008455 -0.2533452 -0.9242915 0.3575046 -0.1337002 -0.9698229 0.005443513 -0.24375 -0.2195112 -0.4603871 0.8601503 -0.07967841 -0.5984632 0.7971783 -0.1242458 -0.7880683 0.6029191 -0.3140317 -0.6129087 0.7250704 -0.1575139 0.4748042 0.8658813 -0.1535311 0.1112321 0.9818633 -0.4465892 -0.8946779 -0.01046901 -0.2405269 -0.9190458 0.3122525 -0.1619648 -0.4384493 0.8840417 -0.3640907 -0.4286839 0.8268422 -0.9647829 -0.1489879 0.2167868 -0.8278847 -0.4128701 0.3796647 -0.8850734 -0.02303385 0.4648813 -0.7940346 -0.5868381 0.1585249 -0.873115 -0.4664955 0.1416055 -0.8660643 -0.4789179 0.1434237 -0.04910022 -0.0176559 0.9986378 -0.2169018 -0.03960132 0.9753899 -0.6379773 -0.3523975 0.6846904 -0.5772758 -0.03011274 0.8159938 -0.8077207 0.3064883 0.5036389 -0.6960867 0.3157162 0.6448152 -0.7219654 0.05172878 0.6899928 -0.6944177 0.03535223 0.7187032 -0.7315977 -0.6540254 0.1923946 -0.5424143 -0.7707773 0.3341993 -0.7856348 -0.2033011 0.5843345 -0.5583049 -0.3986217 0.7275964 -0.4700367 -0.6722787 0.5719327 -0.1822731 -0.8905052 0.4168657 -0.2868562 -0.9322988 -0.220301 -0.1230709 -0.9146724 -0.3850039 -0.1243996 -0.944445 0.3042178 0.007291913 -0.9108024 0.4127784 -0.1354414 -0.9876223 -0.07910686 -0.1943081 -0.9675872 -0.1613057 0.007313311 -0.8372126 -0.5468286 -0.1025424 -0.8941251 0.4359191 -0.1369378 -0.9076486 0.3967645 -0.2141476 -0.9718894 0.09783565 -0.1480253 -0.8916437 0.4278554 -0.6805734 -0.7323089 -0.02331453 -0.1814293 -0.9821081 -0.05046892 -0.2675874 -0.9611439 -0.06781965 -0.7697439 -0.6366279 -0.04689729 0.06750905 0.07364773 0.9949968 0.1561777 0.08445417 0.9841118 0.4063078 -0.2623292 0.8752699 0.9729268 -0.05549514 -0.224352 -0.3568584 -0.8471384 -0.3937112 -0.3832184 -0.9235743 -0.01241856 -0.06498169 -0.5803132 -0.8117968 -0.3696838 -0.8682254 0.3309361 0.2488964 -0.08627307 -0.96468 -0.4242159 -0.9004245 -0.09631592 -0.7771844 -0.2771581 -0.5649494 -0.7697677 -0.6365972 -0.04692441 0.07923096 -0.8664636 -0.4929131 -0.03994154 -0.5984381 -0.8001729 -0.06876081 -0.6191208 -0.7822796 -0.2638123 -0.6097658 -0.747388 -0.6258937 -0.7669377 -0.1416465 -0.209343 -0.6692708 -0.7129181 -0.06697773 -0.9292655 -0.36329 -0.2813868 0.9146713 -0.2901691 -0.2891465 0.9108516 0.2945227 -0.4088765 0.8382478 0.3607779 -0.2892429 0.9108219 0.2945202 -0.408944 0.8382152 0.360777 -0.8198718 0.3509584 0.4523698 -0.3634365 0.8217054 0.4389923 -0.5765061 0.8154644 -0.05156052 -0.9436989 0.2742575 0.1849734 -0.7537884 0.2849996 0.5920966 -0.4211489 0.8855114 0.1962223 -0.4241358 0.9052883 -0.02370589 -0.9247049 0.3678102 -0.09816545 0.1561366 0.08445858 0.9841179 0.06748706 0.07362931 0.9949997 0.2335842 0.2027078 0.9509722 0.4063482 -0.2621724 0.8752982 0.9830841 -0.1803408 -0.03198415 0.2304614 0.05966663 -0.9712505 -0.06498831 -0.5803949 -0.8117378 0.2488026 -0.08640003 -0.964693 0.4662817 0.2079066 -0.8598583 -0.5078871 -0.2593713 0.8214483 -0.8786015 0.05137443 0.4747842 -0.2814071 0.9146791 -0.2901247 -0.8920128 0.4273694 0.1472025 -0.9242185 0.3576986 -0.133686 -0.9999968 0.00220555 0.001244783 -0.9969735 0.001776754 0.07772272 -0.9963954 0.0492767 0.06905162 -0.9813689 0.1346058 0.1370996 -0.8186855 -0.4352546 -0.3745765 -0.9788897 0.1816788 0.09363669 -0.9816522 0.1421597 0.1270821 -0.8186622 -0.43522 -0.3746674 -0.9856857 0.06889647 0.1538732 -0.9850599 0.07199537 0.1564415 -0.9963855 0.04934036 0.06914836 -0.9864469 -0.008304059 0.1638703 -0.9870648 4.25787e-5 0.1603216 -0.9882664 -0.1222513 0.09156638 -0.990503 -0.06498146 0.1211667 -0.9898391 -0.06763821 0.125075 -0.9882178 -0.1199967 0.0950073 -0.9891487 -0.1387247 0.04837608 -0.9688002 -0.2478423 7.02389e-4 -0.3036288 -0.7866342 0.5376023 -0.1279829 -0.9801713 -0.1512774 -0.8712792 0.3127369 0.3782435 -0.3633751 0.8217437 0.4389714 0.7366237 -0.1181361 -0.665905 0.7243656 -0.08887863 -0.6836631 0.7916525 0.06382507 0.6076288 0.637802 -0.5612322 0.5274723 0.4913055 -0.7461363 0.4493324 -0.9979097 0.01254218 0.06339466 -0.9981802 -0.04240888 0.0428698 -0.4240041 0.9053505 -0.02368634 -0.9698136 0.005438506 -0.2437868 -0.9671672 0.02007728 -0.2533468 -0.5316939 -0.5447735 0.6484777 -0.5317314 -0.5446714 0.6485328 -0.5079478 -0.2595162 0.821365 0.4913693 -0.7460604 0.4493886 -0.4665701 0.7935309 0.3906675 -0.01795154 0.9993534 -0.03115534 -5.80261e-6 0.9368781 -0.3496563 -0.2668526 -0.6771832 -0.6857206 -0.576502 0.8154697 -0.0515238 -0.4666257 0.7934959 0.3906722 -0.5380447 0.06311404 0.8405503 -0.4245396 -0.8878053 0.1776739 -0.4244135 -0.8879587 0.1772077 -0.1501243 -0.9713048 0.1844714 -0.1518179 -0.9708178 0.1856458 -0.6878846 -0.7073363 0.1627587 -0.6104146 -0.7752236 0.1625502 -0.110536 -0.227887 0.9673931 0.130318 -0.386194 0.9131656 -0.006758213 -0.1394456 0.9902067 -0.01969301 -0.1417208 0.9897108 -0.06698596 -0.9292806 -0.3632501 0.2420282 -0.8507136 0.4665927 -0.9814774 0.03300827 0.1887133 -0.6641665 0.7109491 0.2311586 -0.9129056 0.3383934 0.2282398 -9.15103e-4 -0.667348 -0.7447455 0.02767544 -0.6081712 -0.7933233 0.03389805 -0.3256638 -0.9448778 0.002751469 -0.3496535 -0.9368751 -0.8187298 -0.4351865 -0.3745589 0.01976221 -0.7499018 -0.661254 -0.005445539 -0.4395318 -0.8982107 -0.007168948 -0.4300004 -0.9028002 -0.01634603 -0.02333265 -0.9995941 -0.01732605 -9.64881e-4 -0.9998494 -0.04811286 0.4166749 -0.9077816 -0.05014735 0.410483 -0.9104884 -0.01272994 0.7569957 -0.6532958 -0.01291763 0.7433962 -0.6687267 -0.01080197 0.9113729 -0.4114401 -0.02233374 0.9093973 -0.4153289 -0.1288291 0.9324951 -0.3374255 -0.1507332 0.9274233 -0.3422945 -0.9994941 0.006026446 0.03123074 -0.892068 0.4272527 0.1472074 -0.9672133 -0.2142657 0.13634 -0.7697675 -0.6366022 -0.0468595 -0.9654954 -0.2365685 0.1088765 -0.9687551 -0.2480188 6.99597e-4 -0.6806119 -0.7322727 -0.02332806 -0.7698098 -0.6365494 -0.04688054 -0.9932838 -0.114197 -0.01861119 -0.09077906 -0.9931741 -0.07324236 -0.2011256 -0.979564 -0.00173366 -0.9410795 -0.3355599 -0.04205918 0.9729385 -0.05539017 -0.2243271 0.5688253 -0.8213616 -0.04246133 0.0792542 -0.8664234 -0.49298 -0.03652381 -0.6755964 0.7363665 -0.9814775 0.03299856 0.1887145 -0.9969656 0.001769602 0.07782334 0.5585742 -0.2974111 0.7743007 -0.9997802 0.01130121 0.01765924 -0.06879645 -0.6191164 -0.7822799 -2.57376e-5 -0.9825303 0.1861028 4.86523e-6 -0.9828903 0.1841927 -0.01970654 -0.1417199 0.9897106 -0.03652697 -0.6754586 0.7364928 0.2949789 -0.6218817 0.7254315 0.6379439 -0.5611727 0.5273642 0.2949014 -0.6219983 0.725363 0.3257963 0.6862304 0.6503419 0.294919 -0.6219285 0.7254156 0.6400077 0.02946388 0.7678034 0.3257434 0.6862289 0.6503701 0.6378721 -0.5612266 0.5273936 0.7915964 0.06384325 0.6076999 -0.06472992 -0.4953452 0.8662812 0.08973234 0.7872366 0.6100874 0.9166979 0.3408258 0.2085732 0.08966201 0.7872213 0.6101174 0.3257119 0.6862621 0.6503508 0.7152358 0.5635349 0.4133598 0.7151838 0.5635908 0.4133735 0.916705 0.3408386 0.2085212 0.9167139 0.3408312 0.2084941 1.4605e-5 -0.7201138 0.693856 0.003509283 -0.6637696 0.7479289 0.9166632 0.3409901 0.2084569 -0.687991 -0.7072358 0.1627448 -0.01285696 0.7500095 -0.6613021 0.02611809 0.1121549 -0.9933475 -0.9963943 0.04927921 0.06906515 -0.2644022 -0.9469053 -0.1829259 -0.3689972 -0.9213932 0.1219659 0.4832651 -0.8592085 -0.1679754 0.4156885 -0.8339419 0.3629656 0.02133142 -0.9063017 0.4220928 -0.0591942 -0.9074674 -0.4159316 0.290389 -0.9371199 -0.1935994 -0.4207333 -0.8075441 0.4133473 -0.4395735 -0.8928261 -0.09816628 0.3540538 -0.9342042 0.0436871 0.2264897 -0.8978725 0.3775282 -0.2636834 -0.8751265 -0.4057397 0.2133513 -0.8748143 -0.4349496 -0.1602957 -0.907189 0.3889905 0.9441134 -0.1998254 -0.2621443 0.7105614 -0.1083499 0.6952431 0.02506357 -0.1096865 0.9936502 -0.7497009 -0.1114898 0.6523179 -0.9405212 -0.1501598 -0.3047487 -0.480876 -0.2113603 -0.8509319 0.357008 -0.1890406 -0.9147726 0.01226532 -0.9999183 0.003608286 0.605757 0.1425669 -0.7827727 0.60569 -0.1425015 -0.7828364 -0.450711 -0.13379 -0.882587 -0.4506319 0.1338553 -0.8826175 0.6057531 0.3939442 -0.6912822 -0.4513227 0.464724 -0.7618001 0.6057565 0.6123698 -0.5079984 -0.4515453 0.6697169 -0.5895645 0.6057558 0.7461224 -0.2763353 -0.4532727 0.8447052 -0.2846351 0.6057554 0.7956384 0.004473865 -0.4536152 0.8909547 -0.0208106 0.6057536 0.7491881 0.2679175 -0.4555366 0.8290635 0.3242532 0.6057714 0.6066104 0.5148447 -0.4558323 0.6948871 0.5561915 0.605747 0.4016962 0.6868122 -0.4570763 0.42656 0.7804666 0.6057465 -0.7956453 0.004471421 -0.4536253 -0.8909495 -0.02081477 -0.4532694 -0.8447065 -0.2846361 0.6057595 -0.7461195 -0.2763351 -0.45155 -0.6697149 -0.5895631 0.6057528 -0.6123713 -0.508001 -0.4513225 -0.4647232 -0.7618008 0.6057569 -0.3939425 -0.69128 -0.4505805 -0.1338931 -0.882638 0.6058152 -0.1426374 -0.7827149 -0.4571847 0.1746874 0.8720473 0.6057494 0.1337615 0.7843313 -0.457192 -0.1746822 0.8720446 0.6057582 -0.1337597 0.7843249 -0.4570676 -0.4265655 0.7804687 0.6057559 -0.4017025 0.6868005 -0.4558367 -0.6948835 0.5561925 0.6057537 -0.6066186 0.5148558 -0.4555302 -0.8290656 0.3242568 0.6057757 -0.7491706 0.2679165 -0.9328851 -0.354826 0.06183922 -0.9313989 -0.3149133 -0.1825536 -0.9304224 -0.1251273 -0.3444669 -0.9304264 -0.1250211 -0.3444946 -0.9304118 0.1251255 -0.3444961 -0.9314025 0.314916 -0.1825304 -0.9328708 0.3548619 0.06184893 -0.9341422 0.2297552 0.2731136 -0.9346352 -1.00285e-5 0.355608 -0.9341373 -0.2297831 0.2731069 -0.9329371 0.3546888 0.0618419 -0.9314622 0.3147877 -0.1824471 -0.9314622 -0.3147797 -0.182461 -0.932937 -0.3546986 0.06178599 0.9844834 0.09282702 -0.1489151 0.9844268 -0.09249031 -0.1494975 0.9748989 1.19856e-4 -0.2226483 0.9832141 0.08465814 0.1616266 0.9767845 -0.131388 0.1692025 0.9837725 -0.1790015 0.01225775 0.9842942 0.1765125 -0.002876341 -0.9342083 -0.2296735 0.2729558 -0.9342083 0.2296308 0.2729917 -0.9347034 -2.74926e-5 0.3554288 -0.9304821 0.1250803 -0.3443226 -0.9304821 -0.1250249 -0.3443427 0.9755091 0.1429154 -0.1672047 0.9749115 1.38235e-4 -0.2225934 0.9753925 0.2167096 -0.0405783 0.9743954 0.1950274 0.1118842 0.9741753 0.0759204 0.212647 0.9756408 -0.07782012 0.2051072 0.97491 9.8058e-5 -0.2225995 0.9752789 -0.1433993 -0.1681305 0.9750649 -0.2181293 -0.04084086 0.9764068 -0.1847779 0.1117452 0.9754993 0.1429423 -0.1672382 0.9753895 0.2167232 -0.04057645 0.9743797 0.1950834 0.1119221 0.9741632 0.0759322 0.2126984 0.9756407 -0.07782071 0.2051081 0.9752737 -0.1434099 -0.1681511 0.9750553 -0.2181704 -0.04085069 0.9763938 -0.1848274 0.1117765 -0.5081879 -0.8133339 -0.2832543 -0.5081734 -0.8611713 -0.01200342 -0.9646901 -0.2593907 0.04571086 -0.964692 -0.2280816 -0.131713 -0.5081845 -0.6519775 -0.5627378 -0.5081812 -0.4409776 -0.7397909 -0.9646907 -0.09011709 -0.2474893 -0.5081123 -0.1377761 -0.8501998 -0.5081875 0.137719 -0.8501641 -0.5082443 -0.1376202 -0.8501461 -0.964688 -0.09001797 -0.2475358 -0.9646909 0.09010607 -0.247492 -0.5081841 0.4409751 -0.7397906 -0.5081816 0.651974 -0.5627447 -0.9646915 0.2281083 -0.1316702 -0.508184 0.8133338 -0.283262 -0.5081815 0.8611664 -0.01200622 -0.964692 0.259375 0.04576069 -0.5081853 0.8051244 0.3058145 -0.5081812 0.6674064 0.5443534 -0.9646906 0.1692809 0.2017824 -0.5081827 0.4201897 0.751792 -0.5081802 0.1613625 0.8459995 -0.9646896 -2.62819e-5 0.2633898 -0.5081822 -0.161356 0.8459995 -0.5081802 -0.4201831 0.7517973 -0.9646911 -0.1693175 0.2017495 -0.5081838 -0.6674026 0.5443557 -0.5081804 -0.8051272 0.3058155 -0.9647392 0.2592054 0.04572552 -0.9647392 0.2279548 -0.1315858 -0.9647392 -0.2279337 -0.1316223 -0.9647392 -0.2592126 0.04568445 -0.9647392 -0.169202 0.2016156 -0.9647392 0.1691707 0.2016419 -0.9647392 -2.12491e-5 0.2632076 -0.9647392 0.09004169 -0.2473272 -0.9647393 -0.09000331 -0.247341 0.614357 0.1401957 -0.7764732 0.6143079 -0.1401535 -0.7765198 0.6143583 0.3917122 -0.6849274 0.6143652 0.6065018 -0.504689 0.6143578 0.7403331 -0.2728947 0.6143671 0.7890138 0.003236174 0.6143584 0.7425422 0.2668239 0.6143655 0.602338 0.509651 0.6143603 0.3973094 0.681694 0.6143559 -0.7403333 -0.2728984 0.6143684 -0.7890127 0.003233015 0.6143596 -0.6065009 -0.5046971 0.6143658 -0.3917046 -0.684925 0.6143983 -0.1402831 -0.7764248 0.6143643 0.1338258 0.7775906 0.6143579 -0.1338306 0.7775949 0.614363 -0.3973143 0.6816888 0.6143596 -0.6023476 0.5096467 0.6143643 -0.7425405 0.266815 0.9998415 0.01140862 -0.01367443 0.9998444 -3.2723e-5 -0.01764422 0.9998397 0.01762872 -0.003148198 0.9998389 0.01555484 0.008970558 0.9998406 0.00608766 0.0167883 0.9998441 -0.006061732 0.01658815 0.9998447 -6.85602e-5 -0.01762169 0.9998466 -0.01128804 -0.01339137 0.9998475 -0.01720201 -0.003023684 0.9998466 -0.01517504 0.00874722 0.9998446 0.01130723 -0.01352953 0.9998422 0.01748716 -0.003120541 0.9999998 6.51316e-4 1.89143e-4 0.9998423 0.01537996 0.008888721 0.9998441 0.006024956 0.01659929 0.9998466 -0.006022989 0.016447 0.9998496 -0.011168 -0.01327246 0.9998475 -3.96892e-5 -0.01747119 0.9998506 -0.01702451 -0.002996265 0.9998497 -0.01503586 0.008643925 -0.6057571 0.1425668 -0.7827728 0.450632 0.1338553 -0.8826174 0.4507166 -0.1337962 -0.8825833 -0.6056995 -0.1424895 -0.7828313 -0.6057531 0.3939443 -0.6912823 0.4513227 0.4647242 -0.7618001 -0.6057565 0.6123698 -0.5079983 0.4515452 0.6697169 -0.5895645 -0.6057559 0.7461224 -0.2763353 0.4532724 0.8447053 -0.2846351 -0.6057556 0.7956383 0.004473865 0.453615 0.8909548 -0.0208106 -0.6057537 0.7491881 0.2679176 0.4555367 0.8290635 0.3242532 -0.6057713 0.6066104 0.5148447 0.4558322 0.6948871 0.5561915 -0.6057469 0.4016963 0.6868122 0.4570763 0.4265599 0.7804666 -0.6057465 -0.7956453 0.00447148 -0.6057593 -0.7461197 -0.2763351 0.4532693 -0.8447067 -0.284636 0.453625 -0.8909496 -0.02081471 -0.6057527 -0.6123715 -0.508001 0.45155 -0.6697149 -0.5895631 -0.6057569 -0.3939426 -0.69128 0.4513225 -0.4647233 -0.7618007 -0.6058194 -0.1426323 -0.7827125 0.4505993 -0.1339139 -0.8826252 -0.6057493 0.1337615 0.7843314 0.4571847 0.1746874 0.8720473 -0.6057581 -0.1337597 0.7843249 0.457192 -0.1746822 0.8720446 -0.6057559 -0.4017025 0.6868005 0.4570676 -0.4265655 0.7804685 -0.6057538 -0.6066185 0.5148556 0.4558364 -0.6948837 0.5561923 -0.6057757 -0.7491706 0.2679166 0.4555303 -0.8290657 0.3242568 0.9313988 -0.3149249 -0.1825338 0.932885 -0.3548254 0.06184303 0.9304203 -0.1251064 -0.3444803 0.9304118 0.125104 -0.3445039 0.9304265 -0.1250209 -0.3444945 0.9314025 0.3149048 -0.1825502 0.9328708 0.3548627 0.06184512 0.9341421 0.2297726 0.2730991 0.9346353 1.26362e-5 0.3556079 0.9341372 -0.229766 0.2731214 0.932937 0.3546986 0.06178599 0.932937 -0.3546888 0.0618419 0.9314622 -0.3147871 -0.1824482 0.9314622 0.3147588 -0.1824969 -0.9844834 0.09282708 -0.1489152 -0.9748989 1.06744e-4 -0.2226484 -0.9844268 -0.09249031 -0.1494975 -0.983214 0.08465814 0.1616267 -0.9842942 0.1765126 -0.002876341 -0.9837725 -0.1790014 0.01225781 -0.9767844 -0.1313878 0.1692025 0.9342083 -0.2296304 0.2729921 0.9342083 0.2296739 0.2729554 0.9347034 2.86326e-5 0.3554288 0.9304821 0.1250259 -0.3443424 0.9304821 -0.1250793 -0.3443229 -0.9749112 1.39497e-4 -0.2225943 -0.9755089 0.1429106 -0.1672092 -0.9753925 0.2167091 -0.04057991 -0.9743954 0.195031 0.1118777 -0.9741753 0.07592219 0.2126463 -0.9756409 -0.07781863 0.2051079 -0.9752788 -0.1434008 -0.1681293 -0.9749102 9.84967e-5 -0.2225986 -0.975065 -0.2181298 -0.04083919 -0.9764068 -0.184777 0.1117464 -0.9754993 0.1429369 -0.1672433 -0.9753896 0.2167215 -0.04058378 -0.9743798 0.1950929 0.1119052 -0.9741631 0.07594549 0.2126939 -0.9756405 -0.07781404 0.205111 -0.9752739 -0.1434155 -0.168146 -0.9750553 -0.2181721 -0.04084312 -0.9763939 -0.1848261 0.1117783 0.5081878 -0.8133339 -0.2832543 0.9646919 -0.2281039 -0.1316743 0.9646902 -0.259383 0.04575479 0.5081734 -0.8611713 -0.01200342 0.5081844 -0.6519775 -0.5627378 0.5081813 -0.4409776 -0.7397909 0.9646903 -0.09011381 -0.2474919 0.5081236 -0.1377863 -0.8501914 0.5081875 0.1377191 -0.8501641 0.9646909 0.09006416 -0.2475072 0.9646896 -0.0900104 -0.2475322 0.5082477 -0.1376232 -0.8501436 0.508184 0.440975 -0.7397906 0.5081816 0.6519739 -0.5627447 0.9646915 0.2280859 -0.1317088 0.508184 0.8133338 -0.283262 0.5081815 0.8611663 -0.01200622 0.964692 0.2593827 0.0457167 0.5081855 0.8051244 0.3058145 0.5081812 0.6674064 0.5443534 0.9646906 0.1693151 0.2017537 0.5081826 0.4201899 0.751792 0.5081801 0.1613625 0.8459995 0.9646895 1.83508e-5 0.2633898 0.5081824 -0.1613559 0.8459995 0.5081802 -0.4201831 0.7517973 0.9646911 -0.1692834 0.2017782 0.5081838 -0.6674026 0.5443557 0.5081804 -0.8051272 0.3058154 0.9647392 0.2592126 0.04568463 0.9647392 -0.2592054 0.04572534 0.9647392 -0.2279545 -0.1315864 0.9647392 0.227934 -0.1316218 0.9647392 -0.1691703 0.2016423 0.9647392 0.1692026 0.2016152 0.9647392 2.02879e-5 0.2632076 0.9647392 0.09000265 -0.2473413 0.9647392 -0.09004241 -0.2473268 -0.6143171 -0.1401435 -0.7765144 -0.614357 0.1401959 -0.7764732 -0.6143583 0.3917124 -0.6849273 -0.6143652 0.6065018 -0.5046891 -0.6143577 0.7403332 -0.2728947 -0.6143669 0.7890138 0.003236174 -0.6143586 0.742542 0.2668238 -0.6143655 0.602338 0.5096509 -0.6143602 0.3973096 0.681694 -0.6143684 -0.7890127 0.003233015 -0.6143559 -0.7403332 -0.2728983 -0.6143596 -0.6065009 -0.5046971 -0.6143657 -0.3917047 -0.684925 -0.6144024 -0.1402789 -0.7764223 -0.6143643 0.1338258 0.7775906 -0.6143579 -0.1338306 0.7775949 -0.6143629 -0.3973143 0.6816888 -0.6143596 -0.6023477 0.5096467 -0.6143643 -0.7425404 0.266815 -0.9998444 -2.18637e-5 -0.0176419 -0.9998415 0.01142871 -0.01365774 -0.9998397 0.01763534 -0.003112494 -0.9998388 0.01553684 0.00900191 -0.9998406 0.006063282 0.01679718 -0.9998441 -0.006095886 0.01657581 -0.9998466 -0.01126027 -0.01341474 -0.9998448 -6.63139e-5 -0.01762282 -0.9998475 -0.01719737 -0.003049373 -0.9998467 -0.01519322 0.008715748 -0.9998446 0.01131361 -0.01352417 -0.9999998 6.51316e-4 1.89146e-4 -0.9998422 0.017493 -0.00308758 -0.9998422 0.01537573 0.008895993 -0.9998441 0.005993545 0.01661068 -0.9998467 -0.006030857 0.01644414 -0.9998496 -0.0111615 -0.01327788 -0.9998475 -3.13222e-5 -0.01747119 -0.9998507 -0.01702308 -0.00300455 -0.9998496 -0.01504009 0.008636653 -4.39035e-4 0.9238662 -0.3827156 -0.001051664 0.9240416 -0.3822907 -6.26858e-4 0.92392 -0.3825854 -1.43402e-5 0.9237442 -0.38301 5.10945e-4 0.4544515 -0.8907715 0.9935629 0.05850243 -0.09700638 0.9941885 0.06154954 -0.08832365 -7.33667e-4 0.6700968 -0.7422734 -7.70642e-5 -0.673554 -0.7391381 0.7626049 0.6119921 0.2095225 0.9943787 -0.04118186 -0.09754526 -1.28217e-4 -0.4503677 -0.8928432 0.4466764 0.1560649 -0.880979 0.002371907 0.005762815 -0.9999806 9.09466e-5 -0.9301432 -0.3671969 0 -0.930118 -0.3672611 6.33029e-5 -0.9301356 -0.3672164 1.54257e-4 -0.9301609 -0.3671523 0.4995245 -0.00898534 0.8662532 0.5220624 -0.3857663 0.7606808 0.4900122 -0.1814723 0.8526172 0.5165221 0.3837586 0.7654636 0.4995232 -0.008802115 0.8662558 0.4871488 -0.8120949 0.321229 0.4962189 -0.8087372 0.3157709 0.4634628 -0.820298 0.3351324 0.4521051 -0.82395 0.3416249 0.7626278 0.6119739 0.2094916 0.4581464 0.8267968 0.3263571 0.4660546 0.8241522 0.3218174 0.4890241 0.8159605 0.3083246 0.4907866 -0.5900104 0.6411056 0.4854972 0.5935469 0.641868 0 -6.02201e-5 -1 4.67001e-7 0 -1 1 1.55836e-4 -1.98238e-6 1 1.55829e-4 -2.09017e-6 0.8353816 -0.5496668 -0.00205338 0.8353558 -0.5497097 0 0.007419645 1.0341e-5 0.9999725 0.007308363 1.14203e-6 0.9999734 0.007314622 1.65784e-6 0.9999732 0.007424592 1.07474e-5 0.9999725 1 -6.93394e-5 -1.08986e-6 0.7071312 0.7070823 0 0.7069655 0.7072482 2.7815e-4 1 -6.93644e-5 -1.21584e-6 -1.32273e-6 0 1 9.38349e-7 0 1 0.4014199 -0.9158641 -0.007417321 0.3986657 -0.9170876 -0.003994047 -1.44644e-4 -7.9416e-6 -1 -1.51086e-4 -8.4924e-6 -1 -8.18969e-6 3.72563e-6 -1 0 4.42587e-6 -1 -3.94416e-4 0.9999998 3.86124e-4 -7.96196e-4 0.9999994 7.79456e-4 1 -1.09576e-4 -6.13661e-6 1 -1.28084e-4 -7.15356e-5 0.4167041 -0.9090422 -2.11622e-5 0 -1 -2.64708e-6 0 -1 -1.26554e-6 0.4166594 -0.9090627 1.99987e-5 -0.9999282 0.01198726 2.06855e-4 -0.9999794 0.006406962 3.52649e-4 -0.9999999 -1.46847e-4 4.58635e-4 0 1 -4.80847e-5 0 1 0 -0.01630675 0.9998672 -5.84857e-5 -0.01626551 0.9998677 -1.06556e-4 0.6495483 0.5215277 0.5532593 -0.6493834 0.5212115 0.5537506 0 0.2341181 0.9722082 0 0.234125 0.9722066 0 0.8555934 0.5176485 0 0.8555933 0.5176486 0 0.8555934 0.5176485 0 0.8555935 0.5176485 1.4861e-7 0.2141051 0.9768106 0 0.2122418 0.9772173 9.98103e-7 0 1 0.5428474 -2.20148e-4 0.8398314 0.008724808 0.9588677 0.2837195 0.009923279 0.9671006 0.2542005 0 0 1 0 0 1 -0.6239944 0.33135 0.7076992 0 0.4182322 0.9083402 2.02454e-7 -0.01641273 0.9998654 0 -0.01641243 0.9998654 -0.6492603 0.5212096 0.5538968 -1 0 0 1 -1.84386e-4 -3.20051e-4 0.6494341 0.5215877 0.5533369 1 8.24652e-6 -8.36781e-5 -1 1.48086e-4 3.87582e-4 -0.9999999 1.35524e-4 4.5871e-4 1 9.50721e-5 -9.26973e-5 0.9373092 -0.3484991 -5.63297e-5 0.7576326 -0.6526814 1.14538e-5 0.416738 -0.9090266 -1.0479e-5 0.4167143 -0.9090375 3.35197e-5 -1 2.75275e-4 2.95433e-4 -0.6492691 0.5212046 0.5538912 0 1 4.51322e-4 -2.57889e-6 1 1.13619e-4 6.87768e-5 1 2.63997e-4 0 0.9999999 5.8408e-4 0.008691251 0.9589255 0.2835252 0.009918212 0.9671512 0.2540086 1.1406e-4 1 4.44948e-4 1 -1.36428e-4 -2.37016e-4 0.9999976 -0.001252651 -0.001833975 0.9999997 -5.21222e-4 -6.37534e-4 1 -9.00641e-5 -5.23044e-5 0.6494455 0.5215199 0.5533873 1 -1.28122e-4 5.47526e-6 -0.9998973 0.01226979 0.007423222 -0.999851 0.01720136 0.00148642 -0.6238553 0.3314043 0.7077965 -0.9998514 0.01717621 0.00151652 -0.9996294 0.02722424 -2.90419e-6 -0.9998695 0.01399362 0.008074641 -0.999751 0.02209997 0.003126025 -0.9998981 0.005971789 0.01297014 1 -2.90636e-4 -1.00313e-4 0.5428476 1.66697e-5 0.8398312 1 -4.00874e-4 -1.70856e-4 0.9999998 -7.61896e-4 1.70368e-5 1 -2.85732e-4 -3.84336e-5 -0.9999998 6.14852e-4 4.49326e-5 -1 5.6001e-4 1.00403e-4 -0.9999998 6.60229e-4 -9.65363e-7 0 -0.9999994 0.00121349 -7.27789e-5 -0.9999989 0.001464903 -0.6492394 0.5212651 0.553869 1 -2.41311e-4 -1.25348e-4 4.39122e-4 0.9238662 -0.3827154 1.44647e-5 0.9237444 -0.3830097 6.26928e-4 0.92392 -0.3825851 0.001051664 0.9240416 -0.3822906 -5.11052e-4 0.4544515 -0.8907714 7.33394e-4 0.6700969 -0.7422733 -0.9941885 0.06154942 -0.08832347 -0.9935629 0.05850213 -0.09700673 7.71869e-5 -0.6735541 -0.739138 1.28126e-4 -0.4503678 -0.8928431 -0.9943787 -0.04118221 -0.09754532 -0.7626023 0.6120089 0.2094823 -0.4466762 0.1560649 -0.8809791 -0.002371966 0.005762815 -0.9999806 -9.09891e-5 -0.9301434 -0.3671965 -1.54329e-4 -0.9301611 -0.3671516 -6.33325e-5 -0.9301357 -0.3672162 -0.5220628 -0.3857664 0.7606804 -0.4995316 -0.008985161 0.8662492 -0.4900126 -0.1814723 0.8526169 -0.4995166 -0.008802235 0.8662596 -0.5165221 0.3837585 0.7654635 -0.4875077 -0.8082457 0.3302651 -0.4976795 -0.8012219 0.3322025 -0.4640951 -0.8237454 0.3256674 -0.455122 -0.8294465 0.3238557 -0.4660546 0.8241521 0.3218176 -0.4581465 0.8267968 0.3263574 -0.7626273 0.6119794 0.2094776 -0.4890244 0.8159601 0.308325 -0.4907864 -0.5900104 0.6411057 -0.4854975 0.5935471 0.6418677 -4.67001e-7 0 -1 -1 1.55837e-4 -1.98238e-6 -0.8353559 -0.5497094 0 -0.8353816 -0.5496667 -0.002053439 -1 1.55829e-4 -2.09017e-6 -0.007314264 1.65786e-6 0.9999732 -0.007308065 1.14203e-6 0.9999734 -0.007419288 1.03413e-5 0.9999725 -0.007424175 1.07477e-5 0.9999725 -1 -6.93395e-5 -1.08987e-6 -1 -6.93644e-5 -1.21584e-6 -0.7069746 0.707239 2.60653e-4 -0.7071312 0.7070823 0 -1.78839e-6 0 1 1.79311e-6 0 1 -0.3986659 -0.9170876 -0.003994166 -0.4014199 -0.9158641 -0.007417619 8.21052e-6 3.72563e-6 -1 1.51471e-4 -8.49238e-6 -1 1.45012e-4 -7.94158e-6 -1 3.68763e-4 1 3.61846e-4 7.44411e-4 0.9999995 7.30448e-4 -1 -1.02933e-4 -5.77703e-6 -1 -1.88666e-4 -6.31166e-5 -0.4167041 -0.9090422 -2.12566e-5 -0.4166594 -0.9090627 1.99043e-5 0.9999282 0.01198726 2.06855e-4 0.9999999 -1.46874e-4 4.58635e-4 0.9999794 0.006406903 3.52649e-4 0.01626551 0.9998678 -1.06556e-4 0.01630675 0.9998672 -5.84857e-5 -0.6495872 0.5215123 0.5532281 0 0.2341181 0.9722082 0.6493834 0.5212115 0.5537508 0 0.2141051 0.9768106 -0.542847 -1.97381e-4 0.8398317 -6.86196e-7 0 1 -0.008697748 0.9588661 0.2837255 -0.009945809 0.9670991 0.2542054 0 0 1 0 0 1 0.6239944 0.3313501 0.7076992 0 -0.01641231 0.9998654 -1.29642e-7 -0.01641273 0.9998654 0.6492603 0.5212345 0.5538734 1 0 0 -1 -1.84427e-4 -3.20007e-4 -1 8.24652e-6 -8.36781e-5 -0.6494341 0.5215964 0.5533287 -1 0 0 -1 0 0 -1 0 0 0.9999999 1.35518e-4 4.5871e-4 1 1.48036e-4 3.87582e-4 -1 9.50721e-5 -9.26973e-5 -0.9373258 -0.3484543 -5.63608e-5 -0.4167142 -0.9090375 -2.65418e-5 -0.4167381 -0.9090266 -1.03785e-5 -0.7576326 -0.6526814 1.14612e-5 1 2.7524e-4 2.95433e-4 0.6492692 0.5213066 0.5537951 -6.87769e-5 1 2.63186e-4 2.5789e-6 1 1.12428e-4 -0.008668601 0.958927 0.2835208 -4.483e-6 1 1.15217e-4 -0.00993812 0.9671525 0.2540023 -1 -1.35637e-4 -2.34445e-4 -0.9999997 -5.15423e-4 -6.3977e-4 -0.9999976 -0.00124371 -0.00183016 -1 -9.00632e-5 -5.23049e-5 -0.6494456 0.5215132 0.5533936 -1 -1.24007e-4 0 0.9998973 0.01226979 0.007423222 0.6238551 0.33143 0.7077846 0.9998509 0.01720225 0.001487135 0.9998514 0.01717758 0.001517593 0.9996294 0.02722424 -2.90419e-6 0.999751 0.02209997 0.003126025 0.9998695 0.01399362 0.008074641 0.9998981 0.005971789 0.01297014 -0.9373739 -0.3483248 -6.97363e-5 -0.5428258 -1.09613e-4 0.8398454 -1 -4.59522e-4 4.1474e-6 -0.9999998 -5.2734e-4 2.21936e-4 0.9999998 6.14852e-4 4.49326e-5 0.9999998 6.60229e-4 -9.65363e-7 1 5.6001e-4 1.00403e-4 7.27789e-5 -0.9999989 0.001463174 0 -0.9999994 0.00121349 0.6492395 0.5212447 0.5538882 -0.5428362 -1.82324e-4 0.8398386 -1 -3.20998e-4 -3.7209e-4 1 -4.59519e-4 -5.96699e-5 0.9999999 -5.78197e-4 -1.15124e-4 1 -5.3295e-4 -9.39813e-5 1 -4.14224e-4 -3.85057e-5 0.9373635 -0.3483532 -3.46052e-7 1 -5.32503e-4 -1.1509e-4 1 -4.61577e-4 1.93916e-4 -0.9222303 -0.3850421 -0.03512871 -0.01087462 0.9994858 0.03016448 -0.1340061 0.9907541 0.02118456 -0.7890521 -0.6130815 -0.03909051 -0.4182053 0.9083478 0.00296843 -0.2309334 -0.9420379 0.2433813 -0.5971146 -0.799652 -0.06333088 0.9871213 -0.1576003 -0.02745306 0.9482487 -0.3175243 0.001683652 0.9908051 -0.1336363 0.02113711 -0.9222382 -0.3850233 -0.03512769 -0.7889462 -0.6132149 -0.03913486 -0.5970801 -0.799676 -0.06335413</float_array>
          <technique_common>
            <accessor source="#mater_lod1-mesh-normals-array" count="3978" stride="3">
              <param name="X" type="float"/>
              <param name="Y" type="float"/>
              <param name="Z" type="float"/>
            </accessor>
          </technique_common>
        </source>
        <source id="mater_lod1-mesh-map-0">
          <float_array id="mater_lod1-mesh-map-0-array" count="23484">0.98273 0.394034 0.982083 0.397761 0.941647 0.406298 0.994063 0.408996 0.990148 0.409134 0.988737 0.400731 0.988737 0.400731 0.990643 0.399149 0.994063 0.408996 0.983447 0.424109 0.942018 0.413437 0.982957 0.420411 0.990885 0.418842 0.988952 0.417277 0.990148 0.409134 0.990148 0.409134 0.994063 0.408996 0.990885 0.418842 0.990643 0.399149 0.988737 0.400731 0.982083 0.397761 0.982083 0.397761 0.98273 0.394034 0.990643 0.399149 0.988952 0.417277 0.990885 0.418842 0.983447 0.424109 0.983447 0.424109 0.982957 0.420411 0.988952 0.417277 0.966839 0.412099 0.942018 0.413437 0.941647 0.406298 0.941647 0.406298 0.966244 0.406255 0.966839 0.412099 0.988737 0.400731 0.990148 0.409134 0.982083 0.397761 0.990148 0.409134 0.988952 0.417277 0.982957 0.420411 0.982957 0.420411 0.942018 0.413437 0.967556 0.417361 0.941647 0.406298 0.967121 0.40135 0.966244 0.406255 0.967556 0.417361 0.942018 0.413437 0.966839 0.412099 0.941647 0.406298 0.982083 0.397761 0.967121 0.40135 0.867764 0.013327 0.855318 0.01344597 0.856836 0.003938972 0.856836 0.003938972 0.86659 0.003980994 0.867764 0.013327 0.982957 0.420411 0.967556 0.417361 0.967121 0.40135 0.967121 0.40135 0.982083 0.397761 0.982957 0.420411 0.982083 0.397761 0.990148 0.409134 0.982957 0.420411 0.959289 0.435819 0.984693 0.439261 0.982891 0.450348 0.982891 0.450348 0.957875 0.444429 0.959289 0.435819 0.928675 0.448246 0.926143 0.434334 0.940711 0.437013 0.940711 0.437013 0.942626 0.442412 0.928675 0.448246 0.926143 0.434334 0.933519 0.422342 0.943951 0.432171 0.943951 0.432171 0.940711 0.437013 0.926143 0.434334 0.933519 0.422342 0.945673 0.418041 0.943951 0.432171 0.957875 0.444429 0.942626 0.442412 0.943951 0.432171 0.943951 0.432171 0.959289 0.435819 0.957875 0.444429 0.945673 0.418041 0.984693 0.439261 0.959289 0.435819 0.938777 0.456718 0.942626 0.442412 0.957875 0.444429 0.982891 0.450348 0.938777 0.456718 0.957875 0.444429 0.942626 0.442412 0.940711 0.437013 0.943951 0.432171 0.945673 0.418041 0.959289 0.435819 0.943951 0.432171 0.938777 0.456718 0.928675 0.448246 0.942626 0.442412 0.959289 0.435819 0.984678 0.43928 0.982883 0.45038 0.982883 0.45038 0.957875 0.444429 0.959289 0.435819 0.928675 0.448246 0.926143 0.434334 0.940711 0.437013 0.940711 0.437013 0.942626 0.442412 0.928675 0.448246 0.926143 0.434334 0.933519 0.422342 0.943951 0.432171 0.943951 0.432171 0.940711 0.437013 0.926143 0.434334 0.933519 0.422342 0.945673 0.418041 0.943951 0.432171 0.957875 0.444429 0.942626 0.442412 0.943951 0.432171 0.943951 0.432171 0.959289 0.435819 0.957875 0.444429 0.945673 0.418041 0.984678 0.43928 0.959289 0.435819 0.938777 0.456718 0.942626 0.442412 0.957875 0.444429 0.982883 0.45038 0.938777 0.456718 0.957875 0.444429 0.942626 0.442412 0.940711 0.437013 0.943951 0.432171 0.945673 0.418041 0.959289 0.435819 0.943951 0.432171 0.938777 0.456718 0.928675 0.448246 0.942626 0.442412 0.959289 0.435819 0.984693 0.439261 0.982876 0.450336 0.982876 0.450336 0.957875 0.444429 0.959289 0.435819 0.928675 0.448246 0.926143 0.434334 0.940711 0.437013 0.940711 0.437013 0.942626 0.442412 0.928675 0.448246 0.926143 0.434334 0.933519 0.422342 0.943951 0.432171 0.943951 0.432171 0.940711 0.437013 0.926143 0.434334 0.933519 0.422342 0.945673 0.418041 0.943951 0.432171 0.957875 0.444429 0.942626 0.442412 0.943951 0.432171 0.943951 0.432171 0.959289 0.435819 0.957875 0.444429 0.945673 0.418041 0.984693 0.439261 0.959289 0.435819 0.938777 0.456718 0.942626 0.442412 0.957875 0.444429 0.982876 0.450336 0.938777 0.456718 0.957875 0.444429 0.942626 0.442412 0.940711 0.437013 0.943951 0.432171 0.945673 0.418041 0.959289 0.435819 0.943951 0.432171 0.938777 0.456718 0.928675 0.448246 0.942626 0.442412 0.988673 0.230315 0.988952 0.245099 0.967096 0.2450339 0.967096 0.2450339 0.967022 0.23035 0.988673 0.230315 0.895225 0.244479 0.893722 0.2302719 0.919608 0.230435 0.919608 0.230435 0.919887 0.245064 0.895225 0.244479 0.896353 0.288858 0.896296 0.269514 0.918016 0.269576 0.918016 0.269576 0.918207 0.288827 0.896353 0.288858 0.985766 0.285582 0.962598 0.287922 0.962703 0.269646 0.962703 0.269646 0.9868 0.269729 0.985766 0.285582 0.896296 0.269514 0.896199 0.251852 0.917802 0.25195 0.917802 0.25195 0.918016 0.269576 0.896296 0.269514 0.987196 0.252803 0.9868 0.269729 0.962703 0.269646 0.962703 0.269646 0.96235 0.25232 0.987196 0.252803 0.967022 0.23035 0.967096 0.2450339 0.943605 0.2451429 0.943605 0.2451429 0.943178 0.230315 0.967022 0.23035 0.919887 0.245064 0.919608 0.230435 0.943178 0.230315 0.943178 0.230315 0.943605 0.2451429 0.919887 0.245064 0.918207 0.288827 0.918016 0.269576 0.940237 0.269603 0.940237 0.269603 0.94024 0.288293 0.918207 0.288827 0.962703 0.269646 0.962598 0.287922 0.94024 0.288293 0.94024 0.288293 0.940237 0.269603 0.962703 0.269646 0.918016 0.269576 0.917802 0.25195 0.940317 0.252126 0.940317 0.252126 0.940237 0.269603 0.918016 0.269576 0.940317 0.252126 0.96235 0.25232 0.962703 0.269646 0.962703 0.269646 0.940237 0.269603 0.940317 0.252126 0.974723 0.287304 0.990152 0.284413 0.992189 0.26964 0.992189 0.26964 0.974932 0.269777 0.974723 0.287304 0.955511 0.230373 0.931557 0.230313 0.93181 0.245167 0.93181 0.245167 0.955937 0.24513 0.955511 0.230373 0.974499 0.252619 0.974932 0.269777 0.992189 0.26964 0.992189 0.26964 0.9934 0.25281 0.974499 0.252619 0.929194 0.288622 0.951454 0.2880401 0.951409 0.269584 0.951409 0.269584 0.92905 0.269547 0.929194 0.288622 0.90677 0.230544 0.886755 0.2300059 0.88921 0.244171 0.88921 0.244171 0.907131 0.244858 0.90677 0.230544 0.92905 0.269547 0.951409 0.269584 0.951417 0.252192 0.951417 0.252192 0.928901 0.252023 0.92905 0.269547 0.993885 0.2303079 0.978044 0.230301 0.978253 0.244984 0.978253 0.244984 0.994058 0.2451879 0.993885 0.2303079 0.955937 0.24513 0.978253 0.244984 0.978044 0.230301 0.978044 0.230301 0.955511 0.230373 0.955937 0.24513 0.890928 0.288879 0.907252 0.288869 0.907109 0.269594 0.907109 0.269594 0.890915 0.269491 0.890928 0.288879 0.92905 0.269547 0.907109 0.269594 0.907252 0.288869 0.907252 0.288869 0.929194 0.288622 0.92905 0.269547 0.890915 0.269491 0.907109 0.269594 0.906882 0.251896 0.906882 0.251896 0.890934 0.251834 0.890915 0.269491 0.928901 0.252023 0.906882 0.251896 0.907109 0.269594 0.907109 0.269594 0.92905 0.269547 0.928901 0.252023 0.931557 0.230313 0.90677 0.230544 0.907131 0.244858 0.907131 0.244858 0.93181 0.245167 0.931557 0.230313 0.951454 0.2880401 0.974723 0.287304 0.974932 0.269777 0.974932 0.269777 0.951409 0.269584 0.951454 0.2880401 0.951409 0.269584 0.974932 0.269777 0.974499 0.252619 0.974499 0.252619 0.951417 0.252192 0.951409 0.269584 0.907761 0.657671 0.907331 0.676427 0.891301 0.685752 0.891301 0.685752 0.892157 0.648144 0.907761 0.657671 0.891301 0.685752 0.875696 0.67623 0.876122 0.65747 0.876122 0.65747 0.892157 0.648144 0.891301 0.685752 0.876122 0.65747 0.875696 0.67623 0.859161 0.6755051 0.859161 0.6755051 0.859553 0.657915 0.876122 0.65747 0.875696 0.67623 0.867409 0.690812 0.859161 0.6755051 0.875696 0.67623 0.891301 0.685752 0.882114 0.699755 0.882114 0.699755 0.867409 0.690812 0.875696 0.67623 0.891301 0.685752 0.899363 0.699881 0.882114 0.699755 0.891301 0.685752 0.907331 0.676427 0.91448 0.691146 0.91448 0.691146 0.899363 0.699881 0.891301 0.685752 0.907331 0.676427 0.923423 0.675946 0.91448 0.691146 0.907331 0.676427 0.907761 0.657671 0.923822 0.658344 0.923822 0.658344 0.923423 0.675946 0.907331 0.676427 0.907761 0.657671 0.915569 0.643013 0.923822 0.658344 0.907761 0.657671 0.892157 0.648144 0.900832 0.634083 0.900832 0.634083 0.915569 0.643013 0.907761 0.657671 0.892157 0.648144 0.883586 0.633975 0.900832 0.634083 0.892157 0.648144 0.876122 0.65747 0.868482 0.642719 0.868482 0.642719 0.883586 0.633975 0.892157 0.648144 0.876122 0.65747 0.859553 0.657915 0.868482 0.642719 0.898754 0.68418 0.880575 0.6822291 0.902807 0.651883 0.902807 0.651883 0.909838 0.669044 0.898754 0.68418 0.902807 0.651883 0.880575 0.6822291 0.87354 0.665066 0.87354 0.665066 0.884631 0.649929 0.902807 0.651883 0.87354 0.665066 0.860672 0.654619 0.871077 0.640431 0.871077 0.640431 0.884631 0.649929 0.87354 0.665066 0.884631 0.649929 0.871077 0.640431 0.886942 0.633316 0.884631 0.649929 0.886942 0.633316 0.904051 0.635183 0.904051 0.635183 0.902807 0.651883 0.884631 0.649929 0.902807 0.651883 0.904051 0.635183 0.917807 0.645589 0.902807 0.651883 0.917807 0.645589 0.924474 0.661726 0.924474 0.661726 0.909838 0.669044 0.902807 0.651883 0.909838 0.669044 0.924474 0.661726 0.922307 0.679228 0.909838 0.669044 0.922307 0.679228 0.911901 0.69343 0.911901 0.69343 0.898754 0.68418 0.909838 0.669044 0.898754 0.68418 0.911901 0.69343 0.896016 0.700561 0.898754 0.68418 0.896016 0.700561 0.87889 0.698665 0.87889 0.698665 0.880575 0.6822291 0.898754 0.68418 0.880575 0.6822291 0.87889 0.698665 0.865147 0.688245 0.880575 0.6822291 0.865147 0.688245 0.858495 0.672109 0.858495 0.672109 0.87354 0.665066 0.880575 0.6822291 0.87354 0.665066 0.858495 0.672109 0.860672 0.654619 0.29386 0.800985 0.298268 0.844394 0.272326 0.855288 0.272326 0.855288 0.257346 0.811723 0.29386 0.800985 0.02846598 0.19086 0.048406 0.1805769 0.04386699 0.211811 0.04386699 0.211811 0.03671795 0.211811 0.02846598 0.19086 0.272326 0.855288 0.298268 0.844394 0.323691 0.866169 0.02846598 0.19086 0.02732896 0.150752 0.048406 0.1805769 0.171156 0.2118409 0.11173 0.2118669 0.108009 0.1801779 0.171145 0.150788 0.171156 0.2118409 0.108009 0.1801779 0.298268 0.844394 0.29386 0.800985 0.353703 0.801745 0.353703 0.801745 0.347285 0.84468 0.298268 0.844394 0.298268 0.844394 0.347285 0.84468 0.323691 0.866169 0.07802796 0.150689 0.07675999 0.17989 0.048406 0.1805769 0.048406 0.1805769 0.02732896 0.150752 0.07802796 0.150689 0.108009 0.1801779 0.07675999 0.17989 0.07802796 0.150689 0.07802796 0.150689 0.171145 0.150788 0.108009 0.1801779 0.09799098 0.248214 0.07182198 0.248214 0.07182198 0.233788 0.07182198 0.233788 0.09799098 0.233788 0.09799098 0.248214 0.623616 0.980365 0.623616 0.994784 0.569151 0.99375 0.569151 0.99375 0.569144 0.981466 0.623616 0.980365 0.1387529 0.935928 0.132564 0.948551 0.09145295 0.958133 0.09145295 0.958133 0.08803296 0.955786 0.1387529 0.935928 0.07182198 0.233788 0.07182198 0.248214 0.02960699 0.247168 0.02960699 0.247168 0.029612 0.234879 0.07182198 0.233788 0.04809898 0.942933 0.05428695 0.955557 0.003573954 0.935645 0.003573954 0.935645 0.006994962 0.933299 0.04809898 0.942933 0.636449 0.994784 0.636449 0.980365 0.689079 0.981462 0.689079 0.981462 0.689071 0.993746 0.636449 0.994784 0.067119 0.955627 0.07426899 0.943075 0.114881 0.934272 0.114881 0.934272 0.116309 0.936891 0.067119 0.955627 0.09799098 0.248214 0.09799098 0.233788 0.139523 0.23488 0.139523 0.23488 0.139528 0.247169 0.09799098 0.248214 0.158734 0.948411 0.151585 0.935859 0.200779 0.954544 0.200779 0.954544 0.199352 0.957162 0.158734 0.948411 0.37131 0.272647 0.375331 0.272573 0.375895 0.286277 0.375895 0.286277 0.371252 0.286362 0.37131 0.272647 0.04754096 0.872926 0.050785 0.874242 0.04594999 0.887077 0.04594999 0.887077 0.04207199 0.885505 0.04754096 0.872926 0.623616 0.994784 0.623616 0.980365 0.636449 0.980365 0.636449 0.980365 0.636449 0.994784 0.623616 0.994784 0.24325 0.264788 0.243085 0.280333 0.228869 0.280182 0.228869 0.280182 0.229034 0.264637 0.24325 0.264788 0.325011 0.937812 0.306942 0.952896 0.295424 0.943532 0.295424 0.943532 0.312224 0.927121 0.325011 0.937812 0.296147 0.971397 0.28267 0.962345 0.295424 0.943532 0.295424 0.943532 0.306942 0.952896 0.296147 0.971397 0.373195 0.970499 0.362371 0.952058 0.373787 0.942624 0.373787 0.942624 0.386651 0.961392 0.373195 0.970499 0.362371 0.952058 0.344168 0.937406 0.35691 0.926562 0.35691 0.926562 0.373787 0.942624 0.362371 0.952058 0.325011 0.937812 0.344168 0.937406 0.335129 0.965032 0.362371 0.952058 0.373195 0.970499 0.335129 0.965032 0.306942 0.952896 0.325011 0.937812 0.335129 0.965032 0.03178799 0.828909 0.04908394 0.82899 0.04049998 0.851334 0.068659 0.841959 0.077331 0.862039 0.05570095 0.864389 0.05570095 0.864389 0.04049998 0.851334 0.068659 0.841959 0.004242956 0.862115 0.01233899 0.841797 0.04049998 0.851334 0.04049998 0.851334 0.02512496 0.864403 0.004242956 0.862115 0.01233899 0.841797 0.03178799 0.828909 0.04049998 0.851334 0.344168 0.937406 0.325011 0.937812 0.329295 0.926539 0.329295 0.926539 0.340155 0.9263 0.344168 0.937406 0.325011 0.937812 0.312224 0.927121 0.31967 0.918898 0.31967 0.918898 0.329295 0.926539 0.325011 0.937812 0.04908394 0.82899 0.03178799 0.828909 0.033351 0.817305 0.033351 0.817305 0.04650098 0.817381 0.04908394 0.82899 0.35691 0.926562 0.344168 0.937406 0.340155 0.9263 0.340155 0.9263 0.349584 0.918551 0.35691 0.926562 0.344168 0.937406 0.362371 0.952058 0.335129 0.965032 0.04908394 0.82899 0.068659 0.841959 0.04049998 0.851334 0.01899194 0.418116 0.01891797 0.433607 0.006071984 0.433687 0.006071984 0.433687 0.006197988 0.418196 0.01899194 0.418116 0.006405949 0.545502 0.006347954 0.525624 0.01966696 0.525577 0.01966696 0.525577 0.01972496 0.545457 0.006405949 0.545502 0.01872295 0.388459 0.01880896 0.40395 0.006136 0.404027 0.006136 0.404027 0.005876958 0.388538 0.01872295 0.388459 0.01880896 0.40395 0.01899194 0.418116 0.006197988 0.418196 0.006197988 0.418196 0.006136 0.404027 0.01880896 0.40395 0.313565 0.288048 0.299349 0.28786 0.296695 0.276451 0.296695 0.276451 0.316574 0.276714 0.313565 0.288048 0.228869 0.280182 0.243085 0.280333 0.245822 0.291734 0.245822 0.291734 0.225944 0.291523 0.228869 0.280182 0.01872295 0.388459 0.005876958 0.388538 0.007208943 0.34333 0.007208943 0.34333 0.01649695 0.34327 0.01872295 0.388459 0.228869 0.280182 0.225944 0.291523 0.189572 0.298034 0.189572 0.298034 0.186187 0.295636 0.228869 0.280182 0.01966696 0.525577 0.006347954 0.525624 0.007974982 0.488695 0.007974982 0.488695 0.01821398 0.488663 0.01966696 0.525577 0.296695 0.276451 0.299349 0.28786 0.257031 0.271316 0.257031 0.271316 0.260474 0.269001 0.296695 0.276451 0.006071984 0.433687 0.01891797 0.433607 0.01707696 0.47888 0.01707696 0.47888 0.007787942 0.47893 0.006071984 0.433687 0.006405949 0.545502 0.01972496 0.545457 0.018498 0.584324 0.006405949 0.545502 0.018498 0.584324 0.008248984 0.584638 0.005918979 0.540578 0.006405949 0.545502 0.008248984 0.584638 0.245822 0.291734 0.243085 0.280333 0.28541 0.296879 0.28541 0.296879 0.283937 0.299472 0.245822 0.291734 0.134285 0.906621 0.129765 0.906548 0.129664 0.892835 0.129664 0.892835 0.1348299 0.892919 0.134285 0.906621 0.08841997 0.907127 0.08269095 0.90673 0.08341997 0.893038 0.08341997 0.893038 0.08958399 0.893465 0.08841997 0.907127 0.299142 0.303405 0.299349 0.28786 0.313565 0.288048 0.313565 0.288048 0.31336 0.303593 0.299142 0.303405 0.296147 0.971397 0.306942 0.952896 0.335129 0.965032 0.067119 0.955627 0.05428695 0.955557 0.04809898 0.942933 0.04809898 0.942933 0.07426899 0.943075 0.067119 0.955627 0.151585 0.935859 0.158734 0.948411 0.132564 0.948551 0.132564 0.948551 0.1387529 0.935928 0.151585 0.935859 0.09236198 0.08915698 0.09076499 0.03734201 0.09745895 0.03736901 0.09745895 0.03736901 0.09904199 0.08871799 0.09236198 0.08915698 0.07190096 0.08936202 0.07356399 0.03710103 0.08214795 0.03885298 0.08214795 0.03885298 0.08208 0.08976399 0.07190096 0.08936202 0.08357095 0.03022599 0.08547198 0.032135 0.08228695 0.03287899 0.09076499 0.03734201 0.09236198 0.08915698 0.08208 0.08976399 0.08208 0.08976399 0.08214795 0.03885298 0.09076499 0.03734201 0.09076499 0.03734201 0.08214795 0.03885298 0.08228695 0.03287899 0.08228695 0.03287899 0.08547198 0.032135 0.09076499 0.03734201 0.08214795 0.03885298 0.07356399 0.03710103 0.07889598 0.03200602 0.07889598 0.03200602 0.08228695 0.03287899 0.08214795 0.03885298 0.484173 0.340603 0.484173 0.347263 0.475331 0.343933 0.473112 0.326238 0.484173 0.321799 0.484173 0.328457 0.484173 0.340603 0.475331 0.343933 0.473112 0.326238 0.473112 0.326238 0.484173 0.328457 0.484173 0.340603 0.484173 0.328457 0.490832 0.328457 0.490832 0.340603 0.490832 0.340603 0.484173 0.340603 0.484173 0.328457 0.08821195 0.925976 0.08820497 0.912771 0.159913 0.91273 0.159913 0.91273 0.15992 0.925936 0.08821195 0.925976 0.178776 0.861442 0.10758 0.861638 0.106733 0.845704 0.106733 0.845704 0.178587 0.845589 0.178776 0.861442 0.178826 0.867037 0.106524 0.866867 0.10758 0.861638 0.10758 0.861638 0.178776 0.861442 0.178826 0.867037 0.15992 0.925936 0.159913 0.91273 0.175382 0.902034 0.175382 0.902034 0.175397 0.913871 0.15992 0.925936 0.106733 0.845704 0.10758 0.861638 0.08996796 0.85334 0.08996796 0.85334 0.08910298 0.838984 0.106733 0.845704 0.10758 0.861638 0.106524 0.866867 0.088467 0.85897 0.088467 0.85897 0.08996796 0.85334 0.10758 0.861638 0.175397 0.913871 0.175382 0.902034 0.182665 0.902123 0.182665 0.902123 0.182651 0.913863 0.175397 0.913871 0.08910298 0.838984 0.08996796 0.85334 0.08231896 0.853136 0.08231896 0.853136 0.08188199 0.83851 0.08910298 0.838984 0.08996796 0.85334 0.088467 0.85897 0.08169996 0.858323 0.08169996 0.858323 0.08231896 0.853136 0.08996796 0.85334 0.00780797 0.821924 0.007689952 0.81217 0.01668399 0.81217 0.01668399 0.81217 0.01680195 0.821786 0.00780797 0.821924 0.007689952 0.81217 0.007537961 0.802479 0.01653295 0.80234 0.01653295 0.80234 0.01668399 0.81217 0.007689952 0.81217 0.007537961 0.802479 0.007463991 0.792795 0.01645898 0.792655 0.01645898 0.792655 0.01653295 0.80234 0.007537961 0.802479 0.008065998 0.831685 0.00780797 0.821924 0.01680195 0.821786 0.01680195 0.821786 0.01706099 0.831546 0.008065998 0.831685 0.064951 0.875182 0.07889497 0.872776 0.08341997 0.893038 0.08341997 0.893038 0.06971698 0.896759 0.064951 0.875182 0.07889497 0.872776 0.09296196 0.872707 0.08958399 0.893465 0.08958399 0.893465 0.08341997 0.893038 0.07889497 0.872776 0.106903 0.874489 0.1034139 0.896172 0.08958399 0.893465 0.08958399 0.893465 0.09296196 0.872707 0.106903 0.874489 0.111488 0.874777 0.125491 0.872707 0.129664 0.892835 0.129664 0.892835 0.115759 0.896429 0.111488 0.874777 0.125491 0.872707 0.139653 0.872937 0.1348299 0.892919 0.1348299 0.892919 0.129664 0.892835 0.125491 0.872707 0.153582 0.875459 0.148612 0.896961 0.1348299 0.892919 0.1348299 0.892919 0.139653 0.872937 0.153582 0.875459 0.008123993 0.884705 0.02245897 0.872707 0.02537298 0.874648 0.02537298 0.874648 0.019086 0.892251 0.008123993 0.884705 0.04407894 0.905727 0.04594999 0.887077 0.06036597 0.8877 0.06036597 0.8877 0.05814796 0.908102 0.04407894 0.905727 0.04407894 0.905727 0.03081798 0.900293 0.04207199 0.885505 0.04207199 0.885505 0.04594999 0.887077 0.04407894 0.905727 0.019086 0.892251 0.03100299 0.876293 0.04207199 0.885505 0.04207199 0.885505 0.03081798 0.900293 0.019086 0.892251 0.340077 0.298285 0.348261 0.282283 0.352215 0.283016 0.352215 0.283016 0.353127 0.300887 0.340077 0.298285 0.381347 0.303443 0.375895 0.286277 0.389347 0.28121 0.389347 0.28121 0.395182 0.2999801 0.381347 0.303443 0.381347 0.303443 0.36705 0.303647 0.371252 0.286362 0.371252 0.286362 0.375895 0.286277 0.381347 0.303443 0.353127 0.300887 0.357465 0.282464 0.371252 0.286362 0.371252 0.286362 0.36705 0.303647 0.353127 0.300887 0.702875 0.985702 0.830941 0.986872 0.83086 0.99319 0.83086 0.99319 0.702792 0.992191 0.702875 0.985702 0.702966 0.979212 0.831029 0.980555 0.830941 0.986872 0.830941 0.986872 0.702875 0.985702 0.702966 0.979212 0.091847 0.197844 0.068843 0.197844 0.06883698 0.187994 0.06883698 0.187994 0.09184098 0.187994 0.091847 0.197844 0.068843 0.197844 0.061728 0.2005789 0.061728 0.195109 0.068843 0.197844 0.091847 0.197844 0.09184098 0.2076939 0.09184098 0.2076939 0.06883698 0.2076939 0.068843 0.197844 0.091847 0.197844 0.098962 0.195109 0.098962 0.2005789 0.207536 0.264353 0.189881 0.264353 0.189876 0.256059 0.189876 0.256059 0.207531 0.256059 0.207536 0.264353 0.189881 0.264353 0.183953 0.26672 0.183953 0.261987 0.189881 0.264353 0.207536 0.264353 0.207531 0.272648 0.207531 0.272648 0.189876 0.272648 0.189881 0.264353 0.207536 0.264353 0.213464 0.261987 0.213464 0.26672 0.162676 0.22518 0.162676 0.2428349 0.154291 0.2428399 0.154291 0.2428399 0.154291 0.2251849 0.162676 0.22518 0.162676 0.2428349 0.165132 0.2487639 0.16022 0.2487639 0.162676 0.2428349 0.162676 0.22518 0.17106 0.2251849 0.17106 0.2251849 0.17106 0.2428399 0.162676 0.2428349 0.162676 0.22518 0.16022 0.2192519 0.165132 0.2192519 0.371409 0.857883 0.347285 0.84468 0.353703 0.801745 0.353703 0.801745 0.390088 0.81496 0.371409 0.857883 0.347285 0.84468 0.371409 0.857883 0.323691 0.866169 0.29386 0.800985 0.257346 0.811723 0.272326 0.855288 0.272326 0.855288 0.298268 0.844394 0.29386 0.800985 0.02846598 0.19086 0.03671795 0.211811 0.04386699 0.211811 0.04386699 0.211811 0.048406 0.1805769 0.02846598 0.19086 0.272326 0.855288 0.323691 0.866169 0.298268 0.844394 0.02846598 0.19086 0.048406 0.1805769 0.02732896 0.150752 0.171156 0.2118409 0.108009 0.1801779 0.11173 0.2118669 0.171145 0.150788 0.108009 0.1801779 0.171156 0.2118409 0.298268 0.844394 0.347285 0.84468 0.353703 0.801745 0.353703 0.801745 0.29386 0.800985 0.298268 0.844394 0.298268 0.844394 0.323691 0.866169 0.347285 0.84468 0.048406 0.1805769 0.07675999 0.17989 0.07802796 0.150689 0.07802796 0.150689 0.02732896 0.150752 0.048406 0.1805769 0.07802796 0.150689 0.07675999 0.17989 0.108009 0.1801779 0.108009 0.1801779 0.171145 0.150788 0.07802796 0.150689 0.09799098 0.248214 0.09799098 0.233788 0.07182198 0.233788 0.07182198 0.233788 0.07182198 0.248214 0.09799098 0.248214 0.569151 0.99375 0.623616 0.994784 0.623616 0.980365 0.623616 0.980365 0.569144 0.981466 0.569151 0.99375 0.09145295 0.958133 0.132564 0.948551 0.1387529 0.935928 0.1387529 0.935928 0.08803296 0.955786 0.09145295 0.958133 0.02960699 0.247168 0.07182198 0.248214 0.07182198 0.233788 0.07182198 0.233788 0.029612 0.234879 0.02960699 0.247168 0.003573954 0.935645 0.05428695 0.955557 0.04809898 0.942933 0.04809898 0.942933 0.006994962 0.933299 0.003573954 0.935645 0.689079 0.981462 0.636449 0.980365 0.636449 0.994784 0.636449 0.994784 0.689071 0.993746 0.689079 0.981462 0.114881 0.934272 0.07426899 0.943075 0.067119 0.955627 0.067119 0.955627 0.116309 0.936891 0.114881 0.934272 0.139523 0.23488 0.09799098 0.233788 0.09799098 0.248214 0.09799098 0.248214 0.139528 0.247169 0.139523 0.23488 0.200779 0.954544 0.151585 0.935859 0.158734 0.948411 0.158734 0.948411 0.199352 0.957162 0.200779 0.954544 0.37131 0.272647 0.371252 0.286362 0.375895 0.286277 0.375895 0.286277 0.375331 0.272573 0.37131 0.272647 0.04754096 0.872926 0.04207199 0.885505 0.04594999 0.887077 0.04594999 0.887077 0.050785 0.874242 0.04754096 0.872926 0.623616 0.994784 0.636449 0.994784 0.636449 0.980365 0.636449 0.980365 0.623616 0.980365 0.623616 0.994784 0.24325 0.264788 0.229034 0.264637 0.228869 0.280182 0.228869 0.280182 0.243085 0.280333 0.24325 0.264788 0.325011 0.937812 0.312224 0.927121 0.295424 0.943532 0.295424 0.943532 0.306942 0.952896 0.325011 0.937812 0.296147 0.971397 0.306942 0.952896 0.295424 0.943532 0.295424 0.943532 0.28267 0.962345 0.296147 0.971397 0.373195 0.970499 0.386651 0.961392 0.373787 0.942624 0.373787 0.942624 0.362371 0.952058 0.373195 0.970499 0.362371 0.952058 0.373787 0.942624 0.35691 0.926562 0.35691 0.926562 0.344168 0.937406 0.362371 0.952058 0.325011 0.937812 0.335123 0.966879 0.344168 0.937406 0.362371 0.952058 0.335123 0.966879 0.373195 0.970499 0.306942 0.952896 0.335123 0.966879 0.325011 0.937812 0.03178799 0.828909 0.04049998 0.851334 0.04908394 0.82899 0.068659 0.841959 0.04049998 0.851334 0.05570095 0.864389 0.05570095 0.864389 0.077331 0.862039 0.068659 0.841959 0.004242956 0.862115 0.02512496 0.864403 0.04049998 0.851334 0.04049998 0.851334 0.01233899 0.841797 0.004242956 0.862115 0.01233899 0.841797 0.04049998 0.851334 0.03178799 0.828909 0.344168 0.937406 0.340155 0.9263 0.329295 0.926539 0.329295 0.926539 0.325011 0.937812 0.344168 0.937406 0.325011 0.937812 0.329295 0.926539 0.31967 0.918898 0.31967 0.918898 0.312224 0.927121 0.325011 0.937812 0.04908394 0.82899 0.04650098 0.817381 0.033351 0.817305 0.033351 0.817305 0.03178799 0.828909 0.04908394 0.82899 0.35691 0.926562 0.349584 0.918551 0.340155 0.9263 0.340155 0.9263 0.344168 0.937406 0.35691 0.926562 0.344168 0.937406 0.335123 0.966879 0.362371 0.952058 0.04908394 0.82899 0.04049998 0.851334 0.068659 0.841959 0.01899194 0.418116 0.006197988 0.418196 0.006071984 0.433687 0.006071984 0.433687 0.01891797 0.433607 0.01899194 0.418116 0.006405949 0.545502 0.01972496 0.545457 0.01966696 0.525577 0.01966696 0.525577 0.006347954 0.525624 0.006405949 0.545502 0.01872295 0.388459 0.005876958 0.388538 0.006136 0.404027 0.006136 0.404027 0.01880896 0.40395 0.01872295 0.388459 0.01880896 0.40395 0.006136 0.404027 0.006197988 0.418196 0.006197988 0.418196 0.01899194 0.418116 0.01880896 0.40395 0.313565 0.288048 0.316574 0.276714 0.296695 0.276451 0.296695 0.276451 0.299349 0.28786 0.313565 0.288048 0.228869 0.280182 0.225944 0.291523 0.245822 0.291734 0.245822 0.291734 0.243085 0.280333 0.228869 0.280182 0.007208943 0.34333 0.005876958 0.388538 0.01872295 0.388459 0.01872295 0.388459 0.01649695 0.34327 0.007208943 0.34333 0.189572 0.298034 0.225944 0.291523 0.228869 0.280182 0.228869 0.280182 0.186187 0.295636 0.189572 0.298034 0.007974982 0.488695 0.006347954 0.525624 0.01966696 0.525577 0.01966696 0.525577 0.01821398 0.488663 0.007974982 0.488695 0.257031 0.271316 0.299349 0.28786 0.296695 0.276451 0.296695 0.276451 0.260474 0.269001 0.257031 0.271316 0.01707696 0.47888 0.01891797 0.433607 0.006071984 0.433687 0.006071984 0.433687 0.007787942 0.47893 0.01707696 0.47888 0.35488 0.269818 0.316574 0.276714 0.313565 0.288048 0.313565 0.288048 0.356292 0.272446 0.35488 0.269818 0.018498 0.584324 0.01972496 0.545457 0.006405949 0.545502 0.006405949 0.545502 0.008259952 0.584363 0.018498 0.584324 0.28541 0.296879 0.243085 0.280333 0.245822 0.291734 0.245822 0.291734 0.283937 0.299472 0.28541 0.296879 0.134285 0.906621 0.1348299 0.892919 0.129664 0.892835 0.129664 0.892835 0.129765 0.906548 0.134285 0.906621 0.08841997 0.907127 0.08958399 0.893465 0.08341997 0.893038 0.08341997 0.893038 0.08269095 0.90673 0.08841997 0.907127 0.299142 0.303405 0.31336 0.303593 0.313565 0.288048 0.313565 0.288048 0.299349 0.28786 0.299142 0.303405 0.296147 0.971397 0.335123 0.966879 0.306942 0.952896 0.067119 0.955627 0.07426899 0.943075 0.04809898 0.942933 0.04809898 0.942933 0.05428695 0.955557 0.067119 0.955627 0.151585 0.935859 0.1387529 0.935928 0.132564 0.948551 0.132564 0.948551 0.158734 0.948411 0.151585 0.935859 0.09236198 0.08915698 0.09904199 0.08871799 0.09745895 0.03736901 0.09745895 0.03736901 0.09076499 0.03734201 0.09236198 0.08915698 0.07190096 0.08936202 0.08208 0.08976399 0.08214795 0.03885298 0.08214795 0.03885298 0.07356399 0.03710103 0.07190096 0.08936202 0.08357095 0.03022599 0.08228695 0.03287899 0.08547198 0.032135 0.09076499 0.03734201 0.08214795 0.03885298 0.08208 0.08976399 0.08208 0.08976399 0.09236198 0.08915698 0.09076499 0.03734201 0.09076499 0.03734201 0.08547198 0.032135 0.08228695 0.03287899 0.08228695 0.03287899 0.08214795 0.03885298 0.09076499 0.03734201 0.08214795 0.03885298 0.08228695 0.03287899 0.07889598 0.03200602 0.07889598 0.03200602 0.07356399 0.03710103 0.08214795 0.03885298 0.473112 0.342823 0.484173 0.347263 0.484173 0.340603 0.484173 0.328457 0.484173 0.321799 0.475331 0.325128 0.484173 0.340603 0.484173 0.328457 0.475331 0.325128 0.475331 0.325128 0.473112 0.342823 0.484173 0.340603 0.484173 0.328457 0.484173 0.340603 0.490832 0.340603 0.490832 0.340603 0.490832 0.328457 0.484173 0.328457 0.08821195 0.925976 0.15992 0.925936 0.159913 0.91273 0.159913 0.91273 0.08820497 0.912771 0.08821195 0.925976 0.178776 0.861442 0.178587 0.845589 0.106733 0.845704 0.106733 0.845704 0.10758 0.861638 0.178776 0.861442 0.178826 0.867037 0.178776 0.861442 0.10758 0.861638 0.10758 0.861638 0.106524 0.866867 0.178826 0.867037 0.15992 0.925936 0.175397 0.913871 0.175382 0.902034 0.175382 0.902034 0.159913 0.91273 0.15992 0.925936 0.106733 0.845704 0.08910298 0.838984 0.08996796 0.85334 0.08996796 0.85334 0.10758 0.861638 0.106733 0.845704 0.10758 0.861638 0.08996796 0.85334 0.088467 0.85897 0.088467 0.85897 0.106524 0.866867 0.10758 0.861638 0.175397 0.913871 0.182651 0.913863 0.182665 0.902123 0.182665 0.902123 0.175382 0.902034 0.175397 0.913871 0.08910298 0.838984 0.08188199 0.83851 0.08231896 0.853136 0.08231896 0.853136 0.08996796 0.85334 0.08910298 0.838984 0.08996796 0.85334 0.08231896 0.853136 0.08169996 0.858323 0.08169996 0.858323 0.088467 0.85897 0.08996796 0.85334 0.00780797 0.821924 0.01680195 0.821786 0.01668399 0.81217 0.01668399 0.81217 0.007689952 0.81217 0.00780797 0.821924 0.007689952 0.81217 0.01668399 0.81217 0.01653295 0.80234 0.01653295 0.80234 0.007537961 0.802479 0.007689952 0.81217 0.007537961 0.802479 0.01653295 0.80234 0.01645898 0.792655 0.01645898 0.792655 0.007463991 0.792795 0.007537961 0.802479 0.008065998 0.831685 0.01706099 0.831546 0.01680195 0.821786 0.01680195 0.821786 0.00780797 0.821924 0.008065998 0.831685 0.06971698 0.896759 0.08341997 0.893038 0.07889497 0.872776 0.07889497 0.872776 0.064951 0.875182 0.06971698 0.896759 0.08958399 0.893465 0.09296196 0.872707 0.07889497 0.872776 0.07889497 0.872776 0.08341997 0.893038 0.08958399 0.893465 0.08958399 0.893465 0.1034139 0.896172 0.106903 0.874489 0.106903 0.874489 0.09296196 0.872707 0.08958399 0.893465 0.115759 0.896429 0.129664 0.892835 0.125491 0.872707 0.125491 0.872707 0.111488 0.874777 0.115759 0.896429 0.1348299 0.892919 0.139653 0.872937 0.125491 0.872707 0.125491 0.872707 0.129664 0.892835 0.1348299 0.892919 0.1348299 0.892919 0.148612 0.896961 0.153582 0.875459 0.153582 0.875459 0.139653 0.872937 0.1348299 0.892919 0.02537298 0.874648 0.02245897 0.872707 0.008123993 0.884705 0.008123993 0.884705 0.019086 0.892251 0.02537298 0.874648 0.06036597 0.8877 0.04594999 0.887077 0.04407894 0.905727 0.04407894 0.905727 0.05814796 0.908102 0.06036597 0.8877 0.04207199 0.885505 0.03081798 0.900293 0.04407894 0.905727 0.04407894 0.905727 0.04594999 0.887077 0.04207199 0.885505 0.04207199 0.885505 0.03100299 0.876293 0.019086 0.892251 0.019086 0.892251 0.03081798 0.900293 0.04207199 0.885505 0.352215 0.283016 0.348261 0.282283 0.340077 0.298285 0.340077 0.298285 0.353127 0.300887 0.352215 0.283016 0.389347 0.28121 0.375895 0.286277 0.381347 0.303443 0.381347 0.303443 0.395182 0.2999801 0.389347 0.28121 0.371252 0.286362 0.36705 0.303647 0.381347 0.303443 0.381347 0.303443 0.375895 0.286277 0.371252 0.286362 0.371252 0.286362 0.357465 0.282464 0.353127 0.300887 0.353127 0.300887 0.36705 0.303647 0.371252 0.286362 0.702875 0.985702 0.702792 0.992191 0.83086 0.99319 0.83086 0.99319 0.830941 0.986872 0.702875 0.985702 0.702966 0.979212 0.702875 0.985702 0.830941 0.986872 0.830941 0.986872 0.831029 0.980555 0.702966 0.979212 0.091847 0.197844 0.09184098 0.187994 0.06883698 0.187994 0.06883698 0.187994 0.068843 0.197844 0.091847 0.197844 0.061728 0.195109 0.061728 0.2005789 0.068843 0.197844 0.068843 0.197844 0.06883698 0.2076939 0.09184098 0.2076939 0.09184098 0.2076939 0.091847 0.197844 0.068843 0.197844 0.098962 0.2005789 0.098962 0.195109 0.091847 0.197844 0.207536 0.264353 0.207531 0.256059 0.189876 0.256059 0.189876 0.256059 0.189881 0.264353 0.207536 0.264353 0.183953 0.261987 0.183953 0.26672 0.189881 0.264353 0.189881 0.264353 0.189876 0.272648 0.207531 0.272648 0.207531 0.272648 0.207536 0.264353 0.189881 0.264353 0.213464 0.26672 0.213464 0.261987 0.207536 0.264353 0.162676 0.22518 0.154291 0.2251849 0.154291 0.2428399 0.154291 0.2428399 0.162676 0.2428349 0.162676 0.22518 0.16022 0.2487639 0.165132 0.2487639 0.162676 0.2428349 0.162676 0.2428349 0.17106 0.2428399 0.17106 0.2251849 0.17106 0.2251849 0.162676 0.22518 0.162676 0.2428349 0.165132 0.2192519 0.16022 0.2192519 0.162676 0.22518 0.371409 0.857883 0.390088 0.81496 0.353703 0.801745 0.353703 0.801745 0.347285 0.84468 0.371409 0.857883 0.347285 0.84468 0.323691 0.866169 0.371409 0.857883 0.248526 0.924203 0.241122 0.937095 0.241129 0.91122 0.248526 0.924203 0.248386 0.941213 0.241122 0.937095 0.250723 0.895161 0.248445 0.907195 0.241129 0.91122 0.241129 0.91122 0.240627 0.89593 0.250723 0.895161 0.241129 0.91122 0.241122 0.937095 0.2086009 0.934293 0.2086009 0.934293 0.208599 0.914035 0.241129 0.91122 0.241122 0.937095 0.240673 0.952351 0.203306 0.945612 0.203306 0.945612 0.2086009 0.934293 0.241122 0.937095 0.240627 0.89593 0.241129 0.91122 0.208599 0.914035 0.208599 0.914035 0.20329 0.902724 0.240627 0.89593 0.208599 0.914035 0.2086009 0.934293 0.1898829 0.929518 0.1898829 0.929518 0.189881 0.918819 0.208599 0.914035 0.2086009 0.934293 0.203306 0.945612 0.1898829 0.929518 0.20329 0.902724 0.208599 0.914035 0.189881 0.918819 0.207022 0.240966 0.195345 0.239897 0.210578 0.2012079 0.277057 0.243184 0.265347 0.243452 0.276226 0.2033069 0.253851 0.243354 0.2421219 0.243255 0.254098 0.2028629 0.230388 0.242663 0.2186959 0.2420709 0.232442 0.202259 0.248526 0.924203 0.284498 0.928604 0.248386 0.941213 0.248526 0.924203 0.284525 0.919882 0.284498 0.928604 0.250723 0.895161 0.292064 0.915151 0.284525 0.919882 0.284525 0.919882 0.248445 0.907195 0.250723 0.895161 0.2186959 0.2420709 0.207022 0.240966 0.210578 0.2012079 0.2186959 0.2420709 0.210578 0.2012079 0.232442 0.202259 0.195345 0.239897 0.189047 0.198798 0.210578 0.2012079 0.195345 0.239897 0.1837199 0.238357 0.189047 0.198798 0.265347 0.243452 0.254098 0.2028629 0.276226 0.2033069 0.265347 0.243452 0.253851 0.243354 0.254098 0.2028629 0.2421219 0.243255 0.232442 0.202259 0.254098 0.2028629 0.2421219 0.243255 0.230388 0.242663 0.232442 0.202259 0.211619 0.1795669 0.233483 0.1806169 0.232442 0.202259 0.232442 0.202259 0.210578 0.2012079 0.211619 0.1795669 0.284498 0.928604 0.284525 0.919882 0.292064 0.915151 0.292064 0.915151 0.291997 0.933409 0.284498 0.928604 0.284525 0.919882 0.248526 0.924203 0.248445 0.907195 0.284498 0.928604 0.291997 0.933409 0.25047 0.953256 0.25047 0.953256 0.248386 0.941213 0.284498 0.928604 0.25047 0.953256 0.240673 0.952351 0.241122 0.937095 0.241122 0.937095 0.248386 0.941213 0.25047 0.953256 0.248445 0.907195 0.248526 0.924203 0.241129 0.91122 0.574159 0.23995 0.572727 0.2372649 0.604104 0.23954 0.572658 0.228864 0.606606 0.230883 0.606572 0.2347199 0.606572 0.2347199 0.572727 0.2372649 0.572658 0.228864 0.572658 0.228864 0.573935 0.226157 0.603984 0.22681 0.570124 0.2289419 0.572658 0.228864 0.572727 0.2372649 0.572727 0.2372649 0.570185 0.23649 0.570124 0.2289419 0.430044 0.746197 0.425268 0.746358 0.425046 0.739168 0.425046 0.739168 0.429822 0.739007 0.430044 0.746197 0.425268 0.746358 0.418031 0.746585 0.417809 0.739395 0.417809 0.739395 0.425046 0.739168 0.425268 0.746358 0.434869 0.746062 0.430044 0.746197 0.429822 0.739007 0.429822 0.739007 0.434647 0.738872 0.434869 0.746062 0.461451 0.347614 0.435841 0.394051 0.429114 0.394051 0.429114 0.394051 0.401755 0.348518 0.461451 0.347614 0.464105 0.453174 0.435827 0.401446 0.435841 0.394051 0.435841 0.394051 0.461451 0.347614 0.464105 0.453174 0.429129 0.401446 0.435827 0.401446 0.464105 0.453174 0.464105 0.453174 0.40355 0.455814 0.429129 0.401446 0.429114 0.394051 0.429129 0.401446 0.40355 0.455814 0.40355 0.455814 0.401755 0.348518 0.429114 0.394051 0.526694 0.430432 0.526694 0.521807 0.475448 0.521807 0.475448 0.521807 0.475448 0.430432 0.526694 0.430432 0.383183 0.360458 0.375189 0.360458 0.373632 0.354081 0.373632 0.354081 0.383469 0.351955 0.383183 0.360458 0.383183 0.360458 0.382898 0.368028 0.375475 0.368028 0.375475 0.368028 0.375189 0.360458 0.383183 0.360458 0.35932 0.368028 0.369176 0.368028 0.367171 0.375964 0.367171 0.375964 0.359178 0.375964 0.35932 0.368028 0.35932 0.368028 0.359463 0.360459 0.369105 0.360458 0.369105 0.360458 0.369176 0.368028 0.35932 0.368028 0.375189 0.360458 0.375475 0.368028 0.369176 0.368028 0.369176 0.368028 0.369105 0.360458 0.375189 0.360458 0.394611 0.248995 0.39031 0.240987 0.410029 0.240947 0.410029 0.240947 0.404457 0.253352 0.394611 0.248995 0.423038 0.274022 0.41507 0.26964 0.410808 0.259747 0.410808 0.259747 0.423219 0.25425 0.423038 0.274022 0.386519 0.270949 0.39425 0.26424 0.399917 0.269924 0.399917 0.269924 0.39319 0.277642 0.386519 0.270949 0.423219 0.25425 0.410808 0.259747 0.404457 0.253352 0.404457 0.253352 0.410029 0.240947 0.423219 0.25425 0.399917 0.269924 0.39425 0.26424 0.404457 0.253352 0.404457 0.253352 0.410808 0.259747 0.399917 0.269924 0.385604 0.460437 0.381113 0.456548 0.390095 0.456548 0.299696 0.339543 0.306943 0.339543 0.306943 0.346609 0.306943 0.346609 0.299696 0.346609 0.299696 0.339543 0.306943 0.339543 0.314191 0.339543 0.314191 0.346609 0.314191 0.346609 0.306943 0.346609 0.306943 0.339543 0.314191 0.339543 0.321275 0.339543 0.321275 0.346609 0.321275 0.346609 0.314191 0.346609 0.314191 0.339543 0.294755 0.339543 0.299696 0.339543 0.299696 0.346609 0.299696 0.346609 0.294755 0.346609 0.294755 0.339543 0.495929 0.860923 0.494643 0.867604 0.4895 0.858696 0.472642 0.877968 0.478337 0.875995 0.473781 0.883885 0.34084 0.339161 0.348134 0.339161 0.348134 0.34622 0.348134 0.34622 0.34084 0.34622 0.34084 0.339161 0.348134 0.339161 0.355428 0.339161 0.355428 0.34622 0.355428 0.34622 0.348134 0.34622 0.348134 0.339161 0.355428 0.339161 0.362575 0.339161 0.362575 0.34622 0.362575 0.34622 0.355428 0.34622 0.355428 0.339161 0.335879 0.339161 0.34084 0.339161 0.34084 0.34622 0.34084 0.34622 0.335879 0.34622 0.335879 0.339161 0.508334 0.848874 0.507048 0.855555 0.501905 0.846648 0.478337 0.875995 0.479476 0.881913 0.473781 0.883885 0.507048 0.855555 0.500619 0.853328 0.501905 0.846648 0.381113 0.456548 0.385604 0.452658 0.390095 0.456548 0.494643 0.867604 0.488215 0.865377 0.4895 0.858696 0.386111 0.1967329 0.380278 0.2029659 0.361536 0.1990749 0.361536 0.1990749 0.362304 0.1869879 0.386111 0.1967329 0.381587 0.212584 0.364665 0.2052109 0.372458 0.216813 0.386111 0.1967329 0.399082 0.2198079 0.398232 0.2224109 0.398232 0.2224109 0.380278 0.2029659 0.386111 0.1967329 0.390525 0.229345 0.381587 0.212584 0.372458 0.216813 0.372458 0.216813 0.389874 0.231199 0.390525 0.229345 0.309592 0.1817319 0.30994 0.1940879 0.259531 0.19574 0.259531 0.19574 0.258992 0.183381 0.309592 0.1817319 0.326934 0.20059 0.30889 0.2096469 0.372458 0.216813 0.372458 0.216813 0.364665 0.2052109 0.326934 0.20059 0.362304 0.1869879 0.361536 0.1990749 0.30994 0.1940879 0.30994 0.1940879 0.309592 0.1817319 0.362304 0.1869879 0.326934 0.20059 0.290607 0.200958 0.30889 0.2096469 0.345984 0.1764979 0.293011 0.176599 0.292955 0.1445519 0.292955 0.1445519 0.345928 0.1444519 0.345984 0.1764979 0.240815 0.1769059 0.238076 0.17691 0.2380239 0.144863 0.2380239 0.144863 0.2407619 0.144859 0.240815 0.1769059 0.396611 0.176401 0.345984 0.1764979 0.345928 0.1444519 0.345928 0.1444519 0.396555 0.1443539 0.396611 0.176401 0.267232 0.1447089 0.267286 0.176756 0.240815 0.1769059 0.240815 0.1769059 0.2407619 0.144859 0.267232 0.1447089 0.292955 0.1445519 0.293011 0.176599 0.267286 0.176756 0.267286 0.176756 0.267232 0.1447089 0.292955 0.1445519 0.213016 0.1668159 0.213241 0.145668 0.2265509 0.145843 0.2265509 0.145843 0.230821 0.1670169 0.213016 0.1668159 0.574159 0.23995 0.604104 0.23954 0.572727 0.2372649 0.606572 0.2347199 0.606606 0.230883 0.572658 0.228864 0.572658 0.228864 0.572727 0.2372649 0.606572 0.2347199 0.603984 0.22681 0.573935 0.226157 0.572658 0.228864 0.570124 0.2289419 0.570185 0.23649 0.572727 0.2372649 0.572727 0.2372649 0.572658 0.228864 0.570124 0.2289419 0.430044 0.746197 0.429822 0.739007 0.425046 0.739168 0.425046 0.739168 0.425268 0.746358 0.430044 0.746197 0.425268 0.746358 0.425046 0.739168 0.417809 0.739395 0.417809 0.739395 0.418031 0.746585 0.425268 0.746358 0.434869 0.746062 0.434647 0.738872 0.429822 0.739007 0.429822 0.739007 0.430044 0.746197 0.434869 0.746062 0.4632 0.348518 0.403504 0.347614 0.429114 0.394051 0.429114 0.394051 0.435841 0.394051 0.4632 0.348518 0.463169 0.45491 0.4632 0.348518 0.435841 0.394051 0.435841 0.394051 0.435827 0.401446 0.463169 0.45491 0.429129 0.401446 0.401786 0.45491 0.463169 0.45491 0.463169 0.45491 0.435827 0.401446 0.429129 0.401446 0.429114 0.394051 0.403504 0.347614 0.401786 0.45491 0.401786 0.45491 0.429129 0.401446 0.429114 0.394051 0.526694 0.430432 0.475448 0.430432 0.475448 0.521807 0.475448 0.521807 0.526694 0.521807 0.526694 0.430432 0.383183 0.360458 0.383469 0.351955 0.373632 0.354081 0.373632 0.354081 0.375189 0.360458 0.383183 0.360458 0.383183 0.360458 0.375189 0.360458 0.375475 0.368028 0.375475 0.368028 0.382898 0.368028 0.383183 0.360458 0.35932 0.368028 0.359178 0.375964 0.367171 0.375964 0.367171 0.375964 0.369299 0.36935 0.35932 0.368028 0.35932 0.368028 0.369299 0.36935 0.369105 0.360458 0.369105 0.360458 0.359463 0.360459 0.35932 0.368028 0.375189 0.360458 0.369105 0.360458 0.369299 0.36935 0.369299 0.36935 0.375475 0.368028 0.375189 0.360458 0.423219 0.25425 0.410029 0.240947 0.404457 0.253352 0.404457 0.253352 0.410808 0.259747 0.423219 0.25425 0.410029 0.240947 0.39031 0.240987 0.394611 0.248995 0.394611 0.248995 0.404457 0.253352 0.410029 0.240947 0.423038 0.274022 0.423219 0.25425 0.410808 0.259747 0.410808 0.259747 0.41507 0.26964 0.423038 0.274022 0.399917 0.269924 0.39425 0.26424 0.386519 0.270949 0.386519 0.270949 0.39319 0.277642 0.399917 0.269924 0.399917 0.269924 0.410808 0.259747 0.404457 0.253352 0.404457 0.253352 0.39425 0.26424 0.399917 0.269924 0.390095 0.456548 0.381113 0.456548 0.385604 0.460437 0.299696 0.339543 0.299696 0.346609 0.306943 0.346609 0.306943 0.346609 0.306943 0.339543 0.299696 0.339543 0.306943 0.339543 0.306943 0.346609 0.314191 0.346609 0.314191 0.346609 0.314191 0.339543 0.306943 0.339543 0.314191 0.339543 0.314191 0.346609 0.321275 0.346609 0.321275 0.346609 0.321275 0.339543 0.314191 0.339543 0.294755 0.339543 0.294755 0.346609 0.299696 0.346609 0.299696 0.346609 0.299696 0.339543 0.294755 0.339543 0.495929 0.860923 0.4895 0.858696 0.494643 0.867604 0.473781 0.883885 0.478337 0.875995 0.472642 0.877968 0.34084 0.339161 0.34084 0.34622 0.348134 0.34622 0.348134 0.34622 0.348134 0.339161 0.34084 0.339161 0.348134 0.339161 0.348134 0.34622 0.355428 0.34622 0.355428 0.34622 0.355428 0.339161 0.348134 0.339161 0.355428 0.339161 0.355428 0.34622 0.362575 0.34622 0.362575 0.34622 0.362575 0.339161 0.355428 0.339161 0.335879 0.339161 0.335879 0.34622 0.34084 0.34622 0.34084 0.34622 0.34084 0.339161 0.335879 0.339161 0.508334 0.848874 0.501905 0.846648 0.507048 0.855555 0.478337 0.875995 0.473781 0.883885 0.479476 0.881913 0.507048 0.855555 0.501905 0.846648 0.500619 0.853328 0.381113 0.456548 0.390095 0.456548 0.385604 0.452658 0.494643 0.867604 0.4895 0.858696 0.488215 0.865377 0.386111 0.1967329 0.362304 0.1869879 0.361536 0.1990749 0.361536 0.1990749 0.380278 0.2029659 0.386111 0.1967329 0.381587 0.212584 0.372458 0.216813 0.364665 0.2052109 0.386111 0.1967329 0.380278 0.2029659 0.398232 0.2224109 0.398232 0.2224109 0.399082 0.2198079 0.386111 0.1967329 0.372458 0.216813 0.381587 0.212584 0.390525 0.229345 0.390525 0.229345 0.389874 0.231199 0.372458 0.216813 0.309592 0.1817319 0.258992 0.183381 0.259531 0.19574 0.259531 0.19574 0.30994 0.1940879 0.309592 0.1817319 0.326934 0.20059 0.364665 0.2052109 0.372458 0.216813 0.372458 0.216813 0.30889 0.2096469 0.326934 0.20059 0.362304 0.1869879 0.309592 0.1817319 0.30994 0.1940879 0.30994 0.1940879 0.361536 0.1990749 0.362304 0.1869879 0.326934 0.20059 0.30889 0.2096469 0.290607 0.200958 0.345984 0.1764979 0.345928 0.1444519 0.292955 0.1445519 0.292955 0.1445519 0.293011 0.176599 0.345984 0.1764979 0.240815 0.1769059 0.2407619 0.144859 0.2380239 0.144863 0.2380239 0.144863 0.238076 0.17691 0.240815 0.1769059 0.396611 0.176401 0.396555 0.1443539 0.345928 0.1444519 0.345928 0.1444519 0.345984 0.1764979 0.396611 0.176401 0.267232 0.1447089 0.2407619 0.144859 0.240815 0.1769059 0.240815 0.1769059 0.267286 0.176756 0.267232 0.1447089 0.292955 0.1445519 0.267232 0.1447089 0.267286 0.176756 0.267286 0.176756 0.293011 0.176599 0.292955 0.1445519 0.213016 0.1668159 0.230821 0.1670169 0.2265509 0.145843 0.2265509 0.145843 0.213241 0.145668 0.213016 0.1668159 0.483812 0.7394821 0.478646 0.745259 0.473645 0.739338 0.447946 0.735086 0.453031 0.7409361 0.445412 0.743528 0.470965 0.747731 0.478646 0.745259 0.478009 0.7494 0.48927 0.738237 0.486226 0.747958 0.483812 0.7394821 0.473645 0.739338 0.470965 0.747731 0.468254 0.737832 0.478646 0.745259 0.470965 0.747731 0.473645 0.739338 0.483812 0.7394821 0.486226 0.747958 0.478646 0.745259 0.447946 0.735086 0.458113 0.735084 0.453031 0.7409361 0.458113 0.735084 0.460679 0.743512 0.453031 0.7409361 0.624153 0.514231 0.584987 0.491618 0.629524 0.483779 0.600456 0.534117 0.584987 0.491618 0.624153 0.514231 0.569519 0.534117 0.584987 0.491618 0.600456 0.534117 0.545822 0.514231 0.584987 0.491618 0.569519 0.534117 0.540451 0.483779 0.584987 0.491618 0.545822 0.514231 0.555916 0.456982 0.584987 0.491618 0.540451 0.483779 0.584987 0.4464 0.584987 0.491618 0.555916 0.456982 0.614058 0.456982 0.584987 0.491618 0.584987 0.4464 0.629524 0.483779 0.584987 0.491618 0.614058 0.456982 0.615164 0.605911 0.646233 0.605911 0.646233 0.620019 0.646233 0.620019 0.615164 0.620019 0.615164 0.605911 0.646233 0.605911 0.677457 0.605911 0.677457 0.620019 0.677457 0.620019 0.646233 0.620019 0.646233 0.605911 0.404893 0.605911 0.428184 0.605911 0.428184 0.620019 0.428184 0.620019 0.404893 0.620019 0.404893 0.605911 0.428184 0.605911 0.459408 0.605911 0.459408 0.620019 0.459408 0.620019 0.428184 0.620019 0.428184 0.605911 0.459408 0.605911 0.490579 0.605911 0.490579 0.620019 0.490579 0.620019 0.459408 0.620019 0.459408 0.605911 0.490579 0.605911 0.521724 0.605911 0.521724 0.620019 0.521724 0.620019 0.490579 0.620019 0.490579 0.605911 0.521724 0.605911 0.55289 0.605911 0.55289 0.620019 0.55289 0.620019 0.521724 0.620019 0.521724 0.605911 0.55289 0.605911 0.58402 0.605911 0.58402 0.620019 0.58402 0.620019 0.55289 0.620019 0.55289 0.605911 0.58402 0.620019 0.58402 0.605911 0.615164 0.605911 0.615164 0.605911 0.615164 0.620019 0.58402 0.620019 0.657758 0.595116 0.650676 0.595116 0.650676 0.565348 0.650676 0.565348 0.657758 0.565348 0.657758 0.595116 0.684717 0.595116 0.678013 0.595116 0.678013 0.565348 0.678013 0.565348 0.684717 0.565348 0.684717 0.595116 0.678013 0.595116 0.667952 0.595116 0.667952 0.565348 0.667952 0.565348 0.678013 0.565348 0.678013 0.595116 0.667952 0.595116 0.657758 0.595116 0.657758 0.565348 0.657758 0.565348 0.667952 0.565348 0.667952 0.595116 0.490558 0.766501 0.4922 0.757968 0.498768 0.769345 0.498768 0.757968 0.502053 0.763657 0.498768 0.769345 0.498768 0.769345 0.4922 0.757968 0.498768 0.757968 0.629936 0.581833 0.629936 0.55933 0.63981 0.555765 0.63981 0.555765 0.63981 0.585397 0.629936 0.581833 0.613944 0.581833 0.613944 0.55933 0.629936 0.55933 0.629936 0.55933 0.629936 0.581833 0.613944 0.581833 0.613944 0.55933 0.613944 0.548832 0.629936 0.548832 0.629936 0.548832 0.629936 0.55933 0.613944 0.55933 0.613944 0.59233 0.613944 0.581833 0.629936 0.581833 0.629936 0.581833 0.629936 0.59233 0.613944 0.59233 0.405449 0.725285 0.405449 0.721657 0.417612 0.721657 0.417612 0.721657 0.417612 0.725285 0.405449 0.725285 0.472102 0.725285 0.463975 0.725285 0.463975 0.721657 0.463975 0.721657 0.472102 0.721657 0.472102 0.725285 0.463975 0.725285 0.450914 0.725285 0.450914 0.721657 0.450914 0.721657 0.463975 0.721657 0.463975 0.725285 0.438403 0.725285 0.438403 0.721657 0.450914 0.721657 0.450914 0.721657 0.450914 0.725285 0.438403 0.725285 0.438403 0.725285 0.43043 0.725285 0.43043 0.721657 0.43043 0.721657 0.438403 0.721657 0.438403 0.725285 0.43043 0.725285 0.417612 0.725285 0.417612 0.721657 0.417612 0.721657 0.43043 0.721657 0.43043 0.725285 0.513895 0.738996 0.513895 0.757141 0.503411 0.751781 0.503411 0.751781 0.503411 0.743873 0.513895 0.738996 0.524376 0.743873 0.524376 0.751781 0.513895 0.757141 0.513895 0.757141 0.513895 0.738996 0.524376 0.743873 0.516516 0.731692 0.490848 0.731692 0.490848 0.719879 0.490848 0.719879 0.516516 0.719879 0.516516 0.731692 0.480083 0.729664 0.480083 0.719879 0.490848 0.719879 0.490848 0.719879 0.490848 0.731692 0.480083 0.729664 0.451944 0.630481 0.477313 0.630481 0.477313 0.712876 0.477313 0.712876 0.451942 0.712876 0.451944 0.630481 0.49684 0.714929 0.49684 0.629334 0.51792 0.629334 0.51792 0.629334 0.51792 0.714929 0.49684 0.714929 0.562541 0.585171 0.533545 0.546174 0.593514 0.544892 0.562541 0.585171 0.593514 0.544892 0.598455 0.579876 0.562541 0.585171 0.598455 0.579876 0.5789 0.595945 0.49684 0.629334 0.49684 0.714929 0.477313 0.712876 0.477313 0.712876 0.477313 0.630481 0.49684 0.629334 0.516516 0.731692 0.516516 0.719879 0.527281 0.719879 0.527281 0.719879 0.527281 0.729664 0.516516 0.731692 0.533545 0.546174 0.562541 0.585171 0.543814 0.593644 0.451944 0.630481 0.451942 0.712876 0.414052 0.715478 0.414052 0.715478 0.414058 0.628774 0.451944 0.630481 0.473659 0.596835 0.457742 0.596835 0.457742 0.550471 0.457742 0.550471 0.473659 0.550471 0.473659 0.596835 0.405894 0.596683 0.405894 0.550472 0.457742 0.550471 0.457742 0.550471 0.457742 0.596835 0.405894 0.596683 0.473659 0.596835 0.473659 0.550471 0.525508 0.550471 0.525508 0.550471 0.525508 0.596682 0.473659 0.596835 0.473659 0.550471 0.473659 0.534554 0.525508 0.534554 0.525508 0.534554 0.525508 0.550471 0.473659 0.550471 0.516516 0.731692 0.516516 0.719879 0.490848 0.719879 0.490848 0.719879 0.490848 0.731692 0.516516 0.731692 0.480083 0.729664 0.490848 0.731692 0.490848 0.719879 0.490848 0.719879 0.480083 0.719879 0.480083 0.729664 0.451944 0.630481 0.451942 0.712876 0.477313 0.712876 0.477313 0.712876 0.477313 0.630481 0.451944 0.630481 0.49684 0.714929 0.51792 0.714929 0.51792 0.629334 0.51792 0.629334 0.49684 0.629334 0.49684 0.714929 0.562541 0.585171 0.5789 0.595945 0.598455 0.579876 0.598455 0.579876 0.593514 0.544892 0.533545 0.546174 0.562541 0.585171 0.598455 0.579876 0.533545 0.546174 0.49684 0.629334 0.477313 0.630481 0.477313 0.712876 0.477313 0.712876 0.49684 0.714929 0.49684 0.629334 0.516516 0.731692 0.527281 0.729664 0.527281 0.719879 0.527281 0.719879 0.516516 0.719879 0.516516 0.731692 0.533545 0.546174 0.543814 0.593644 0.562541 0.585171 0.414058 0.628774 0.414052 0.715478 0.451942 0.712876 0.451942 0.712876 0.451944 0.630481 0.414058 0.628774 0.473659 0.596835 0.473659 0.550471 0.457742 0.550471 0.457742 0.550471 0.457742 0.596835 0.473659 0.596835 0.405894 0.596683 0.457742 0.596835 0.457742 0.550471 0.457742 0.550471 0.405894 0.550472 0.405894 0.596683 0.473659 0.596835 0.525508 0.596682 0.525508 0.550471 0.525508 0.550471 0.473659 0.550471 0.473659 0.596835 0.473659 0.550471 0.525508 0.550471 0.525508 0.534554 0.525508 0.534554 0.473659 0.534554 0.473659 0.550471 0.229079 0.725669 0.229079 0.721348 0.316263 0.721348 0.316263 0.721348 0.316263 0.725669 0.229079 0.725669 0.142575 0.725669 0.142575 0.721348 0.229079 0.721348 0.229079 0.721348 0.229079 0.725669 0.142575 0.725669 0.316263 0.730825 0.229079 0.730825 0.229079 0.725669 0.229079 0.725669 0.316263 0.725669 0.316263 0.730825 0.229079 0.725669 0.229079 0.730825 0.142575 0.730825 0.142575 0.730825 0.142575 0.725669 0.229079 0.725669 0.229079 0.730825 0.316263 0.730825 0.316263 0.736929 0.316263 0.736929 0.229079 0.736929 0.229079 0.730825 0.142575 0.730825 0.229079 0.730825 0.229079 0.736929 0.229079 0.736929 0.142575 0.736929 0.142575 0.730825 0.26814 0.622168 0.18105 0.622168 0.18105 0.617793 0.18105 0.617793 0.26814 0.617793 0.26814 0.622168 0.354676 0.622168 0.26814 0.622168 0.26814 0.617793 0.26814 0.617793 0.354676 0.617793 0.354676 0.622168 0.18105 0.627342 0.18105 0.622168 0.26814 0.622168 0.26814 0.622168 0.26814 0.627342 0.18105 0.627342 0.26814 0.622168 0.354676 0.622168 0.354676 0.627342 0.354676 0.627342 0.26814 0.627342 0.26814 0.622168 0.26814 0.627342 0.26814 0.633467 0.18105 0.633467 0.18105 0.633467 0.18105 0.627342 0.26814 0.627342 0.354676 0.627342 0.354676 0.633467 0.26814 0.633467 0.26814 0.633467 0.26814 0.627342 0.354676 0.627342 0.229079 0.725669 0.316263 0.725669 0.316263 0.721348 0.316263 0.721348 0.229079 0.721348 0.229079 0.725669 0.142575 0.725669 0.229079 0.725669 0.229079 0.721348 0.229079 0.721348 0.142575 0.721348 0.142575 0.725669 0.316263 0.730825 0.316263 0.725669 0.229079 0.725669 0.229079 0.725669 0.229079 0.730825 0.316263 0.730825 0.229079 0.725669 0.142575 0.725669 0.142575 0.730825 0.142575 0.730825 0.229079 0.730825 0.229079 0.725669 0.229079 0.730825 0.229079 0.736929 0.316263 0.736929 0.316263 0.736929 0.316263 0.730825 0.229079 0.730825 0.142575 0.730825 0.142575 0.736929 0.229079 0.736929 0.229079 0.736929 0.229079 0.730825 0.142575 0.730825 0.26814 0.622168 0.26814 0.617793 0.18105 0.617793 0.18105 0.617793 0.18105 0.622168 0.26814 0.622168 0.354676 0.622168 0.354676 0.617793 0.26814 0.617793 0.26814 0.617793 0.26814 0.622168 0.354676 0.622168 0.18105 0.627342 0.26814 0.627342 0.26814 0.622168 0.26814 0.622168 0.18105 0.622168 0.18105 0.627342 0.26814 0.622168 0.26814 0.627342 0.354676 0.627342 0.354676 0.627342 0.354676 0.622168 0.26814 0.622168 0.26814 0.627342 0.18105 0.627342 0.18105 0.633467 0.18105 0.633467 0.26814 0.633467 0.26814 0.627342 0.354676 0.627342 0.26814 0.627342 0.26814 0.633467 0.26814 0.633467 0.354676 0.633467 0.354676 0.627342 0.100359 0.788641 0.10321 0.803908 0.088988 0.819809 0.088988 0.819809 0.08429098 0.791858 0.100359 0.788641 0.08429098 0.791858 0.088988 0.819809 0.06780397 0.822431 0.06780397 0.822431 0.06554299 0.794179 0.08429098 0.791858 0.04917597 0.794976 0.050134 0.810479 0.02878999 0.810103 0.02878999 0.810103 0.03029495 0.794642 0.04917597 0.794976 0.04946994 0.778589 0.04917597 0.794976 0.03029495 0.794642 0.03029495 0.794642 0.03058195 0.778254 0.04946994 0.778589 0.04917597 0.794976 0.06554299 0.794179 0.06780397 0.822431 0.06780397 0.822431 0.050134 0.810479 0.04917597 0.794976 0.242431 0.648108 0.242434 0.642145 0.255726 0.642156 0.255726 0.642156 0.25572 0.648118 0.242431 0.648108 0.242434 0.642145 0.242431 0.648108 0.223917 0.6481021 0.223917 0.6481021 0.2239199 0.64214 0.242434 0.642145 0.2239199 0.64214 0.223917 0.6481021 0.210583 0.648091 0.210583 0.648091 0.210589 0.642129 0.2239199 0.64214 0.352511 0.594554 0.33489 0.594456 0.329294 0.582477 0.329294 0.582477 0.358128 0.58263 0.352511 0.594554 0.141374 0.802093 0.153352 0.807688 0.15345 0.82531 0.15345 0.82531 0.1415269 0.830927 0.141374 0.802093 0.285403 0.642187 0.285397 0.648149 0.25572 0.648118 0.25572 0.648118 0.255726 0.642156 0.285403 0.642187 0.18105 0.648061 0.181056 0.642098 0.210589 0.642129 0.210589 0.642129 0.210583 0.648091 0.18105 0.648061 0.329294 0.582477 0.329294 0.552944 0.358128 0.552953 0.358128 0.552953 0.358128 0.58263 0.329294 0.582477 0.141374 0.802093 0.1415269 0.830927 0.111849 0.830927 0.111849 0.830927 0.11184 0.802093 0.141374 0.802093 0.285403 0.642187 0.314238 0.642217 0.314232 0.648179 0.314232 0.648179 0.285397 0.648149 0.285403 0.642187 0.009006977 0.681371 0.01497 0.681367 0.01497197 0.694659 0.01497197 0.694659 0.009009957 0.694659 0.009006977 0.681371 0.01497 0.681367 0.009006977 0.681371 0.008991956 0.662856 0.008991956 0.662856 0.01495498 0.662853 0.01497 0.681367 0.01495498 0.662853 0.008991956 0.662856 0.008988976 0.649522 0.008988976 0.649522 0.014952 0.649523 0.01495498 0.662853 0.205296 0.807709 0.205198 0.825331 0.193219 0.830927 0.193219 0.830927 0.193372 0.802093 0.205296 0.807709 0.219689 0.864868 0.2316679 0.870464 0.231766 0.888086 0.231766 0.888086 0.219842 0.893703 0.219689 0.864868 0.01497197 0.724337 0.009009957 0.724337 0.009009957 0.694659 0.009009957 0.694659 0.01497197 0.694659 0.01497197 0.724337 0.008988976 0.619989 0.014952 0.619989 0.014952 0.649523 0.014952 0.649523 0.008988976 0.649522 0.008988976 0.619989 0.193219 0.830927 0.163686 0.830927 0.163695 0.802093 0.163695 0.802093 0.193372 0.802093 0.193219 0.830927 0.219689 0.864868 0.219842 0.893703 0.190165 0.893703 0.190165 0.893703 0.190156 0.864868 0.219689 0.864868 0.014952 0.591155 0.014952 0.619989 0.008988976 0.619989 0.008988976 0.619989 0.008988976 0.591155 0.014952 0.591155 0.243687 0.1309689 0.243606 0.1216549 0.266171 0.1307719 0.266171 0.1307719 0.259643 0.1374149 0.243687 0.1309689 0.01867395 0.728856 0.01867395 0.738169 0.008266985 0.738169 0.008266985 0.738169 0.008266985 0.728856 0.01867395 0.728856 0.01867395 0.738169 0.01867395 0.747483 0.008266985 0.747483 0.008266985 0.747483 0.008266985 0.738169 0.01867395 0.738169 0.01867395 0.747483 0.01867395 0.756797 0.008266985 0.756797 0.008266985 0.756797 0.008266985 0.747483 0.01867395 0.747483 0.01867395 0.756797 0.01867395 0.76611 0.008266985 0.76611 0.008266985 0.76611 0.008266985 0.756797 0.01867395 0.756797 0.01867395 0.76611 0.01867395 0.775424 0.008266985 0.775424 0.008266985 0.775424 0.008266985 0.76611 0.01867395 0.76611 0.01867395 0.775424 0.01867395 0.784738 0.008266985 0.784738 0.008266985 0.784738 0.008266985 0.775424 0.01867395 0.775424 0.992297 0.767722 0.97634 0.761276 0.985654 0.761195 0.250134 0.1150119 0.26609 0.121459 0.266171 0.1307719 0.266171 0.1307719 0.243606 0.1216549 0.250134 0.1150119 0.98585 0.783679 0.969894 0.777232 0.969812 0.767919 0.969812 0.767919 0.992378 0.777036 0.98585 0.783679 0.259643 0.1374149 0.25033 0.137497 0.243687 0.1309689 0.992378 0.777036 0.969812 0.767919 0.97634 0.761276 0.97634 0.761276 0.992297 0.767722 0.992378 0.777036 0.250134 0.1150119 0.259447 0.1149309 0.26609 0.121459 0.98585 0.783679 0.976537 0.78376 0.969894 0.777232 0.299779 0.710048 0.299574 0.693938 0.308242 0.693827 0.308242 0.693827 0.308447 0.709938 0.299779 0.710048 0.299574 0.693938 0.299779 0.710048 0.289906 0.710174 0.289906 0.710174 0.289701 0.694063 0.299574 0.693938 0.289701 0.694063 0.289906 0.710174 0.281215 0.710285 0.281215 0.710285 0.28101 0.694174 0.289701 0.694063 0.320555 0.752653 0.320121 0.762518 0.312714 0.767064 0.312714 0.767064 0.313545 0.747553 0.320555 0.752653 0.266917 0.868221 0.273962 0.873311 0.273654 0.88318 0.273654 0.88318 0.266281 0.887739 0.266917 0.868221 0.332436 0.696968 0.332553 0.706181 0.308447 0.709938 0.308447 0.709938 0.308242 0.693827 0.332436 0.696968 0.257117 0.707143 0.256999 0.697929 0.28101 0.694174 0.28101 0.694174 0.281215 0.710285 0.257117 0.707143 0.312714 0.767064 0.288412 0.767235 0.28923 0.7455601 0.28923 0.7455601 0.313545 0.747553 0.312714 0.767064 0.266917 0.868221 0.266281 0.887739 0.2418839 0.8879 0.2418839 0.8879 0.242697 0.866225 0.266917 0.868221 0.310049 0.36786 0.291924 0.359333 0.309884 0.359684 0.290572 0.371295 0.269783 0.373459 0.271957 0.357018 0.271957 0.357018 0.291924 0.359333 0.290572 0.371295 0.261078 0.393592 0.258747 0.383868 0.267741 0.378161 0.267741 0.378161 0.272047 0.394247 0.261078 0.393592 0.272047 0.394247 0.267741 0.378161 0.290632 0.377659 0.290632 0.377659 0.291729 0.386754 0.272047 0.394247 0.309323 0.381095 0.291729 0.386754 0.290632 0.377659 0.342593 0.483848 0.02780598 0.483848 0.02780598 0.475716 0.02780598 0.475716 0.342593 0.475716 0.342593 0.483848 0.342593 0.491981 0.02780598 0.491981 0.02780598 0.483848 0.02780598 0.483848 0.342593 0.483848 0.342593 0.491981 0.342593 0.500113 0.02780598 0.500113 0.02780598 0.491981 0.02780598 0.491981 0.342593 0.491981 0.342593 0.500113 0.193125 0.319087 0.03047996 0.319087 0.03047996 0.310959 0.03047996 0.310959 0.193125 0.310959 0.193125 0.319087 0.193125 0.327214 0.03047996 0.327214 0.03047996 0.319087 0.03047996 0.319087 0.193125 0.319087 0.193125 0.327214 0.193125 0.335343 0.03047996 0.335343 0.03047996 0.327214 0.03047996 0.327214 0.193125 0.327214 0.193125 0.335343 0.315799 0.382218 0.312702 0.386243 0.309323 0.381095 0.329893 0.36152 0.33062 0.367808 0.323763 0.367825 0.323763 0.367825 0.32383 0.361554 0.329893 0.36152 0.33062 0.367808 0.329849 0.374187 0.323706 0.374369 0.323706 0.374369 0.323763 0.367825 0.33062 0.367808 0.323706 0.374369 0.329849 0.374187 0.328574 0.381127 0.328574 0.381127 0.322157 0.381117 0.323706 0.374369 0.260943 0.368714 0.260157 0.358591 0.271957 0.357018 0.271957 0.357018 0.269783 0.373459 0.260943 0.368714 0.260943 0.368714 0.257381 0.370113 0.260157 0.358591 0.271957 0.357018 0.260157 0.358591 0.27073 0.351608 0.267741 0.378161 0.257381 0.370113 0.260943 0.368714 0.260943 0.368714 0.269783 0.373459 0.267741 0.378161 0.271957 0.357018 0.27073 0.351608 0.291924 0.359333 0.290572 0.371295 0.290632 0.377659 0.267741 0.378161 0.267741 0.378161 0.269783 0.373459 0.290572 0.371295 0.31142 0.374733 0.290632 0.377659 0.290572 0.371295 0.310049 0.36786 0.290572 0.371295 0.291924 0.359333 0.310049 0.36786 0.31142 0.374733 0.290572 0.371295 0.309323 0.381095 0.312702 0.386243 0.291729 0.386754 0.290632 0.377659 0.31142 0.374733 0.309323 0.381095 0.352423 0.752306 0.352507 0.761931 0.329186 0.752509 0.329186 0.752509 0.335932 0.745643 0.352423 0.752306 0.914524 0.991803 0.904381 0.991803 0.904381 0.980468 0.904381 0.980468 0.914524 0.980468 0.914524 0.991803 0.904381 0.991803 0.894237 0.991803 0.894237 0.980468 0.894237 0.980468 0.904381 0.980468 0.904381 0.991803 0.894237 0.991803 0.884093 0.991803 0.884093 0.980468 0.884093 0.980468 0.894237 0.980468 0.894237 0.991803 0.884093 0.991803 0.87395 0.991803 0.87395 0.980468 0.87395 0.980468 0.884093 0.980468 0.884093 0.991803 0.87395 0.991803 0.863806 0.991803 0.863806 0.980468 0.863806 0.980468 0.87395 0.980468 0.87395 0.991803 0.863806 0.991803 0.853662 0.991803 0.853662 0.980468 0.853662 0.980468 0.863806 0.980468 0.863806 0.991803 0.853662 0.991803 0.843519 0.991803 0.843519 0.980468 0.843519 0.980468 0.853662 0.980468 0.853662 0.991803 0.264528 0.984234 0.281019 0.990897 0.271394 0.990981 0.34576 0.768796 0.32927 0.762134 0.329186 0.752509 0.329186 0.752509 0.352507 0.761931 0.34576 0.768796 0.271191 0.967744 0.287681 0.974407 0.287765 0.984032 0.287765 0.984032 0.264444 0.97461 0.271191 0.967744 0.335932 0.745643 0.345557 0.7455601 0.352423 0.752306 0.264444 0.97461 0.287765 0.984032 0.281019 0.990897 0.281019 0.990897 0.264528 0.984234 0.264444 0.97461 0.34576 0.768796 0.336135 0.76888 0.32927 0.762134 0.271191 0.967744 0.280816 0.96766 0.287681 0.974407 0.207453 0.711468 0.207454 0.693827 0.2172639 0.693827 0.2172639 0.693827 0.217271 0.711467 0.207453 0.711468 0.207454 0.693827 0.207453 0.711468 0.196303 0.711468 0.196303 0.711468 0.196312 0.693828 0.207454 0.693827 0.1168529 0.793061 0.111859 0.785947 0.118237 0.778483 0.192773 0.778587 0.1991299 0.786069 0.194117 0.793168 0.2483569 0.69511 0.248368 0.710125 0.217271 0.711467 0.217271 0.711467 0.2172639 0.693827 0.2483569 0.69511 0.166565 0.710127 0.166577 0.695112 0.196312 0.693828 0.196312 0.693828 0.196303 0.711468 0.166565 0.710127 0.118237 0.778483 0.147997 0.778254 0.147973 0.793441 0.147973 0.793441 0.1168529 0.793061 0.118237 0.778483 0.192773 0.778587 0.194117 0.793168 0.162991 0.793462 0.162991 0.793462 0.163009 0.778275 0.192773 0.778587 0.05941599 0.935059 0.05996596 0.914584 0.06523197 0.914725 0.06523197 0.914725 0.06468099 0.9352 0.05941599 0.935059 0.05996596 0.914584 0.05941599 0.935059 0.05411899 0.934918 0.05411899 0.934918 0.05466896 0.914443 0.05996596 0.914584 0.325922 0.649439 0.322873 0.645959 0.325901 0.642392 0.376474 0.642098 0.379543 0.645629 0.376534 0.649145 0.08032596 0.915157 0.07977598 0.935563 0.06468099 0.9352 0.06468099 0.9352 0.06523197 0.914725 0.08032596 0.915157 0.03904598 0.934469 0.03959494 0.914063 0.05466896 0.914443 0.05466896 0.914443 0.05411899 0.934918 0.03904598 0.934469 0.325901 0.642392 0.340981 0.642301 0.341021 0.649371 0.341021 0.649371 0.325922 0.649439 0.325901 0.642392 0.376474 0.642098 0.376534 0.649145 0.361435 0.64925 0.361435 0.64925 0.361394 0.642179 0.376474 0.642098 0.340981 0.642301 0.361394 0.642179 0.361435 0.64925 0.361435 0.64925 0.341021 0.649371 0.340981 0.642301 0.147997 0.778254 0.163009 0.778275 0.162991 0.793462 0.162991 0.793462 0.147973 0.793441 0.147997 0.778254 0.569167 0.399774 0.557751 0.408448 0.551708 0.400069 0.551708 0.400069 0.568594 0.395589 0.569167 0.399774 0.620659 0.414967 0.623179 0.397671 0.632203 0.402623 0.632203 0.402623 0.624933 0.415056 0.620659 0.414967 0.464561 0.984035 0.464366 0.99221 0.450193 0.98777 0.557751 0.408448 0.544759 0.4067201 0.551708 0.400069 0.623179 0.397671 0.629003 0.389982 0.632203 0.402623 0.558038 0.417984 0.550021 0.433694 0.543178 0.420592 0.642796 0.386851 0.656724 0.392645 0.641621 0.401798 0.484308 0.993683 0.473822 0.993855 0.474071 0.982884 0.474071 0.982884 0.484438 0.983471 0.484308 0.993683 0.566124 0.424798 0.586435 0.421953 0.587963 0.433871 0.587963 0.433871 0.563732 0.437965 0.566124 0.424798 0.657879 0.430933 0.646079 0.429242 0.648794 0.409201 0.648794 0.409201 0.661844 0.406389 0.657879 0.430933 0.504606 0.985774 0.504605 0.991646 0.484308 0.993683 0.484308 0.993683 0.484438 0.983471 0.504606 0.985774 0.558038 0.417984 0.543178 0.420592 0.544759 0.4067201 0.544759 0.4067201 0.557751 0.408448 0.558038 0.417984 0.629003 0.389982 0.642796 0.386851 0.641621 0.401798 0.641621 0.401798 0.632203 0.402623 0.629003 0.389982 0.474071 0.982884 0.473822 0.993855 0.464366 0.99221 0.464366 0.99221 0.464561 0.984035 0.474071 0.982884 0.517373 0.985676 0.528951 0.988317 0.517472 0.991539 0.504605 0.991646 0.504606 0.985774 0.517373 0.985676 0.517373 0.985676 0.517472 0.991539 0.504605 0.991646 0.597974 0.416162 0.599159 0.437385 0.587963 0.433871 0.587963 0.433871 0.586435 0.421953 0.597974 0.416162 0.661095 0.442369 0.639919 0.440428 0.646079 0.429242 0.646079 0.429242 0.657879 0.430933 0.661095 0.442369 0.608215 0.421431 0.607655 0.432841 0.599159 0.437385 0.599159 0.437385 0.597974 0.416162 0.608215 0.421431 0.656259 0.450724 0.644801 0.450883 0.639919 0.440428 0.639919 0.440428 0.661095 0.442369 0.656259 0.450724 0.558038 0.417984 0.566124 0.424798 0.550021 0.433694 0.656724 0.392645 0.648794 0.409201 0.641621 0.401798 0.566124 0.424798 0.563732 0.437965 0.550021 0.433694 0.656724 0.392645 0.661844 0.406389 0.648794 0.409201 0.340502 0.671882 0.166589 0.671577 0.1665999 0.664919 0.1665999 0.664919 0.340513 0.665224 0.340502 0.671882 0.34049 0.678539 0.166577 0.678235 0.166589 0.671577 0.166589 0.671577 0.340502 0.671882 0.34049 0.678539 0.340479 0.6851961 0.166565 0.684892 0.166577 0.678235 0.166577 0.678235 0.34049 0.678539 0.340479 0.6851961 0.340513 0.665224 0.1665999 0.664919 0.166612 0.658262 0.166612 0.658262 0.340525 0.658567 0.340513 0.665224 0.481228 0.416987 0.477788 0.416985 0.476434 0.411478 0.476434 0.411478 0.482584 0.411478 0.481228 0.416987 0.47643 0.366993 0.482581 0.366992 0.48259 0.381826 0.48259 0.381826 0.476427 0.381826 0.47643 0.366993 0.476427 0.381826 0.48259 0.381826 0.48259 0.396644 0.48259 0.396644 0.476428 0.396645 0.476427 0.381826 0.476428 0.396645 0.48259 0.396644 0.482584 0.411478 0.482584 0.411478 0.476434 0.411478 0.476428 0.396645 0.482581 0.366992 0.47643 0.366993 0.477786 0.361592 0.477786 0.361592 0.481226 0.361594 0.482581 0.366992 0.911547 0.465372 0.901193 0.456866 0.901193 0.453335 0.901193 0.453335 0.911547 0.444829 0.911547 0.465372 0.74597 0.005442976 0.74597 0.01237201 0.740952 0.01237201 0.740952 0.01237201 0.740952 0.005442976 0.74597 0.005442976 0.887038 0.465372 0.887038 0.444829 0.897392 0.453335 0.897392 0.453335 0.897392 0.456866 0.887038 0.465372 0.735933 0.01237201 0.730914 0.01237201 0.730914 0.005442976 0.730914 0.005442976 0.735933 0.005442976 0.735933 0.01237201 0.735933 0.01237201 0.735933 0.005442976 0.740952 0.005442976 0.740952 0.005442976 0.740952 0.01237201 0.735933 0.01237201 0.750989 0.005442976 0.750989 0.01237201 0.74597 0.01237201 0.74597 0.01237201 0.74597 0.005442976 0.750989 0.005442976 0.887038 0.465372 0.897392 0.456866 0.901193 0.456866 0.901193 0.456866 0.911547 0.465372 0.887038 0.465372 0.887038 0.444829 0.911547 0.444829 0.901193 0.453335 0.901193 0.453335 0.897392 0.453335 0.887038 0.444829 0.389427 0.622812 0.378091 0.622812 0.383767 0.617118 0.99216 0.934817 0.994793 0.934817 0.994794 0.949925 0.994794 0.949925 0.992161 0.949925 0.99216 0.934817 0.389427 0.622812 0.383767 0.617118 0.395562 0.608827 0.395562 0.608827 0.397752 0.611016 0.389427 0.622812 0.224629 0.818385 0.230322 0.824046 0.218527 0.83237 0.218527 0.83237 0.216337 0.830181 0.224629 0.818385 0.99216 0.934817 0.992161 0.91971 0.994794 0.91971 0.994794 0.91971 0.994793 0.934817 0.99216 0.934817 0.389427 0.622812 0.397751 0.634607 0.395562 0.636797 0.395562 0.636797 0.383766 0.62843 0.389427 0.622812 0.2359409 0.818385 0.244307 0.830181 0.242118 0.83237 0.242118 0.83237 0.230322 0.824046 0.2359409 0.818385 0.439936 0.468724 0.424838 0.468722 0.424839 0.466088 0.424839 0.466088 0.439936 0.466091 0.439936 0.468724 0.378091 0.622812 0.369782 0.611016 0.371971 0.608827 0.371971 0.608827 0.383767 0.617118 0.378091 0.622812 0.224629 0.818385 0.216337 0.80659 0.218527 0.804401 0.218527 0.804401 0.230322 0.81271 0.224629 0.818385 0.439936 0.468724 0.439936 0.466091 0.455033 0.466088 0.455033 0.466088 0.455034 0.468722 0.439936 0.468724 0.378091 0.622812 0.383766 0.62843 0.371971 0.636797 0.371971 0.636797 0.369782 0.634607 0.378091 0.622812 0.2359409 0.818385 0.230322 0.81271 0.242118 0.8044 0.242118 0.8044 0.244307 0.80659 0.2359409 0.818385 0.230322 0.824046 0.224629 0.818385 0.230322 0.81271 0.230322 0.81271 0.2359409 0.818385 0.230322 0.824046 0.389427 0.622812 0.383766 0.62843 0.378091 0.622812 0.41475 0.302089 0.406567 0.302089 0.406403 0.292597 0.406403 0.292597 0.414584 0.292597 0.41475 0.302089 0.752717 0.397369 0.768025 0.397369 0.768025 0.406863 0.768025 0.406863 0.752717 0.406863 0.752717 0.397369 0.909004 0.310162 0.895485 0.310737 0.895485 0.295429 0.895485 0.295429 0.909004 0.296004 0.909004 0.310162 0.684781 0.390319 0.684946 0.399811 0.671434 0.400515 0.671434 0.400515 0.671269 0.391021 0.684781 0.390319 0.753292 0.420381 0.752717 0.406863 0.768025 0.406863 0.768025 0.406863 0.76745 0.420381 0.753292 0.420381 0.41475 0.302089 0.414584 0.292597 0.428114 0.29283 0.428114 0.29283 0.428279 0.302323 0.41475 0.302089 0.684946 0.399811 0.684781 0.390319 0.692959 0.390034 0.692959 0.390034 0.693123 0.399527 0.684946 0.399811 0.909004 0.296004 0.913107 0.303083 0.909004 0.310162 0.76745 0.420381 0.760371 0.424484 0.753292 0.420381 0.63092 0.439816 0.63092 0.448259 0.621125 0.448428 0.621125 0.448428 0.621125 0.439986 0.63092 0.439816 0.897282 0.1664419 0.881636 0.1664419 0.881636 0.1567379 0.881636 0.1567379 0.897282 0.1567379 0.897282 0.1664419 0.677109 0.362241 0.691161 0.361643 0.691161 0.377556 0.691161 0.377556 0.677109 0.376958 0.677109 0.362241 0.650243 0.458928 0.650413 0.468722 0.636471 0.469448 0.636471 0.469448 0.636301 0.459653 0.650243 0.458928 0.896694 0.1429219 0.897282 0.1567379 0.881636 0.1567379 0.881636 0.1567379 0.882224 0.1429219 0.896694 0.1429219 0.63092 0.439816 0.621125 0.439986 0.621366 0.426027 0.621366 0.426027 0.631161 0.425857 0.63092 0.439816 0.650413 0.468722 0.650243 0.458928 0.65868 0.458634 0.65868 0.458634 0.65885 0.468429 0.650413 0.468722 0.677109 0.376958 0.672844 0.369599 0.677109 0.362241 0.882224 0.1429219 0.889459 0.138728 0.896694 0.1429219 0.911547 0.465372 0.901193 0.456866 0.901193 0.453335 0.901193 0.453335 0.911547 0.444829 0.911547 0.465372 0.74597 0.005442976 0.74597 0.01237201 0.740952 0.01237201 0.740952 0.01237201 0.740952 0.005442976 0.74597 0.005442976 0.887038 0.465372 0.887038 0.444829 0.897392 0.453335 0.897392 0.453335 0.897392 0.456866 0.887038 0.465372 0.735933 0.01237201 0.730914 0.01237201 0.730914 0.005442976 0.730914 0.005442976 0.735933 0.005442976 0.735933 0.01237201 0.735933 0.01237201 0.735933 0.005442976 0.740952 0.005442976 0.740952 0.005442976 0.740952 0.01237201 0.735933 0.01237201 0.750989 0.005442976 0.750989 0.01237201 0.74597 0.01237201 0.74597 0.01237201 0.74597 0.005442976 0.750989 0.005442976 0.884842 0.381822 0.889784 0.394556 0.879572 0.407153 0.879572 0.407153 0.864715 0.40511 0.884842 0.381822 0.864715 0.40511 0.879572 0.407153 0.886028 0.422757 0.886028 0.422757 0.877194 0.433382 0.864715 0.40511 0.877194 0.433382 0.886028 0.422757 0.902186 0.426525 0.902186 0.426525 0.907488 0.440049 0.877194 0.433382 0.907488 0.440049 0.902186 0.426525 0.911307 0.412549 0.911307 0.412549 0.925166 0.414569 0.907488 0.440049 0.925166 0.414569 0.911307 0.412549 0.906295 0.396568 0.906295 0.396568 0.915599 0.385139 0.925166 0.414569 0.884842 0.381822 0.915599 0.385139 0.906295 0.396568 0.906295 0.396568 0.889784 0.394556 0.884842 0.381822 0.894886 0.405834 0.900509 0.410834 0.895709 0.414699 0.891154 0.410925 0.894886 0.405834 0.895709 0.414699 0.889784 0.394556 0.906295 0.396568 0.894886 0.405834 0.906295 0.396568 0.911307 0.412549 0.900509 0.410834 0.900509 0.410834 0.894886 0.405834 0.906295 0.396568 0.911307 0.412549 0.902186 0.426525 0.895709 0.414699 0.895709 0.414699 0.900509 0.410834 0.911307 0.412549 0.902186 0.426525 0.886028 0.422757 0.895709 0.414699 0.886028 0.422757 0.891154 0.410925 0.895709 0.414699 0.886028 0.422757 0.879572 0.407153 0.891154 0.410925 0.879572 0.407153 0.889784 0.394556 0.894886 0.405834 0.894886 0.405834 0.891154 0.410925 0.879572 0.407153 0.887038 0.465372 0.897392 0.456866 0.901193 0.456866 0.901193 0.456866 0.911547 0.465372 0.887038 0.465372 0.887038 0.444829 0.911547 0.444829 0.901193 0.453335 0.901193 0.453335 0.897392 0.453335 0.887038 0.444829 0.911547 0.465372 0.901193 0.456866 0.901193 0.453335 0.901193 0.453335 0.911547 0.444829 0.911547 0.465372 0.74597 0.005442976 0.74597 0.01237201 0.740952 0.01237201 0.740952 0.01237201 0.740952 0.005442976 0.74597 0.005442976 0.887038 0.465372 0.887038 0.444829 0.897392 0.453335 0.897392 0.453335 0.897392 0.456866 0.887038 0.465372 0.735933 0.01237201 0.730914 0.01237201 0.730914 0.005442976 0.730914 0.005442976 0.735933 0.005442976 0.735933 0.01237201 0.735933 0.01237201 0.735933 0.005442976 0.740952 0.005442976 0.740952 0.005442976 0.740952 0.01237201 0.735933 0.01237201 0.750989 0.005442976 0.750989 0.01237201 0.74597 0.01237201 0.74597 0.01237201 0.74597 0.005442976 0.750989 0.005442976 0.884842 0.381822 0.889784 0.394556 0.879572 0.407153 0.879572 0.407153 0.864715 0.40511 0.884842 0.381822 0.864715 0.40511 0.879572 0.407153 0.886028 0.422757 0.886028 0.422757 0.877194 0.433382 0.864715 0.40511 0.877194 0.433382 0.886028 0.422757 0.902186 0.426525 0.902186 0.426525 0.907488 0.440049 0.877194 0.433382 0.907488 0.440049 0.902186 0.426525 0.911307 0.412549 0.911307 0.412549 0.925166 0.414569 0.907488 0.440049 0.925166 0.414569 0.911307 0.412549 0.906295 0.396568 0.906295 0.396568 0.915599 0.385139 0.925166 0.414569 0.884842 0.381822 0.915599 0.385139 0.906295 0.396568 0.906295 0.396568 0.889784 0.394556 0.884842 0.381822 0.894886 0.405834 0.900509 0.410834 0.895709 0.414699 0.891154 0.410925 0.894886 0.405834 0.895709 0.414699 0.889784 0.394556 0.906295 0.396568 0.894886 0.405834 0.906295 0.396568 0.911307 0.412549 0.900509 0.410834 0.900509 0.410834 0.894886 0.405834 0.906295 0.396568 0.911307 0.412549 0.902186 0.426525 0.895709 0.414699 0.895709 0.414699 0.900509 0.410834 0.911307 0.412549 0.902186 0.426525 0.886028 0.422757 0.895709 0.414699 0.886028 0.422757 0.891154 0.410925 0.895709 0.414699 0.886028 0.422757 0.879572 0.407153 0.891154 0.410925 0.879572 0.407153 0.889784 0.394556 0.894886 0.405834 0.894886 0.405834 0.891154 0.410925 0.879572 0.407153 0.887038 0.465372 0.897392 0.456866 0.901193 0.456866 0.901193 0.456866 0.911547 0.465372 0.887038 0.465372 0.887038 0.444829 0.911547 0.444829 0.901193 0.453335 0.901193 0.453335 0.897392 0.453335 0.887038 0.444829 0.962651 0.55511 0.96265 0.508203 0.989432 0.55511 0.989432 0.46278 0.96265 0.508203 0.962695 0.46278 0.860642 0.462782 0.860628 0.508204 0.78941 0.462818 0.937651 0.508204 0.96265 0.508203 0.962651 0.55511 0.962651 0.55511 0.937651 0.55511 0.937651 0.508204 0.937651 0.508204 0.937651 0.55511 0.891716 0.55511 0.891716 0.55511 0.891716 0.508204 0.937651 0.508204 0.878932 0.508204 0.878932 0.555111 0.860628 0.508204 0.78941 0.555111 0.860628 0.508204 0.878932 0.555111 0.891716 0.55511 0.878932 0.555111 0.878932 0.508204 0.878932 0.508204 0.891716 0.508204 0.891716 0.55511 0.96265 0.508203 0.989432 0.46278 0.989432 0.55511 0.78941 0.555111 0.78941 0.462818 0.860628 0.508204 0.02871495 0.01004302 0.06329196 0.02245098 0.02897799 0.02323698 0.09072899 0.02164798 0.06329196 0.02245098 0.09045696 0.008745014 0.09130895 0.144914 0.06368499 0.09966802 0.09113395 0.09975004 0.02897799 0.02323698 0.06329196 0.02245098 0.06340599 0.04583603 0.06340599 0.04583603 0.0291 0.04601299 0.02897799 0.02323698 0.0291 0.04601299 0.06340599 0.04583603 0.06355899 0.07537198 0.06355899 0.07537198 0.02925097 0.07555001 0.0291 0.04601299 0.02937597 0.09960699 0.06368499 0.09966802 0.02957797 0.145187 0.06368499 0.09966802 0.02937597 0.09960699 0.02925097 0.07555001 0.02925097 0.07555001 0.06355899 0.07537198 0.06368499 0.09966802 0.02871495 0.01004302 0.09045696 0.008745014 0.06329196 0.02245098 0.06368499 0.09966802 0.09130895 0.144914 0.02957797 0.145187 0.537626 0.660526 0.537511 0.63 0.582933 0.630022 0.582933 0.630022 0.582945 0.660525 0.537626 0.660526 0.582945 0.689423 0.582945 0.725139 0.537626 0.725135 0.537626 0.725135 0.537627 0.689423 0.582945 0.689423 0.582945 0.725139 0.582933 0.746546 0.537511 0.746535 0.537511 0.746535 0.537626 0.725135 0.582945 0.725139 0.582945 0.660525 0.582945 0.689423 0.537627 0.689423 0.537627 0.689423 0.537626 0.660526 0.582945 0.660525 0.464229 0.772011 0.466215 0.759679 0.487507 0.78113 0.464229 0.772011 0.438095 0.754334 0.466215 0.759679 0.464229 0.772011 0.418293 0.772008 0.438095 0.754334 0.391106 0.781272 0.403789 0.763487 0.40941 0.781203 0.403789 0.763487 0.438095 0.754334 0.418293 0.772008 0.07000195 0.300457 0.070001 0.257467 0.128704 0.257467 0.128704 0.257467 0.128701 0.300457 0.07000195 0.300457 0.128701 0.300457 0.128704 0.257467 0.169697 0.25735 0.169697 0.25735 0.169372 0.300475 0.128701 0.300457 0.02747797 0.300474 0.027251 0.25735 0.070001 0.257467 0.070001 0.257467 0.07000195 0.300457 0.02747797 0.300474 0.315154 0.895001 0.358205 0.896386 0.359996 0.906068 0.359996 0.906068 0.308613 0.904436 0.315154 0.895001 0.285231 0.875381 0.315154 0.895001 0.308613 0.904436 0.358205 0.896386 0.385399 0.875525 0.359996 0.906068 0.403789 0.763487 0.418293 0.772008 0.40941 0.781203 0.311949 0.57057 0.181695 0.570274 0.1811389 0.555983 0.1811389 0.555983 0.311393 0.556279 0.311949 0.57057 0.319639 0.582739 0.181697 0.582422 0.181695 0.570274 0.181695 0.570274 0.311949 0.57057 0.319639 0.582739 0.31905 0.597029 0.1811079 0.596712 0.181697 0.582422 0.181697 0.582422 0.319639 0.582739 0.31905 0.597029 0.311304 0.609162 0.18105 0.608859 0.1811079 0.596712 0.1811079 0.596712 0.31905 0.597029 0.311304 0.609162 0.02878999 0.682139 0.157242 0.682139 0.157934 0.698712 0.157934 0.698712 0.02948296 0.698712 0.02878999 0.682139 0.02879095 0.668133 0.157242 0.668134 0.157242 0.682139 0.157242 0.682139 0.02878999 0.682139 0.02879095 0.668133 0.02948296 0.65156 0.157935 0.65156 0.157242 0.668134 0.157242 0.668134 0.02879095 0.668133 0.02948296 0.65156 0.02948296 0.698712 0.157934 0.698712 0.157934 0.712717 0.157934 0.712717 0.02948296 0.712717 0.02948296 0.698712 0.148994 0.595344 0.148994 0.571183 0.172419 0.571183 0.172419 0.571183 0.172419 0.595344 0.148994 0.595344 0.368759 0.990315 0.368775 0.98549 0.406627 0.985627 0.406627 0.985627 0.406618 0.990452 0.368759 0.990315 0.35712 0.985467 0.368775 0.98549 0.368759 0.990315 0.368759 0.990315 0.357112 0.990292 0.35712 0.985467 0.357112 0.990292 0.345413 0.990263 0.345436 0.985438 0.345436 0.985438 0.35712 0.985467 0.357112 0.990292 0.345436 0.985438 0.345413 0.990263 0.307677 0.990003 0.307677 0.990003 0.307711 0.985178 0.345436 0.985438 0.341217 0.704963 0.346641 0.6955741 0.384191 0.693827 0.34651 0.71436 0.341217 0.704963 0.384191 0.693827 0.34651 0.71436 0.384191 0.693827 0.384182 0.71612 0.386836 0.678795 0.349165 0.680554 0.349156 0.658262 0.392129 0.669398 0.386836 0.678795 0.349156 0.658262 0.386706 0.660008 0.392129 0.669398 0.349156 0.658262 0.406627 0.985627 0.428915 0.985627 0.428915 0.990452 0.428915 0.990452 0.406618 0.990452 0.406627 0.985627 0.107045 0.74824 0.106898 0.769629 0.02879095 0.769623 0.02879095 0.769623 0.02878999 0.748395 0.107045 0.74824 0.107354 0.721349 0.107045 0.74824 0.02878999 0.748395 0.02878999 0.748395 0.02879095 0.721348 0.107354 0.721349 0.39914 0.684384 0.403966 0.684383 0.403966 0.699694 0.403966 0.699694 0.39914 0.699694 0.39914 0.684384 0.403963 0.672423 0.403966 0.684383 0.39914 0.684384 0.39914 0.684384 0.399137 0.672424 0.403963 0.672423 0.399137 0.672424 0.399136 0.660424 0.403962 0.660424 0.403962 0.660424 0.403963 0.672423 0.399137 0.672424 0.403962 0.660424 0.399136 0.660424 0.399136 0.645246 0.399136 0.645246 0.403961 0.645246 0.403962 0.660424 0.692347 0.02748602 0.682588 0.02206301 0.680773 0.007080018 0.702114 0.02219301 0.692347 0.02748602 0.680773 0.007080018 0.702114 0.02219301 0.680773 0.007080018 0.703943 0.007081985 0.829313 0.668547 0.827485 0.653436 0.850655 0.653435 0.83908 0.6738401 0.829313 0.668547 0.850655 0.653435 0.84884 0.668417 0.83908 0.6738401 0.850655 0.653435 0.184822 0.398679 0.137524 0.398679 0.138278 0.347474 0.138278 0.347474 0.186186 0.347872 0.184822 0.398679 0.231302 0.398679 0.184822 0.398679 0.186186 0.347872 0.186186 0.347872 0.237456 0.348336 0.231302 0.398679 0.058694 0.398679 0.026618 0.398679 0.02165395 0.348044 0.02165395 0.348044 0.05653095 0.347857 0.058694 0.398679 0.09022599 0.398679 0.058694 0.398679 0.05653095 0.347857 0.05653095 0.347857 0.08860898 0.347457 0.09022599 0.398679 0.137524 0.398679 0.09022599 0.398679 0.08860898 0.347457 0.08860898 0.347457 0.138278 0.347474 0.137524 0.398679 0.406776 0.485373 0.414356 0.525854 0.387091 0.5443 0.387091 0.5443 0.374842 0.477969 0.406776 0.485373 0.374842 0.477969 0.387091 0.5443 0.359639 0.526268 0.359639 0.526268 0.35739 0.49324 0.374842 0.477969 0.279781 0.766822 0.267633 0.766823 0.267633 0.7455601 0.267633 0.7455601 0.279781 0.7455601 0.279781 0.766822 0.267633 0.766823 0.255486 0.766823 0.255486 0.7455601 0.255486 0.7455601 0.267633 0.7455601 0.267633 0.766823 0.255486 0.766823 0.243339 0.766823 0.243338 0.7455601 0.243338 0.7455601 0.255486 0.7455601 0.255486 0.766823 0.243339 0.766823 0.231191 0.766823 0.231191 0.7455601 0.231191 0.7455601 0.243338 0.7455601 0.243339 0.766823 0.2029269 0.1569889 0.20243 0.166333 0.179855 0.154856 0.179855 0.154856 0.186143 0.150004 0.2029269 0.1569889 0.383832 0.732325 0.372714 0.732325 0.372714 0.721348 0.372714 0.721348 0.383832 0.721348 0.383832 0.732325 0.372714 0.732325 0.363356 0.732325 0.363356 0.721348 0.363356 0.721348 0.372714 0.721348 0.372714 0.732325 0.363356 0.732325 0.353998 0.732325 0.353998 0.721348 0.353998 0.721348 0.363356 0.721348 0.363356 0.732325 0.353998 0.732325 0.34464 0.732325 0.34464 0.721348 0.34464 0.721348 0.353998 0.721348 0.353998 0.732325 0.34464 0.732325 0.334981 0.732325 0.334981 0.721348 0.334981 0.721348 0.34464 0.721348 0.34464 0.732325 0.334981 0.732325 0.324894 0.732325 0.324894 0.721348 0.324894 0.721348 0.334981 0.721348 0.334981 0.732325 0.377682 0.742935 0.360899 0.74992 0.367595 0.74296 0.195471 0.17259 0.180029 0.162796 0.179855 0.154856 0.179855 0.154856 0.20243 0.166333 0.195471 0.17259 0.383796 0.755728 0.368355 0.765521 0.361396 0.759265 0.361396 0.759265 0.38397 0.747787 0.383796 0.755728 0.186143 0.150004 0.1962299 0.150029 0.2029269 0.1569889 0.38397 0.747787 0.361396 0.759265 0.360899 0.74992 0.360899 0.74992 0.377682 0.742935 0.38397 0.747787 0.195471 0.17259 0.1861259 0.1720929 0.180029 0.162796 0.383796 0.755728 0.3777 0.765024 0.368355 0.765521 0.182608 0.745597 0.182559 0.76115 0.170758 0.761113 0.170758 0.761113 0.170807 0.7455601 0.182608 0.745597 0.182559 0.76115 0.182608 0.745597 0.194435 0.745634 0.194435 0.745634 0.194386 0.761187 0.182559 0.76115 0.896311 0.204361 0.88897 0.2115589 0.88164 0.204261 0.547962 0.04905802 0.540632 0.05635702 0.533291 0.04915899 0.143093 0.758597 0.142575 0.74726 0.170807 0.7455601 0.170807 0.7455601 0.170758 0.761113 0.143093 0.758597 0.2225599 0.747512 0.22197 0.758846 0.194386 0.761187 0.194386 0.761187 0.194435 0.745634 0.2225599 0.747512 0.88164 0.204261 0.881617 0.1765779 0.896338 0.1765819 0.896338 0.1765819 0.896311 0.204361 0.88164 0.204261 0.547962 0.04905802 0.533291 0.04915899 0.533265 0.02087497 0.533265 0.02087497 0.547986 0.02087098 0.547962 0.04905802 0.229254 0.837129 0.229247 0.857021 0.220532 0.857018 0.220532 0.857018 0.220539 0.837126 0.229254 0.837129 0.229247 0.857021 0.229254 0.837129 0.2379879 0.837131 0.2379879 0.837131 0.237981 0.857024 0.229247 0.857021 0.928433 0.99214 0.923384 0.98643 0.928736 0.980944 0.97802 0.980811 0.983052 0.986593 0.977687 0.992007 0.2011319 0.856752 0.201139 0.837524 0.220539 0.837126 0.220539 0.837126 0.220532 0.857018 0.2011319 0.856752 0.257318 0.837543 0.257311 0.856771 0.237981 0.857024 0.237981 0.857024 0.2379879 0.837131 0.257318 0.837543 0.928736 0.980944 0.948064 0.981326 0.947829 0.992561 0.947829 0.992561 0.928433 0.99214 0.928736 0.980944 0.97802 0.980811 0.977687 0.992007 0.958295 0.991324 0.958295 0.991324 0.958699 0.980093 0.97802 0.980811 0.189894 0.856748 0.1899009 0.837519 0.201139 0.837524 0.201139 0.837524 0.2011319 0.856752 0.189894 0.856748 0.714137 0.271003 0.723494 0.270922 0.714333 0.293594 0.714333 0.293594 0.707659 0.287035 0.714137 0.271003 0.297122 0.787906 0.287764 0.787906 0.287764 0.778254 0.287764 0.778254 0.297122 0.778254 0.297122 0.787906 0.362628 0.787906 0.35327 0.787906 0.35327 0.778254 0.35327 0.778254 0.362628 0.778254 0.362628 0.787906 0.35327 0.787906 0.343912 0.787906 0.343912 0.778254 0.343912 0.778254 0.35327 0.778254 0.35327 0.787906 0.343912 0.787906 0.334554 0.787906 0.334554 0.778254 0.334554 0.778254 0.343912 0.778254 0.343912 0.787906 0.334554 0.787906 0.325196 0.787906 0.325196 0.778254 0.325196 0.778254 0.334554 0.778254 0.334554 0.787906 0.325196 0.787906 0.315838 0.787906 0.315838 0.778254 0.315838 0.778254 0.325196 0.778254 0.325196 0.787906 0.315838 0.787906 0.30648 0.787906 0.30648 0.778254 0.30648 0.778254 0.315838 0.778254 0.315838 0.787906 0.30648 0.787906 0.297122 0.787906 0.297122 0.778254 0.297122 0.778254 0.30648 0.778254 0.30648 0.787906 0.01299798 0.904998 0.006520986 0.92103 0.00643897 0.911672 0.730169 0.27748 0.723691 0.293513 0.714333 0.293594 0.714333 0.293594 0.723494 0.270922 0.730169 0.27748 0.02902996 0.911475 0.02255195 0.927507 0.01319497 0.927589 0.01319497 0.927589 0.02235496 0.904916 0.02902996 0.911475 0.707659 0.287035 0.707577 0.277678 0.714137 0.271003 0.02235496 0.904916 0.01319497 0.927589 0.006520986 0.92103 0.006520986 0.92103 0.01299798 0.904998 0.02235496 0.904916 0.730169 0.27748 0.73025 0.286838 0.723691 0.293513 0.02902996 0.911475 0.02911096 0.920833 0.02255195 0.927507 0.2434149 0.792111 0.243465 0.778309 0.252821 0.778321 0.252821 0.778321 0.252772 0.792123 0.2434149 0.792111 0.243465 0.778309 0.2434149 0.792111 0.2340379 0.792057 0.2340379 0.792057 0.234087 0.778254 0.243465 0.778309 0.616521 0.03237402 0.610494 0.037862 0.6049 0.03186398 0.530588 0.406875 0.536325 0.412736 0.530569 0.418508 0.252821 0.778321 0.278556 0.780475 0.279134 0.789882 0.279134 0.789882 0.252772 0.792123 0.252821 0.778321 0.207769 0.78963 0.208413 0.780226 0.234087 0.778254 0.234087 0.778254 0.2340379 0.792057 0.207769 0.78963 0.6049 0.03186398 0.605834 0.006132006 0.617497 0.006567001 0.617497 0.006567001 0.616521 0.03237402 0.6049 0.03186398 0.530588 0.406875 0.530569 0.418508 0.504113 0.418306 0.504113 0.418306 0.504208 0.406634 0.530588 0.406875 0.492059 0.406536 0.498457 0.406586 0.498362 0.418258 0.498362 0.418258 0.491964 0.418207 0.492059 0.406536 0.504208 0.406634 0.504113 0.418306 0.498362 0.418258 0.498362 0.418258 0.498457 0.406586 0.504208 0.406634 0.172413 0.625244 0.156696 0.625203 0.156701 0.617479 0.156701 0.617479 0.172419 0.617503 0.172413 0.625244 0.156696 0.625203 0.172413 0.625244 0.172408 0.6329661 0.172408 0.6329661 0.15669 0.632949 0.156696 0.625203 0.133534 0.74056 0.127951 0.744448 0.122641 0.7401461 0.1640239 0.880948 0.169583 0.877027 0.174919 0.881291 0.156701 0.617479 0.156777 0.612509 0.172264 0.612518 0.172264 0.612518 0.172419 0.617503 0.156701 0.617479 0.1722379 0.63795 0.156752 0.637919 0.15669 0.632949 0.15669 0.632949 0.172408 0.6329661 0.1722379 0.63795 0.122641 0.7401461 0.122827 0.735179 0.133723 0.735593 0.133723 0.735593 0.133534 0.74056 0.122641 0.7401461 0.174919 0.881291 0.174763 0.886276 0.163865 0.885932 0.163865 0.885932 0.1640239 0.880948 0.174919 0.881291 0.159816 0.607542 0.169145 0.60753 0.172264 0.612518 0.172264 0.612518 0.156777 0.612509 0.159816 0.607542 0.169106 0.642929 0.1597779 0.642893 0.156752 0.637919 0.156752 0.637919 0.1722379 0.63795 0.169106 0.642929 0.123046 0.729361 0.133944 0.729775 0.133723 0.735593 0.133723 0.735593 0.122827 0.735179 0.123046 0.729361 0.174578 0.892155 0.163677 0.891812 0.163865 0.885932 0.163865 0.885932 0.174763 0.886276 0.174578 0.892155 0.78374 0.453565 0.771947 0.469762 0.752375 0.465475 0.752375 0.465475 0.777637 0.434484 0.78374 0.453565 0.752375 0.465475 0.744268 0.447157 0.757721 0.43232 0.757721 0.43232 0.777637 0.434484 0.752375 0.465475 0.869469 0.499441 0.869469 0.471956 0.903257 0.471956 0.903257 0.471956 0.903257 0.499441 0.869469 0.499441 0.682375 0.32753 0.680246 0.3325901 0.680095 0.324946 0.676917 0.332182 0.672838 0.33173 0.6771 0.322569 0.6771 0.322569 0.680095 0.324946 0.676917 0.332182 0.682375 0.32753 0.680095 0.324946 0.68648 0.319563 0.682375 0.32753 0.68648 0.319563 0.693973 0.316299 0.682375 0.32753 0.693973 0.316299 0.695793 0.320611 0.68648 0.319563 0.680095 0.324946 0.6771 0.322569 0.695793 0.320611 0.693973 0.316299 0.698205 0.318654 0.681253 0.337925 0.678134 0.339616 0.680246 0.3325901 0.676917 0.332182 0.678134 0.339616 0.674657 0.341153 0.674657 0.341153 0.672838 0.33173 0.676917 0.332182 0.683452 0.346819 0.674657 0.341153 0.678134 0.339616 0.694449 0.350376 0.689807 0.351755 0.692564 0.348094 0.692564 0.348094 0.689807 0.351755 0.683452 0.346819 0.683452 0.346819 0.678134 0.339616 0.681253 0.337925 0.692564 0.348094 0.683452 0.346819 0.681253 0.337925 0.1894299 0.54482 0.181174 0.544804 0.181172 0.542227 0.181172 0.542227 0.187238 0.5422 0.1894299 0.54482 0.1742849 0.542231 0.181172 0.542227 0.181174 0.544804 0.181174 0.544804 0.174288 0.544814 0.1742849 0.542231 0.174288 0.544814 0.16741 0.54482 0.167405 0.542244 0.167405 0.542244 0.1742849 0.542231 0.174288 0.544814 0.1613709 0.542231 0.167405 0.542244 0.16741 0.54482 0.16741 0.54482 0.1591989 0.544863 0.1613709 0.542231 0.398458 0.864545 0.387517 0.864568 0.385902 0.856473 0.385902 0.856473 0.400241 0.856532 0.398458 0.864545 0.59374 0.967866 0.591951 0.962079 0.60629 0.962032 0.60629 0.962032 0.604681 0.967858 0.59374 0.967866 0.60629 0.962032 0.591951 0.962079 0.591951 0.944218 0.591951 0.944218 0.60629 0.944266 0.60629 0.962032 0.260582 0.541918 0.263163 0.544163 0.2400839 0.544163 0.2400839 0.544163 0.242768 0.541918 0.260582 0.541918 0.471454 0.966005 0.474617 0.960544 0.474598 0.971486 0.209233 0.544469 0.201007 0.544442 0.203211 0.5417301 0.203211 0.5417301 0.209249 0.541789 0.209233 0.544469 0.209233 0.544469 0.209249 0.541789 0.216135 0.541829 0.216135 0.541829 0.216117 0.544516 0.209233 0.544469 0.223015 0.541881 0.2229959 0.54456 0.216117 0.544516 0.216117 0.544516 0.216135 0.541829 0.223015 0.541881 0.2290109 0.5419 0.231169 0.544644 0.2229959 0.54456 0.2229959 0.54456 0.223015 0.541881 0.2290109 0.5419 0.60629 0.944266 0.591951 0.944218 0.593723 0.938464 0.593723 0.938464 0.604664 0.938473 0.60629 0.944266 0.274393 0.544213 0.276965 0.541955 0.294779 0.5418871 0.294779 0.5418871 0.297472 0.544126 0.274393 0.544213 0.680246 0.3325901 0.676917 0.332182 0.680095 0.324946 0.678134 0.339616 0.676917 0.332182 0.680246 0.3325901 0.398458 0.864545 0.392999 0.867711 0.387517 0.864568 0.604681 0.967858 0.599207 0.971016 0.59374 0.967866 0.474617 0.960544 0.482595 0.958776 0.482659 0.973115 0.482659 0.973115 0.474598 0.971486 0.474617 0.960544 0.593723 0.938464 0.599191 0.935315 0.604664 0.938473 0.288426 0.424245 0.307327 0.424245 0.307327 0.432582 0.307327 0.432582 0.288426 0.432582 0.288426 0.424245 0.288426 0.415908 0.307327 0.415908 0.307327 0.424245 0.307327 0.424245 0.288426 0.424245 0.288426 0.415908 0.288426 0.407571 0.307327 0.407571 0.307327 0.415908 0.307327 0.415908 0.288426 0.415908 0.288426 0.407571 0.250084 0.424245 0.288426 0.424245 0.288426 0.432582 0.288426 0.432582 0.250084 0.432582 0.250084 0.424245 0.250084 0.415908 0.288426 0.415908 0.288426 0.424245 0.288426 0.424245 0.250084 0.424245 0.250084 0.415908 0.250084 0.407571 0.288426 0.407571 0.288426 0.415908 0.288426 0.415908 0.250084 0.415908 0.250084 0.407571 0.181433 0.424245 0.250084 0.424245 0.250084 0.432582 0.250084 0.432582 0.181433 0.432582 0.181433 0.424245 0.181433 0.415908 0.250084 0.415908 0.250084 0.424245 0.250084 0.424245 0.181433 0.424245 0.181433 0.415908 0.181433 0.407571 0.250084 0.407571 0.250084 0.415908 0.250084 0.415908 0.181433 0.415908 0.181433 0.407571 0.103488 0.424245 0.181433 0.424245 0.181433 0.432582 0.181433 0.432582 0.103488 0.432582 0.103488 0.424245 0.103488 0.415908 0.181433 0.415908 0.181433 0.424245 0.181433 0.424245 0.103488 0.424245 0.103488 0.415908 0.103488 0.407571 0.181433 0.407571 0.181433 0.415908 0.181433 0.415908 0.103488 0.415908 0.103488 0.407571 0.04942494 0.424245 0.103488 0.424245 0.103488 0.432582 0.103488 0.432582 0.04942494 0.432582 0.04942494 0.424245 0.04942494 0.415908 0.103488 0.415908 0.103488 0.424245 0.103488 0.424245 0.04942494 0.424245 0.04942494 0.415908 0.04942494 0.407571 0.103488 0.407571 0.103488 0.415908 0.103488 0.415908 0.04942494 0.415908 0.04942494 0.407571 0.02514898 0.424245 0.04942494 0.424245 0.04942494 0.432582 0.04942494 0.432582 0.02514898 0.432582 0.02514898 0.424245 0.02514898 0.415908 0.04942494 0.415908 0.04942494 0.424245 0.04942494 0.424245 0.02514898 0.424245 0.02514898 0.415908 0.02514898 0.407571 0.04942494 0.407571 0.04942494 0.415908 0.04942494 0.415908 0.02514898 0.415908 0.02514898 0.407571 0.05130898 0.535625 0.02857095 0.535625 0.02857095 0.526848 0.02857095 0.526848 0.05130898 0.526848 0.05130898 0.535625 0.05130898 0.518071 0.02857095 0.518071 0.02857095 0.509294 0.02857095 0.509294 0.05130898 0.509294 0.05130898 0.518071 0.05130898 0.526848 0.02857095 0.526848 0.02857095 0.518071 0.02857095 0.518071 0.05130898 0.518071 0.05130898 0.526848 0.109853 0.535625 0.05130898 0.535625 0.05130898 0.526848 0.05130898 0.526848 0.109853 0.526848 0.109853 0.535625 0.109853 0.518071 0.05130898 0.518071 0.05130898 0.509294 0.05130898 0.509294 0.109853 0.509294 0.109853 0.518071 0.109853 0.526848 0.05130898 0.526848 0.05130898 0.518071 0.05130898 0.518071 0.109853 0.518071 0.109853 0.526848 0.192755 0.535625 0.109853 0.535625 0.109853 0.526848 0.109853 0.526848 0.192755 0.526848 0.192755 0.535625 0.192755 0.518071 0.109853 0.518071 0.109853 0.509294 0.109853 0.509294 0.192755 0.509294 0.192755 0.518071 0.192755 0.526848 0.109853 0.526848 0.109853 0.518071 0.109853 0.518071 0.192755 0.518071 0.192755 0.526848 0.268345 0.535625 0.192755 0.535625 0.192755 0.526848 0.192755 0.526848 0.268345 0.526848 0.268345 0.535625 0.268345 0.518071 0.192755 0.518071 0.192755 0.509294 0.192755 0.509294 0.268345 0.509294 0.268345 0.518071 0.268345 0.526848 0.192755 0.526848 0.192755 0.518071 0.192755 0.518071 0.268345 0.518071 0.268345 0.526848 0.314116 0.535625 0.268345 0.535625 0.268345 0.526848 0.268345 0.526848 0.314116 0.526848 0.314116 0.535625 0.314116 0.518071 0.268345 0.518071 0.268345 0.509294 0.268345 0.509294 0.314116 0.509294 0.314116 0.518071 0.314116 0.526848 0.268345 0.526848 0.268345 0.518071 0.268345 0.518071 0.314116 0.518071 0.314116 0.526848 0.314116 0.526848 0.338328 0.526848 0.338328 0.535625 0.338328 0.535625 0.314116 0.535625 0.314116 0.526848 0.314116 0.509294 0.338328 0.509294 0.338328 0.518071 0.338328 0.518071 0.314116 0.518071 0.314116 0.509294 0.314116 0.518071 0.338328 0.518071 0.338328 0.526848 0.338328 0.526848 0.314116 0.526848 0.314116 0.518071 0.299829 0.448224 0.02606499 0.448224 0.02606499 0.439186 0.02606499 0.439186 0.299829 0.439186 0.299829 0.448224 0.299829 0.466301 0.02606499 0.466301 0.02606499 0.457262 0.02606499 0.457262 0.299829 0.457262 0.299829 0.466301 0.02606499 0.457262 0.02606499 0.448224 0.299829 0.448224 0.299829 0.448224 0.299829 0.457262 0.02606499 0.457262 0.816502 0.392246 0.838066 0.395679 0.82962 0.435398 0.82962 0.435398 0.816502 0.431974 0.816502 0.392246 0.838066 0.395679 0.857387 0.403589 0.838843 0.444516 0.838843 0.444516 0.82962 0.435398 0.838066 0.395679 0.775617 0.403589 0.794938 0.395679 0.803384 0.435398 0.803384 0.435398 0.794161 0.444516 0.775617 0.403589 0.794938 0.395679 0.816502 0.392246 0.816502 0.431974 0.816502 0.431974 0.803384 0.435398 0.794938 0.395679 0.82962 0.435398 0.838843 0.444516 0.794161 0.444516 0.794161 0.444516 0.803384 0.435398 0.82962 0.435398 0.858551 0.452345 0.852786 0.443273 0.860394 0.440913 0.860394 0.440913 0.864271 0.44682 0.858551 0.452345 0.852786 0.443273 0.852174 0.432082 0.859331 0.434531 0.859331 0.434531 0.860394 0.440913 0.852786 0.443273 0.878578 0.459424 0.867415 0.458423 0.870039 0.450902 0.870039 0.450902 0.87638 0.452187 0.878578 0.459424 0.867415 0.458423 0.858551 0.452345 0.864271 0.44682 0.864271 0.44682 0.870039 0.450902 0.867415 0.458423 0.864271 0.44682 0.860394 0.440913 0.870566 0.440742 0.860394 0.440913 0.866975 0.432508 0.870566 0.440742 0.87638 0.452187 0.870039 0.450902 0.878669 0.444617 0.870039 0.450902 0.864271 0.44682 0.870566 0.440742 0.870039 0.450902 0.870566 0.440742 0.878669 0.444617 0.860394 0.440913 0.859331 0.434531 0.866975 0.432508 0.803384 0.435398 0.816502 0.431974 0.82962 0.435398 0.148993 0.547758 0.148994 0.571183 0.039204 0.571184 0.039204 0.571184 0.039204 0.547758 0.148993 0.547758 0.148995 0.618769 0.148995 0.642929 0.03920596 0.642929 0.03920596 0.642929 0.03920495 0.618769 0.148995 0.618769 0.148994 0.595344 0.148995 0.618769 0.03920495 0.618769 0.03920495 0.618769 0.03920495 0.595344 0.148994 0.595344 0.148994 0.571183 0.148994 0.595344 0.03920495 0.595344 0.03920495 0.595344 0.039204 0.571184 0.148994 0.571183 0.962651 0.55511 0.989432 0.55511 0.96265 0.508203 0.989432 0.46278 0.962695 0.46278 0.96265 0.508203 0.860642 0.462782 0.78941 0.462818 0.860628 0.508204 0.937651 0.508204 0.937651 0.55511 0.962651 0.55511 0.962651 0.55511 0.96265 0.508203 0.937651 0.508204 0.937651 0.508204 0.891716 0.508204 0.891716 0.55511 0.891716 0.55511 0.937651 0.55511 0.937651 0.508204 0.878932 0.508204 0.860628 0.508204 0.878932 0.555111 0.78941 0.555111 0.878932 0.555111 0.860628 0.508204 0.891716 0.55511 0.891716 0.508204 0.878932 0.508204 0.878932 0.508204 0.878932 0.555111 0.891716 0.55511 0.96265 0.508203 0.989432 0.55511 0.989432 0.46278 0.78941 0.555111 0.860628 0.508204 0.78941 0.462818 0.02871495 0.01004302 0.02897799 0.02323698 0.06329196 0.02245098 0.09072899 0.02164798 0.09045696 0.008745014 0.06329196 0.02245098 0.09130895 0.144914 0.09113395 0.09975004 0.06368499 0.09966802 0.02897799 0.02323698 0.0291 0.04601299 0.06340599 0.04583603 0.06340599 0.04583603 0.06329196 0.02245098 0.02897799 0.02323698 0.0291 0.04601299 0.02925097 0.07555001 0.06355899 0.07537198 0.06355899 0.07537198 0.06340599 0.04583603 0.0291 0.04601299 0.02937597 0.09960699 0.02957797 0.145187 0.06368499 0.09966802 0.06368499 0.09966802 0.06355899 0.07537198 0.02925097 0.07555001 0.02925097 0.07555001 0.02937597 0.09960699 0.06368499 0.09966802 0.02871495 0.01004302 0.06329196 0.02245098 0.09045696 0.008745014 0.06368499 0.09966802 0.02957797 0.145187 0.09130895 0.144914 0.582933 0.630022 0.537511 0.63 0.537626 0.660526 0.537626 0.660526 0.582945 0.660525 0.582933 0.630022 0.582945 0.689423 0.537627 0.689423 0.537626 0.7251361 0.537626 0.7251361 0.582945 0.72514 0.582945 0.689423 0.582945 0.72514 0.537626 0.7251361 0.537511 0.746535 0.537511 0.746535 0.582933 0.746546 0.582945 0.72514 0.582945 0.660525 0.537626 0.660526 0.537627 0.689423 0.537627 0.689423 0.582945 0.689423 0.582945 0.660525 0.464229 0.772011 0.487507 0.78113 0.466215 0.759679 0.464229 0.772011 0.466215 0.759679 0.438095 0.754334 0.464229 0.772011 0.438095 0.754334 0.418293 0.772008 0.391106 0.781272 0.40941 0.781203 0.403789 0.763489 0.403789 0.763489 0.418293 0.772008 0.438095 0.754334 0.07000195 0.300457 0.128701 0.300457 0.128704 0.257467 0.128704 0.257467 0.070001 0.257467 0.07000195 0.300457 0.128701 0.300457 0.169372 0.300475 0.169697 0.25735 0.169697 0.25735 0.128704 0.257467 0.128701 0.300457 0.02747797 0.300474 0.07000195 0.300457 0.070001 0.257467 0.070001 0.257467 0.027251 0.25735 0.02747797 0.300474 0.315154 0.895001 0.308613 0.904436 0.359996 0.906068 0.359996 0.906068 0.358205 0.896386 0.315154 0.895001 0.285231 0.875381 0.308613 0.904436 0.315154 0.895001 0.358205 0.896386 0.359996 0.906068 0.385399 0.875525 0.403789 0.763489 0.40941 0.781203 0.418293 0.772008 0.02878999 0.682139 0.02948296 0.698712 0.157934 0.698712 0.157934 0.698712 0.157242 0.682139 0.02878999 0.682139 0.02879095 0.668133 0.02878999 0.682139 0.157242 0.682139 0.157242 0.682139 0.157242 0.668134 0.02879095 0.668133 0.02948296 0.65156 0.02879095 0.668133 0.157242 0.668134 0.157242 0.668134 0.157935 0.65156 0.02948296 0.65156 0.02948296 0.698712 0.02948296 0.712717 0.157934 0.712717 0.157934 0.712717 0.157934 0.698712 0.02948296 0.698712 0.148994 0.595344 0.172419 0.595344 0.172419 0.571183 0.172419 0.571183 0.148994 0.571183 0.148994 0.595344 0.406627 0.985627 0.368775 0.98549 0.368759 0.990315 0.368759 0.990315 0.406618 0.990452 0.406627 0.985627 0.35712 0.985467 0.357112 0.990292 0.368759 0.990315 0.368759 0.990315 0.368775 0.98549 0.35712 0.985467 0.357112 0.990292 0.35712 0.985467 0.345436 0.985438 0.345436 0.985438 0.345413 0.990263 0.357112 0.990292 0.307677 0.990003 0.345413 0.990263 0.345436 0.985438 0.345436 0.985438 0.307711 0.985178 0.307677 0.990003 0.384191 0.693827 0.346641 0.6955741 0.341217 0.704963 0.384191 0.693827 0.341217 0.704963 0.34651 0.71436 0.384182 0.71612 0.384191 0.693827 0.34651 0.71436 0.349156 0.658262 0.349165 0.680554 0.386836 0.678795 0.349156 0.658262 0.386836 0.678795 0.392129 0.669398 0.349156 0.658262 0.392129 0.669398 0.386706 0.660008 0.406627 0.985627 0.406618 0.990452 0.428915 0.990452 0.428915 0.990452 0.428915 0.985627 0.406627 0.985627 0.107052 0.74825 0.02878898 0.748395 0.02879095 0.769623 0.02879095 0.769623 0.106898 0.769623 0.107052 0.74825 0.107354 0.721349 0.02879095 0.721348 0.02878898 0.748395 0.02878898 0.748395 0.107052 0.74825 0.107354 0.721349 0.403966 0.699694 0.403966 0.684383 0.39914 0.684384 0.39914 0.684384 0.39914 0.699694 0.403966 0.699694 0.403963 0.672423 0.399137 0.672424 0.39914 0.684384 0.39914 0.684384 0.403966 0.684383 0.403963 0.672423 0.399137 0.672424 0.403963 0.672423 0.403962 0.660424 0.403962 0.660424 0.399136 0.660424 0.399137 0.672424 0.399136 0.645246 0.399136 0.660424 0.403962 0.660424 0.403962 0.660424 0.403961 0.645246 0.399136 0.645246 0.680773 0.007080018 0.682588 0.02206301 0.692347 0.02748602 0.680773 0.007080018 0.692347 0.02748602 0.702114 0.02219301 0.703943 0.007081985 0.680773 0.007080018 0.702114 0.02219301 0.850655 0.653435 0.827485 0.653436 0.829313 0.668547 0.850655 0.653435 0.829313 0.668547 0.83908 0.6738401 0.850655 0.653435 0.83908 0.6738401 0.84884 0.668417 0.184822 0.398679 0.186326 0.347829 0.1383489 0.347435 0.1383489 0.347435 0.137524 0.398679 0.184822 0.398679 0.186326 0.347829 0.184822 0.398679 0.231302 0.398679 0.231302 0.398679 0.237612 0.347972 0.186326 0.347829 0.058694 0.398679 0.05665296 0.347931 0.02141296 0.347178 0.02141296 0.347178 0.026618 0.398679 0.058694 0.398679 0.09022599 0.398679 0.088683 0.347535 0.05665296 0.347931 0.05665296 0.347931 0.058694 0.398679 0.09022599 0.398679 0.088683 0.347535 0.09022599 0.398679 0.137524 0.398679 0.137524 0.398679 0.1383489 0.347435 0.088683 0.347535 0.406845 0.485411 0.374775 0.477985 0.38716 0.54429 0.38716 0.54429 0.414306 0.525914 0.406845 0.485411 0.374775 0.477985 0.357408 0.493248 0.359618 0.526199 0.359618 0.526199 0.38716 0.54429 0.374775 0.477985 0.279781 0.766822 0.279781 0.7455601 0.267633 0.7455601 0.267633 0.7455601 0.267633 0.766823 0.279781 0.766822 0.267633 0.766823 0.267633 0.7455601 0.255486 0.7455601 0.255486 0.7455601 0.255486 0.766823 0.267633 0.766823 0.255486 0.766823 0.255486 0.7455601 0.243338 0.7455601 0.243338 0.7455601 0.243339 0.766823 0.255486 0.766823 0.243339 0.766823 0.243338 0.7455601 0.231191 0.7455601 0.231191 0.7455601 0.231191 0.766823 0.243339 0.766823 0.2029269 0.1569889 0.186143 0.150004 0.179855 0.154856 0.179855 0.154856 0.20243 0.166333 0.2029269 0.1569889 0.383832 0.732325 0.383832 0.721348 0.372714 0.721348 0.372714 0.721348 0.372714 0.732325 0.383832 0.732325 0.372714 0.732325 0.372714 0.721348 0.363356 0.721348 0.363356 0.721348 0.363356 0.732325 0.372714 0.732325 0.363356 0.732325 0.363356 0.721348 0.353998 0.721348 0.353998 0.721348 0.353998 0.732325 0.363356 0.732325 0.353998 0.732325 0.353998 0.721348 0.34464 0.721348 0.34464 0.721348 0.34464 0.732325 0.353998 0.732325 0.34464 0.732325 0.34464 0.721348 0.334981 0.721348 0.334981 0.721348 0.334981 0.732325 0.34464 0.732325 0.334981 0.732325 0.334981 0.721348 0.324894 0.721348 0.324894 0.721348 0.324894 0.732325 0.334981 0.732325 0.377682 0.742935 0.367595 0.74296 0.360899 0.74992 0.195471 0.17259 0.20243 0.166333 0.179855 0.154856 0.179855 0.154856 0.180029 0.162796 0.195471 0.17259 0.383796 0.755728 0.38397 0.747787 0.361396 0.759265 0.361396 0.759265 0.368355 0.765521 0.383796 0.755728 0.186143 0.150004 0.2029269 0.1569889 0.1962299 0.150029 0.38397 0.747787 0.377682 0.742935 0.360899 0.74992 0.360899 0.74992 0.361396 0.759265 0.38397 0.747787 0.195471 0.17259 0.180029 0.162796 0.1861259 0.1720929 0.383796 0.755728 0.368355 0.765521 0.3777 0.765024 0.182608 0.745597 0.170807 0.7455601 0.170758 0.761113 0.170758 0.761113 0.182559 0.76115 0.182608 0.745597 0.182559 0.76115 0.194386 0.761187 0.194435 0.745634 0.194435 0.745634 0.182608 0.745597 0.182559 0.76115 0.896311 0.204361 0.88164 0.204261 0.88897 0.2115589 0.547962 0.04905802 0.533291 0.04915899 0.540632 0.05635702 0.143093 0.758597 0.170758 0.761113 0.170807 0.7455601 0.170807 0.7455601 0.142575 0.74726 0.143093 0.758597 0.2225599 0.747512 0.194435 0.745634 0.194386 0.761187 0.194386 0.761187 0.22197 0.758846 0.2225599 0.747512 0.88164 0.204261 0.896311 0.204361 0.896338 0.1765819 0.896338 0.1765819 0.881617 0.1765779 0.88164 0.204261 0.547962 0.04905802 0.547986 0.02087098 0.533265 0.02087497 0.533265 0.02087497 0.533291 0.04915899 0.547962 0.04905802 0.229254 0.837129 0.220539 0.837126 0.220532 0.857018 0.220532 0.857018 0.229247 0.857021 0.229254 0.837129 0.229247 0.857021 0.237981 0.857024 0.2379879 0.837131 0.2379879 0.837131 0.229254 0.837129 0.229247 0.857021 0.928433 0.99214 0.928736 0.980944 0.923384 0.98643 0.97802 0.980811 0.977687 0.992007 0.983052 0.986593 0.2011319 0.856752 0.220532 0.857018 0.220539 0.837126 0.220539 0.837126 0.201139 0.837524 0.2011319 0.856752 0.257318 0.837543 0.2379879 0.837131 0.237981 0.857024 0.237981 0.857024 0.257311 0.856771 0.257318 0.837543 0.928736 0.980944 0.928433 0.99214 0.947829 0.992561 0.947829 0.992561 0.948064 0.981326 0.928736 0.980944 0.97802 0.980811 0.958699 0.980093 0.958295 0.991324 0.958295 0.991324 0.977687 0.992007 0.97802 0.980811 0.189894 0.856748 0.2011319 0.856752 0.201139 0.837524 0.201139 0.837524 0.1899009 0.837519 0.189894 0.856748 0.714137 0.271003 0.707659 0.287035 0.714333 0.293594 0.714333 0.293594 0.723494 0.270922 0.714137 0.271003 0.297122 0.787906 0.297122 0.778254 0.287764 0.778254 0.287764 0.778254 0.287764 0.787906 0.297122 0.787906 0.362628 0.787906 0.362628 0.778254 0.35327 0.778254 0.35327 0.778254 0.35327 0.787906 0.362628 0.787906 0.35327 0.787906 0.35327 0.778254 0.343912 0.778254 0.343912 0.778254 0.343912 0.787906 0.35327 0.787906 0.343912 0.787906 0.343912 0.778254 0.334554 0.778254 0.334554 0.778254 0.334554 0.787906 0.343912 0.787906 0.334554 0.787906 0.334554 0.778254 0.325196 0.778254 0.325196 0.778254 0.325196 0.787906 0.334554 0.787906 0.325196 0.787906 0.325196 0.778254 0.315838 0.778254 0.315838 0.778254 0.315838 0.787906 0.325196 0.787906 0.315838 0.787906 0.315838 0.778254 0.30648 0.778254 0.30648 0.778254 0.30648 0.787906 0.315838 0.787906 0.30648 0.787906 0.30648 0.778254 0.297122 0.778254 0.297122 0.778254 0.297122 0.787906 0.30648 0.787906 0.01299798 0.904998 0.00643897 0.911672 0.006520986 0.92103 0.730169 0.27748 0.723494 0.270922 0.714333 0.293594 0.714333 0.293594 0.723691 0.293513 0.730169 0.27748 0.02902996 0.911475 0.02235496 0.904916 0.01319497 0.927589 0.01319497 0.927589 0.02255195 0.927507 0.02902996 0.911475 0.707659 0.287035 0.714137 0.271003 0.707577 0.277678 0.02235496 0.904916 0.01299798 0.904998 0.006520986 0.92103 0.006520986 0.92103 0.01319497 0.927589 0.02235496 0.904916 0.730169 0.27748 0.723691 0.293513 0.73025 0.286838 0.02902996 0.911475 0.02255195 0.927507 0.02911096 0.920833 0.2434149 0.792111 0.252772 0.792123 0.252821 0.778321 0.252821 0.778321 0.243465 0.778309 0.2434149 0.792111 0.243465 0.778309 0.234087 0.778254 0.2340379 0.792057 0.2340379 0.792057 0.2434149 0.792111 0.243465 0.778309 0.616521 0.03237402 0.6049 0.03186398 0.610494 0.037862 0.530588 0.406875 0.530569 0.418508 0.536325 0.412736 0.252821 0.778321 0.252772 0.792123 0.279134 0.789882 0.279134 0.789882 0.278556 0.780475 0.252821 0.778321 0.207769 0.78963 0.2340379 0.792057 0.234087 0.778254 0.234087 0.778254 0.208413 0.780226 0.207769 0.78963 0.6049 0.03186398 0.616521 0.03237402 0.617497 0.006567001 0.617497 0.006567001 0.605834 0.006132006 0.6049 0.03186398 0.530588 0.406875 0.504208 0.406634 0.504113 0.418306 0.504113 0.418306 0.530569 0.418508 0.530588 0.406875 0.492059 0.406536 0.491964 0.418207 0.498362 0.418258 0.498362 0.418258 0.498457 0.406586 0.492059 0.406536 0.504208 0.406634 0.498457 0.406586 0.498362 0.418258 0.498362 0.418258 0.504113 0.418306 0.504208 0.406634 0.172413 0.625244 0.172419 0.617503 0.156701 0.617479 0.156701 0.617479 0.156696 0.625203 0.172413 0.625244 0.156696 0.625203 0.15669 0.632949 0.172408 0.6329661 0.172408 0.6329661 0.172413 0.625244 0.156696 0.625203 0.133534 0.74056 0.122641 0.7401461 0.127951 0.744448 0.1640239 0.880948 0.174919 0.881291 0.169583 0.877027 0.156701 0.617479 0.172419 0.617503 0.172264 0.612518 0.172264 0.612518 0.156777 0.612509 0.156701 0.617479 0.1722379 0.63795 0.172408 0.6329661 0.15669 0.632949 0.15669 0.632949 0.156752 0.637919 0.1722379 0.63795 0.122641 0.7401461 0.133534 0.74056 0.133723 0.735593 0.133723 0.735593 0.122827 0.735179 0.122641 0.7401461 0.174919 0.881291 0.1640239 0.880948 0.163865 0.885932 0.163865 0.885932 0.174763 0.886276 0.174919 0.881291 0.159816 0.607542 0.156777 0.612509 0.172264 0.612518 0.172264 0.612518 0.169145 0.60753 0.159816 0.607542 0.169106 0.642929 0.1722379 0.63795 0.156752 0.637919 0.156752 0.637919 0.1597779 0.642893 0.169106 0.642929 0.123046 0.729361 0.122827 0.735179 0.133723 0.735593 0.133723 0.735593 0.133944 0.729775 0.123046 0.729361 0.174578 0.892155 0.174763 0.886276 0.163865 0.885932 0.163865 0.885932 0.163677 0.891812 0.174578 0.892155 0.752375 0.465475 0.771947 0.469762 0.78374 0.453565 0.78374 0.453565 0.777637 0.434484 0.752375 0.465475 0.752375 0.465475 0.777637 0.434484 0.757721 0.43232 0.757721 0.43232 0.744268 0.447157 0.752375 0.465475 0.869469 0.499441 0.903257 0.499441 0.903257 0.471956 0.903257 0.471956 0.869469 0.471956 0.869469 0.499441 0.682375 0.32753 0.680095 0.324946 0.680246 0.3325901 0.676917 0.332182 0.680095 0.324946 0.6771 0.322569 0.6771 0.322569 0.672838 0.33173 0.676917 0.332182 0.695793 0.320611 0.693973 0.316299 0.68648 0.319563 0.68648 0.319563 0.680095 0.324946 0.682375 0.32753 0.695793 0.320611 0.68648 0.319563 0.682375 0.32753 0.68648 0.319563 0.6771 0.322569 0.680095 0.324946 0.695793 0.320611 0.698205 0.318654 0.693973 0.316299 0.681253 0.337925 0.680246 0.3325901 0.678134 0.339616 0.676917 0.332182 0.672838 0.33173 0.674657 0.341153 0.674657 0.341153 0.678134 0.339616 0.676917 0.332182 0.683452 0.346819 0.678134 0.339616 0.674657 0.341153 0.694449 0.350376 0.692564 0.348094 0.689807 0.351755 0.681253 0.337925 0.678134 0.339616 0.683452 0.346819 0.681253 0.337925 0.683452 0.346819 0.689807 0.351755 0.692564 0.348094 0.681253 0.337925 0.689807 0.351755 0.1894299 0.54482 0.187238 0.5422 0.181172 0.542227 0.181172 0.542227 0.181174 0.544804 0.1894299 0.54482 0.1742849 0.542231 0.174288 0.544814 0.181174 0.544804 0.181174 0.544804 0.181172 0.542227 0.1742849 0.542231 0.174288 0.544814 0.1742849 0.542231 0.167405 0.542244 0.167405 0.542244 0.16741 0.54482 0.174288 0.544814 0.1613709 0.542231 0.1591989 0.544863 0.16741 0.54482 0.16741 0.54482 0.167405 0.542244 0.1613709 0.542231 0.398458 0.864545 0.400241 0.856532 0.385902 0.856473 0.385902 0.856473 0.387517 0.864568 0.398458 0.864545 0.59374 0.967866 0.604681 0.967858 0.60629 0.962032 0.60629 0.962032 0.591951 0.962079 0.59374 0.967866 0.60629 0.962032 0.60629 0.944266 0.591951 0.944218 0.591951 0.944218 0.591951 0.962079 0.60629 0.962032 0.260582 0.541918 0.242768 0.541918 0.2400839 0.544163 0.2400839 0.544163 0.263163 0.544163 0.260582 0.541918 0.474598 0.971486 0.474617 0.960544 0.471454 0.966005 0.209233 0.544469 0.209249 0.541789 0.203211 0.5417301 0.203211 0.5417301 0.201007 0.544442 0.209233 0.544469 0.209233 0.544469 0.216117 0.544516 0.216135 0.541829 0.216135 0.541829 0.209249 0.541789 0.209233 0.544469 0.223015 0.541881 0.216135 0.541829 0.216117 0.544516 0.216117 0.544516 0.2229959 0.54456 0.223015 0.541881 0.2290109 0.5419 0.223015 0.541881 0.2229959 0.54456 0.2229959 0.54456 0.231169 0.544644 0.2290109 0.5419 0.60629 0.944266 0.604664 0.938473 0.593723 0.938464 0.593723 0.938464 0.591951 0.944218 0.60629 0.944266 0.274393 0.544213 0.297472 0.544126 0.294779 0.5418871 0.294779 0.5418871 0.276965 0.541955 0.274393 0.544213 0.680246 0.3325901 0.680095 0.324946 0.676917 0.332182 0.678134 0.339616 0.680246 0.3325901 0.676917 0.332182 0.398458 0.864545 0.387517 0.864568 0.392999 0.867711 0.604681 0.967858 0.59374 0.967866 0.599207 0.971016 0.474617 0.960544 0.474598 0.971486 0.482659 0.973115 0.482659 0.973115 0.482595 0.958776 0.474617 0.960544 0.593723 0.938464 0.604664 0.938473 0.599191 0.935315 0.288426 0.424245 0.288426 0.432582 0.307327 0.432582 0.307327 0.432582 0.307327 0.424245 0.288426 0.424245 0.288426 0.415908 0.288426 0.424245 0.307327 0.424245 0.307327 0.424245 0.307327 0.415908 0.288426 0.415908 0.288426 0.407571 0.288426 0.415908 0.307327 0.415908 0.307327 0.415908 0.307327 0.407571 0.288426 0.407571 0.250084 0.424245 0.250084 0.432582 0.288426 0.432582 0.288426 0.432582 0.288426 0.424245 0.250084 0.424245 0.250084 0.415908 0.250084 0.424245 0.288426 0.424245 0.288426 0.424245 0.288426 0.415908 0.250084 0.415908 0.250084 0.407571 0.250084 0.415908 0.288426 0.415908 0.288426 0.415908 0.288426 0.407571 0.250084 0.407571 0.181433 0.424245 0.181433 0.432582 0.250084 0.432582 0.250084 0.432582 0.250084 0.424245 0.181433 0.424245 0.181433 0.415908 0.181433 0.424245 0.250084 0.424245 0.250084 0.424245 0.250084 0.415908 0.181433 0.415908 0.181433 0.407571 0.181433 0.415908 0.250084 0.415908 0.250084 0.415908 0.250084 0.407571 0.181433 0.407571 0.103488 0.424245 0.103488 0.432582 0.181433 0.432582 0.181433 0.432582 0.181433 0.424245 0.103488 0.424245 0.103488 0.415908 0.103488 0.424245 0.181433 0.424245 0.181433 0.424245 0.181433 0.415908 0.103488 0.415908 0.103488 0.407571 0.103488 0.415908 0.181433 0.415908 0.181433 0.415908 0.181433 0.407571 0.103488 0.407571 0.04942494 0.424245 0.04942494 0.432582 0.103488 0.432582 0.103488 0.432582 0.103488 0.424245 0.04942494 0.424245 0.04942494 0.415908 0.04942494 0.424245 0.103488 0.424245 0.103488 0.424245 0.103488 0.415908 0.04942494 0.415908 0.04942494 0.407571 0.04942494 0.415908 0.103488 0.415908 0.103488 0.415908 0.103488 0.407571 0.04942494 0.407571 0.02514898 0.424245 0.02514898 0.432582 0.04942494 0.432582 0.04942494 0.432582 0.04942494 0.424245 0.02514898 0.424245 0.02514898 0.415908 0.02514898 0.424245 0.04942494 0.424245 0.04942494 0.424245 0.04942494 0.415908 0.02514898 0.415908 0.02514898 0.407571 0.02514898 0.415908 0.04942494 0.415908 0.04942494 0.415908 0.04942494 0.407571 0.02514898 0.407571 0.05130898 0.535625 0.05130898 0.526848 0.02857095 0.526848 0.02857095 0.526848 0.02857095 0.535625 0.05130898 0.535625 0.05130898 0.518071 0.05130898 0.509294 0.02857095 0.509294 0.02857095 0.509294 0.02857095 0.518071 0.05130898 0.518071 0.05130898 0.526848 0.05130898 0.518071 0.02857095 0.518071 0.02857095 0.518071 0.02857095 0.526848 0.05130898 0.526848 0.109853 0.535625 0.109853 0.526848 0.05130898 0.526848 0.05130898 0.526848 0.05130898 0.535625 0.109853 0.535625 0.109853 0.518071 0.109853 0.509294 0.05130898 0.509294 0.05130898 0.509294 0.05130898 0.518071 0.109853 0.518071 0.109853 0.526848 0.109853 0.518071 0.05130898 0.518071 0.05130898 0.518071 0.05130898 0.526848 0.109853 0.526848 0.192755 0.535625 0.192755 0.526848 0.109853 0.526848 0.109853 0.526848 0.109853 0.535625 0.192755 0.535625 0.192755 0.518071 0.192755 0.509294 0.109853 0.509294 0.109853 0.509294 0.109853 0.518071 0.192755 0.518071 0.192755 0.526848 0.192755 0.518071 0.109853 0.518071 0.109853 0.518071 0.109853 0.526848 0.192755 0.526848 0.268345 0.535625 0.268345 0.526848 0.192755 0.526848 0.192755 0.526848 0.192755 0.535625 0.268345 0.535625 0.268345 0.518071 0.268345 0.509294 0.192755 0.509294 0.192755 0.509294 0.192755 0.518071 0.268345 0.518071 0.268345 0.526848 0.268345 0.518071 0.192755 0.518071 0.192755 0.518071 0.192755 0.526848 0.268345 0.526848 0.314116 0.535625 0.314116 0.526848 0.268345 0.526848 0.268345 0.526848 0.268345 0.535625 0.314116 0.535625 0.314116 0.518071 0.314116 0.509294 0.268345 0.509294 0.268345 0.509294 0.268345 0.518071 0.314116 0.518071 0.314116 0.526848 0.314116 0.518071 0.268345 0.518071 0.268345 0.518071 0.268345 0.526848 0.314116 0.526848 0.314116 0.526848 0.314116 0.535625 0.338328 0.535625 0.338328 0.535625 0.338328 0.526848 0.314116 0.526848 0.314116 0.509294 0.314116 0.518071 0.338328 0.518071 0.338328 0.518071 0.338328 0.509294 0.314116 0.509294 0.314116 0.518071 0.314116 0.526848 0.338328 0.526848 0.338328 0.526848 0.338328 0.518071 0.314116 0.518071 0.02606499 0.439186 0.02606499 0.448224 0.299829 0.448224 0.299829 0.448224 0.299829 0.439186 0.02606499 0.439186 0.02606499 0.457262 0.02606499 0.466301 0.299829 0.466301 0.299829 0.466301 0.299829 0.457262 0.02606499 0.457262 0.02606499 0.448224 0.02606499 0.457262 0.299829 0.457262 0.299829 0.457262 0.299829 0.448224 0.02606499 0.448224 0.816502 0.392246 0.816502 0.431974 0.82962 0.435398 0.82962 0.435398 0.838066 0.395679 0.816502 0.392246 0.838066 0.395679 0.82962 0.435398 0.838843 0.444516 0.838843 0.444516 0.857387 0.403589 0.838066 0.395679 0.775617 0.403589 0.794161 0.444516 0.803384 0.435398 0.803384 0.435398 0.794938 0.395679 0.775617 0.403589 0.794938 0.395679 0.803384 0.435398 0.816502 0.431974 0.816502 0.431974 0.816502 0.392246 0.794938 0.395679 0.82962 0.435398 0.803384 0.435398 0.794161 0.444516 0.794161 0.444516 0.838843 0.444516 0.82962 0.435398 0.858551 0.452345 0.864271 0.44682 0.860394 0.440913 0.860394 0.440913 0.852786 0.443273 0.858551 0.452345 0.852786 0.443273 0.860394 0.440913 0.859331 0.434531 0.859331 0.434531 0.852174 0.432082 0.852786 0.443273 0.878578 0.459424 0.87638 0.452187 0.870039 0.450902 0.870039 0.450902 0.867415 0.458423 0.878578 0.459424 0.867415 0.458423 0.870039 0.450902 0.864271 0.44682 0.864271 0.44682 0.858551 0.452345 0.867415 0.458423 0.864271 0.44682 0.870566 0.440742 0.860394 0.440913 0.860394 0.440913 0.870566 0.440742 0.866975 0.432508 0.87638 0.452187 0.878669 0.444617 0.870039 0.450902 0.870039 0.450902 0.870566 0.440742 0.864271 0.44682 0.870039 0.450902 0.878669 0.444617 0.870566 0.440742 0.860394 0.440913 0.866975 0.432508 0.859331 0.434531 0.803384 0.435398 0.82962 0.435398 0.816502 0.431974 0.148993 0.547758 0.039204 0.547758 0.039204 0.571184 0.039204 0.571184 0.148994 0.571183 0.148993 0.547758 0.148995 0.618769 0.03920495 0.618769 0.03920596 0.642929 0.03920596 0.642929 0.148995 0.642929 0.148995 0.618769 0.148994 0.595344 0.03920495 0.595344 0.03920495 0.618769 0.03920495 0.618769 0.148995 0.618769 0.148994 0.595344 0.148994 0.571183 0.039204 0.571184 0.03920495 0.595344 0.03920495 0.595344 0.148994 0.595344 0.148994 0.571183 0.361201 0.44591 0.339497 0.446428 0.325804 0.406166 0.372428 0.399106 0.361201 0.44591 0.325804 0.406166 0.32571 0.399664 0.372428 0.399106 0.325804 0.406166 0.3684 0.452029 0.361201 0.44591 0.372428 0.399106 0.372428 0.399106 0.383067 0.401017 0.3684 0.452029 0.332726 0.453009 0.325804 0.406166 0.339497 0.446428 0.362303 0.466752 0.339188 0.467085 0.350648 0.460154 0.332726 0.453009 0.339497 0.446428 0.350519 0.450898 0.350519 0.450898 0.350648 0.460154 0.332726 0.453009 0.339497 0.446428 0.361201 0.44591 0.350519 0.450898 0.361201 0.44591 0.3684 0.452029 0.350648 0.460154 0.350648 0.460154 0.350519 0.450898 0.361201 0.44591 0.325804 0.406166 0.339497 0.446428 0.361201 0.44591 0.325804 0.406166 0.361201 0.44591 0.372428 0.399106 0.32571 0.399664 0.325804 0.406166 0.372428 0.399106 0.3684 0.452029 0.383067 0.401017 0.372428 0.399106 0.372428 0.399106 0.361201 0.44591 0.3684 0.452029 0.332726 0.453009 0.339497 0.446428 0.325804 0.406166 0.362303 0.466752 0.350648 0.460154 0.339188 0.467085 0.332726 0.453009 0.350648 0.460154 0.350519 0.450898 0.350519 0.450898 0.339497 0.446428 0.332726 0.453009 0.339497 0.446428 0.350519 0.450898 0.361201 0.44591 0.361201 0.44591 0.350519 0.450898 0.350648 0.460154 0.350648 0.460154 0.3684 0.452029 0.361201 0.44591 0.481228 0.416987 0.477788 0.416985 0.476434 0.411478 0.476434 0.411478 0.482584 0.411478 0.481228 0.416987 0.47643 0.366993 0.482581 0.366992 0.48259 0.381826 0.48259 0.381826 0.476427 0.381826 0.47643 0.366993 0.476427 0.381826 0.48259 0.381826 0.48259 0.396644 0.48259 0.396644 0.476428 0.396645 0.476427 0.381826 0.476428 0.396645 0.48259 0.396644 0.482584 0.411478 0.482584 0.411478 0.476434 0.411478 0.476428 0.396645 0.482581 0.366992 0.47643 0.366993 0.477786 0.361592 0.477786 0.361592 0.481226 0.361594 0.482581 0.366992 0.884842 0.381822 0.889784 0.394556 0.879572 0.407153 0.879572 0.407153 0.864715 0.40511 0.884842 0.381822 0.864715 0.40511 0.879572 0.407153 0.886028 0.422757 0.886028 0.422757 0.877194 0.433382 0.864715 0.40511 0.877194 0.433382 0.886028 0.422757 0.902186 0.426525 0.902186 0.426525 0.907488 0.440049 0.877194 0.433382 0.907488 0.440049 0.902186 0.426525 0.911307 0.412549 0.911307 0.412549 0.925166 0.414569 0.907488 0.440049 0.925166 0.414569 0.911307 0.412549 0.906295 0.396568 0.906295 0.396568 0.915599 0.385139 0.925166 0.414569 0.884842 0.381822 0.915599 0.385139 0.906295 0.396568 0.906295 0.396568 0.889784 0.394556 0.884842 0.381822 0.894886 0.405834 0.900509 0.410834 0.895709 0.414699 0.891154 0.410925 0.894886 0.405834 0.895709 0.414699 0.889784 0.394556 0.906295 0.396568 0.894886 0.405834 0.906295 0.396568 0.911307 0.412549 0.900509 0.410834 0.900509 0.410834 0.894886 0.405834 0.906295 0.396568 0.911307 0.412549 0.902186 0.426525 0.895709 0.414699 0.895709 0.414699 0.900509 0.410834 0.911307 0.412549 0.902186 0.426525 0.886028 0.422757 0.895709 0.414699 0.886028 0.422757 0.891154 0.410925 0.895709 0.414699 0.886028 0.422757 0.879572 0.407153 0.891154 0.410925 0.879572 0.407153 0.889784 0.394556 0.894886 0.405834 0.894886 0.405834 0.891154 0.410925 0.879572 0.407153 0.917071 0.478727 0.928255 0.463612 0.946702 0.467703 0.946702 0.467703 0.922745 0.496609 0.917071 0.478727 0.946702 0.467703 0.954254 0.484874 0.941583 0.498709 0.941583 0.498709 0.922745 0.496609 0.946702 0.467703 0.911547 0.465372 0.899292 0.455101 0.911547 0.444829 0.887038 0.465372 0.887038 0.444829 0.899292 0.455101 0.911547 0.465372 0.887038 0.465372 0.899292 0.455101 0.887038 0.444829 0.911547 0.444829 0.899292 0.455101 0.389427 0.622812 0.378091 0.622812 0.383767 0.617118 0.99216 0.934817 0.994793 0.934817 0.994794 0.949925 0.994794 0.949925 0.992161 0.949925 0.99216 0.934817 0.389427 0.622812 0.383767 0.617118 0.395562 0.608827 0.395562 0.608827 0.397752 0.611016 0.389427 0.622812 0.224629 0.818385 0.230322 0.824046 0.218527 0.83237 0.218527 0.83237 0.216337 0.830181 0.224629 0.818385 0.99216 0.934817 0.992161 0.91971 0.994794 0.91971 0.994794 0.91971 0.994793 0.934817 0.99216 0.934817 0.389427 0.622812 0.397751 0.634607 0.395562 0.636797 0.395562 0.636797 0.383766 0.62843 0.389427 0.622812 0.2359409 0.818385 0.244307 0.830181 0.242118 0.83237 0.242118 0.83237 0.230322 0.824046 0.2359409 0.818385 0.439936 0.468724 0.424838 0.468722 0.424839 0.466088 0.424839 0.466088 0.439936 0.466091 0.439936 0.468724 0.378091 0.622812 0.369782 0.611016 0.371971 0.608827 0.371971 0.608827 0.383767 0.617118 0.378091 0.622812 0.224629 0.818385 0.216337 0.80659 0.218527 0.804401 0.218527 0.804401 0.230322 0.81271 0.224629 0.818385 0.439936 0.468724 0.439936 0.466091 0.455033 0.466088 0.455033 0.466088 0.455034 0.468722 0.439936 0.468724 0.378091 0.622812 0.383766 0.62843 0.371971 0.636797 0.371971 0.636797 0.369782 0.634607 0.378091 0.622812 0.2359409 0.818385 0.230322 0.81271 0.242118 0.8044 0.242118 0.8044 0.244307 0.80659 0.2359409 0.818385 0.230322 0.824046 0.224629 0.818385 0.230322 0.81271 0.230322 0.81271 0.2359409 0.818385 0.230322 0.824046 0.389427 0.622812 0.383766 0.62843 0.378091 0.622812 0.389427 0.622812 0.378091 0.622812 0.383767 0.617118 0.99216 0.934817 0.994793 0.934817 0.994794 0.949925 0.994794 0.949925 0.992161 0.949925 0.99216 0.934817 0.389427 0.622812 0.383767 0.617118 0.395562 0.608827 0.395562 0.608827 0.397752 0.611016 0.389427 0.622812 0.224629 0.818385 0.230322 0.824046 0.218527 0.83237 0.218527 0.83237 0.216337 0.830181 0.224629 0.818385 0.99216 0.934817 0.992161 0.91971 0.994794 0.91971 0.994794 0.91971 0.994793 0.934817 0.99216 0.934817 0.389427 0.622812 0.397751 0.634607 0.395562 0.636797 0.395562 0.636797 0.383766 0.62843 0.389427 0.622812 0.2359409 0.818385 0.244307 0.830181 0.242118 0.83237 0.242118 0.83237 0.230322 0.824046 0.2359409 0.818385 0.439936 0.468724 0.424838 0.468722 0.424839 0.466088 0.424839 0.466088 0.439936 0.466091 0.439936 0.468724 0.378091 0.622812 0.369782 0.611016 0.371971 0.608827 0.371971 0.608827 0.383767 0.617118 0.378091 0.622812 0.224629 0.818385 0.216337 0.80659 0.218527 0.804401 0.218527 0.804401 0.230322 0.81271 0.224629 0.818385 0.439936 0.468724 0.439936 0.466091 0.455033 0.466088 0.455033 0.466088 0.455034 0.468722 0.439936 0.468724 0.378091 0.622812 0.383766 0.62843 0.371971 0.636797 0.371971 0.636797 0.369782 0.634607 0.378091 0.622812 0.2359409 0.818385 0.230322 0.81271 0.242118 0.8044 0.242118 0.8044 0.244307 0.80659 0.2359409 0.818385 0.230322 0.824046 0.224629 0.818385 0.230322 0.81271 0.230322 0.81271 0.2359409 0.818385 0.230322 0.824046 0.389427 0.622812 0.383766 0.62843 0.378091 0.622812 0.884842 0.381822 0.889784 0.394556 0.879572 0.407153 0.879572 0.407153 0.864715 0.40511 0.884842 0.381822 0.864715 0.40511 0.879572 0.407153 0.886028 0.422757 0.886028 0.422757 0.877194 0.433382 0.864715 0.40511 0.877194 0.433382 0.886028 0.422757 0.902186 0.426525 0.902186 0.426525 0.907488 0.440049 0.877194 0.433382 0.907488 0.440049 0.902186 0.426525 0.911307 0.412549 0.911307 0.412549 0.925166 0.414569 0.907488 0.440049 0.925166 0.414569 0.911307 0.412549 0.906295 0.396568 0.906295 0.396568 0.915599 0.385139 0.925166 0.414569 0.884842 0.381822 0.915599 0.385139 0.906295 0.396568 0.906295 0.396568 0.889784 0.394556 0.884842 0.381822 0.894886 0.405834 0.900509 0.410834 0.895709 0.414699 0.891154 0.410925 0.894886 0.405834 0.895709 0.414699 0.889784 0.394556 0.906295 0.396568 0.894886 0.405834 0.906295 0.396568 0.911307 0.412549 0.900509 0.410834 0.900509 0.410834 0.894886 0.405834 0.906295 0.396568 0.911307 0.412549 0.902186 0.426525 0.895709 0.414699 0.895709 0.414699 0.900509 0.410834 0.911307 0.412549 0.902186 0.426525 0.886028 0.422757 0.895709 0.414699 0.886028 0.422757 0.891154 0.410925 0.895709 0.414699 0.886028 0.422757 0.879572 0.407153 0.891154 0.410925 0.879572 0.407153 0.889784 0.394556 0.894886 0.405834 0.894886 0.405834 0.891154 0.410925 0.879572 0.407153 0.917137 0.478419 0.928409 0.463315 0.946786 0.467569 0.946786 0.467569 0.922666 0.496434 0.917137 0.478419 0.946786 0.467569 0.954194 0.484883 0.941447 0.498689 0.941447 0.498689 0.922666 0.496434 0.946786 0.467569 0.372162 0.603324 0.37278 0.553502 0.397273 0.5532 0.397273 0.5532 0.396972 0.603594 0.372162 0.603324 0.583618 0.333025 0.575738 0.3357501 0.573809 0.31658 0.573809 0.31658 0.579214 0.314883 0.583618 0.333025 0.549756 0.335597 0.549653 0.310939 0.573809 0.31658 0.573809 0.31658 0.575738 0.3357501 0.549756 0.335597 0.563608 0.243623 0.581064 0.2491909 0.575555 0.280793 0.575555 0.280793 0.553819 0.277874 0.563608 0.243623 0.575555 0.280793 0.581064 0.2491909 0.590866 0.252875 0.590866 0.252875 0.583208 0.280881 0.575555 0.280793 0.549653 0.310939 0.553819 0.277874 0.575555 0.280793 0.575555 0.280793 0.573809 0.31658 0.549653 0.310939 0.583208 0.280881 0.579214 0.314883 0.573809 0.31658 0.573809 0.31658 0.575555 0.280793 0.583208 0.280881 0.583618 0.333025 0.579214 0.314883 0.573809 0.31658 0.573809 0.31658 0.575738 0.3357501 0.583618 0.333025 0.549756 0.335597 0.575738 0.3357501 0.573809 0.31658 0.573809 0.31658 0.549653 0.310939 0.549756 0.335597 0.563608 0.243623 0.553819 0.277874 0.575555 0.280793 0.575555 0.280793 0.581064 0.2491909 0.563608 0.243623 0.575555 0.280793 0.583208 0.280881 0.590866 0.252875 0.590866 0.252875 0.581064 0.2491909 0.575555 0.280793 0.549653 0.310939 0.573809 0.31658 0.575555 0.280793 0.575555 0.280793 0.553819 0.277874 0.549653 0.310939 0.583208 0.280881 0.575555 0.280793 0.573809 0.31658 0.573809 0.31658 0.579214 0.314883 0.583208 0.280881 0.541274 0.242572 0.526145 0.285882 0.505184 0.263549 0.536768 0.36422 0.541338 0.394446 0.502656 0.392233 0.502656 0.392233 0.501144 0.367956 0.536768 0.36422 0.505184 0.263549 0.526145 0.285882 0.506455 0.306976 0.533903 0.2343149 0.541274 0.242572 0.533173 0.2359759 0.533506 0.286652 0.526145 0.285882 0.548327 0.255192 0.548327 0.255192 0.550489 0.255551 0.533506 0.286652 0.533903 0.2343149 0.533173 0.2359759 0.505184 0.263549 0.505184 0.263549 0.496595 0.24149 0.533903 0.2343149 0.653335 0.252859 0.634551 0.271978 0.621099 0.231013 0.649787 0.294973 0.634551 0.271978 0.653335 0.252859 0.62916 0.2250409 0.621099 0.231013 0.628574 0.2233009 0.631875 0.347397 0.666443 0.347471 0.662892 0.374831 0.662892 0.374831 0.629211 0.370105 0.631875 0.347397 0.611748 0.24228 0.613892 0.2420819 0.634551 0.271978 0.634551 0.271978 0.626195 0.272237 0.611748 0.24228 0.653335 0.252859 0.62916 0.2250409 0.628574 0.2233009 0.628574 0.2233009 0.663138 0.233011 0.653335 0.252859 0.533173 0.2359759 0.541274 0.242572 0.505184 0.263549 0.621099 0.231013 0.62916 0.2250409 0.653335 0.252859 0.522258 0.353434 0.496431 0.34993 0.506455 0.306976 0.506455 0.306976 0.529827 0.320772 0.522258 0.353434 0.526145 0.285882 0.537404 0.298197 0.529827 0.320772 0.529827 0.320772 0.506455 0.306976 0.526145 0.285882 0.537404 0.298197 0.526145 0.285882 0.533506 0.286652 0.634534 0.339051 0.627009 0.306432 0.649787 0.294973 0.649787 0.294973 0.66021 0.335816 0.634534 0.339051 0.634551 0.271978 0.649787 0.294973 0.627009 0.306432 0.627009 0.306432 0.620178 0.28271 0.634551 0.271978 0.620178 0.28271 0.626195 0.272237 0.634551 0.271978 0.556568 0.364547 0.570368 0.365951 0.565734 0.375751 0.60296 0.367173 0.597715 0.38466 0.580181 0.381943 0.580181 0.381943 0.584754 0.366674 0.60296 0.367173 0.559231 0.381254 0.547546 0.365826 0.556568 0.364547 0.556568 0.364547 0.565734 0.375751 0.559231 0.381254 0.597715 0.38466 0.598253 0.393504 0.576854 0.390297 0.576854 0.390297 0.580181 0.381943 0.597715 0.38466 0.615184 0.366079 0.616571 0.383733 0.597715 0.38466 0.597715 0.38466 0.60296 0.367173 0.615184 0.366079 0.616571 0.383733 0.61719 0.392064 0.598253 0.393504 0.598253 0.393504 0.597715 0.38466 0.616571 0.383733 0.570368 0.365951 0.584754 0.366674 0.580181 0.381943 0.580181 0.381943 0.565734 0.375751 0.570368 0.365951 0.565734 0.375751 0.580181 0.381943 0.576854 0.390297 0.576854 0.390297 0.559231 0.381254 0.565734 0.375751 0.570368 0.365951 0.556568 0.364547 0.550381 0.354133 0.550381 0.354133 0.563133 0.345976 0.570368 0.365951 0.582545 0.34127 0.601621 0.340783 0.60296 0.367173 0.60296 0.367173 0.584754 0.366674 0.582545 0.34127 0.601621 0.340783 0.618304 0.341007 0.615184 0.366079 0.615184 0.366079 0.60296 0.367173 0.601621 0.340783 0.582545 0.34127 0.584754 0.366674 0.570368 0.365951 0.570368 0.365951 0.563133 0.345976 0.582545 0.34127 0.556568 0.364547 0.547546 0.365826 0.550381 0.354133 0.556568 0.364547 0.565734 0.375751 0.570368 0.365951 0.60296 0.367173 0.584754 0.366674 0.580181 0.381943 0.580181 0.381943 0.597715 0.38466 0.60296 0.367173 0.559231 0.381254 0.565734 0.375751 0.556568 0.364547 0.556568 0.364547 0.547546 0.365826 0.559231 0.381254 0.597715 0.38466 0.580181 0.381943 0.576854 0.390297 0.576854 0.390297 0.598253 0.393504 0.597715 0.38466 0.615184 0.366079 0.60296 0.367173 0.597715 0.38466 0.597715 0.38466 0.616571 0.383733 0.615184 0.366079 0.616571 0.383733 0.597715 0.38466 0.598253 0.393504 0.598253 0.393504 0.61719 0.392064 0.616571 0.383733 0.570368 0.365951 0.565734 0.375751 0.580181 0.381943 0.580181 0.381943 0.584754 0.366674 0.570368 0.365951 0.565734 0.375751 0.559231 0.381254 0.576854 0.390297 0.576854 0.390297 0.580181 0.381943 0.565734 0.375751 0.570368 0.365951 0.563133 0.345976 0.550381 0.354133 0.550381 0.354133 0.556568 0.364547 0.570368 0.365951 0.582545 0.34127 0.584754 0.366674 0.60296 0.367173 0.60296 0.367173 0.601621 0.340783 0.582545 0.34127 0.601621 0.340783 0.60296 0.367173 0.615184 0.366079 0.615184 0.366079 0.618304 0.341007 0.601621 0.340783 0.582545 0.34127 0.563133 0.345976 0.570368 0.365951 0.570368 0.365951 0.584754 0.366674 0.582545 0.34127 0.556568 0.364547 0.550381 0.354133 0.547546 0.365826 0.629531 0.77683 0.639751 0.77683 0.639751 0.784968 0.639751 0.784968 0.629531 0.784968 0.629531 0.77683 0.639751 0.77683 0.649972 0.77683 0.649972 0.784968 0.649972 0.784968 0.639751 0.784968 0.639751 0.77683 0.649972 0.77683 0.660128 0.77683 0.660128 0.784968 0.660128 0.784968 0.649972 0.784968 0.649972 0.77683 0.660128 0.77683 0.670284 0.77683 0.670284 0.784968 0.670284 0.784968 0.660128 0.784968 0.660128 0.77683 0.609218 0.77683 0.619374 0.77683 0.619374 0.784968 0.619374 0.784968 0.609218 0.784968 0.609218 0.77683 0.619374 0.77683 0.629531 0.77683 0.629531 0.784968 0.629531 0.784968 0.619374 0.784968 0.619374 0.77683 0.588777 0.859792 0.597416 0.86478 0.597415 0.874755 0.597415 0.874755 0.588777 0.879743 0.580138 0.874755 0.588777 0.859792 0.597415 0.874755 0.580138 0.874755 0.580138 0.86478 0.588777 0.859792 0.580138 0.874755 0.629531 0.77683 0.629531 0.784968 0.639751 0.784968 0.639751 0.784968 0.639751 0.77683 0.629531 0.77683 0.639751 0.77683 0.639751 0.784968 0.649972 0.784968 0.649972 0.784968 0.649972 0.77683 0.639751 0.77683 0.649972 0.77683 0.649972 0.784968 0.660128 0.784968 0.660128 0.784968 0.660128 0.77683 0.649972 0.77683 0.660128 0.77683 0.660128 0.784968 0.670284 0.784968 0.670284 0.784968 0.670284 0.77683 0.660128 0.77683 0.609218 0.77683 0.609218 0.784968 0.619374 0.784968 0.619374 0.784968 0.619374 0.77683 0.609218 0.77683 0.619374 0.77683 0.619374 0.784968 0.629531 0.784968 0.629531 0.784968 0.629531 0.77683 0.619374 0.77683 0.580138 0.874755 0.588777 0.879743 0.597415 0.874755 0.597415 0.874755 0.597416 0.86478 0.588777 0.859792 0.580138 0.874755 0.597415 0.874755 0.588777 0.859792 0.580138 0.86478 0.580138 0.874755 0.588777 0.859792 0.478646 0.745259 0.484873 0.746973 0.478009 0.7494 0.621099 0.231013 0.613892 0.2420819 0.611748 0.24228 0.631875 0.347397 0.628574 0.2233009 0.621099 0.231013 0.550489 0.255551 0.548327 0.255192 0.541274 0.242572 0.501144 0.367956 0.550489 0.255551 0.541274 0.242572 0.541274 0.242572 0.548327 0.255192 0.526145 0.285882 0.634551 0.271978 0.613892 0.2420819 0.621099 0.231013 0.311949 0.57057 0.311393 0.556279 0.1811389 0.555983 0.1811389 0.555983 0.181695 0.570274 0.311949 0.57057 0.319639 0.582739 0.311949 0.57057 0.181695 0.570274 0.181695 0.570274 0.181697 0.582422 0.319639 0.582739 0.31905 0.597029 0.319639 0.582739 0.181697 0.582422 0.181697 0.582422 0.1811079 0.596712 0.31905 0.597029 0.311304 0.609162 0.31905 0.597029 0.1811079 0.596712 0.1811079 0.596712 0.18105 0.608859 0.311304 0.609162 0.402444 0.323594 0.39595 0.323898 0.398202 0.316205 0.398789 0.331294 0.39595 0.323898 0.402444 0.323594 0.39595 0.323898 0.288485 0.326045 0.288513 0.320894 0.39595 0.323898 0.288513 0.320894 0.286311 0.312895 0.286311 0.312895 0.398202 0.316205 0.39595 0.323898 0.398202 0.316205 0.286311 0.312895 0.397844 0.310912 0.398789 0.331294 0.285804 0.331241 0.288485 0.326045 0.288485 0.326045 0.39595 0.323898 0.398789 0.331294 0.288485 0.326045 0.282075 0.326055 0.282241 0.320745 0.282241 0.320745 0.288513 0.320894 0.288485 0.326045 0.288513 0.320894 0.282241 0.320745 0.286311 0.312895 0.285804 0.331241 0.282075 0.326055 0.288485 0.326045 0.245094 0.328991 0.245331 0.322546 0.282241 0.320745 0.282241 0.320745 0.282075 0.326055 0.245094 0.328991 0.245331 0.322546 0.246627 0.313417 0.286311 0.312895 0.286311 0.312895 0.282241 0.320745 0.245331 0.322546 0.285804 0.331241 0.245642 0.334734 0.245094 0.328991 0.245094 0.328991 0.282075 0.326055 0.285804 0.331241 0.397844 0.310912 0.452048 0.309666 0.452295 0.314913 0.452295 0.314913 0.398202 0.316205 0.397844 0.310912 0.398202 0.316205 0.45208 0.314975 0.44517 0.32326 0.44517 0.32326 0.402444 0.323594 0.398202 0.316205 0.402444 0.323594 0.44517 0.32326 0.452755 0.3312 0.452755 0.3312 0.398789 0.331294 0.402444 0.323594 0.246627 0.313417 0.245331 0.322546 0.234795 0.322407 0.234795 0.322407 0.235916 0.309607 0.246627 0.313417 0.245094 0.328991 0.245642 0.334734 0.234398 0.339483 0.234398 0.339483 0.234466 0.329342 0.245094 0.328991 0.245331 0.322546 0.245094 0.328991 0.234466 0.329342 0.234466 0.329342 0.234795 0.322407 0.245331 0.322546 0.235916 0.309607 0.234795 0.322407 0.225694 0.321738 0.225694 0.321738 0.225769 0.312608 0.235916 0.309607 0.234466 0.329342 0.234398 0.339483 0.224577 0.333718 0.224577 0.333718 0.225318 0.32806 0.234466 0.329342 0.234795 0.322407 0.234466 0.329342 0.225318 0.32806 0.225318 0.32806 0.225694 0.321738 0.234795 0.322407 0.225769 0.312608 0.225694 0.321738 0.202427 0.320647 0.202427 0.320647 0.2024019 0.312848 0.225769 0.312608 0.225318 0.32806 0.224577 0.333718 0.2013429 0.331086 0.2013429 0.331086 0.20203 0.325896 0.225318 0.32806 0.225694 0.321738 0.225318 0.32806 0.20203 0.325896 0.20203 0.325896 0.202427 0.320647 0.225694 0.321738 0.472399 0.311393 0.461594 0.314447 0.461361 0.309319 0.455276 0.323989 0.461594 0.314447 0.458772 0.324997 0.452295 0.314913 0.452048 0.309666 0.461361 0.309319 0.461361 0.309319 0.461594 0.314447 0.452295 0.314913 0.452048 0.309666 0.454216 0.300376 0.461361 0.309319 0.455276 0.323989 0.452295 0.314913 0.461594 0.314447 0.454216 0.300376 0.457606 0.299065 0.461361 0.309319 0.402444 0.323594 0.398202 0.316205 0.39595 0.323898 0.398789 0.331294 0.402444 0.323594 0.39595 0.323898 0.39595 0.323898 0.288513 0.320894 0.288485 0.326045 0.39595 0.323898 0.398202 0.316205 0.286311 0.312895 0.286311 0.312895 0.288513 0.320894 0.39595 0.323898 0.398202 0.316205 0.397844 0.310912 0.286311 0.312895 0.398789 0.331294 0.39595 0.323898 0.288485 0.326045 0.288485 0.326045 0.285804 0.331241 0.398789 0.331294 0.288485 0.326045 0.288513 0.320894 0.282241 0.320745 0.282241 0.320745 0.282075 0.326055 0.288485 0.326045 0.288513 0.320894 0.286311 0.312895 0.282241 0.320745 0.285804 0.331241 0.288485 0.326045 0.282075 0.326055 0.245094 0.328991 0.282075 0.326055 0.282241 0.320745 0.282241 0.320745 0.245331 0.322546 0.245094 0.328991 0.245331 0.322546 0.282241 0.320745 0.286311 0.312895 0.286311 0.312895 0.246627 0.313417 0.245331 0.322546 0.285804 0.331241 0.282075 0.326055 0.245094 0.328991 0.245094 0.328991 0.245642 0.334734 0.285804 0.331241 0.397844 0.310912 0.398202 0.316205 0.452295 0.314913 0.452295 0.314913 0.452048 0.309666 0.397844 0.310912 0.398202 0.316205 0.402444 0.323594 0.44517 0.32326 0.44517 0.32326 0.45208 0.314975 0.398202 0.316205 0.402444 0.323594 0.398789 0.331294 0.452755 0.3312 0.452755 0.3312 0.44517 0.32326 0.402444 0.323594 0.246627 0.313417 0.235916 0.309607 0.234795 0.322407 0.234795 0.322407 0.245331 0.322546 0.246627 0.313417 0.245094 0.328991 0.234466 0.329342 0.234398 0.339483 0.234398 0.339483 0.245642 0.334734 0.245094 0.328991 0.245331 0.322546 0.234795 0.322407 0.234466 0.329342 0.234466 0.329342 0.245094 0.328991 0.245331 0.322546 0.235916 0.309607 0.225769 0.312608 0.225694 0.321738 0.225694 0.321738 0.234795 0.322407 0.235916 0.309607 0.234466 0.329342 0.225318 0.32806 0.224577 0.333718 0.224577 0.333718 0.234398 0.339483 0.234466 0.329342 0.234795 0.322407 0.225694 0.321738 0.225318 0.32806 0.225318 0.32806 0.234466 0.329342 0.234795 0.322407 0.225769 0.312608 0.2024019 0.312848 0.202427 0.320647 0.202427 0.320647 0.225694 0.321738 0.225769 0.312608 0.225318 0.32806 0.20203 0.325896 0.2013429 0.331086 0.2013429 0.331086 0.224577 0.333718 0.225318 0.32806 0.225694 0.321738 0.202427 0.320647 0.20203 0.325896 0.20203 0.325896 0.225318 0.32806 0.225694 0.321738 0.472399 0.311393 0.461361 0.309319 0.461594 0.314447 0.455276 0.323989 0.458772 0.324997 0.461594 0.314447 0.452295 0.314913 0.461594 0.314447 0.461361 0.309319 0.461361 0.309319 0.452048 0.309666 0.452295 0.314913 0.452048 0.309666 0.461361 0.309319 0.454216 0.300376 0.455276 0.323989 0.461594 0.314447 0.452295 0.314913 0.454216 0.300376 0.461361 0.309319 0.457606 0.299065 0.55022 0.1920009 0.561638 0.212785 0.543136 0.212462 0.543136 0.212462 0.542219 0.1931869 0.55022 0.1920009 0.542125 0.175255 0.550084 0.174493 0.55022 0.1920009 0.55022 0.1920009 0.542219 0.1931869 0.542125 0.175255 0.54206 0.1560389 0.550074 0.15606 0.550084 0.174493 0.550084 0.174493 0.542125 0.175255 0.54206 0.1560389 0.550102 0.1400759 0.550074 0.15606 0.54206 0.1560389 0.54206 0.1560389 0.541703 0.1404809 0.550102 0.1400759 0.55044 0.12444 0.541384 0.1248279 0.540418 0.103383 0.540418 0.103383 0.550479 0.102903 0.55044 0.12444 0.55022 0.1920009 0.572211 0.2043619 0.561638 0.212785 0.550084 0.174493 0.596737 0.1717169 0.5972 0.1891729 0.5972 0.1891729 0.55022 0.1920009 0.550084 0.174493 0.550074 0.15606 0.626925 0.149357 0.596737 0.1717169 0.596737 0.1717169 0.550084 0.174493 0.550074 0.15606 0.550074 0.15606 0.550102 0.1400759 0.626925 0.149357 0.550479 0.102903 0.623666 0.1062849 0.624508 0.12512 0.624508 0.12512 0.55044 0.12444 0.550479 0.102903 0.637083 0.01677697 0.632831 0.01198798 0.654363 0.006730973 0.654363 0.006730973 0.650924 0.013161 0.637083 0.01677697 0.561638 0.212785 0.552619 0.2255219 0.54383 0.225757 0.54383 0.225757 0.543136 0.212462 0.561638 0.212785 0.695561 0.2352589 0.701977 0.2368779 0.694192 0.270729 0.694192 0.270729 0.687283 0.269809 0.695561 0.2352589 0.881747 0.371188 0.848163 0.377368 0.840676 0.306908 0.840676 0.306908 0.869178 0.292849 0.881747 0.371188 0.728874 0.321363 0.740586 0.322349 0.732001 0.356802 0.732001 0.356802 0.719464 0.355092 0.728874 0.321363 0.759013 0.28454 0.769841 0.288282 0.753068 0.292146 0.733582 0.467402 0.735006 0.413275 0.7385 0.417356 0.740586 0.322349 0.768853 0.319627 0.766112 0.354219 0.766112 0.354219 0.732001 0.356802 0.740586 0.322349 0.769841 0.288282 0.770716 0.296712 0.752829 0.298575 0.752829 0.298575 0.753068 0.292146 0.769841 0.288282 0.624876 0.03028005 0.632831 0.01198798 0.637083 0.01677697 0.637083 0.01677697 0.632275 0.02998697 0.624876 0.03028005 0.636017 0.04245197 0.64958 0.04803001 0.648623 0.05384397 0.648623 0.05384397 0.631169 0.04835402 0.636017 0.04245197 0.648623 0.05384397 0.64958 0.04803001 0.663735 0.04323703 0.663735 0.04323703 0.667546 0.04918301 0.648623 0.05384397 0.675579 0.03553301 0.667546 0.04918301 0.663735 0.04323703 0.663735 0.04323703 0.668323 0.03327101 0.675579 0.03553301 0.654363 0.006730973 0.671324 0.01982402 0.665734 0.020819 0.665734 0.020819 0.650924 0.013161 0.654363 0.006730973 0.540418 0.103383 0.534865 0.08152699 0.54148 0.07919299 0.54148 0.07919299 0.550479 0.102903 0.540418 0.103383 0.74726 0.287138 0.759013 0.28454 0.753068 0.292146 0.733155 0.212282 0.722819 0.211772 0.717989 0.206317 0.717989 0.206317 0.735584 0.195055 0.733155 0.212282 0.637083 0.01677697 0.649481 0.02986502 0.632275 0.02998697 0.636017 0.04245197 0.649481 0.02986502 0.64958 0.04803001 0.64958 0.04803001 0.649481 0.02986502 0.663735 0.04323703 0.663735 0.04323703 0.649481 0.02986502 0.668323 0.03327101 0.665734 0.020819 0.649481 0.02986502 0.650924 0.013161 0.650924 0.013161 0.649481 0.02986502 0.637083 0.01677697 0.441365 0.05182099 0.407581 0.05106902 0.407845 0.04138797 0.407845 0.04138797 0.444748 0.04334497 0.441365 0.05182099 0.444748 0.04334497 0.463758 0.04738801 0.456428 0.05333 0.456428 0.05333 0.441365 0.05182099 0.444748 0.04334497 0.468755 0.057545 0.4594 0.05605602 0.456428 0.05333 0.456428 0.05333 0.463758 0.04738801 0.468755 0.057545 0.420139 0.1082739 0.419486 0.09585499 0.460624 0.09100401 0.460624 0.09100401 0.460688 0.1077719 0.420139 0.1082739 0.381366 0.108547 0.381361 0.09799098 0.419486 0.09585499 0.419486 0.09585499 0.420139 0.1082739 0.381366 0.108547 0.516428 0.008940041 0.515367 0.07284098 0.489889 0.06597298 0.489889 0.06597298 0.485627 0.03238201 0.516428 0.008940041 0.407303 0.05738699 0.407581 0.05106902 0.441365 0.05182099 0.441365 0.05182099 0.44136 0.056028 0.407303 0.05738699 0.44136 0.056028 0.441365 0.05182099 0.456428 0.05333 0.456428 0.05333 0.454911 0.05550599 0.44136 0.056028 0.456886 0.05580902 0.454911 0.05550599 0.456428 0.05333 0.456428 0.05333 0.4594 0.05605602 0.456886 0.05580902 0.468755 0.057545 0.453009 0.07430601 0.448014 0.06103497 0.448014 0.06103497 0.4594 0.05605602 0.468755 0.057545 0.411071 0.06121301 0.447506 0.05747401 0.448014 0.06103497 0.448014 0.06103497 0.410828 0.06691801 0.411071 0.06121301 0.381468 0.05809903 0.38139 0.05139702 0.407581 0.05106902 0.407581 0.05106902 0.407303 0.05738699 0.381468 0.05809903 0.491095 0.111967 0.489889 0.06597298 0.515367 0.07284098 0.515367 0.07284098 0.514162 0.1062359 0.491095 0.111967 0.697977 0.380954 0.70831 0.349418 0.719464 0.355092 0.719464 0.355092 0.712437 0.387387 0.697977 0.380954 0.735182 0.294397 0.738599 0.287608 0.74726 0.287138 0.74726 0.287138 0.742626 0.296376 0.735182 0.294397 0.992187 0.02971702 0.885921 0.01695698 0.992213 0.008445978 0.897555 0.115208 0.888667 0.1095529 0.991884 0.115354 0.851269 0.151952 0.847484 0.13359 0.873168 0.1412619 0.873168 0.1412619 0.876687 0.1534619 0.851269 0.151952 0.876687 0.1534619 0.871998 0.169628 0.854509 0.166691 0.854509 0.166691 0.851269 0.151952 0.876687 0.1534619 0.876274 0.274587 0.873901 0.279167 0.86479 0.276519 0.86479 0.276519 0.864357 0.272582 0.876274 0.274587 0.875397 0.1140339 0.873168 0.1412619 0.847484 0.13359 0.847484 0.13359 0.84836 0.1159719 0.875397 0.1140339 0.46917 0.28561 0.47105 0.282871 0.486233 0.286955 0.461303 0.282377 0.458697 0.279333 0.47105 0.282871 0.439862 0.256791 0.450772 0.273538 0.448967 0.27455 0.448967 0.27455 0.437172 0.257023 0.439862 0.256791 0.486233 0.286955 0.493938 0.281107 0.498093 0.285349 0.847484 0.13359 0.851269 0.151952 0.667257 0.168753 0.667257 0.168753 0.626925 0.149357 0.847484 0.13359 0.55044 0.12444 0.550102 0.1400759 0.541703 0.1404809 0.541703 0.1404809 0.541384 0.1248279 0.55044 0.12444 0.55044 0.12444 0.624508 0.12512 0.550102 0.1400759 0.850131 0.1026549 0.850445 0.02918601 0.871438 0.032624 0.871438 0.032624 0.875397 0.1140339 0.850131 0.1026549 0.850445 0.02918601 0.712633 0.058528 0.727873 0.03113102 0.720346 0.02405101 0.727873 0.03113102 0.712633 0.058528 0.712633 0.058528 0.704598 0.04942399 0.720346 0.02405101 0.704598 0.04942399 0.712633 0.058528 0.683125 0.08063399 0.683125 0.08063399 0.678604 0.07193601 0.704598 0.04942399 0.678604 0.07193601 0.683125 0.08063399 0.648829 0.08875602 0.648829 0.08875602 0.647444 0.07773399 0.678604 0.07193601 0.591973 0.06404101 0.601038 0.05665999 0.61976 0.07142299 0.61976 0.07142299 0.615287 0.08207702 0.591973 0.06404101 0.591973 0.06404101 0.577791 0.03480899 0.588946 0.03782701 0.588946 0.03782701 0.601038 0.05665999 0.591973 0.06404101 0.61976 0.07142299 0.647444 0.07773399 0.648829 0.08875602 0.648829 0.08875602 0.615287 0.08207702 0.61976 0.07142299 0.416163 0.080715 0.410828 0.06691801 0.448014 0.06103497 0.448014 0.06103497 0.453009 0.07430601 0.416163 0.080715 0.381305 0.08324402 0.381211 0.06863898 0.410828 0.06691801 0.410828 0.06691801 0.416163 0.080715 0.381305 0.08324402 0.46917 0.28561 0.461303 0.282377 0.47105 0.282871 0.429924 0.02844297 0.485627 0.03238201 0.463758 0.04738801 0.463758 0.04738801 0.444748 0.04334497 0.429924 0.02844297 0.429924 0.02844297 0.407845 0.04138797 0.381333 0.04180502 0.381333 0.04180502 0.381263 0.02847898 0.429924 0.02844297 0.855301 0.179633 0.735584 0.195055 0.854509 0.166691 0.683506 0.303864 0.665902 0.3031401 0.687283 0.269809 0.381333 0.04180502 0.407845 0.04138797 0.407581 0.05106902 0.407581 0.05106902 0.38139 0.05139702 0.381333 0.04180502 0.411071 0.06121301 0.410828 0.06691801 0.381211 0.06863898 0.381211 0.06863898 0.381149 0.06303101 0.411071 0.06121301 0.438611 0.240893 0.439862 0.256791 0.437172 0.257023 0.437172 0.257023 0.435455 0.2412009 0.438611 0.240893 0.991884 0.115354 0.991836 0.129396 0.901211 0.129166 0.901211 0.129166 0.897555 0.115208 0.991884 0.115354 0.667257 0.168753 0.596737 0.1717169 0.626925 0.149357 0.663782 0.185149 0.664998 0.2187709 0.616512 0.2138 0.616512 0.2138 0.5972 0.1891729 0.663782 0.185149 0.648829 0.08875602 0.623666 0.1062849 0.615287 0.08207702 0.885921 0.01695698 0.992187 0.02971702 0.885912 0.08874005 0.850131 0.1026549 0.84836 0.1159719 0.624508 0.12512 0.624508 0.12512 0.623666 0.1062849 0.850131 0.1026549 0.847484 0.13359 0.626925 0.149357 0.624508 0.12512 0.624508 0.12512 0.84836 0.1159719 0.847484 0.13359 0.854509 0.166691 0.66874 0.1833329 0.667257 0.168753 0.667257 0.168753 0.851269 0.151952 0.854509 0.166691 0.526458 0.227364 0.51952 0.2033119 0.5337 0.2121419 0.486233 0.286955 0.47105 0.282871 0.493938 0.281107 0.991836 0.129396 0.991845 0.140865 0.902679 0.1409299 0.902679 0.1409299 0.901211 0.129166 0.991836 0.129396 0.894436 0.367464 0.873901 0.279167 0.876274 0.274587 0.876274 0.274587 0.899715 0.366005 0.894436 0.367464 0.74726 0.287138 0.753068 0.292146 0.752829 0.298575 0.752829 0.298575 0.742626 0.296376 0.74726 0.287138 0.869178 0.292849 0.873901 0.279167 0.894436 0.367464 0.894436 0.367464 0.881747 0.371188 0.869178 0.292849 0.86479 0.276519 0.873901 0.279167 0.869178 0.292849 0.717989 0.206317 0.722819 0.211772 0.701977 0.2368779 0.701977 0.2368779 0.695561 0.2352589 0.717989 0.206317 0.752829 0.298575 0.770716 0.296712 0.768853 0.319627 0.768853 0.319627 0.740586 0.322349 0.752829 0.298575 0.728874 0.321363 0.742626 0.296376 0.752829 0.298575 0.752829 0.298575 0.740586 0.322349 0.728874 0.321363 0.742626 0.296376 0.728874 0.321363 0.721669 0.316708 0.721669 0.316708 0.735182 0.294397 0.742626 0.296376 0.991845 0.140865 0.911012 0.2234839 0.902679 0.1409299 0.84836 0.1159719 0.850131 0.1026549 0.875397 0.1140339 0.855301 0.179633 0.863318 0.179911 0.876274 0.274587 0.876274 0.274587 0.864357 0.272582 0.855301 0.179633 0.864357 0.272582 0.759013 0.28454 0.735584 0.195055 0.735584 0.195055 0.855301 0.179633 0.864357 0.272582 0.848163 0.377368 0.766112 0.354219 0.840676 0.306908 0.86479 0.276519 0.869178 0.292849 0.841101 0.286847 0.841101 0.286847 0.869178 0.292849 0.840676 0.306908 0.864357 0.272582 0.86479 0.276519 0.769841 0.288282 0.769841 0.288282 0.759013 0.28454 0.864357 0.272582 0.766112 0.354219 0.848163 0.377368 0.766414 0.388093 0.769841 0.288282 0.841101 0.286847 0.770716 0.296712 0.770716 0.296712 0.841101 0.286847 0.840676 0.306908 0.840676 0.306908 0.768853 0.319627 0.770716 0.296712 0.713557 0.469098 0.691072 0.469685 0.6907 0.410574 0.6907 0.410574 0.71433 0.411139 0.713557 0.469098 0.74726 0.287138 0.733155 0.212282 0.735584 0.195055 0.735584 0.195055 0.759013 0.28454 0.74726 0.287138 0.72955 0.468759 0.713557 0.469098 0.71433 0.411139 0.71433 0.411139 0.735006 0.413275 0.72955 0.468759 0.722819 0.211772 0.723887 0.218182 0.707884 0.2389929 0.707884 0.2389929 0.701977 0.2368779 0.722819 0.211772 0.694192 0.270729 0.700633 0.271898 0.697207 0.304982 0.697207 0.304982 0.690887 0.304667 0.694192 0.270729 0.738599 0.287608 0.727321 0.217796 0.733155 0.212282 0.733155 0.212282 0.74726 0.287138 0.738599 0.287608 0.871998 0.169628 0.863318 0.179911 0.855301 0.179633 0.855301 0.179633 0.854509 0.166691 0.871998 0.169628 0.720346 0.02405101 0.727991 0.02022498 0.727873 0.03113102 0.850445 0.02918601 0.850593 0.01967102 0.858447 0.02185201 0.858447 0.02185201 0.871438 0.032624 0.850445 0.02918601 0.714203 0.019454 0.722727 0.013475 0.727991 0.02022498 0.727991 0.02022498 0.720346 0.02405101 0.714203 0.019454 0.704598 0.04942399 0.678604 0.07193601 0.675481 0.064758 0.675481 0.064758 0.698093 0.044393 0.704598 0.04942399 0.678604 0.07193601 0.647444 0.07773399 0.648302 0.07036298 0.648302 0.07036298 0.675481 0.064758 0.678604 0.07193601 0.61976 0.07142299 0.601038 0.05665999 0.605906 0.05116897 0.605906 0.05116897 0.622685 0.06543302 0.61976 0.07142299 0.601038 0.05665999 0.588946 0.03782701 0.594862 0.03415697 0.594862 0.03415697 0.605906 0.05116897 0.601038 0.05665999 0.588946 0.03782701 0.577849 0.01496303 0.581021 0.010935 0.581021 0.010935 0.594862 0.03415697 0.588946 0.03782701 0.720346 0.02405101 0.704598 0.04942399 0.698093 0.044393 0.698093 0.044393 0.714203 0.019454 0.720346 0.02405101 0.647444 0.07773399 0.61976 0.07142299 0.622685 0.06543302 0.622685 0.06543302 0.648302 0.07036298 0.647444 0.07773399 0.623666 0.1062849 0.648829 0.08875602 0.683125 0.08063399 0.623666 0.1062849 0.558886 0.07512301 0.591973 0.06404101 0.591973 0.06404101 0.558886 0.07512301 0.577791 0.03480899 0.577791 0.03480899 0.558886 0.07512301 0.552543 0.009396016 0.577849 0.01496303 0.588946 0.03782701 0.577791 0.03480899 0.433158 0.00931698 0.48433 0.008702993 0.485627 0.03238201 0.485627 0.03238201 0.429924 0.02844297 0.433158 0.00931698 0.485627 0.03238201 0.48433 0.008702993 0.516428 0.008940041 0.552543 0.009396016 0.577849 0.01496303 0.577791 0.03480899 0.460624 0.09100401 0.453009 0.07430601 0.468755 0.057545 0.468755 0.057545 0.489889 0.06597298 0.460624 0.09100401 0.460624 0.09100401 0.419486 0.09585499 0.416163 0.080715 0.416163 0.080715 0.453009 0.07430601 0.460624 0.09100401 0.419486 0.09585499 0.381361 0.09799098 0.381305 0.08324402 0.381305 0.08324402 0.416163 0.080715 0.419486 0.09585499 0.485627 0.03238201 0.489889 0.06597298 0.468755 0.057545 0.468755 0.057545 0.463758 0.04738801 0.485627 0.03238201 0.407845 0.04138797 0.429924 0.02844297 0.444748 0.04334497 0.447506 0.05747401 0.456886 0.05580902 0.4594 0.05605602 0.4594 0.05605602 0.448014 0.06103497 0.447506 0.05747401 0.457882 0.280272 0.448967 0.27455 0.450772 0.273538 0.450772 0.273538 0.458697 0.279333 0.457882 0.280272 0.468414 0.268671 0.484507 0.248907 0.493938 0.281107 0.493938 0.281107 0.47105 0.282871 0.468414 0.268671 0.468414 0.268671 0.47105 0.282871 0.458697 0.279333 0.735584 0.195055 0.66874 0.1833329 0.854509 0.166691 0.5972 0.1891729 0.616512 0.2138 0.572211 0.2043619 0.552619 0.2255219 0.561638 0.212785 0.56068 0.2221339 0.460624 0.09100401 0.489889 0.06597298 0.491095 0.111967 0.491095 0.111967 0.460688 0.1077719 0.460624 0.09100401 0.550479 0.102903 0.558886 0.07512301 0.623666 0.1062849 0.668405 0.2057229 0.717989 0.206317 0.695561 0.2352589 0.850593 0.01967102 0.850445 0.02918601 0.727873 0.03113102 0.727873 0.03113102 0.727991 0.02022498 0.850593 0.01967102 0.491095 0.111967 0.483258 0.1257619 0.460688 0.1077719 0.468414 0.268671 0.450772 0.273538 0.439862 0.256791 0.439862 0.256791 0.438611 0.240893 0.484507 0.248907 0.484507 0.248907 0.468414 0.268671 0.439862 0.256791 0.468414 0.268671 0.458697 0.279333 0.450772 0.273538 0.850131 0.1026549 0.683125 0.08063399 0.712633 0.058528 0.591973 0.06404101 0.615287 0.08207702 0.623666 0.1062849 0.690887 0.304667 0.683506 0.303864 0.687283 0.269809 0.687283 0.269809 0.694192 0.270729 0.690887 0.304667 0.727762 0.38989 0.712437 0.387387 0.719464 0.355092 0.719464 0.355092 0.732001 0.356802 0.727762 0.38989 0.721669 0.316708 0.728874 0.321363 0.719464 0.355092 0.719464 0.355092 0.70831 0.349418 0.721669 0.316708 0.668789 0.470264 0.667554 0.410664 0.6907 0.410574 0.6907 0.410574 0.691072 0.469685 0.668789 0.470264 0.694192 0.270729 0.701977 0.2368779 0.707884 0.2389929 0.707884 0.2389929 0.700633 0.271898 0.694192 0.270729 0.766414 0.388093 0.727762 0.38989 0.732001 0.356802 0.732001 0.356802 0.766112 0.354219 0.766414 0.388093 0.668405 0.2057229 0.695561 0.2352589 0.687283 0.269809 0.502174 0.2301059 0.479915 0.153729 0.51952 0.2033119 0.665902 0.3031401 0.668405 0.2057229 0.687283 0.269809 0.766112 0.354219 0.768853 0.319627 0.840676 0.306908 0.51952 0.2033119 0.479915 0.153729 0.512818 0.1681039 0.428036 0.480916 0.460779 0.480905 0.460779 0.541221 0.460779 0.541221 0.427857 0.538652 0.428036 0.480916 0.371787 0.253105 0.282789 0.264082 0.334066 0.2410079 0.371787 0.253105 0.334066 0.2410079 0.333361 0.2196419 0.333361 0.2196419 0.374151 0.2235559 0.371787 0.253105 0.436602 0.1264619 0.483258 0.1257619 0.48807 0.136816 0.48807 0.136816 0.437989 0.1353139 0.436602 0.1264619 0.53067 0.144391 0.519682 0.167707 0.50904 0.150581 0.50904 0.150581 0.508719 0.1162919 0.530395 0.11654 0.530395 0.11654 0.53067 0.144391 0.50904 0.150581 0.381439 0.127187 0.436602 0.1264619 0.437989 0.1353139 0.437989 0.1353139 0.381494 0.1365709 0.381439 0.127187 0.460688 0.1077719 0.436602 0.1264619 0.420139 0.1082739 0.436602 0.1264619 0.381439 0.127187 0.381366 0.108547 0.381366 0.108547 0.420139 0.1082739 0.436602 0.1264619 0.334066 0.2410079 0.288116 0.233753 0.333361 0.2196419 0.570694 0.2182829 0.561638 0.212785 0.572211 0.2043619 0.616512 0.2138 0.570694 0.2182829 0.572211 0.2043619 0.333361 0.2196419 0.288116 0.233753 0.297428 0.2179549 0.570694 0.2182829 0.56068 0.2221339 0.561638 0.212785 0.404979 0.2302039 0.404957 0.142849 0.479915 0.153729 0.334066 0.2410079 0.282789 0.264082 0.288116 0.233753 0.526458 0.227364 0.502174 0.2301059 0.51952 0.2033119 0.502174 0.2301059 0.404979 0.2302039 0.479915 0.153729 0.888667 0.1095529 0.885912 0.08874005 0.991884 0.115354 0.53067 0.144391 0.531808 0.1696559 0.519682 0.167707 0.436602 0.1264619 0.460688 0.1077719 0.483258 0.1257619 0.850131 0.1026549 0.623666 0.1062849 0.683125 0.08063399 0.885912 0.08874005 0.992187 0.02971702 0.991884 0.115354 0.717989 0.206317 0.668405 0.2057229 0.66874 0.1833329 0.991845 0.140865 0.991961 0.2229999 0.911012 0.2234839 0.722819 0.211772 0.733155 0.212282 0.727321 0.217796 0.727321 0.217796 0.723887 0.218182 0.722819 0.211772 0.55022 0.1920009 0.5972 0.1891729 0.572211 0.2043619 0.733582 0.467402 0.72955 0.468759 0.735006 0.413275 0.885921 0.01695698 0.875141 0.00692898 0.992213 0.008445978 0.577849 0.01496303 0.552543 0.009396016 0.581021 0.010935 0.663782 0.185149 0.5972 0.1891729 0.596737 0.1717169 0.596737 0.1717169 0.667257 0.168753 0.663782 0.185149 0.429924 0.02844297 0.381263 0.02847898 0.381167 0.01031398 0.381167 0.01031398 0.433158 0.00931698 0.429924 0.02844297 0.769841 0.288282 0.86479 0.276519 0.841101 0.286847 0.850131 0.1026549 0.712633 0.058528 0.850445 0.02918601 0.649481 0.02986502 0.636017 0.04245197 0.632275 0.02998697 0.636017 0.04245197 0.631169 0.04835402 0.624876 0.03028005 0.624876 0.03028005 0.632275 0.02998697 0.636017 0.04245197 0.649481 0.02986502 0.665734 0.020819 0.668323 0.03327101 0.665734 0.020819 0.671324 0.01982402 0.675579 0.03553301 0.675579 0.03553301 0.668323 0.03327101 0.665734 0.020819 0.461303 0.282377 0.457882 0.280272 0.458697 0.279333 0.543441 0.2182679 0.561001 0.218755 0.542189 0.1931359 0.55424 0.108488 0.541218 0.111464 0.541533 0.131496 0.542189 0.1931359 0.561001 0.218755 0.572053 0.20401 0.542133 0.1752259 0.542189 0.1931359 0.5972 0.1891729 0.5972 0.1891729 0.596737 0.1717169 0.542133 0.1752259 0.542123 0.15389 0.542133 0.1752259 0.596737 0.1717169 0.596737 0.1717169 0.62693 0.1495519 0.542123 0.15389 0.541533 0.131496 0.542123 0.15389 0.62693 0.1495519 0.62693 0.1495519 0.624508 0.12512 0.541533 0.131496 0.55424 0.108488 0.541533 0.131496 0.624508 0.12512 0.624508 0.12512 0.623666 0.1062849 0.55424 0.108488 0.544436 0.09067302 0.538277 0.09148299 0.541218 0.111464 0.541218 0.111464 0.55424 0.108488 0.544436 0.09067302 0.114549 0.1161789 0.233798 0.1185539 0.2328349 0.138059 0.2328349 0.138059 0.112543 0.134361 0.114549 0.1161789 0.114549 0.1161789 0.112169 0.09830397 0.231792 0.09745502 0.231792 0.09745502 0.233798 0.1185539 0.114549 0.1161789 0.112169 0.09830397 0.1093659 0.08601599 0.2303529 0.079337 0.2303529 0.079337 0.231792 0.09745502 0.112169 0.09830397 0.695561 0.2352589 0.687283 0.269809 0.694192 0.270729 0.694192 0.270729 0.701977 0.2368779 0.695561 0.2352589 0.881747 0.371188 0.869178 0.292849 0.840676 0.306908 0.840676 0.306908 0.848163 0.377368 0.881747 0.371188 0.728874 0.321363 0.719464 0.355092 0.732001 0.356802 0.732001 0.356802 0.740586 0.322349 0.728874 0.321363 0.759013 0.28454 0.753068 0.292146 0.769841 0.288282 0.733576 0.467407 0.738495 0.417361 0.735515 0.413204 0.740586 0.322349 0.732001 0.356802 0.766112 0.354219 0.766112 0.354219 0.768853 0.319627 0.740586 0.322349 0.752829 0.298575 0.770716 0.296712 0.769841 0.288282 0.769841 0.288282 0.753068 0.292146 0.752829 0.298575 0.851938 0.1639739 0.850933 0.150299 0.731372 0.1640459 0.731372 0.1640459 0.732059 0.177832 0.851938 0.1639739 0.74726 0.287138 0.753068 0.292146 0.759013 0.28454 0.733155 0.212282 0.735584 0.195055 0.717989 0.206317 0.717989 0.206317 0.723186 0.210924 0.733155 0.212282 0.32104 0.052926 0.317858 0.044182 0.354804 0.04185098 0.354804 0.04185098 0.355157 0.05158698 0.32104 0.052926 0.317858 0.044182 0.32104 0.052926 0.306192 0.05399399 0.306192 0.05399399 0.298843 0.04823005 0.317858 0.044182 0.293926 0.05841898 0.298843 0.04823005 0.306192 0.05399399 0.306192 0.05399399 0.303507 0.05652701 0.293926 0.05841898 0.342537 0.108892 0.302014 0.1086509 0.302025 0.091892 0.302025 0.091892 0.343181 0.09644901 0.342537 0.108892 0.381366 0.108547 0.342537 0.108892 0.343181 0.09644901 0.343181 0.09644901 0.381361 0.09799098 0.381366 0.108547 0.246112 0.009896993 0.276953 0.03330397 0.272743 0.06689697 0.272743 0.06689697 0.247272 0.07378697 0.246112 0.009896993 0.355526 0.05791598 0.320974 0.05674302 0.32104 0.052926 0.32104 0.052926 0.355157 0.05158698 0.355526 0.05791598 0.320974 0.05674302 0.30794 0.05643701 0.306192 0.05399399 0.306192 0.05399399 0.32104 0.052926 0.320974 0.05674302 0.306255 0.05657798 0.303507 0.05652701 0.306192 0.05399399 0.306192 0.05399399 0.30794 0.05643701 0.306255 0.05657798 0.293926 0.05841898 0.303507 0.05652701 0.314629 0.06209701 0.314629 0.06209701 0.309586 0.075221 0.293926 0.05841898 0.35132 0.06194597 0.351633 0.06763601 0.314629 0.06209701 0.314629 0.06209701 0.315381 0.05842399 0.35132 0.06194597 0.381468 0.05809903 0.355526 0.05791598 0.355157 0.05158698 0.355157 0.05158698 0.38139 0.05139702 0.381468 0.05809903 0.262057 0.1076549 0.247272 0.07378697 0.272743 0.06689697 0.241865 0.108604 0.247272 0.07378697 0.262057 0.1076549 0.697977 0.380954 0.712437 0.387387 0.719464 0.355092 0.719464 0.355092 0.70831 0.349418 0.697977 0.380954 0.735182 0.294397 0.742626 0.296376 0.74726 0.287138 0.74726 0.287138 0.738599 0.287608 0.735182 0.294397 0.992187 0.02971702 0.992213 0.008445978 0.885921 0.01695698 0.897555 0.115208 0.991884 0.115354 0.888667 0.1095529 0.850933 0.150299 0.876687 0.1534619 0.873168 0.1412619 0.873168 0.1412619 0.847413 0.132349 0.850933 0.150299 0.851938 0.1639739 0.871998 0.169628 0.876687 0.1534619 0.876687 0.1534619 0.850933 0.150299 0.851938 0.1639739 0.874178 0.274955 0.864357 0.272582 0.86479 0.276519 0.86479 0.276519 0.874179 0.279228 0.874178 0.274955 0.847413 0.132349 0.873168 0.1412619 0.875397 0.1140339 0.875397 0.1140339 0.84829 0.114337 0.847413 0.132349 0.46917 0.28561 0.486233 0.286955 0.47105 0.282871 0.461303 0.282377 0.47105 0.282871 0.458697 0.279333 0.439862 0.256791 0.437172 0.257023 0.448967 0.27455 0.448967 0.27455 0.450772 0.273538 0.439862 0.256791 0.486233 0.286955 0.498093 0.285349 0.493938 0.281107 0.667313 0.168715 0.731372 0.1640459 0.728781 0.14469 0.728781 0.14469 0.62693 0.1495519 0.667313 0.168715 0.871581 0.03196799 0.850445 0.02918601 0.850056 0.101858 0.850056 0.101858 0.875397 0.1140339 0.871581 0.03196799 0.103427 0.01524502 0.2249709 0.006802022 0.232589 0.02098602 0.720346 0.02405101 0.704681 0.04948502 0.712624 0.05852502 0.712624 0.05852502 0.727873 0.03113102 0.720346 0.02405101 0.704681 0.04948502 0.678378 0.07113003 0.683121 0.08061599 0.683121 0.08061599 0.712624 0.05852502 0.704681 0.04948502 0.678378 0.07113003 0.647444 0.07773399 0.648828 0.08874899 0.648828 0.08874899 0.683121 0.08061599 0.678378 0.07113003 0.591973 0.06404101 0.615287 0.08207702 0.61976 0.07142299 0.61976 0.07142299 0.601038 0.05665999 0.591973 0.06404101 0.591973 0.06404101 0.601038 0.05665999 0.588946 0.03782701 0.588946 0.03782701 0.577791 0.03480899 0.591973 0.06404101 0.61976 0.07142299 0.615287 0.08207702 0.648828 0.08874899 0.648828 0.08874899 0.647444 0.07773399 0.61976 0.07142299 0.346408 0.08123499 0.309586 0.075221 0.314629 0.06209701 0.314629 0.06209701 0.351633 0.06763601 0.346408 0.08123499 0.381305 0.08324402 0.346408 0.08123499 0.351633 0.06763601 0.351633 0.06763601 0.381211 0.06863898 0.381305 0.08324402 0.46917 0.28561 0.47105 0.282871 0.461303 0.282377 0.332623 0.02906197 0.317858 0.044182 0.298843 0.04823005 0.298843 0.04823005 0.276953 0.03330397 0.332623 0.02906197 0.332623 0.02906197 0.381263 0.02847898 0.381333 0.04180502 0.381333 0.04180502 0.354804 0.04185098 0.332623 0.02906197 0.735584 0.195055 0.855301 0.179633 0.851938 0.1639739 0.851938 0.1639739 0.732059 0.177832 0.735584 0.195055 0.683506 0.303864 0.687283 0.269809 0.665902 0.3031401 0.381333 0.04180502 0.38139 0.05139702 0.355157 0.05158698 0.355157 0.05158698 0.354804 0.04185098 0.381333 0.04180502 0.35132 0.06194597 0.381149 0.06303101 0.381211 0.06863898 0.381211 0.06863898 0.351633 0.06763601 0.35132 0.06194597 0.438611 0.240893 0.435455 0.2412009 0.437172 0.257023 0.437172 0.257023 0.439862 0.256791 0.438611 0.240893 0.991884 0.115354 0.897555 0.115208 0.901211 0.129166 0.901211 0.129166 0.991836 0.129396 0.991884 0.115354 0.539307 0.07175004 0.531369 0.07593297 0.538277 0.09148299 0.538277 0.09148299 0.544436 0.09067302 0.539307 0.07175004 0.62693 0.1495519 0.596737 0.1717169 0.667313 0.168715 0.616512 0.2138 0.664629 0.2167429 0.663782 0.185149 0.663782 0.185149 0.5972 0.1891729 0.616512 0.2138 0.648828 0.08874899 0.615287 0.08207702 0.623666 0.1062849 0.885912 0.08874005 0.992187 0.02971702 0.885921 0.01695698 0.728934 0.105322 0.623666 0.1062849 0.624508 0.12512 0.624508 0.12512 0.729016 0.1234959 0.728934 0.105322 0.728781 0.14469 0.729016 0.1234959 0.624508 0.12512 0.624508 0.12512 0.62693 0.1495519 0.728781 0.14469 0.732059 0.177832 0.731372 0.1640459 0.667313 0.168715 0.667313 0.168715 0.668707 0.1823589 0.732059 0.177832 0.527305 0.2273449 0.533729 0.212377 0.51952 0.2033119 0.486233 0.286955 0.493938 0.281107 0.47105 0.282871 0.991836 0.129396 0.901211 0.129166 0.902679 0.1409299 0.902679 0.1409299 0.991845 0.140865 0.991836 0.129396 0.894436 0.367464 0.899715 0.366005 0.874178 0.274955 0.874178 0.274955 0.874179 0.279228 0.894436 0.367464 0.74726 0.287138 0.742626 0.296376 0.752829 0.298575 0.752829 0.298575 0.753068 0.292146 0.74726 0.287138 0.869178 0.292849 0.881747 0.371188 0.894436 0.367464 0.894436 0.367464 0.874179 0.279228 0.869178 0.292849 0.86479 0.276519 0.869178 0.292849 0.874179 0.279228 0.717989 0.206317 0.695561 0.2352589 0.701977 0.2368779 0.701977 0.2368779 0.723186 0.210924 0.717989 0.206317 0.752829 0.298575 0.740586 0.322349 0.768853 0.319627 0.768853 0.319627 0.770716 0.296712 0.752829 0.298575 0.728874 0.321363 0.740586 0.322349 0.752829 0.298575 0.752829 0.298575 0.742626 0.296376 0.728874 0.321363 0.742626 0.296376 0.735182 0.294397 0.721669 0.316708 0.721669 0.316708 0.728874 0.321363 0.742626 0.296376 0.991845 0.140865 0.902679 0.1409299 0.911012 0.2234839 0.84829 0.114337 0.875397 0.1140339 0.850056 0.101858 0.855301 0.179633 0.864357 0.272582 0.874178 0.274955 0.874178 0.274955 0.863318 0.179911 0.855301 0.179633 0.864357 0.272582 0.855301 0.179633 0.735584 0.195055 0.735584 0.195055 0.759013 0.28454 0.864357 0.272582 0.848163 0.377368 0.840676 0.306908 0.766112 0.354219 0.86479 0.276519 0.841101 0.286847 0.869178 0.292849 0.841101 0.286847 0.840676 0.306908 0.869178 0.292849 0.864357 0.272582 0.759013 0.28454 0.769841 0.288282 0.769841 0.288282 0.86479 0.276519 0.864357 0.272582 0.766112 0.354219 0.766414 0.388093 0.848163 0.377368 0.769841 0.288282 0.770716 0.296712 0.841101 0.286847 0.770716 0.296712 0.768853 0.319627 0.840676 0.306908 0.840676 0.306908 0.841101 0.286847 0.770716 0.296712 0.713552 0.469103 0.714325 0.411144 0.690695 0.410579 0.690695 0.410579 0.691067 0.46969 0.713552 0.469103 0.74726 0.287138 0.759013 0.28454 0.735584 0.195055 0.735584 0.195055 0.733155 0.212282 0.74726 0.287138 0.729544 0.468764 0.735515 0.413204 0.714325 0.411144 0.714325 0.411144 0.713552 0.469103 0.729544 0.468764 0.723186 0.210924 0.701977 0.2368779 0.707884 0.2389929 0.707884 0.2389929 0.724024 0.217724 0.723186 0.210924 0.694192 0.270729 0.690887 0.304667 0.697207 0.304982 0.697207 0.304982 0.700633 0.271898 0.694192 0.270729 0.738599 0.287608 0.74726 0.287138 0.733155 0.212282 0.733155 0.212282 0.727321 0.217796 0.738599 0.287608 0.855301 0.179633 0.863318 0.179911 0.871998 0.169628 0.871998 0.169628 0.851938 0.1639739 0.855301 0.179633 0.720346 0.02405101 0.727873 0.03113102 0.727991 0.02022498 0.850445 0.02918601 0.871581 0.03196799 0.858447 0.02185201 0.858447 0.02185201 0.850593 0.01967102 0.850445 0.02918601 0.714203 0.019454 0.720346 0.02405101 0.727991 0.02022498 0.727991 0.02022498 0.722727 0.013475 0.714203 0.019454 0.704681 0.04948502 0.697974 0.04430001 0.675981 0.06634598 0.675981 0.06634598 0.678378 0.07113003 0.704681 0.04948502 0.678378 0.07113003 0.675981 0.06634598 0.648302 0.07036298 0.648302 0.07036298 0.647444 0.07773399 0.678378 0.07113003 0.61976 0.07142299 0.622685 0.06543302 0.605906 0.05116897 0.605906 0.05116897 0.601038 0.05665999 0.61976 0.07142299 0.601038 0.05665999 0.605906 0.05116897 0.594862 0.03415697 0.594862 0.03415697 0.588946 0.03782701 0.601038 0.05665999 0.588946 0.03782701 0.594862 0.03415697 0.581021 0.010935 0.581021 0.010935 0.577849 0.01496303 0.588946 0.03782701 0.720346 0.02405101 0.714203 0.019454 0.697974 0.04430001 0.697974 0.04430001 0.704681 0.04948502 0.720346 0.02405101 0.647444 0.07773399 0.648302 0.07036298 0.622685 0.06543302 0.622685 0.06543302 0.61976 0.07142299 0.647444 0.07773399 0.623666 0.1062849 0.683121 0.08061599 0.648828 0.08874899 0.1093659 0.08601599 0.103427 0.01524502 0.2303529 0.079337 0.623666 0.1062849 0.591973 0.06404101 0.558886 0.07512301 0.591973 0.06404101 0.577791 0.03480899 0.558886 0.07512301 0.577791 0.03480899 0.552543 0.009396016 0.558886 0.07512301 0.577849 0.01496303 0.577791 0.03480899 0.588946 0.03782701 0.329211 0.009971022 0.332623 0.02906197 0.276953 0.03330397 0.276953 0.03330397 0.278161 0.009652018 0.329211 0.009971022 0.276953 0.03330397 0.246112 0.009896993 0.278161 0.009652018 0.552543 0.009396016 0.577791 0.03480899 0.577849 0.01496303 0.302025 0.091892 0.272743 0.06689697 0.293926 0.05841898 0.293926 0.05841898 0.309586 0.075221 0.302025 0.091892 0.302025 0.091892 0.309586 0.075221 0.346408 0.08123499 0.346408 0.08123499 0.343181 0.09644901 0.302025 0.091892 0.343181 0.09644901 0.346408 0.08123499 0.381305 0.08324402 0.381305 0.08324402 0.381361 0.09799098 0.343181 0.09644901 0.276953 0.03330397 0.298843 0.04823005 0.293926 0.05841898 0.293926 0.05841898 0.272743 0.06689697 0.276953 0.03330397 0.354804 0.04185098 0.317858 0.044182 0.332623 0.02906197 0.315381 0.05842399 0.314629 0.06209701 0.303507 0.05652701 0.303507 0.05652701 0.306255 0.05657798 0.315381 0.05842399 0.457882 0.280272 0.458697 0.279333 0.450772 0.273538 0.450772 0.273538 0.448967 0.27455 0.457882 0.280272 0.468414 0.268671 0.47105 0.282871 0.493938 0.281107 0.493938 0.281107 0.484507 0.248907 0.468414 0.268671 0.468414 0.268671 0.458697 0.279333 0.47105 0.282871 0.735584 0.195055 0.732059 0.177832 0.717989 0.206317 0.5972 0.1891729 0.572053 0.20401 0.616512 0.2138 0.302025 0.091892 0.302014 0.1086509 0.262057 0.1076549 0.262057 0.1076549 0.272743 0.06689697 0.302025 0.091892 0.55424 0.108488 0.623666 0.1062849 0.558886 0.07512301 0.668405 0.2057229 0.695561 0.2352589 0.717989 0.206317 0.850593 0.01967102 0.727991 0.02022498 0.727873 0.03113102 0.727873 0.03113102 0.850445 0.02918601 0.850593 0.01967102 0.262057 0.1076549 0.302014 0.1086509 0.278155 0.126312 0.468414 0.268671 0.439862 0.256791 0.450772 0.273538 0.439862 0.256791 0.468414 0.268671 0.484507 0.248907 0.484507 0.248907 0.438611 0.240893 0.439862 0.256791 0.468414 0.268671 0.450772 0.273538 0.458697 0.279333 0.728934 0.105322 0.712624 0.05852502 0.683121 0.08061599 0.591973 0.06404101 0.623666 0.1062849 0.615287 0.08207702 0.690887 0.304667 0.694192 0.270729 0.687283 0.269809 0.687283 0.269809 0.683506 0.303864 0.690887 0.304667 0.727762 0.38989 0.732001 0.356802 0.719464 0.355092 0.719464 0.355092 0.712437 0.387387 0.727762 0.38989 0.721669 0.316708 0.70831 0.349418 0.719464 0.355092 0.719464 0.355092 0.728874 0.321363 0.721669 0.316708 0.668783 0.470269 0.691067 0.46969 0.690695 0.410579 0.690695 0.410579 0.667549 0.410669 0.668783 0.470269 0.694192 0.270729 0.700633 0.271898 0.707884 0.2389929 0.707884 0.2389929 0.701977 0.2368779 0.694192 0.270729 0.766414 0.388093 0.766112 0.354219 0.732001 0.356802 0.732001 0.356802 0.727762 0.38989 0.766414 0.388093 0.668405 0.2057229 0.687283 0.269809 0.695561 0.2352589 0.502156 0.23011 0.51952 0.2033119 0.479915 0.153729 0.665902 0.3031401 0.687283 0.269809 0.668405 0.2057229 0.766112 0.354219 0.840676 0.306908 0.768853 0.319627 0.51952 0.2033119 0.512248 0.170467 0.479915 0.153729 0.428036 0.480916 0.427857 0.538652 0.460779 0.541221 0.460779 0.541221 0.460779 0.480905 0.428036 0.480916 0.371787 0.253105 0.334066 0.2410079 0.282789 0.264082 0.371787 0.253105 0.373674 0.223181 0.333361 0.2196419 0.333361 0.2196419 0.334066 0.2410079 0.371787 0.253105 0.326218 0.127192 0.324904 0.136052 0.27476 0.1377879 0.27476 0.1377879 0.278155 0.126312 0.326218 0.127192 0.53067 0.144391 0.50904 0.150581 0.519682 0.167707 0.50904 0.150581 0.53067 0.144391 0.530395 0.11654 0.530395 0.11654 0.508719 0.1162919 0.50904 0.150581 0.381439 0.127187 0.381494 0.1365709 0.324904 0.136052 0.324904 0.136052 0.326218 0.127192 0.381439 0.127187 0.302014 0.1086509 0.342537 0.108892 0.326218 0.127192 0.326218 0.127192 0.342537 0.108892 0.381366 0.108547 0.381366 0.108547 0.381439 0.127187 0.326218 0.127192 0.334066 0.2410079 0.333361 0.2196419 0.288116 0.233753 0.570694 0.2182829 0.572053 0.20401 0.561001 0.218755 0.616512 0.2138 0.572053 0.20401 0.570694 0.2182829 0.333361 0.2196419 0.297428 0.2179549 0.288116 0.233753 0.404961 0.2301859 0.479915 0.153729 0.404957 0.142849 0.334066 0.2410079 0.288116 0.233753 0.282789 0.264082 0.527305 0.2273449 0.51952 0.2033119 0.502156 0.23011 0.502156 0.23011 0.479915 0.153729 0.404961 0.2301859 0.888667 0.1095529 0.991884 0.115354 0.885912 0.08874005 0.53067 0.144391 0.519682 0.167707 0.531808 0.1696559 0.326218 0.127192 0.278155 0.126312 0.302014 0.1086509 0.728934 0.105322 0.683121 0.08061599 0.623666 0.1062849 0.885912 0.08874005 0.991884 0.115354 0.992187 0.02971702 0.717989 0.206317 0.668707 0.1823589 0.668405 0.2057229 0.717989 0.206317 0.732059 0.177832 0.668707 0.1823589 0.991845 0.140865 0.911012 0.2234839 0.991961 0.2229999 0.723186 0.210924 0.724024 0.217724 0.727321 0.217796 0.727321 0.217796 0.733155 0.212282 0.723186 0.210924 0.542189 0.1931359 0.572053 0.20401 0.5972 0.1891729 0.733576 0.467407 0.735515 0.413204 0.729544 0.468764 0.885921 0.01695698 0.992213 0.008445978 0.875141 0.00692898 0.577849 0.01496303 0.581021 0.010935 0.552543 0.009396016 0.663782 0.185149 0.667313 0.168715 0.596737 0.1717169 0.596737 0.1717169 0.5972 0.1891729 0.663782 0.185149 0.381167 0.01031398 0.381263 0.02847898 0.332623 0.02906197 0.332623 0.02906197 0.329211 0.009971022 0.381167 0.01031398 0.769841 0.288282 0.841101 0.286847 0.86479 0.276519 0.2303529 0.079337 0.103427 0.01524502 0.232589 0.02098602 0.461303 0.282377 0.458697 0.279333 0.457882 0.280272 0.941011 0.36386 0.960247 0.364913 0.963762 0.375237 0.963762 0.375237 0.931594 0.373583 0.941011 0.36386 0.920165 0.352185 0.930792 0.351266 0.941011 0.36386 0.941011 0.36386 0.931594 0.373583 0.920165 0.352185 0.934676 0.330368 0.930792 0.351266 0.920165 0.352185 0.920165 0.352185 0.922404 0.32518 0.934676 0.330368 0.934676 0.330368 0.922404 0.32518 0.950667 0.313644 0.950667 0.313644 0.950402 0.324071 0.934676 0.330368 0.967304 0.32994 0.950402 0.324071 0.950667 0.313644 0.950667 0.313644 0.975192 0.323794 0.967304 0.32994 0.98142 0.351559 0.963762 0.375237 0.960247 0.364913 0.960247 0.364913 0.971885 0.349578 0.98142 0.351559 0.971885 0.349578 0.967304 0.32994 0.975192 0.323794 0.975192 0.323794 0.98142 0.351559 0.971885 0.349578 0.963762 0.375237 0.969401 0.387334 0.923445 0.383852 0.923445 0.383852 0.931594 0.373583 0.963762 0.375237 0.931594 0.373583 0.923445 0.383852 0.90636 0.354933 0.90636 0.354933 0.920165 0.352185 0.931594 0.373583 0.922404 0.32518 0.920165 0.352185 0.90636 0.354933 0.90636 0.354933 0.913367 0.317305 0.922404 0.32518 0.922404 0.32518 0.913367 0.317305 0.951023 0.300891 0.951023 0.300891 0.950667 0.313644 0.922404 0.32518 0.975192 0.323794 0.950667 0.313644 0.951023 0.300891 0.951023 0.300891 0.987701 0.315558 0.975192 0.323794 0.98142 0.351559 0.975192 0.323794 0.987701 0.315558 0.987701 0.315558 0.994774 0.352817 0.98142 0.351559 0.963762 0.375237 0.98142 0.351559 0.994774 0.352817 0.994774 0.352817 0.969401 0.387334 0.963762 0.375237 0.960247 0.364913 0.941011 0.36386 0.951816 0.345865 0.941011 0.36386 0.930792 0.351266 0.951816 0.345865 0.930792 0.351266 0.934676 0.330368 0.951816 0.345865 0.934676 0.330368 0.950402 0.324071 0.951816 0.345865 0.950402 0.324071 0.967304 0.32994 0.951816 0.345865 0.971885 0.349578 0.960247 0.364913 0.951816 0.345865 0.967304 0.32994 0.971885 0.349578 0.951816 0.345865 0.550102 0.1400759 0.624508 0.12512 0.626925 0.149357 0.735584 0.195055 0.717989 0.206317 0.66874 0.1833329 0.635827 0.95367 0.61505 0.95367 0.61505 0.92487 0.61505 0.92487 0.635827 0.92487 0.635827 0.95367 0.656519 0.95367 0.635827 0.95367 0.635827 0.92487 0.635827 0.92487 0.656519 0.92487 0.656519 0.95367 0.677021 0.95367 0.656519 0.95367 0.656519 0.92487 0.656519 0.92487 0.677021 0.92487 0.677021 0.95367 0.697593 0.95367 0.677021 0.95367 0.677021 0.92487 0.677021 0.92487 0.697593 0.92487 0.697593 0.95367 0.717868 0.95367 0.697593 0.95367 0.697593 0.92487 0.697593 0.92487 0.717868 0.92487 0.717868 0.95367 0.738422 0.95367 0.717868 0.95367 0.717868 0.92487 0.717868 0.92487 0.738422 0.92487 0.738422 0.95367 0.758675 0.95367 0.738422 0.95367 0.738422 0.92487 0.738422 0.92487 0.758675 0.92487 0.758675 0.95367 0.77925 0.95367 0.758675 0.95367 0.758675 0.92487 0.758675 0.92487 0.77925 0.92487 0.77925 0.95367 0.901443 0.95367 0.901443 0.92487 0.921769 0.92487 0.921769 0.92487 0.921769 0.95367 0.901443 0.95367 0.921769 0.95367 0.921769 0.92487 0.942153 0.92487 0.942153 0.92487 0.942153 0.95367 0.921769 0.95367 0.942153 0.95367 0.942153 0.92487 0.963095 0.92487 0.963095 0.92487 0.963095 0.95367 0.942153 0.95367 0.963095 0.95367 0.963095 0.92487 0.983838 0.92487 0.983838 0.92487 0.983838 0.95367 0.963095 0.95367 0.77925 0.95367 0.77925 0.92487 0.799501 0.92487 0.799501 0.92487 0.799501 0.95367 0.77925 0.95367 0.799501 0.95367 0.799501 0.92487 0.819877 0.92487 0.819877 0.92487 0.819877 0.95367 0.799501 0.95367 0.819877 0.95367 0.819877 0.92487 0.840129 0.92487 0.840129 0.92487 0.840129 0.95367 0.819877 0.95367 0.840129 0.95367 0.840129 0.92487 0.860743 0.92487 0.860743 0.92487 0.860743 0.95367 0.840129 0.95367 0.860743 0.95367 0.860743 0.92487 0.880949 0.92487 0.880949 0.92487 0.88103 0.95367 0.860743 0.95367 0.880949 0.92487 0.901443 0.92487 0.901443 0.95367 0.901443 0.95367 0.88103 0.95367 0.880949 0.92487 0.921769 0.92487 0.901443 0.92487 0.89094 0.91367 0.89094 0.91367 0.93136 0.91367 0.921769 0.92487 0.93136 0.91367 0.942153 0.92487 0.921769 0.92487 0.963095 0.92487 0.942153 0.92487 0.93136 0.91367 0.93136 0.91367 0.971263 0.91367 0.963095 0.92487 0.971263 0.91367 0.983838 0.92487 0.963095 0.92487 0.635827 0.92487 0.61505 0.92487 0.607009 0.91367 0.607009 0.91367 0.646812 0.91367 0.635827 0.92487 0.646812 0.91367 0.656519 0.92487 0.635827 0.92487 0.677021 0.92487 0.656519 0.92487 0.646812 0.91367 0.646812 0.91367 0.687238 0.91367 0.677021 0.92487 0.687238 0.91367 0.697593 0.92487 0.677021 0.92487 0.717868 0.92487 0.697593 0.92487 0.687238 0.91367 0.687238 0.91367 0.727764 0.91367 0.717868 0.92487 0.727764 0.91367 0.738422 0.92487 0.717868 0.92487 0.758675 0.92487 0.738422 0.92487 0.727764 0.91367 0.727764 0.91367 0.768555 0.91367 0.758675 0.92487 0.768555 0.91367 0.77925 0.92487 0.758675 0.92487 0.799501 0.92487 0.77925 0.92487 0.768555 0.91367 0.768555 0.91367 0.80951 0.91367 0.799501 0.92487 0.80951 0.91367 0.819877 0.92487 0.799501 0.92487 0.840129 0.92487 0.819877 0.92487 0.80951 0.91367 0.80951 0.91367 0.850362 0.91367 0.840129 0.92487 0.850362 0.91367 0.860743 0.92487 0.840129 0.92487 0.880949 0.92487 0.860743 0.92487 0.850362 0.91367 0.850362 0.91367 0.89094 0.91367 0.880949 0.92487 0.89094 0.91367 0.901443 0.92487 0.880949 0.92487 0.480685 0.938198 0.480685 0.899421 0.577377 0.882373 0.577377 0.882373 0.590639 0.91881 0.480685 0.938198 0.430347 0.817907 0.430216 0.833129 0.39264 0.825234 0.459552 0.817785 0.45942 0.833359 0.444947 0.841963 0.444947 0.841963 0.444962 0.809428 0.459552 0.817785 0.444962 0.809428 0.444947 0.841963 0.430216 0.833129 0.430216 0.833129 0.430347 0.817907 0.444962 0.809428 0.577377 0.955248 0.505609 0.967902 0.480685 0.938198 0.480685 0.938198 0.590639 0.91881 0.577377 0.955248 0.577377 0.955248 0.543796 0.974635 0.505609 0.967902 0.50561 0.869718 0.543796 0.862985 0.577377 0.882373 0.577377 0.882373 0.480685 0.899421 0.50561 0.869718 0.656519 0.95367 0.666828 0.974114 0.626656 0.974114 0.626656 0.974114 0.635827 0.95367 0.656519 0.95367 0.656519 0.95367 0.677021 0.95367 0.666828 0.974114 0.697593 0.95367 0.707771 0.974114 0.666828 0.974114 0.666828 0.974114 0.677021 0.95367 0.697593 0.95367 0.697593 0.95367 0.717868 0.95367 0.707771 0.974114 0.738422 0.95367 0.748653 0.974114 0.707771 0.974114 0.707771 0.974114 0.717868 0.95367 0.738422 0.95367 0.738422 0.95367 0.758675 0.95367 0.748653 0.974114 0.77925 0.95367 0.789838 0.974114 0.748653 0.974114 0.748653 0.974114 0.758675 0.95367 0.77925 0.95367 0.77925 0.95367 0.799501 0.95367 0.789838 0.974114 0.819877 0.95367 0.829939 0.974114 0.789838 0.974114 0.789838 0.974114 0.799501 0.95367 0.819877 0.95367 0.61505 0.95367 0.635827 0.95367 0.626656 0.974114 0.983838 0.95367 0.991323 0.974114 0.950883 0.974114 0.950883 0.974114 0.963095 0.95367 0.983838 0.95367 0.942153 0.95367 0.963095 0.95367 0.950883 0.974114 0.942153 0.95367 0.950883 0.974114 0.91179 0.974114 0.91179 0.974114 0.921769 0.95367 0.942153 0.95367 0.901443 0.95367 0.921769 0.95367 0.91179 0.974114 0.901443 0.95367 0.91179 0.974114 0.871405 0.974114 0.871405 0.974114 0.88103 0.95367 0.901443 0.95367 0.860743 0.95367 0.88103 0.95367 0.871405 0.974114 0.860743 0.95367 0.871405 0.974114 0.829939 0.974114 0.829939 0.974114 0.840129 0.95367 0.860743 0.95367 0.819877 0.95367 0.840129 0.95367 0.829939 0.974114 0.404895 0.792579 0.430347 0.817907 0.39264 0.825234 0.444962 0.809428 0.430347 0.817907 0.404895 0.792579 0.404895 0.792579 0.435424 0.775497 0.444962 0.809428 0.469912 0.781557 0.444962 0.809428 0.435424 0.775497 0.459552 0.817785 0.444962 0.809428 0.469912 0.781557 0.469912 0.781557 0.492578 0.808131 0.459552 0.817785 0.45942 0.833359 0.459552 0.817785 0.492578 0.808131 0.492578 0.808131 0.49246 0.842993 0.45942 0.833359 0.39264 0.825234 0.430216 0.833129 0.404648 0.857995 0.430216 0.833129 0.444947 0.841963 0.435065 0.875409 0.435065 0.875409 0.404648 0.857995 0.430216 0.833129 0.435065 0.875409 0.444947 0.841963 0.469647 0.86947 0.444947 0.841963 0.45942 0.833359 0.49246 0.842993 0.49246 0.842993 0.469647 0.86947 0.444947 0.841963 0.670162 0.812079 0.690774 0.812079 0.701055 0.794916 0.701055 0.794916 0.6598 0.794916 0.670162 0.812079 0.6598 0.794916 0.649386 0.812079 0.670162 0.812079 0.628396 0.812079 0.649386 0.812079 0.6598 0.794916 0.6598 0.794916 0.617832 0.794916 0.628396 0.812079 0.617832 0.794916 0.607242 0.812079 0.628396 0.812079 0.961857 0.812079 0.983044 0.812079 0.993635 0.794916 0.993635 0.794916 0.951299 0.794916 0.961857 0.812079 0.951299 0.794916 0.940784 0.812079 0.961857 0.812079 0.919916 0.812079 0.940784 0.812079 0.951299 0.794916 0.951299 0.794916 0.909561 0.794916 0.919916 0.812079 0.909561 0.794916 0.899246 0.812079 0.919916 0.812079 0.878675 0.812079 0.899246 0.812079 0.909561 0.794916 0.909561 0.794916 0.868383 0.794916 0.878675 0.812079 0.868383 0.794916 0.858063 0.812079 0.878675 0.812079 0.837287 0.812079 0.858063 0.812079 0.868383 0.794916 0.868383 0.794916 0.826818 0.794916 0.837287 0.812079 0.826818 0.794916 0.816297 0.812079 0.837287 0.812079 0.795143 0.812079 0.816297 0.812079 0.826818 0.794916 0.826818 0.794916 0.784544 0.794917 0.795143 0.812079 0.784544 0.794917 0.773956 0.812079 0.795143 0.812079 0.752883 0.812079 0.773956 0.812079 0.784544 0.794917 0.784544 0.794917 0.742421 0.794916 0.752883 0.812079 0.742421 0.794916 0.732015 0.812079 0.752883 0.812079 0.711344 0.812079 0.732015 0.812079 0.742421 0.794916 0.742421 0.794916 0.701055 0.794916 0.711344 0.812079 0.701055 0.794916 0.690774 0.812079 0.711344 0.812079 0.548842 0.753259 0.58205 0.765345 0.566512 0.853467 0.566512 0.853467 0.531173 0.853467 0.548842 0.753259 0.504102 0.830752 0.515635 0.765345 0.548842 0.753259 0.548842 0.753259 0.531173 0.853467 0.504102 0.830752 0.504102 0.830752 0.497965 0.79595 0.515635 0.765345 0.599719 0.79595 0.593583 0.830752 0.566512 0.853467 0.566512 0.853467 0.58205 0.765345 0.599719 0.79595 0.961857 0.812079 0.961857 0.882034 0.983044 0.882034 0.983044 0.882034 0.983044 0.812079 0.961857 0.812079 0.961857 0.812079 0.940784 0.812079 0.940784 0.882034 0.940784 0.882034 0.961857 0.882034 0.961857 0.812079 0.940784 0.812079 0.919916 0.812079 0.919916 0.882034 0.919916 0.882034 0.940784 0.882034 0.940784 0.812079 0.919916 0.812079 0.899246 0.812079 0.899246 0.882034 0.899246 0.882034 0.919916 0.882034 0.919916 0.812079 0.899246 0.812079 0.878675 0.812079 0.878675 0.882034 0.878675 0.882034 0.899246 0.882034 0.899246 0.812079 0.878675 0.812079 0.858063 0.812079 0.858063 0.882034 0.858063 0.882034 0.878675 0.882034 0.878675 0.812079 0.858063 0.812079 0.837287 0.812079 0.837287 0.882034 0.837287 0.882034 0.858063 0.882034 0.858063 0.812079 0.837287 0.812079 0.816297 0.812079 0.816297 0.882034 0.816297 0.882034 0.837287 0.882034 0.837287 0.812079 0.670162 0.812079 0.670162 0.882034 0.690774 0.882034 0.690774 0.882034 0.690774 0.812079 0.670162 0.812079 0.670162 0.812079 0.649386 0.812079 0.649386 0.882034 0.649386 0.882034 0.670162 0.882034 0.670162 0.812079 0.649386 0.812079 0.628396 0.812079 0.628425 0.882034 0.628425 0.882034 0.649386 0.882034 0.649386 0.812079 0.628396 0.812079 0.607242 0.812079 0.607271 0.882034 0.607271 0.882034 0.628425 0.882034 0.628396 0.812079 0.816297 0.812079 0.795143 0.812079 0.795143 0.882034 0.795143 0.882034 0.816297 0.882034 0.816297 0.812079 0.795143 0.812079 0.773956 0.812079 0.773956 0.882034 0.773956 0.882034 0.795143 0.882034 0.795143 0.812079 0.773956 0.812079 0.752883 0.812079 0.752883 0.882034 0.752883 0.882034 0.773956 0.882034 0.773956 0.812079 0.752883 0.812079 0.732015 0.812079 0.732015 0.882034 0.732015 0.882034 0.752883 0.882034 0.752883 0.812079 0.732015 0.812079 0.711344 0.812079 0.711344 0.882034 0.711344 0.882034 0.732015 0.882034 0.732015 0.812079 0.690774 0.882034 0.711344 0.882034 0.711344 0.812079 0.711344 0.812079 0.690774 0.812079 0.690774 0.882034 0.961857 0.882034 0.940784 0.882034 0.930323 0.906693 0.930323 0.906693 0.972445 0.906693 0.961857 0.882034 0.940784 0.882034 0.919916 0.882034 0.930323 0.906693 0.919916 0.882034 0.899246 0.882034 0.888956 0.906693 0.888956 0.906693 0.930323 0.906693 0.919916 0.882034 0.899246 0.882034 0.878675 0.882034 0.888956 0.906693 0.878675 0.882034 0.858063 0.882034 0.847701 0.906693 0.847701 0.906693 0.888956 0.906693 0.878675 0.882034 0.858063 0.882034 0.837287 0.882034 0.847701 0.906693 0.837287 0.882034 0.816297 0.882034 0.805733 0.906693 0.805733 0.906693 0.847701 0.906693 0.837287 0.882034 0.816297 0.882034 0.795143 0.882034 0.805733 0.906693 0.795143 0.882034 0.773956 0.882034 0.763397 0.906693 0.763397 0.906693 0.805733 0.906693 0.795143 0.882034 0.983044 0.882034 0.961857 0.882034 0.972445 0.906693 0.628425 0.882034 0.607271 0.882034 0.596759 0.906693 0.596759 0.906693 0.638975 0.906693 0.628425 0.882034 0.649386 0.882034 0.628425 0.882034 0.638975 0.906693 0.670162 0.882034 0.649386 0.882034 0.638975 0.906693 0.638975 0.906693 0.680482 0.906693 0.670162 0.882034 0.690774 0.882034 0.670162 0.882034 0.680482 0.906693 0.711344 0.882034 0.690774 0.882034 0.680482 0.906693 0.680482 0.906693 0.721659 0.906693 0.711344 0.882034 0.732015 0.882034 0.711344 0.882034 0.721659 0.906693 0.752883 0.882034 0.732015 0.882034 0.721659 0.906693 0.721659 0.906693 0.763397 0.906693 0.752883 0.882034 0.773956 0.882034 0.752883 0.882034 0.763397 0.906693 0.442768 0.973434 0.410706 0.973434 0.426817 0.929254 0.410706 0.973434 0.386145 0.952825 0.426817 0.929254 0.386145 0.952825 0.380578 0.92125 0.426817 0.929254 0.380578 0.92125 0.396609 0.893483 0.426817 0.929254 0.472897 0.92125 0.467329 0.952825 0.426817 0.929254 0.456866 0.893483 0.472897 0.92125 0.426817 0.929254 0.426737 0.882518 0.456866 0.893483 0.426817 0.929254 0.396609 0.893483 0.426737 0.882518 0.426817 0.929254 0.467329 0.952825 0.442768 0.973434 0.426817 0.929254 0.635827 0.95367 0.635827 0.92487 0.61505 0.92487 0.61505 0.92487 0.61505 0.95367 0.635827 0.95367 0.656519 0.95367 0.656519 0.92487 0.635827 0.92487 0.635827 0.92487 0.635827 0.95367 0.656519 0.95367 0.677021 0.95367 0.677021 0.92487 0.656519 0.92487 0.656519 0.92487 0.656519 0.95367 0.677021 0.95367 0.697593 0.95367 0.697593 0.92487 0.677021 0.92487 0.677021 0.92487 0.677021 0.95367 0.697593 0.95367 0.717868 0.95367 0.717868 0.92487 0.697593 0.92487 0.697593 0.92487 0.697593 0.95367 0.717868 0.95367 0.738422 0.95367 0.738422 0.92487 0.717868 0.92487 0.717868 0.92487 0.717868 0.95367 0.738422 0.95367 0.758675 0.95367 0.758675 0.92487 0.738422 0.92487 0.738422 0.92487 0.738422 0.95367 0.758675 0.95367 0.77925 0.95367 0.77925 0.92487 0.758675 0.92487 0.758675 0.92487 0.758675 0.95367 0.77925 0.95367 0.901443 0.95367 0.921769 0.95367 0.921769 0.92487 0.921769 0.92487 0.901443 0.92487 0.901443 0.95367 0.921769 0.95367 0.942153 0.95367 0.942153 0.92487 0.942153 0.92487 0.921769 0.92487 0.921769 0.95367 0.942153 0.95367 0.963095 0.95367 0.963095 0.92487 0.963095 0.92487 0.942153 0.92487 0.942153 0.95367 0.963095 0.95367 0.983838 0.95367 0.983838 0.92487 0.983838 0.92487 0.963095 0.92487 0.963095 0.95367 0.77925 0.95367 0.799501 0.95367 0.799501 0.92487 0.799501 0.92487 0.77925 0.92487 0.77925 0.95367 0.799501 0.95367 0.819877 0.95367 0.819877 0.92487 0.819877 0.92487 0.799501 0.92487 0.799501 0.95367 0.819877 0.95367 0.840129 0.95367 0.840129 0.92487 0.840129 0.92487 0.819877 0.92487 0.819877 0.95367 0.840129 0.95367 0.860743 0.95367 0.860743 0.92487 0.860743 0.92487 0.840129 0.92487 0.840129 0.95367 0.860743 0.95367 0.88103 0.95367 0.880949 0.92487 0.880949 0.92487 0.860743 0.92487 0.860743 0.95367 0.880949 0.92487 0.88103 0.95367 0.901443 0.95367 0.901443 0.95367 0.901443 0.92487 0.880949 0.92487 0.921769 0.92487 0.93136 0.91367 0.89094 0.91367 0.89094 0.91367 0.901443 0.92487 0.921769 0.92487 0.93136 0.91367 0.921769 0.92487 0.942153 0.92487 0.963095 0.92487 0.971263 0.91367 0.93136 0.91367 0.93136 0.91367 0.942153 0.92487 0.963095 0.92487 0.971263 0.91367 0.963095 0.92487 0.983838 0.92487 0.635827 0.92487 0.646812 0.91367 0.607009 0.91367 0.607009 0.91367 0.61505 0.92487 0.635827 0.92487 0.646812 0.91367 0.635827 0.92487 0.656519 0.92487 0.677021 0.92487 0.687238 0.91367 0.646812 0.91367 0.646812 0.91367 0.656519 0.92487 0.677021 0.92487 0.687238 0.91367 0.677021 0.92487 0.697593 0.92487 0.717868 0.92487 0.727764 0.91367 0.687238 0.91367 0.687238 0.91367 0.697593 0.92487 0.717868 0.92487 0.727764 0.91367 0.717868 0.92487 0.738422 0.92487 0.758675 0.92487 0.768555 0.91367 0.727764 0.91367 0.727764 0.91367 0.738422 0.92487 0.758675 0.92487 0.768555 0.91367 0.758675 0.92487 0.77925 0.92487 0.799501 0.92487 0.80951 0.91367 0.768555 0.91367 0.768555 0.91367 0.77925 0.92487 0.799501 0.92487 0.80951 0.91367 0.799501 0.92487 0.819877 0.92487 0.840129 0.92487 0.850362 0.91367 0.80951 0.91367 0.80951 0.91367 0.819877 0.92487 0.840129 0.92487 0.850362 0.91367 0.840129 0.92487 0.860743 0.92487 0.880949 0.92487 0.89094 0.91367 0.850362 0.91367 0.850362 0.91367 0.860743 0.92487 0.880949 0.92487 0.89094 0.91367 0.880949 0.92487 0.901443 0.92487 0.480685 0.938198 0.590639 0.91881 0.577377 0.882373 0.577377 0.882373 0.480685 0.899421 0.480685 0.938198 0.430347 0.817907 0.39264 0.825234 0.430216 0.833129 0.459552 0.817785 0.444962 0.809428 0.444947 0.841963 0.444947 0.841963 0.45942 0.833359 0.459552 0.817785 0.444962 0.809428 0.430347 0.817907 0.430216 0.833129 0.430216 0.833129 0.444947 0.841963 0.444962 0.809428 0.577377 0.955248 0.590639 0.91881 0.480685 0.938198 0.480685 0.938198 0.505609 0.967902 0.577377 0.955248 0.577377 0.955248 0.505609 0.967902 0.543796 0.974635 0.50561 0.869718 0.480685 0.899421 0.577377 0.882373 0.577377 0.882373 0.543796 0.862985 0.50561 0.869718 0.656519 0.95367 0.635827 0.95367 0.626656 0.974114 0.626656 0.974114 0.666828 0.974114 0.656519 0.95367 0.656519 0.95367 0.666828 0.974114 0.677021 0.95367 0.697593 0.95367 0.677021 0.95367 0.666828 0.974114 0.666828 0.974114 0.707771 0.974114 0.697593 0.95367 0.697593 0.95367 0.707771 0.974114 0.717868 0.95367 0.738422 0.95367 0.717868 0.95367 0.707771 0.974114 0.707771 0.974114 0.748653 0.974114 0.738422 0.95367 0.738422 0.95367 0.748653 0.974114 0.758675 0.95367 0.77925 0.95367 0.758675 0.95367 0.748653 0.974114 0.748653 0.974114 0.789838 0.974114 0.77925 0.95367 0.77925 0.95367 0.789838 0.974114 0.799501 0.95367 0.819877 0.95367 0.799501 0.95367 0.789838 0.974114 0.789838 0.974114 0.829939 0.974114 0.819877 0.95367 0.61505 0.95367 0.626656 0.974114 0.635827 0.95367 0.983838 0.95367 0.963095 0.95367 0.950883 0.974114 0.950883 0.974114 0.991323 0.974114 0.983838 0.95367 0.942153 0.95367 0.950883 0.974114 0.963095 0.95367 0.942153 0.95367 0.921769 0.95367 0.91179 0.974114 0.91179 0.974114 0.950883 0.974114 0.942153 0.95367 0.901443 0.95367 0.91179 0.974114 0.921769 0.95367 0.901443 0.95367 0.88103 0.95367 0.871405 0.974114 0.871405 0.974114 0.91179 0.974114 0.901443 0.95367 0.860743 0.95367 0.871405 0.974114 0.88103 0.95367 0.860743 0.95367 0.840129 0.95367 0.829939 0.974114 0.829939 0.974114 0.871405 0.974114 0.860743 0.95367 0.819877 0.95367 0.829939 0.974114 0.840129 0.95367 0.404895 0.792579 0.39264 0.825234 0.430347 0.817907 0.444962 0.809428 0.435424 0.775497 0.404895 0.792579 0.404895 0.792579 0.430347 0.817907 0.444962 0.809428 0.469912 0.781557 0.435424 0.775497 0.444962 0.809428 0.459552 0.817785 0.492578 0.808131 0.469912 0.781557 0.469912 0.781557 0.444962 0.809428 0.459552 0.817785 0.45942 0.833359 0.49246 0.842993 0.492578 0.808131 0.492578 0.808131 0.459552 0.817785 0.45942 0.833359 0.39264 0.825234 0.404648 0.857995 0.430216 0.833129 0.430216 0.833129 0.404648 0.857995 0.435065 0.875409 0.435065 0.875409 0.444947 0.841963 0.430216 0.833129 0.435065 0.875409 0.469647 0.86947 0.444947 0.841963 0.444947 0.841963 0.469647 0.86947 0.49246 0.842993 0.49246 0.842993 0.45942 0.833359 0.444947 0.841963 0.670162 0.812079 0.6598 0.794916 0.701055 0.794916 0.701055 0.794916 0.690774 0.812079 0.670162 0.812079 0.6598 0.794916 0.670162 0.812079 0.649386 0.812079 0.628396 0.812079 0.617832 0.794916 0.6598 0.794916 0.6598 0.794916 0.649386 0.812079 0.628396 0.812079 0.617832 0.794916 0.628396 0.812079 0.607242 0.812079 0.961857 0.812079 0.951299 0.794916 0.993635 0.794916 0.993635 0.794916 0.983044 0.812079 0.961857 0.812079 0.951299 0.794916 0.961857 0.812079 0.940784 0.812079 0.919916 0.812079 0.909561 0.794916 0.951299 0.794916 0.951299 0.794916 0.940784 0.812079 0.919916 0.812079 0.909561 0.794916 0.919916 0.812079 0.899246 0.812079 0.878675 0.812079 0.868383 0.794916 0.909561 0.794916 0.909561 0.794916 0.899246 0.812079 0.878675 0.812079 0.868383 0.794916 0.878675 0.812079 0.858063 0.812079 0.837287 0.812079 0.826818 0.794916 0.868383 0.794916 0.868383 0.794916 0.858063 0.812079 0.837287 0.812079 0.826818 0.794916 0.837287 0.812079 0.816297 0.812079 0.795143 0.812079 0.784544 0.794917 0.826818 0.794916 0.826818 0.794916 0.816297 0.812079 0.795143 0.812079 0.784544 0.794917 0.795143 0.812079 0.773956 0.812079 0.752883 0.812079 0.742421 0.794916 0.784544 0.794917 0.784544 0.794917 0.773956 0.812079 0.752883 0.812079 0.742421 0.794916 0.752883 0.812079 0.732015 0.812079 0.711344 0.812079 0.701055 0.794916 0.742421 0.794916 0.742421 0.794916 0.732015 0.812079 0.711344 0.812079 0.701055 0.794916 0.711344 0.812079 0.690774 0.812079 0.548842 0.753259 0.531173 0.853467 0.566512 0.853467 0.566512 0.853467 0.58205 0.765345 0.548842 0.753259 0.504102 0.830752 0.531173 0.853467 0.548842 0.753259 0.548842 0.753259 0.515635 0.765345 0.504102 0.830752 0.504102 0.830752 0.515635 0.765345 0.497965 0.79595 0.599719 0.79595 0.58205 0.765345 0.566512 0.853467 0.566512 0.853467 0.593583 0.830752 0.599719 0.79595 0.961857 0.812079 0.983044 0.812079 0.983044 0.882034 0.983044 0.882034 0.961857 0.882034 0.961857 0.812079 0.961857 0.812079 0.961857 0.882034 0.940784 0.882034 0.940784 0.882034 0.940784 0.812079 0.961857 0.812079 0.940784 0.812079 0.940784 0.882034 0.919916 0.882034 0.919916 0.882034 0.919916 0.812079 0.940784 0.812079 0.919916 0.812079 0.919916 0.882034 0.899246 0.882034 0.899246 0.882034 0.899246 0.812079 0.919916 0.812079 0.899246 0.812079 0.899246 0.882034 0.878675 0.882034 0.878675 0.882034 0.878675 0.812079 0.899246 0.812079 0.878675 0.812079 0.878675 0.882034 0.858063 0.882034 0.858063 0.882034 0.858063 0.812079 0.878675 0.812079 0.858063 0.812079 0.858063 0.882034 0.837287 0.882034 0.837287 0.882034 0.837287 0.812079 0.858063 0.812079 0.837287 0.812079 0.837287 0.882034 0.816297 0.882034 0.816297 0.882034 0.816297 0.812079 0.837287 0.812079 0.670162 0.812079 0.690774 0.812079 0.690774 0.882034 0.690774 0.882034 0.670162 0.882034 0.670162 0.812079 0.670162 0.812079 0.670162 0.882034 0.649386 0.882034 0.649386 0.882034 0.649386 0.812079 0.670162 0.812079 0.649386 0.812079 0.649386 0.882034 0.628425 0.882034 0.628425 0.882034 0.628396 0.812079 0.649386 0.812079 0.628396 0.812079 0.628425 0.882034 0.607271 0.882034 0.607271 0.882034 0.607242 0.812079 0.628396 0.812079 0.816297 0.812079 0.816297 0.882034 0.795143 0.882034 0.795143 0.882034 0.795143 0.812079 0.816297 0.812079 0.795143 0.812079 0.795143 0.882034 0.773956 0.882034 0.773956 0.882034 0.773956 0.812079 0.795143 0.812079 0.773956 0.812079 0.773956 0.882034 0.752883 0.882034 0.752883 0.882034 0.752883 0.812079 0.773956 0.812079 0.752883 0.812079 0.752883 0.882034 0.732015 0.882034 0.732015 0.882034 0.732015 0.812079 0.752883 0.812079 0.732015 0.812079 0.732015 0.882034 0.711344 0.882034 0.711344 0.882034 0.711344 0.812079 0.732015 0.812079 0.690774 0.882034 0.690774 0.812079 0.711344 0.812079 0.711344 0.812079 0.711344 0.882034 0.690774 0.882034 0.961857 0.882034 0.972445 0.906693 0.930323 0.906693 0.930323 0.906693 0.940784 0.882034 0.961857 0.882034 0.940784 0.882034 0.930323 0.906693 0.919916 0.882034 0.919916 0.882034 0.930323 0.906693 0.888956 0.906693 0.888956 0.906693 0.899246 0.882034 0.919916 0.882034 0.899246 0.882034 0.888956 0.906693 0.878675 0.882034 0.878675 0.882034 0.888956 0.906693 0.847701 0.906693 0.847701 0.906693 0.858063 0.882034 0.878675 0.882034 0.858063 0.882034 0.847701 0.906693 0.837287 0.882034 0.837287 0.882034 0.847701 0.906693 0.805733 0.906693 0.805733 0.906693 0.816297 0.882034 0.837287 0.882034 0.816297 0.882034 0.805733 0.906693 0.795143 0.882034 0.795143 0.882034 0.805733 0.906693 0.763397 0.906693 0.763397 0.906693 0.773956 0.882034 0.795143 0.882034 0.983044 0.882034 0.972445 0.906693 0.961857 0.882034 0.628425 0.882034 0.638975 0.906693 0.596759 0.906693 0.596759 0.906693 0.607271 0.882034 0.628425 0.882034 0.649386 0.882034 0.638975 0.906693 0.628425 0.882034 0.670162 0.882034 0.680482 0.906693 0.638975 0.906693 0.638975 0.906693 0.649386 0.882034 0.670162 0.882034 0.690774 0.882034 0.680482 0.906693 0.670162 0.882034 0.711344 0.882034 0.721659 0.906693 0.680482 0.906693 0.680482 0.906693 0.690774 0.882034 0.711344 0.882034 0.732015 0.882034 0.721659 0.906693 0.711344 0.882034 0.752883 0.882034 0.763397 0.906693 0.721659 0.906693 0.721659 0.906693 0.732015 0.882034 0.752883 0.882034 0.773956 0.882034 0.763397 0.906693 0.752883 0.882034 0.442768 0.973434 0.426817 0.929254 0.410706 0.973434 0.410706 0.973434 0.426817 0.929254 0.386145 0.952825 0.386145 0.952825 0.426817 0.929254 0.380578 0.92125 0.380578 0.92125 0.426817 0.929254 0.396609 0.893483 0.472897 0.92125 0.426817 0.929254 0.467329 0.952825 0.456866 0.893483 0.426817 0.929254 0.472897 0.92125 0.426737 0.882518 0.426817 0.929254 0.456866 0.893483 0.396609 0.893483 0.426817 0.929254 0.426737 0.882518 0.467329 0.952825 0.426817 0.929254 0.442768 0.973434 0.242671 0.992245 0.205379 0.992245 0.205379 0.975764 0.205379 0.975764 0.242671 0.975764 0.242671 0.992245 0.166577 0.992245 0.166577 0.975764 0.205379 0.975764 0.205379 0.975764 0.205379 0.992245 0.166577 0.992245 0.053761 0.992245 0.053761 0.975764 0.09253096 0.975764 0.09253096 0.975764 0.09253096 0.992245 0.053761 0.992245 0.129819 0.975764 0.166577 0.975764 0.166577 0.992245 0.166577 0.992245 0.129819 0.992245 0.129819 0.975764 0.09253096 0.975764 0.129819 0.975764 0.129819 0.992245 0.129819 0.992245 0.09253096 0.992245 0.09253096 0.975764 0.053761 0.992245 0.01753896 0.992245 0.01753896 0.975764 0.01753896 0.975764 0.053761 0.975764 0.053761 0.992245 0.129819 0.961243 0.166577 0.961243 0.166577 0.975764 0.166577 0.975764 0.129819 0.975764 0.129819 0.961243 0.09253096 0.961243 0.129819 0.961243 0.129819 0.975764 0.129819 0.975764 0.09253096 0.975764 0.09253096 0.961243 0.205379 0.975764 0.205379 0.961243 0.242671 0.961243 0.242671 0.961243 0.242671 0.975764 0.205379 0.975764 0.053761 0.975764 0.01753896 0.975764 0.01753896 0.961243 0.01753896 0.961243 0.053761 0.961243 0.053761 0.975764 0.205379 0.975764 0.166577 0.975764 0.166577 0.961243 0.166577 0.961243 0.205379 0.961243 0.205379 0.975764 0.09253096 0.961243 0.09253096 0.975764 0.053761 0.975764 0.053761 0.975764 0.053761 0.961243 0.09253096 0.961243 0.01753896 0.975764 0.01753896 0.992245 0.007515966 0.992245 0.242671 0.992245 0.242671 0.975764 0.254589 0.992245 0.870768 0.780295 0.870736 0.773757 0.950643 0.774438 0.950643 0.774438 0.950587 0.780976 0.870768 0.780295 0.950643 0.774438 0.870736 0.773757 0.870793 0.767033 0.870793 0.767033 0.953662 0.767702 0.950643 0.774438 0.862344 0.780945 0.821316 0.780943 0.821316 0.774129 0.821316 0.774129 0.862464 0.774127 0.862344 0.780945 0.862464 0.774127 0.821316 0.774129 0.821321 0.767412 0.821321 0.767412 0.862453 0.767389 0.862464 0.774127 0.950643 0.774438 0.958621 0.774455 0.958624 0.781042 0.958624 0.781042 0.950587 0.780976 0.950643 0.774438 0.950587 0.780976 0.953464 0.787821 0.87071 0.787041 0.87071 0.787041 0.870768 0.780295 0.950587 0.780976 0.821316 0.780943 0.862344 0.780945 0.862344 0.787661 0.862344 0.787661 0.821316 0.787658 0.821316 0.780943 0.8146 0.780944 0.814599 0.774128 0.821316 0.774129 0.821316 0.774129 0.821316 0.780943 0.8146 0.780944 0.816572 0.682513 0.855352 0.711151 0.811781 0.760044 0.686986 0.736169 0.630228 0.735643 0.630568 0.634651 0.630568 0.634651 0.687326 0.635178 0.686986 0.736169 0.856625 0.643129 0.857415 0.584535 0.883362 0.618379 0.694176 0.642314 0.69457 0.564073 0.78652 0.564536 0.78652 0.564536 0.786119 0.642797 0.694176 0.642314 0.006723999 0.04484599 0.01910096 0.04484403 0.019104 0.07494401 0.019104 0.07494401 0.006725966 0.07494401 0.006723999 0.04484599 0.01910495 0.211691 0.01911097 0.2325699 0.006733 0.2325699 0.006733 0.2325699 0.006727993 0.2116929 0.01910495 0.211691 0.006734967 0.25577 0.019113 0.25577 0.02088999 0.320994 0.02088999 0.320994 0.006758987 0.321393 0.006734967 0.25577 0.01908797 0.008982002 0.01910096 0.04484403 0.006723999 0.04484599 0.006723999 0.04484599 0.006709992 0.008526027 0.01908797 0.008982002 0.006758987 0.321393 0.02088999 0.320994 0.01876598 0.335329 0.989375 0.574837 0.866475 0.574837 0.866475 0.562542 0.866475 0.562542 0.993276 0.562542 0.989375 0.574837 0.01911097 0.2325699 0.019113 0.25577 0.006734967 0.25577 0.006734967 0.25577 0.006733 0.2325699 0.01911097 0.2325699 0.655473 0.545316 0.781925 0.545316 0.781925 0.555644 0.781925 0.555644 0.655473 0.555644 0.655473 0.545316 0.976442 0.594866 0.989266 0.616869 0.981706 0.616943 0.940967 0.683393 0.974502 0.747793 0.94852 0.760871 0.006727993 0.2116929 0.006725966 0.07494401 0.019104 0.07494401 0.019104 0.07494401 0.01910495 0.211691 0.006727993 0.2116929 0.855352 0.711151 0.901203 0.711739 0.94852 0.760871 0.94852 0.760871 0.811781 0.760044 0.855352 0.711151 0.857415 0.584535 0.957526 0.585063 0.928427 0.618349 0.928427 0.618349 0.883362 0.618379 0.857415 0.584535 0.901203 0.711739 0.940967 0.683393 0.94852 0.760871 0.715668 0.650491 0.714936 0.786333 0.694224 0.78622 0.694224 0.78622 0.694984 0.650379 0.715668 0.650491 0.954732 0.643645 0.928427 0.618349 0.957526 0.585063 0.957526 0.585063 0.976442 0.594866 0.954732 0.643645 0.781925 0.545316 0.655473 0.545316 0.643094 0.479499 0.643094 0.479499 0.781924 0.479501 0.781925 0.545316 0.655473 0.545316 0.643095 0.544833 0.643094 0.479499 0.940967 0.683393 0.954151 0.651891 0.992803 0.65214 0.940967 0.683393 0.992375 0.717471 0.974502 0.747793 0.940967 0.683393 0.992803 0.65214 0.992375 0.717471 0.857415 0.584535 0.786119 0.642797 0.849791 0.571792 0.857415 0.584535 0.856625 0.643129 0.786119 0.642797 0.78652 0.564536 0.834757 0.564778 0.786119 0.642797 0.834757 0.564778 0.849791 0.571792 0.786119 0.642797 0.774444 0.725234 0.714936 0.786333 0.739977 0.725112 0.774902 0.650821 0.816572 0.682513 0.774444 0.725234 0.954732 0.643645 0.981706 0.616943 0.981517 0.64383 0.685085 0.769435 0.599378 0.769425 0.599381 0.744558 0.599381 0.744558 0.685088 0.744541 0.685085 0.769435 0.981706 0.616943 0.954732 0.643645 0.976442 0.594866 0.816572 0.682513 0.811781 0.760044 0.774444 0.725234 0.811781 0.760044 0.801188 0.777337 0.780555 0.7867 0.242671 0.992245 0.242671 0.975764 0.205379 0.975764 0.205379 0.975764 0.205379 0.992245 0.242671 0.992245 0.166577 0.992245 0.205379 0.992245 0.205379 0.975764 0.205379 0.975764 0.166577 0.975764 0.166577 0.992245 0.053761 0.992245 0.09253096 0.992245 0.09253096 0.975764 0.09253096 0.975764 0.053761 0.975764 0.053761 0.992245 0.129819 0.975764 0.129819 0.992245 0.166577 0.992245 0.166577 0.992245 0.166577 0.975764 0.129819 0.975764 0.09253096 0.975764 0.09253096 0.992245 0.129819 0.992245 0.129819 0.992245 0.129819 0.975764 0.09253096 0.975764 0.053761 0.992245 0.053761 0.975764 0.01753896 0.975764 0.01753896 0.975764 0.01753896 0.992245 0.053761 0.992245 0.166577 0.975764 0.166577 0.961243 0.129819 0.961243 0.129819 0.961243 0.129819 0.975764 0.166577 0.975764 0.129819 0.975764 0.129819 0.961243 0.09253096 0.961243 0.09253096 0.961243 0.09253096 0.975764 0.129819 0.975764 0.205379 0.961243 0.205379 0.975764 0.242671 0.975764 0.242671 0.975764 0.242671 0.961243 0.205379 0.961243 0.01753896 0.961243 0.01753896 0.975764 0.053761 0.975764 0.053761 0.975764 0.053761 0.961243 0.01753896 0.961243 0.166577 0.961243 0.166577 0.975764 0.205379 0.975764 0.205379 0.975764 0.205379 0.961243 0.166577 0.961243 0.09253096 0.961243 0.053761 0.961243 0.053761 0.975764 0.053761 0.975764 0.09253096 0.975764 0.09253096 0.961243 0.01753896 0.975764 0.007515966 0.992245 0.01753896 0.992245 0.242671 0.992245 0.254589 0.992245 0.242671 0.975764 0.870768 0.780295 0.950587 0.780976 0.950643 0.774438 0.950643 0.774438 0.870736 0.773757 0.870768 0.780295 0.870793 0.767033 0.870736 0.773757 0.950643 0.774438 0.950643 0.774438 0.953662 0.767702 0.870793 0.767033 0.862344 0.780945 0.862464 0.774127 0.821316 0.774129 0.821316 0.774129 0.821316 0.780943 0.862344 0.780945 0.862464 0.774127 0.862453 0.767389 0.821321 0.767412 0.821321 0.767412 0.821316 0.774129 0.862464 0.774127 0.950643 0.774438 0.950587 0.780976 0.958624 0.781042 0.958624 0.781042 0.958621 0.774455 0.950643 0.774438 0.87071 0.787041 0.953464 0.787821 0.950587 0.780976 0.950587 0.780976 0.870768 0.780295 0.87071 0.787041 0.821316 0.780943 0.821316 0.787658 0.862344 0.787661 0.862344 0.787661 0.862344 0.780945 0.821316 0.780943 0.8146 0.780944 0.821316 0.780943 0.821316 0.774129 0.821316 0.774129 0.814599 0.774128 0.8146 0.780944 0.816572 0.682513 0.811781 0.760044 0.855352 0.711151 0.686986 0.736169 0.687326 0.635178 0.630568 0.634651 0.630568 0.634651 0.630228 0.735643 0.686986 0.736169 0.856625 0.643129 0.883362 0.618379 0.857415 0.584535 0.694176 0.642314 0.786119 0.642797 0.78652 0.564536 0.78652 0.564536 0.69457 0.564073 0.694176 0.642314 0.006723999 0.04484599 0.006725966 0.07494401 0.019104 0.07494401 0.019104 0.07494401 0.01910096 0.04484403 0.006723999 0.04484599 0.01910495 0.211691 0.006727993 0.2116929 0.006733 0.2325699 0.006733 0.2325699 0.01911097 0.2325699 0.01910495 0.211691 0.006734967 0.25577 0.006758987 0.321393 0.02088999 0.320994 0.02088999 0.320994 0.019113 0.25577 0.006734967 0.25577 0.01908797 0.008982002 0.006709992 0.008526027 0.006723999 0.04484599 0.006723999 0.04484599 0.01910096 0.04484403 0.01908797 0.008982002 0.006758987 0.321393 0.01876598 0.335329 0.02088999 0.320994 0.989375 0.574837 0.993276 0.562542 0.866475 0.562542 0.866475 0.562542 0.866475 0.574837 0.989375 0.574837 0.01911097 0.2325699 0.006733 0.2325699 0.006734967 0.25577 0.006734967 0.25577 0.019113 0.25577 0.01911097 0.2325699 0.655473 0.545316 0.655473 0.555644 0.781925 0.555644 0.781925 0.555644 0.781925 0.545316 0.655473 0.545316 0.976442 0.594866 0.981706 0.616943 0.989266 0.616869 0.940967 0.683393 0.94852 0.760871 0.974502 0.747793 0.006727993 0.2116929 0.01910495 0.211691 0.019104 0.07494401 0.019104 0.07494401 0.006725966 0.07494401 0.006727993 0.2116929 0.855352 0.711151 0.811781 0.760044 0.94852 0.760871 0.94852 0.760871 0.901203 0.711739 0.855352 0.711151 0.857415 0.584535 0.883362 0.618379 0.928427 0.618349 0.928427 0.618349 0.957526 0.585063 0.857415 0.584535 0.901203 0.711739 0.94852 0.760871 0.940967 0.683393 0.715668 0.650491 0.694984 0.650379 0.694224 0.78622 0.694224 0.78622 0.714936 0.786333 0.715668 0.650491 0.954732 0.643645 0.976442 0.594866 0.957526 0.585063 0.957526 0.585063 0.928427 0.618349 0.954732 0.643645 0.781925 0.545316 0.781924 0.479501 0.643094 0.479499 0.643094 0.479499 0.655473 0.545316 0.781925 0.545316 0.655473 0.545316 0.643094 0.479499 0.643095 0.544833 0.940967 0.683393 0.992803 0.65214 0.954151 0.651891 0.940967 0.683393 0.974502 0.747793 0.992375 0.717471 0.940967 0.683393 0.992375 0.717471 0.992803 0.65214 0.857415 0.584535 0.849791 0.571792 0.786119 0.642797 0.857415 0.584535 0.786119 0.642797 0.856625 0.643129 0.78652 0.564536 0.786119 0.642797 0.834757 0.564778 0.834757 0.564778 0.786119 0.642797 0.849791 0.571792 0.715668 0.650491 0.714936 0.786333 0.816572 0.682513 0.816572 0.682513 0.803503 0.65098 0.715668 0.650491 0.954732 0.643645 0.981517 0.64383 0.981706 0.616943 0.685085 0.769435 0.685088 0.744541 0.599381 0.744558 0.599381 0.744558 0.599378 0.769425 0.685085 0.769435 0.981706 0.616943 0.976442 0.594866 0.954732 0.643645 0.811781 0.760044 0.816572 0.682513 0.714936 0.786333 0.714936 0.786333 0.780555 0.7867 0.811781 0.760044 0.811781 0.760044 0.780555 0.7867 0.801188 0.777337 0.589365 0.710082 0.589836 0.6356 0.624291 0.635791 0.624291 0.635791 0.623833 0.710205 0.589365 0.710082 0.739977 0.725112 0.715668 0.650491 0.740447 0.6506291 0.774902 0.650821 0.803503 0.65098 0.816572 0.682513 0.780555 0.7867 0.714936 0.786333 0.774444 0.725234 0.811781 0.760044 0.780555 0.7867 0.774444 0.725234 0.739977 0.725112 0.714936 0.786333 0.715668 0.650491 0.34202 0.361453 0.344334 0.367773 0.337477 0.367791 0.337477 0.367791 0.335956 0.361487 0.34202 0.361453 0.335956 0.361487 0.337477 0.367791 0.33062 0.367808 0.33062 0.367808 0.329893 0.36152 0.335956 0.361487 0.316906 0.367842 0.310049 0.36786 0.311703 0.361621 0.311703 0.361621 0.317766 0.361588 0.316906 0.367842 0.316906 0.367842 0.317766 0.361588 0.32383 0.361554 0.32383 0.361554 0.323763 0.367825 0.316906 0.367842 0.337477 0.367791 0.344334 0.367773 0.342135 0.373824 0.342135 0.373824 0.335992 0.374005 0.337477 0.367791 0.33062 0.367808 0.337477 0.367791 0.335992 0.374005 0.335992 0.374005 0.329849 0.374187 0.33062 0.367808 0.31142 0.374733 0.310049 0.36786 0.316906 0.367842 0.316906 0.367842 0.317563 0.374551 0.31142 0.374733 0.317563 0.374551 0.316906 0.367842 0.323763 0.367825 0.323763 0.367825 0.323706 0.374369 0.317563 0.374551 0.335992 0.374005 0.342135 0.373824 0.341408 0.381149 0.341408 0.381149 0.334991 0.381138 0.335992 0.374005 0.329849 0.374187 0.335992 0.374005 0.334991 0.381138 0.334991 0.381138 0.328574 0.381127 0.329849 0.374187 0.31574 0.381106 0.309323 0.381095 0.31142 0.374733 0.31142 0.374733 0.317563 0.374551 0.31574 0.381106 0.322157 0.381117 0.31574 0.381106 0.317563 0.374551 0.317563 0.374551 0.323706 0.374369 0.322157 0.381117</float_array>
          <technique_common>
            <accessor source="#mater_lod1-mesh-map-0-array" count="11742" stride="2">
              <param name="S" type="float"/>
              <param name="T" type="float"/>
            </accessor>
          </technique_common>
        </source>
        <vertices id="mater_lod1-mesh-vertices">
          <input semantic="POSITION" source="#mater_lod1-mesh-positions"/>
        </vertices>
        <triangles material="mater-material" count="3914">
          <input semantic="VERTEX" source="#mater_lod1-mesh-vertices" offset="0"/>
          <input semantic="NORMAL" source="#mater_lod1-mesh-normals" offset="1"/>
          <input semantic="TEXCOORD" source="#mater_lod1-mesh-map-0" offset="2" set="0"/>
          <p>0 0 0 1 1 1 2 2 2 3 3 3 4 4 4 5 5 5 5 5 6 6 6 7 3 3 8 7 7 9 8 8 10 9 9 11 10 10 12 11 11 13 4 4 14 4 4 15 3 3 16 10 10 17 6 6 18 5 5 19 1 1 20 1 1 21 0 0 22 6 6 23 11 11 24 10 10 25 7 7 26 7 7 27 9 9 28 11 11 29 12 12 30 8 8 31 2 2 32 2 2 33 13 13 34 12 12 35 5 5 36 4 4 37 1 1 38 4 4 39 11 11 40 9 9 41 9 9 42 8 8 43 14 14 44 2 2 45 15 15 46 13 13 47 14 14 48 8 8 49 12 12 50 2 2 51 1 1 52 15 15 53 16 16 54 17 17 55 18 18 56 18 18 57 19 19 58 16 16 59 9 9 60 14 14 61 15 15 62 15 15 63 1 1 64 9 9 65 1 1 66 4 4 67 9 9 68 20 20 69 21 21 70 22 22 71 22 22 72 23 23 73 20 20 74 24 24 75 25 25 76 26 26 77 26 26 78 27 27 79 24 24 80 25 25 81 28 28 82 29 29 83 29 29 84 26 26 85 25 25 86 28 28 87 30 30 88 29 29 89 23 23 90 27 27 91 29 29 92 29 29 93 20 20 94 23 23 95 30 30 96 21 21 97 20 20 98 31 31 99 27 27 100 23 23 101 22 22 102 31 31 103 23 23 104 27 27 105 26 26 106 29 29 107 30 30 108 20 20 109 29 29 110 31 31 111 24 24 112 27 27 113 32 32 114 33 33 115 34 34 116 34 34 117 35 35 118 32 32 119 36 36 120 37 37 121 38 38 122 38 38 123 39 39 124 36 36 125 37 37 126 40 40 127 41 41 128 41 41 129 38 38 130 37 37 131 40 40 132 42 42 133 41 41 134 35 35 135 39 39 136 41 41 137 41 41 138 32 32 139 35 35 140 42 42 141 33 33 142 32 32 143 43 43 144 39 39 145 35 35 146 34 34 147 43 43 148 35 35 149 39 39 150 38 38 151 41 41 152 42 42 153 32 32 154 41 41 155 43 43 156 36 36 157 39 39 158 44 44 159 45 45 160 46 46 161 46 46 162 47 47 163 44 44 164 48 48 165 49 49 166 50 50 167 50 50 168 51 51 169 48 48 170 49 49 171 52 52 172 53 53 173 53 53 174 50 50 175 49 49 176 52 52 177 54 54 178 53 53 179 47 47 180 51 51 181 53 53 182 53 53 183 44 44 184 47 47 185 54 54 186 45 45 187 44 44 188 55 55 189 51 51 190 47 47 191 46 46 192 55 55 193 47 47 194 51 51 195 50 50 196 53 53 197 54 54 198 44 44 199 53 53 200 55 55 201 48 48 202 51 51 203 56 56 204 57 57 205 58 58 206 58 58 207 59 59 208 56 56 209 60 60 210 61 61 211 62 62 212 62 62 213 63 63 214 60 60 215 64 64 216 65 65 217 66 66 218 66 66 219 67 67 220 64 64 221 68 68 222 69 69 223 70 70 224 70 70 225 71 71 226 68 68 227 65 65 228 72 72 229 73 73 230 73 73 231 66 66 232 65 65 233 74 74 234 71 71 235 70 70 236 70 70 237 75 75 238 74 74 239 59 59 240 58 58 241 76 76 242 76 76 243 77 77 244 59 59 245 63 63 246 62 62 247 77 77 248 77 77 249 76 76 250 63 63 251 67 67 252 66 66 253 78 78 254 78 78 255 79 79 256 67 67 257 70 70 258 69 69 259 79 79 260 79 79 261 78 78 262 70 70 263 66 66 264 73 73 265 80 80 266 80 80 267 78 78 268 66 66 269 80 80 270 75 75 271 70 70 272 70 70 273 78 78 274 80 80 275 81 81 276 82 82 277 83 83 278 83 83 279 84 84 280 81 81 281 85 85 282 86 86 283 87 87 284 87 87 285 88 88 286 85 85 287 89 89 288 84 84 289 83 83 290 83 83 291 90 90 292 89 89 293 91 91 294 92 92 295 93 93 296 93 93 297 94 94 298 91 91 299 95 95 300 96 96 301 97 97 302 97 97 303 98 98 304 95 95 305 94 94 306 93 93 307 99 99 308 99 99 309 100 100 310 94 94 311 101 101 312 102 102 313 103 103 314 103 103 315 104 104 316 101 101 317 88 88 318 103 103 319 102 102 320 102 102 321 85 85 322 88 88 323 105 105 324 106 106 325 107 107 326 107 107 327 108 108 328 105 105 329 94 94 330 107 107 331 106 106 332 106 106 333 91 91 334 94 94 335 108 108 336 107 107 337 109 109 338 109 109 339 110 110 340 108 108 341 100 100 342 109 109 343 107 107 344 107 107 345 94 94 346 100 100 347 86 86 348 95 95 349 98 98 350 98 98 351 87 87 352 86 86 353 92 92 354 81 81 355 84 84 356 84 84 357 93 93 358 92 92 359 93 93 360 84 84 361 89 89 362 89 89 363 99 99 364 93 93 365 111 111 366 112 112 367 113 113 368 113 113 369 114 114 370 111 111 371 113 113 372 115 115 373 116 116 374 116 116 375 114 114 376 113 113 377 116 116 378 115 115 379 117 117 380 117 117 381 118 118 382 116 116 383 115 115 384 119 119 385 117 117 386 115 115 387 113 113 388 120 120 389 120 120 390 119 119 391 115 115 392 113 113 393 121 121 394 120 120 395 113 113 396 112 112 397 122 122 398 122 122 399 121 121 400 113 113 401 112 112 402 123 123 403 122 122 404 112 112 405 111 111 406 124 124 407 124 124 408 123 123 409 112 112 410 111 111 411 125 125 412 124 124 413 111 111 414 114 114 415 126 126 416 126 126 417 125 125 418 111 111 419 114 114 420 127 127 421 126 126 422 114 114 423 116 116 424 128 128 425 128 128 426 127 127 427 114 114 428 116 116 429 118 118 430 128 128 431 129 129 432 130 130 433 131 131 434 131 131 435 132 132 436 129 129 437 131 131 438 130 130 439 133 133 440 133 133 441 134 134 442 131 131 443 133 133 444 135 135 445 136 136 446 136 136 447 134 134 448 133 133 449 134 134 450 136 136 451 137 137 452 134 134 453 137 137 454 138 138 455 138 138 456 131 131 457 134 134 458 131 131 459 138 138 460 139 139 461 131 131 462 139 139 463 140 140 464 140 140 465 132 132 466 131 131 467 132 132 468 140 140 469 141 141 470 132 132 471 141 141 472 142 142 473 142 142 474 129 129 475 132 132 476 129 129 477 142 142 478 143 143 479 129 129 480 143 143 481 144 144 482 144 144 483 130 130 484 129 129 485 130 130 486 144 144 487 145 145 488 130 130 489 145 145 490 146 146 491 146 146 492 133 133 493 130 130 494 133 133 495 146 146 496 135 135 497 147 147 498 148 148 499 149 149 500 149 149 501 150 150 502 147 147 503 151 151 504 152 152 505 153 153 506 153 153 507 154 154 508 151 151 509 149 149 510 148 148 511 155 155 512 151 151 513 156 156 514 152 152 515 157 157 516 158 158 517 159 159 518 160 160 519 157 157 520 159 159 521 148 148 522 147 147 523 161 161 524 161 161 525 162 162 526 148 148 527 148 148 528 162 162 529 155 155 530 163 163 531 164 164 532 152 152 533 152 152 534 156 156 535 163 163 536 159 159 537 164 164 538 163 163 539 163 163 540 160 160 541 159 159 542 165 165 543 166 166 544 167 167 545 167 167 546 168 168 547 165 165 548 169 169 549 170 170 550 171 171 551 171 171 552 172 172 553 169 169 554 173 173 555 174 174 556 175 175 557 175 175 558 176 176 559 173 173 560 167 167 561 166 166 562 177 177 563 177 177 564 178 178 565 167 167 566 179 179 567 180 180 568 181 181 569 181 181 570 182 182 571 179 179 572 183 183 573 184 184 574 185 185 575 185 185 576 186 186 577 183 183 578 187 187 579 188 188 580 189 189 581 189 189 582 190 190 583 187 187 584 165 165 585 168 168 586 191 191 587 191 191 588 192 192 589 165 165 590 193 193 591 194 194 592 195 195 593 195 195 594 196 196 595 193 193 596 197 197 597 198 198 598 199 199 599 199 199 600 200 200 601 197 197 602 201 201 603 202 202 604 203 203 605 203 203 606 204 204 607 201 201 608 170 170 609 169 169 610 184 184 611 184 184 612 183 183 613 170 170 614 205 205 615 206 206 616 207 207 617 207 207 618 208 208 619 205 205 620 209 209 621 210 210 622 211 211 623 211 211 624 212 212 625 209 209 626 213 213 627 214 214 628 211 211 629 211 211 630 210 210 631 213 213 632 215 215 633 216 216 634 217 217 635 217 217 636 218 218 637 215 215 638 216 216 639 219 219 640 220 220 641 220 220 642 217 217 643 216 216 644 209 209 645 219 219 646 221 221 647 216 216 648 215 215 649 221 221 650 210 210 651 209 209 652 221 221 653 222 222 654 223 223 655 224 224 656 225 225 657 226 226 658 227 227 659 227 227 660 224 224 661 225 225 662 228 228 663 229 229 664 224 224 665 224 224 666 230 230 667 228 228 668 229 229 669 222 222 670 224 224 671 219 219 672 209 209 673 231 231 674 231 231 675 232 232 676 219 219 677 209 209 678 212 212 679 233 233 680 233 233 681 231 231 682 209 209 683 223 223 684 222 222 685 234 234 686 234 234 687 235 235 688 223 223 689 220 220 690 219 219 691 232 232 692 232 232 693 236 236 694 220 220 695 219 219 696 216 216 697 221 221 698 223 223 699 225 225 700 224 224 701 237 237 702 238 238 703 239 239 704 239 239 705 240 240 706 237 237 707 241 241 708 242 242 709 243 243 710 243 243 711 244 244 712 241 241 713 245 245 714 246 246 715 247 247 716 247 247 717 248 248 718 245 245 719 246 246 720 237 237 721 240 240 722 240 240 723 247 247 724 246 246 725 249 249 726 250 250 727 251 251 728 251 251 729 252 252 730 249 249 731 207 207 732 206 206 733 253 253 734 253 253 735 254 254 736 207 207 737 245 245 738 248 248 739 255 255 740 255 255 741 256 256 742 245 245 743 207 207 744 254 254 745 257 257 746 257 257 747 258 258 748 207 207 749 243 243 750 242 242 751 259 259 752 259 259 753 260 260 754 243 243 755 251 251 756 250 250 757 261 261 758 261 261 759 262 262 760 251 251 761 239 239 762 238 238 763 263 263 764 263 263 765 264 264 766 239 239 767 241 241 768 244 244 769 265 265 770 241 241 771 265 265 772 266 266 773 267 267 774 241 241 775 266 266 776 253 253 777 206 206 778 268 268 779 268 268 780 269 269 781 253 253 782 270 270 783 271 271 784 272 272 785 272 272 786 273 273 787 270 270 788 274 274 789 275 275 790 276 276 791 276 276 792 277 277 793 274 274 794 278 278 795 250 250 796 249 249 797 249 249 798 279 279 799 278 278 800 213 213 801 210 210 802 221 221 803 187 187 804 180 180 805 179 179 806 179 179 807 188 188 808 187 187 809 194 194 810 193 193 811 174 174 812 174 174 813 173 173 814 194 194 815 280 280 816 281 281 817 282 282 818 282 282 819 283 283 820 280 280 821 284 284 822 285 285 823 286 286 824 286 286 825 287 287 826 284 284 827 288 288 828 289 289 829 290 290 830 281 281 831 280 280 832 287 287 833 287 287 834 286 286 835 281 281 836 281 281 837 286 286 838 290 290 839 290 290 840 289 289 841 281 281 842 286 286 843 285 285 844 291 291 845 291 291 846 290 290 847 286 286 848 292 292 849 293 293 850 294 294 851 295 295 852 296 296 853 297 297 854 292 292 855 294 294 856 295 295 857 295 295 858 297 297 859 292 292 860 297 297 861 298 298 862 299 299 863 299 299 864 292 292 865 297 297 866 300 300 867 301 301 868 302 302 869 302 302 870 303 303 871 300 300 872 304 304 873 305 305 874 306 306 875 306 306 876 307 307 877 304 304 878 308 308 879 309 309 880 305 305 881 305 305 882 304 304 883 308 308 884 303 303 885 302 302 886 310 310 887 310 310 888 311 311 889 303 303 890 306 306 891 305 305 892 312 312 893 312 312 894 313 313 895 306 306 896 305 305 897 309 309 898 314 314 899 314 314 900 312 312 901 305 305 902 311 311 903 310 310 904 315 315 905 315 315 906 316 316 907 311 311 908 313 313 909 312 312 910 317 317 911 317 317 912 318 318 913 313 313 914 312 312 915 314 314 916 319 319 917 319 319 918 317 317 919 312 312 920 320 320 921 321 321 922 322 322 923 322 322 924 323 323 925 320 320 926 321 321 927 324 324 928 325 325 929 325 325 930 322 322 931 321 321 932 324 324 933 326 326 934 327 327 935 327 327 936 325 325 937 324 324 938 328 328 939 320 320 940 323 323 941 323 323 942 329 329 943 328 328 944 330 330 945 331 331 946 276 276 947 276 276 948 332 332 949 330 330 950 331 331 951 333 333 952 277 277 953 277 277 954 276 276 955 331 331 956 334 334 957 335 335 958 277 277 959 277 277 960 333 333 961 334 334 962 336 336 963 337 337 964 272 272 965 272 272 966 338 338 967 336 336 968 337 337 969 339 339 970 273 273 971 273 273 972 272 272 973 337 337 974 340 340 975 341 341 976 273 273 977 273 273 978 339 339 979 340 340 980 342 342 981 343 343 982 344 344 983 344 344 984 345 345 985 342 342 986 346 346 987 203 203 988 347 347 989 347 347 990 348 348 991 346 346 992 346 346 993 349 349 994 204 204 995 204 204 996 203 203 997 346 346 998 345 350 999 350 351 1000 204 204 1001 204 204 1002 349 349 1003 345 350 1004 351 352 1005 352 353 1006 353 354 1007 353 354 1008 354 355 1009 351 352 1010 355 356 1011 199 199 1012 356 357 1013 356 357 1014 357 358 1015 355 356 1016 355 356 1017 358 359 1018 200 200 1019 200 200 1020 199 199 1021 355 356 1022 354 360 1023 359 361 1024 200 200 1025 200 200 1026 358 359 1027 354 360 1028 360 362 1029 361 363 1030 362 364 1031 362 364 1032 363 365 1033 360 362 1034 364 366 1035 365 367 1036 361 363 1037 361 363 1038 360 362 1039 364 366 1040 366 368 1041 367 369 1042 368 370 1043 368 370 1044 369 371 1045 366 368 1046 367 372 1047 370 373 1048 371 374 1049 367 369 1050 366 368 1051 372 375 1052 372 375 1053 373 376 1054 367 369 1055 366 377 1056 374 378 1057 375 379 1058 376 380 1059 377 381 1060 378 382 1061 378 382 1062 379 383 1063 376 380 1064 377 384 1065 380 385 1066 381 386 1067 377 381 1068 376 380 1069 382 387 1070 382 387 1071 383 388 1072 377 381 1073 376 389 1074 384 390 1075 385 391 1076 386 392 1077 387 393 1078 388 394 1079 388 394 1080 389 395 1081 386 392 1082 387 396 1083 390 397 1084 391 398 1085 387 393 1086 386 392 1087 392 399 1088 392 399 1089 393 400 1090 387 393 1091 386 401 1092 394 402 1093 395 403 1094 396 404 1095 162 162 1096 161 161 1097 161 161 1098 397 405 1099 396 404 1100 162 162 1101 396 404 1102 155 155 1103 398 406 1104 399 407 1105 400 408 1106 400 408 1107 401 409 1108 398 406 1109 402 410 1110 403 154 1111 404 411 1112 404 411 1113 405 412 1114 402 410 1115 400 408 1116 406 413 1117 401 409 1118 402 410 1119 405 412 1120 156 156 1121 407 414 1122 408 415 1123 409 416 1124 160 160 1125 408 415 1126 407 414 1127 401 409 1128 410 417 1129 411 418 1130 411 418 1131 398 406 1132 401 409 1133 401 409 1134 406 413 1135 410 417 1136 405 412 1137 412 419 1138 163 163 1139 163 163 1140 156 156 1141 405 412 1142 163 163 1143 412 419 1144 408 415 1145 408 415 1146 160 160 1147 163 163 1148 413 420 1149 414 421 1150 415 422 1151 415 422 1152 416 423 1153 413 420 1154 417 424 1155 418 425 1156 419 426 1157 419 426 1158 420 427 1159 417 424 1160 421 428 1161 422 429 1162 423 430 1163 423 430 1164 424 431 1165 421 428 1166 425 432 1167 416 423 1168 415 422 1169 415 422 1170 426 433 1171 425 432 1172 427 434 1173 428 435 1174 429 436 1175 429 436 1176 430 437 1177 427 434 1178 431 438 1179 432 439 1180 433 440 1181 433 440 1182 434 441 1183 431 438 1184 435 442 1185 436 443 1186 437 444 1187 437 444 1188 438 445 1189 435 442 1190 439 446 1191 414 421 1192 413 420 1193 413 420 1194 440 447 1195 439 446 1196 441 448 1197 442 449 1198 443 450 1199 443 450 1200 444 451 1201 441 448 1202 445 452 1203 446 453 1204 447 454 1205 447 454 1206 448 455 1207 445 452 1208 449 456 1209 450 457 1210 451 458 1211 451 458 1212 452 459 1213 449 456 1214 418 425 1215 433 440 1216 432 439 1217 432 439 1218 419 426 1219 418 425 1220 453 460 1221 454 461 1222 455 462 1223 455 462 1224 456 463 1225 453 460 1226 457 464 1227 458 465 1228 459 466 1229 459 466 1230 460 467 1231 457 464 1232 213 213 1233 460 467 1234 459 466 1235 459 466 1236 214 214 1237 213 213 1238 215 215 1239 218 218 1240 461 468 1241 461 468 1242 462 469 1243 215 215 1244 462 469 1245 461 468 1246 463 470 1247 463 470 1248 464 471 1249 462 469 1250 457 464 1251 465 472 1252 464 471 1253 462 469 1254 465 472 1255 215 215 1256 460 467 1257 465 472 1258 457 464 1259 466 473 1260 467 474 1261 468 475 1262 469 476 1263 467 474 1264 227 227 1265 227 227 1266 226 226 1267 469 476 1268 228 228 1269 230 230 1270 467 474 1271 467 474 1272 470 477 1273 228 228 1274 470 477 1275 467 474 1276 466 473 1277 464 471 1278 471 478 1279 472 479 1280 472 479 1281 457 464 1282 464 471 1283 457 464 1284 472 479 1285 473 480 1286 473 480 1287 458 465 1288 457 464 1289 468 475 1290 474 481 1291 475 482 1292 475 482 1293 466 473 1294 468 475 1295 463 470 1296 476 483 1297 471 478 1298 471 478 1299 464 471 1300 463 470 1301 464 471 1302 465 472 1303 462 469 1304 468 475 1305 467 474 1306 469 476 1307 477 484 1308 478 485 1309 479 486 1310 479 486 1311 480 487 1312 477 484 1313 481 488 1314 482 489 1315 483 490 1316 483 490 1317 484 491 1318 481 488 1319 485 492 1320 486 493 1321 487 494 1322 487 494 1323 488 495 1324 485 492 1325 488 495 1326 487 494 1327 478 485 1328 478 485 1329 477 484 1330 488 495 1331 489 496 1332 490 497 1333 491 498 1334 491 498 1335 492 499 1336 489 496 1337 455 462 1338 493 500 1339 494 501 1340 494 501 1341 456 463 1342 455 462 1343 495 502 1344 486 493 1345 485 492 1346 485 492 1347 496 503 1348 495 502 1349 497 504 1350 493 500 1351 455 462 1352 455 462 1353 498 505 1354 497 504 1355 499 506 1356 484 491 1357 483 490 1358 483 490 1359 500 507 1360 499 506 1361 501 508 1362 492 499 1363 491 498 1364 491 498 1365 502 509 1366 501 508 1367 503 510 1368 480 487 1369 479 486 1370 479 486 1371 504 511 1372 503 510 1373 505 512 1374 490 497 1375 489 496 1376 489 496 1377 506 513 1378 505 512 1379 507 514 1380 482 489 1381 481 488 1382 481 488 1383 508 515 1384 507 514 1385 509 516 1386 456 463 1387 494 501 1388 494 501 1389 510 517 1390 509 516 1391 511 518 1392 512 519 1393 513 520 1394 513 520 1395 514 521 1396 511 518 1397 515 522 1398 516 523 1399 517 524 1400 517 524 1401 518 525 1402 515 522 1403 519 526 1404 520 527 1405 489 496 1406 489 496 1407 492 499 1408 519 526 1409 213 213 1410 465 472 1411 460 467 1412 437 444 1413 436 443 1414 429 436 1415 429 436 1416 428 435 1417 437 444 1418 442 449 1419 423 430 1420 422 429 1421 422 429 1422 443 450 1423 442 449 1424 521 528 1425 522 529 1426 523 530 1427 523 530 1428 524 531 1429 521 528 1430 525 532 1431 526 533 1432 527 534 1433 527 534 1434 528 535 1435 525 532 1436 529 536 1437 530 537 1438 531 538 1439 524 531 1440 527 534 1441 526 533 1442 526 533 1443 521 528 1444 524 531 1445 524 531 1446 531 538 1447 530 537 1448 530 537 1449 527 534 1450 524 531 1451 527 534 1452 530 537 1453 532 539 1454 532 539 1455 528 535 1456 527 534 1457 533 540 1458 534 296 1459 535 541 1460 536 542 1461 537 293 1462 538 543 1463 535 541 1464 536 542 1465 538 543 1466 538 543 1467 533 540 1468 535 541 1469 536 542 1470 535 541 1471 539 298 1472 539 298 1473 540 299 1474 536 542 1475 300 300 1476 541 544 1477 542 545 1478 542 545 1479 301 301 1480 300 300 1481 304 304 1482 307 307 1483 543 546 1484 543 546 1485 544 547 1486 304 304 1487 308 308 1488 304 304 1489 544 547 1490 544 547 1491 545 548 1492 308 308 1493 541 544 1494 546 549 1495 547 550 1496 547 550 1497 542 545 1498 541 544 1499 543 546 1500 548 551 1501 549 552 1502 549 552 1503 544 547 1504 543 546 1505 544 547 1506 549 552 1507 550 553 1508 550 553 1509 545 548 1510 544 547 1511 546 549 1512 551 554 1513 552 555 1514 552 555 1515 547 550 1516 546 549 1517 548 551 1518 553 556 1519 554 557 1520 554 557 1521 549 552 1522 548 551 1523 549 552 1524 554 557 1525 555 558 1526 555 558 1527 550 553 1528 549 552 1529 556 559 1530 557 560 1531 558 561 1532 558 561 1533 559 562 1534 556 559 1535 559 562 1536 558 561 1537 560 563 1538 560 563 1539 561 564 1540 559 562 1541 561 564 1542 560 563 1543 562 565 1544 562 565 1545 563 566 1546 561 564 1547 564 567 1548 565 568 1549 557 560 1550 557 560 1551 556 559 1552 564 567 1553 566 569 1554 517 524 1555 567 570 1556 567 570 1557 568 571 1558 566 569 1559 516 523 1560 569 572 1561 567 570 1562 567 570 1563 517 524 1564 516 523 1565 516 523 1566 570 573 1567 571 574 1568 571 574 1569 569 572 1570 516 523 1571 572 575 1572 513 520 1573 573 576 1574 573 576 1575 574 577 1576 572 575 1577 512 519 1578 575 578 1579 573 576 1580 573 576 1581 513 520 1582 512 519 1583 512 519 1584 576 579 1585 577 580 1586 577 580 1587 575 578 1588 512 519 1589 578 581 1590 579 582 1591 580 583 1592 580 583 1593 581 584 1594 578 581 1595 582 585 1596 451 458 1597 583 586 1598 583 586 1599 584 587 1600 582 585 1601 450 457 1602 585 588 1603 583 586 1604 583 586 1605 451 458 1606 450 457 1607 450 457 1608 586 589 1609 581 590 1610 581 590 1611 585 588 1612 450 457 1613 587 591 1614 588 592 1615 589 593 1616 589 593 1617 590 594 1618 587 591 1619 591 595 1620 447 454 1621 592 596 1622 592 596 1623 593 597 1624 591 595 1625 446 453 1626 594 598 1627 592 596 1628 592 596 1629 447 454 1630 446 453 1631 446 453 1632 595 599 1633 590 600 1634 590 600 1635 594 598 1636 446 453 1637 596 601 1638 363 365 1639 362 364 1640 362 364 1641 597 602 1642 596 601 1643 364 366 1644 596 601 1645 597 602 1646 597 602 1647 365 367 1648 364 366 1649 598 603 1650 599 604 1651 600 605 1652 600 605 1653 601 606 1654 598 603 1655 602 607 1656 603 608 1657 601 609 1658 601 606 1659 604 610 1660 605 611 1661 605 611 1662 598 603 1663 601 606 1664 606 612 1665 607 613 1666 598 614 1667 608 615 1668 609 616 1669 610 617 1670 610 617 1671 611 618 1672 608 615 1673 612 619 1674 613 620 1675 611 621 1676 611 618 1677 614 622 1678 615 623 1679 615 623 1680 608 615 1681 611 618 1682 616 624 1683 617 625 1684 608 626 1685 618 627 1686 619 628 1687 620 629 1688 620 629 1689 621 630 1690 618 627 1691 622 631 1692 623 632 1693 621 633 1694 621 630 1695 624 634 1696 625 635 1697 625 635 1698 618 627 1699 621 630 1700 626 636 1701 627 637 1702 618 638 1703 628 639 1704 629 640 1705 411 418 1706 411 418 1707 410 417 1708 628 639 1709 410 417 1710 406 413 1711 628 639 1712 630 641 1713 631 642 1714 632 643 1715 630 641 1716 633 644 1717 631 642 1718 634 645 1719 635 646 1720 632 643 1721 632 643 1722 636 647 1723 634 645 1724 632 643 1725 631 642 1726 637 648 1727 637 648 1728 638 649 1729 632 643 1730 631 642 1731 639 650 1732 640 651 1733 640 651 1734 637 648 1735 631 642 1736 636 647 1737 632 643 1738 638 649 1739 638 649 1740 641 652 1741 636 647 1742 638 649 1743 637 648 1744 642 653 1745 642 653 1746 643 654 1747 638 649 1748 637 648 1749 640 651 1750 642 653 1751 641 652 1752 638 649 1753 643 654 1754 644 655 1755 645 656 1756 646 657 1757 647 658 1758 648 659 1759 649 660 1760 650 661 1761 651 662 1762 652 663 1763 653 664 1764 654 665 1765 655 666 1766 630 641 1767 656 667 1768 633 644 1769 630 641 1770 657 668 1771 656 667 1772 634 645 1773 658 669 1774 657 668 1775 657 668 1776 635 646 1777 634 645 1778 654 665 1779 644 655 1780 646 657 1781 654 665 1782 646 657 1783 655 666 1784 645 656 1785 659 670 1786 646 657 1787 645 656 1788 660 671 1789 659 670 1790 648 659 1791 652 663 1792 649 660 1793 648 659 1794 650 661 1795 652 663 1796 651 662 1797 655 666 1798 652 663 1799 651 662 1800 653 664 1801 655 666 1802 661 672 1803 662 673 1804 655 666 1805 655 666 1806 646 657 1807 661 672 1808 656 667 1809 657 668 1810 658 669 1811 658 669 1812 663 674 1813 656 667 1814 657 668 1815 630 641 1816 635 646 1817 656 667 1818 663 674 1819 664 675 1820 664 675 1821 633 644 1822 656 667 1823 664 675 1824 639 650 1825 631 642 1826 631 642 1827 633 644 1828 664 675 1829 635 646 1830 630 641 1831 632 643 1832 665 676 1833 666 677 1834 667 678 1835 668 679 1836 669 680 1837 670 681 1838 670 681 1839 666 682 1840 668 679 1841 668 683 1842 671 684 1843 672 685 1844 673 686 1845 668 679 1846 666 682 1847 666 682 1848 674 687 1849 673 686 1850 675 688 1851 676 689 1852 677 690 1853 677 690 1854 678 691 1855 675 688 1856 676 689 1857 679 692 1858 680 693 1859 680 693 1860 677 690 1861 676 689 1862 681 694 1863 675 688 1864 678 691 1865 678 691 1866 682 695 1867 681 694 1868 683 696 1869 684 697 1870 685 698 1871 685 698 1872 686 699 1873 683 696 1874 687 700 1875 688 701 1876 684 697 1877 684 697 1878 683 696 1879 687 700 1880 689 702 1881 688 701 1882 687 700 1883 687 700 1884 690 703 1885 689 702 1886 685 698 1887 689 702 1888 690 703 1889 690 703 1890 686 699 1891 685 698 1892 691 704 1893 692 705 1894 693 706 1895 693 706 1896 694 707 1897 691 704 1898 695 708 1899 696 709 1900 697 710 1901 697 710 1902 698 711 1903 695 708 1904 695 708 1905 699 712 1906 700 713 1907 700 713 1908 696 709 1909 695 708 1910 701 714 1911 702 715 1912 703 716 1913 703 716 1914 704 717 1915 701 714 1916 701 714 1917 705 718 1918 706 719 1919 706 719 1920 702 715 1921 701 714 1922 696 709 1923 700 713 1924 702 715 1925 702 715 1926 706 719 1927 696 709 1928 707 720 1929 708 721 1930 709 722 1931 709 722 1932 710 723 1933 707 720 1934 711 724 1935 712 725 1936 713 726 1937 713 726 1938 714 727 1939 711 724 1940 715 728 1941 716 729 1942 717 730 1943 717 730 1944 718 731 1945 715 728 1946 714 727 1947 713 726 1948 710 723 1949 710 723 1950 709 722 1951 714 727 1952 717 730 1953 716 729 1954 710 723 1955 710 723 1956 713 726 1957 717 730 1958 719 732 1959 720 733 1960 721 734 1961 722 735 1962 723 736 1963 724 737 1964 724 737 1965 725 738 1966 722 735 1967 723 736 1968 726 739 1969 727 740 1970 727 740 1971 724 737 1972 723 736 1973 726 739 1974 728 741 1975 729 742 1976 729 742 1977 727 740 1978 726 739 1979 730 743 1980 722 735 1981 725 738 1982 725 738 1983 731 744 1984 730 743 1985 732 745 1986 733 746 1987 734 747 1988 735 748 1989 736 749 1990 737 750 1991 738 751 1992 739 752 1993 740 753 1994 740 753 1995 741 754 1996 738 751 1997 739 752 1998 742 755 1999 743 756 2000 743 756 2001 740 753 2002 739 752 2003 742 755 2004 744 757 2005 745 758 2006 745 758 2007 743 756 2008 742 755 2009 746 759 2010 738 751 2011 741 754 2012 741 754 2013 747 760 2014 746 759 2015 748 761 2016 749 762 2017 750 763 2018 736 749 2019 751 764 2020 737 750 2021 749 762 2022 752 765 2023 750 763 2024 720 733 2025 753 766 2026 721 734 2027 733 746 2028 754 767 2029 734 747 2030 755 768 2031 756 769 2032 757 770 2033 757 770 2034 758 771 2035 755 768 2036 759 772 2037 760 773 2038 761 774 2039 755 768 2040 762 775 2041 763 776 2042 763 776 2043 756 769 2044 755 768 2045 764 777 2046 759 772 2047 761 774 2048 761 774 2049 765 778 2050 764 777 2051 766 779 2052 767 780 2053 768 781 2054 768 781 2055 769 782 2056 766 779 2057 770 783 2058 771 784 2059 761 774 2060 761 774 2061 760 773 2062 770 783 2063 758 771 2064 757 770 2065 767 780 2066 767 780 2067 766 779 2068 758 771 2069 770 783 2070 772 785 2071 771 784 2072 773 786 2073 774 787 2074 775 788 2075 775 788 2076 776 789 2077 773 786 2078 777 790 2079 778 791 2080 779 792 2081 779 792 2082 780 793 2083 777 790 2084 781 794 2085 773 786 2086 776 789 2087 776 789 2088 782 795 2089 781 794 2090 783 796 2091 784 797 2092 777 790 2093 777 790 2094 780 793 2095 783 796 2096 775 788 2097 774 787 2098 784 797 2099 784 797 2100 783 796 2101 775 788 2102 785 798 2103 786 799 2104 787 800 2105 787 800 2106 788 801 2107 785 798 2108 789 802 2109 790 803 2110 791 804 2111 792 805 2112 793 806 2113 794 807 2114 794 807 2115 791 808 2116 792 805 2117 795 809 2118 796 810 2119 794 811 2120 797 812 2121 798 813 2122 791 808 2123 791 808 2124 794 807 2125 797 812 2126 799 814 2127 800 815 2128 801 816 2129 801 816 2130 802 817 2131 799 814 2132 802 817 2133 801 816 2134 803 818 2135 803 818 2136 804 819 2137 802 817 2138 805 820 2139 806 821 2140 800 815 2141 800 815 2142 799 814 2143 805 820 2144 807 822 2145 808 823 2146 809 824 2147 809 824 2148 810 825 2149 807 822 2150 811 826 2151 807 822 2152 810 825 2153 810 825 2154 812 827 2155 811 826 2156 813 828 2157 814 829 2158 811 826 2159 811 826 2160 812 827 2161 813 828 2162 809 824 2163 808 823 2164 814 829 2165 814 829 2166 813 828 2167 809 824 2168 815 830 2169 816 831 2170 817 832 2171 817 832 2172 818 833 2173 815 830 2174 819 834 2175 820 835 2176 821 836 2177 821 836 2178 822 837 2179 819 834 2180 819 834 2181 822 837 2182 823 838 2183 823 838 2184 824 839 2185 819 834 2186 825 840 2187 826 841 2188 827 842 2189 827 842 2190 828 843 2191 825 840 2192 825 840 2193 828 843 2194 829 844 2195 829 844 2196 830 845 2197 825 840 2198 822 837 2199 829 844 2200 828 843 2201 828 843 2202 823 838 2203 822 837 2204 831 846 2205 832 847 2206 833 848 2207 833 848 2208 834 849 2209 831 846 2210 832 847 2211 835 850 2212 836 851 2213 836 851 2214 833 848 2215 832 847 2216 837 852 2217 831 846 2218 834 849 2219 834 849 2220 838 853 2221 837 852 2222 839 854 2223 840 855 2224 841 856 2225 841 856 2226 842 857 2227 839 854 2228 839 854 2229 834 849 2230 833 848 2231 833 848 2232 840 855 2233 839 854 2234 843 858 2235 844 859 2236 845 860 2237 846 861 2238 847 862 2239 848 863 2240 848 863 2241 849 864 2242 846 861 2243 849 864 2244 848 863 2245 850 865 2246 850 865 2247 851 866 2248 849 864 2249 851 866 2250 850 865 2251 852 867 2252 852 867 2253 853 868 2254 851 866 2255 854 869 2256 855 870 2257 847 862 2258 847 862 2259 846 861 2260 854 869 2261 856 871 2262 857 872 2263 858 873 2264 859 874 2265 860 875 2266 861 876 2267 862 877 2268 863 878 2269 864 879 2270 864 879 2271 865 880 2272 862 877 2273 865 880 2274 864 879 2275 866 881 2276 866 881 2277 867 882 2278 865 880 2279 867 882 2280 866 881 2281 868 883 2282 868 883 2283 869 884 2284 867 882 2285 870 885 2286 871 886 2287 863 878 2288 863 878 2289 862 877 2290 870 885 2291 872 887 2292 873 888 2293 874 889 2294 860 875 2295 859 874 2296 875 890 2297 874 889 2298 873 888 2299 876 891 2300 844 859 2301 843 858 2302 877 892 2303 858 873 2304 857 872 2305 878 893 2306 879 894 2307 880 895 2308 881 896 2309 881 896 2310 882 897 2311 879 894 2312 883 898 2313 884 899 2314 885 900 2315 879 894 2316 882 897 2317 886 901 2318 886 901 2319 887 902 2320 879 894 2321 884 899 2322 883 898 2323 888 903 2324 888 903 2325 889 904 2326 884 899 2327 890 905 2328 769 782 2329 768 781 2330 768 781 2331 891 906 2332 890 905 2333 892 907 2334 885 900 2335 884 899 2336 884 899 2337 771 784 2338 892 907 2339 880 895 2340 890 905 2341 891 906 2342 891 906 2343 881 896 2344 880 895 2345 892 907 2346 771 784 2347 772 785 2348 893 908 2349 894 909 2350 895 910 2351 895 910 2352 896 911 2353 893 908 2354 897 912 2355 898 913 2356 899 914 2357 899 914 2358 900 915 2359 897 912 2360 781 794 2361 782 795 2362 894 909 2363 894 909 2364 893 908 2365 781 794 2366 901 916 2367 898 913 2368 897 912 2369 897 912 2370 902 917 2371 901 916 2372 895 910 2373 901 916 2374 902 917 2375 902 917 2376 896 911 2377 895 910 2378 903 918 2379 904 919 2380 905 920 2381 905 920 2382 906 921 2383 903 918 2384 907 922 2385 908 923 2386 909 924 2387 910 925 2388 911 926 2389 912 927 2390 913 928 2391 908 923 2392 914 929 2393 915 930 2394 916 931 2395 907 922 2396 909 924 2397 913 928 2398 917 932 2399 908 923 2400 913 928 2401 909 924 2402 907 922 2403 916 931 2404 908 923 2405 910 925 2406 918 933 2407 911 926 2408 918 933 2409 919 934 2410 911 926 2411 920 935 2412 921 936 2413 922 937 2414 923 938 2415 921 936 2416 920 935 2417 924 939 2418 921 936 2419 923 938 2420 925 940 2421 921 936 2422 924 939 2423 926 941 2424 921 936 2425 925 940 2426 927 942 2427 921 936 2428 926 941 2429 928 943 2430 921 936 2431 927 942 2432 929 944 2433 921 936 2434 928 943 2435 922 937 2436 921 936 2437 929 944 2438 930 945 2439 931 946 2440 932 947 2441 932 947 2442 933 948 2443 930 945 2444 931 946 2445 934 949 2446 935 950 2447 935 950 2448 932 947 2449 931 946 2450 936 951 2451 937 952 2452 938 953 2453 938 953 2454 939 954 2455 936 951 2456 937 952 2457 940 955 2458 941 956 2459 941 956 2460 938 953 2461 937 952 2462 940 955 2463 942 957 2464 943 958 2465 943 958 2466 941 956 2467 940 955 2468 942 957 2469 944 959 2470 945 960 2471 945 960 2472 943 958 2473 942 957 2474 944 959 2475 946 961 2476 947 962 2477 947 962 2478 945 960 2479 944 959 2480 946 961 2481 948 963 2482 949 964 2483 949 964 2484 947 962 2485 946 961 2486 949 964 2487 948 963 2488 930 945 2489 930 945 2490 933 948 2491 949 964 2492 950 965 2493 951 966 2494 952 967 2495 952 967 2496 953 968 2497 950 965 2498 954 969 2499 955 970 2500 956 971 2501 956 971 2502 957 972 2503 954 969 2504 955 970 2505 958 973 2506 959 974 2507 959 974 2508 956 971 2509 955 970 2510 958 973 2511 950 965 2512 953 968 2513 953 968 2514 959 974 2515 958 973 2516 960 975 2517 961 976 2518 962 977 2519 963 978 2520 964 979 2521 962 977 2522 962 977 2523 961 976 2524 963 978 2525 965 980 2526 966 981 2527 967 982 2528 967 982 2529 968 983 2530 965 980 2531 969 984 2532 970 985 2533 966 981 2534 966 981 2535 965 980 2536 969 984 2537 970 985 2538 971 986 2539 972 987 2540 972 987 2541 966 981 2542 970 985 2543 973 988 2544 969 984 2545 965 980 2546 965 980 2547 974 989 2548 973 988 2549 975 990 2550 976 991 2551 977 992 2552 977 992 2553 978 993 2554 975 990 2555 979 994 2556 980 995 2557 981 996 2558 981 996 2559 982 997 2560 979 994 2561 980 995 2562 983 998 2563 984 999 2564 984 999 2565 981 996 2566 980 995 2567 985 1000 2568 986 1001 2569 984 999 2570 984 999 2571 983 998 2572 985 1000 2573 985 1000 2574 987 1002 2575 988 1003 2576 988 1003 2577 986 1001 2578 985 1000 2579 987 1002 2580 978 993 2581 977 992 2582 977 992 2583 988 1003 2584 987 1002 2585 989 1004 2586 990 1005 2587 991 1006 2588 991 1006 2589 992 1007 2590 989 1004 2591 993 1008 2592 994 1009 2593 990 1005 2594 990 1005 2595 989 1004 2596 993 1008 2597 995 1010 2598 996 1011 2599 997 1012 2600 997 1012 2601 998 1013 2602 995 1010 2603 999 1014 2604 1000 1014 2605 997 1012 2606 997 1012 2607 996 1011 2608 999 1014 2609 1001 1015 2610 1002 1016 2611 1003 1017 2612 1003 1017 2613 1004 1018 2614 1001 1015 2615 1005 1019 2616 1006 1020 2617 1007 1021 2618 1007 1021 2619 1008 1022 2620 1005 1019 2621 1009 1023 2622 1010 1024 2623 1011 1025 2624 1009 1023 2625 1011 1025 2626 1012 1026 2627 1009 1023 2628 1012 1026 2629 1013 1027 2630 1006 1020 2631 1005 1019 2632 1003 1017 2633 1003 1017 2634 1002 1016 2635 1006 1020 2636 995 1010 2637 998 1013 2638 1014 1028 2639 1014 1028 2640 1015 1028 2641 995 1010 2642 1010 1024 2643 1009 1023 2644 1016 1029 2645 1001 1015 2646 1004 1018 2647 1017 1030 2648 1017 1030 2649 1018 1031 2650 1001 1015 2651 1019 1032 2652 1020 1033 2653 1021 1034 2654 1021 1034 2655 1022 1035 2656 1019 1032 2657 1023 1014 2658 1024 1036 2659 1021 1034 2660 1021 1034 2661 1020 1033 2662 1023 1014 2663 1019 1032 2664 1022 1035 2665 1025 1037 2666 1025 1037 2667 1026 1028 2668 1019 1032 2669 1022 1035 2670 1027 1038 2671 1028 1039 2672 1028 1039 2673 1025 1037 2674 1022 1035 2675 1029 1040 2676 1030 1041 2677 1031 1042 2678 1031 1042 2679 1032 1043 2680 1029 1040 2681 999 1014 2682 1032 1043 2683 1031 1042 2684 1031 1042 2685 1000 1014 2686 999 1014 2687 1033 1044 2688 1034 1045 2689 1035 1046 2690 1035 1046 2691 1036 1047 2692 1033 1044 2693 1037 1048 2694 1008 1022 2695 1007 1021 2696 1007 1021 2697 1038 1049 2698 1037 1048 2699 1039 1050 2700 1040 1051 2701 1041 1052 2702 1041 1052 2703 1042 1053 2704 1010 1024 2705 1039 1050 2706 1041 1052 2707 1010 1024 2708 1038 1049 2709 1036 1047 2710 1035 1046 2711 1035 1046 2712 1037 1048 2713 1038 1049 2714 1029 1040 2715 1015 1028 2716 1014 1028 2717 1014 1028 2718 1030 1041 2719 1029 1040 2720 1010 1024 2721 1016 1029 2722 1039 1050 2723 1043 1054 2724 1044 1055 2725 1034 1045 2726 1034 1045 2727 1033 1044 2728 1043 1054 2729 1045 1056 2730 1046 1057 2731 1047 1058 2732 1047 1058 2733 1048 1059 2734 1045 1056 2735 1023 1014 2736 1048 1059 2737 1047 1058 2738 1047 1058 2739 1024 1036 2740 1023 1014 2741 1045 1056 2742 1026 1028 2743 1025 1037 2744 1025 1037 2745 1046 1057 2746 1045 1056 2747 1046 1057 2748 1025 1037 2749 1028 1039 2750 1028 1039 2751 1049 1060 2752 1046 1057 2753 1050 1061 2754 1051 1061 2755 1052 1061 2756 1053 1062 2757 1054 1062 2758 1055 1062 2759 1056 1063 2760 1057 1063 2761 1058 1063 2762 1059 1064 2763 1060 1064 2764 1061 1064 2765 1062 1065 2766 1063 1065 2767 1064 1065 2768 1065 1066 2769 1066 1066 2770 1067 1066 2771 1068 1067 2772 1069 1067 2773 1070 1067 2774 1071 1068 2775 1072 1068 2776 1073 1068 2777 1074 1069 2778 1075 1069 2779 1076 1069 2780 1077 1070 2781 1078 1070 2782 1079 1070 2783 1080 1071 2784 1081 1071 2785 1082 1071 2786 1083 1072 2787 1084 1072 2788 1085 1072 2789 1086 1073 2790 1087 1073 2791 1088 1073 2792 1089 1074 2793 1090 1074 2794 1091 1074 2795 1092 1075 2796 1093 1075 2797 1094 1075 2798 1095 1076 2799 1096 1076 2800 1097 1076 2801 1098 1077 2802 1099 1077 2803 1100 1077 2804 1101 1078 2805 1102 1078 2806 1103 1078 2807 1104 1079 2808 1105 1079 2809 1106 1079 2810 1107 1080 2811 1108 1080 2812 1109 1080 2813 1110 1081 2814 1111 1081 2815 1112 1081 2816 1113 1082 2817 1114 1082 2818 1115 1082 2819 1116 1083 2820 1117 1083 2821 1118 1083 2822 1119 1084 2823 1120 1084 2824 1121 1084 2825 1122 1085 2826 1123 1085 2827 1124 1085 2828 1125 1086 2829 1126 1086 2830 1127 1086 2831 1128 1087 2832 1129 1087 2833 1130 1087 2834 1131 1088 2835 1132 1088 2836 1133 1088 2837 1134 1089 2838 1135 1089 2839 1136 1089 2840 1137 1090 2841 1138 1090 2842 1139 1090 2843 1140 1091 2844 1141 1091 2845 1142 1091 2846 1143 1092 2847 1144 1092 2848 1145 1092 2849 1146 1093 2850 1147 1093 2851 1148 1093 2852 1149 1094 2853 1150 1094 2854 1151 1094 2855 1152 1095 2856 1153 1095 2857 1154 1095 2858 1155 1096 2859 1156 1096 2860 1157 1096 2861 1158 1097 2862 1159 1097 2863 1160 1097 2864 1161 1098 2865 1162 1098 2866 1163 1098 2867 1164 1099 2868 1165 1099 2869 1166 1099 2870 1167 1100 2871 1168 1100 2872 1169 1100 2873 1170 1101 2874 1171 1101 2875 1172 1101 2876 1173 1102 2877 1174 1102 2878 1175 1102 2879 1176 1103 2880 1177 1103 2881 1178 1103 2882 1179 1104 2883 1180 1104 2884 1181 1104 2885 1182 1105 2886 1183 1105 2887 1184 1105 2888 1185 1106 2889 1186 1106 2890 1187 1106 2891 1188 1107 2892 1189 1107 2893 1190 1107 2894 1191 1108 2895 1192 1108 2896 1193 1108 2897 1194 1109 2898 1195 1110 2899 1196 1111 2900 1196 1111 2901 1197 1112 2902 1194 1109 2903 1197 1112 2904 1196 1111 2905 1198 1113 2906 1198 1113 2907 1199 1114 2908 1197 1112 2909 1200 1115 2910 1201 1116 2911 1202 1117 2912 1202 1117 2913 1203 1118 2914 1200 1115 2915 1204 1119 2916 1200 1115 2917 1203 1118 2918 1203 1118 2919 1205 1120 2920 1204 1119 2921 1200 1115 2922 1199 1114 2923 1198 1113 2924 1198 1113 2925 1201 1116 2926 1200 1115 2927 1206 1121 2928 1207 1122 2929 1208 1123 2930 1208 1123 2931 1209 1124 2932 1206 1121 2933 1207 1122 2934 1206 1121 2935 1210 1125 2936 1210 1125 2937 1211 1126 2938 1207 1122 2939 1211 1126 2940 1210 1125 2941 1212 1127 2942 1212 1127 2943 1213 1128 2944 1211 1126 2945 1214 154 2946 1215 154 2947 1216 1129 2948 1216 1129 2949 1217 1130 2950 1214 154 2951 1218 1131 2952 1219 1132 2953 1220 1133 2954 1220 1133 2955 1221 1134 2956 1218 1131 2957 1222 1135 2958 1223 1136 2959 1209 1124 2960 1209 1124 2961 1208 1123 2962 1222 1135 2963 1224 1137 2964 1225 1138 2965 1213 1128 2966 1213 1128 2967 1212 1127 2968 1224 1137 2969 1216 1129 2970 1226 1139 2971 1227 1140 2972 1227 1140 2973 1217 1130 2974 1216 1129 2975 1218 1131 2976 1221 1134 2977 1228 1141 2978 1228 1141 2979 1229 1142 2980 1218 1131 2981 1230 1143 2982 1231 1144 2983 1232 1145 2984 1232 1145 2985 1233 1146 2986 1230 1143 2987 1234 1147 2988 1235 1148 2989 1236 1149 2990 1236 1149 2991 1237 1150 2992 1234 1147 2993 1235 1148 2994 1234 1147 2995 1238 1151 2996 1238 1151 2997 1239 1152 2998 1235 1148 2999 1239 1152 3000 1238 1151 3001 1240 1153 3002 1240 1153 3003 1241 1154 3004 1239 1152 3005 1242 1155 3006 1243 1156 3007 1244 1157 3008 1244 1157 3009 1245 1158 3010 1242 1155 3011 1246 1159 3012 1247 1160 3013 1248 1161 3014 1248 1161 3015 1249 1162 3016 1246 1159 3017 1250 1163 3018 1251 1164 3019 1237 1150 3020 1237 1150 3021 1236 1149 3022 1250 1163 3023 1252 1165 3024 1253 1166 3025 1241 1154 3026 1241 1154 3027 1240 1153 3028 1252 1165 3029 1244 1157 3030 1254 1167 3031 1255 1168 3032 1255 1168 3033 1245 1158 3034 1244 1157 3035 1246 1159 3036 1249 1162 3037 1256 1169 3038 1256 1169 3039 1257 1169 3040 1246 1159 3041 1258 1170 3042 1259 1171 3043 1260 1172 3044 1260 1172 3045 1261 1173 3046 1258 1170 3047 1262 1174 3048 1263 1174 3049 1264 1174 3050 1264 1174 3051 1265 1174 3052 1262 1174 3053 1266 1175 3054 1267 1176 3055 1268 1177 3056 1268 1177 3057 1269 1178 3058 1266 1175 3059 1267 1176 3060 1270 1179 3061 1271 1180 3062 1271 1180 3063 1268 1177 3064 1267 1176 3065 1270 1179 3066 1272 1181 3067 1273 1182 3068 1273 1182 3069 1271 1180 3070 1270 1179 3071 1272 1181 3072 1274 1183 3073 1275 1184 3074 1275 1184 3075 1273 1182 3076 1272 1181 3077 1274 1183 3078 1276 1185 3079 1277 1186 3080 1277 1186 3081 1275 1184 3082 1274 1183 3083 1276 1185 3084 1278 1187 3085 1279 1188 3086 1279 1188 3087 1277 1186 3088 1276 1185 3089 1280 1189 3090 1281 1189 3091 1282 1189 3092 1283 1174 3093 1284 1174 3094 1264 1174 3095 1264 1174 3096 1263 1174 3097 1283 1174 3098 1285 1189 3099 1286 1189 3100 1287 1189 3101 1287 1189 3102 1288 1189 3103 1285 1189 3104 1265 1174 3105 1289 1174 3106 1262 1174 3107 1288 1189 3108 1287 1189 3109 1281 1189 3110 1281 1189 3111 1280 1189 3112 1288 1189 3113 1283 1174 3114 1290 1174 3115 1284 1174 3116 1285 1189 3117 1291 1189 3118 1286 1189 3119 1292 1190 3120 1293 1191 3121 1294 1192 3122 1294 1192 3123 1295 1193 3124 1292 1190 3125 1293 1191 3126 1292 1190 3127 1296 1194 3128 1296 1194 3129 1297 1195 3130 1293 1191 3131 1297 1195 3132 1296 1194 3133 1298 1196 3134 1298 1196 3135 1299 1197 3136 1297 1195 3137 1300 1198 3138 1301 1199 3139 1302 1200 3140 1302 1200 3141 1303 1201 3142 1300 1198 3143 1304 1202 3144 1305 1203 3145 1306 1204 3146 1306 1204 3147 1307 1205 3148 1304 1202 3149 1308 1206 3150 1309 1207 3151 1295 1193 3152 1295 1193 3153 1294 1192 3154 1308 1206 3155 1310 1208 3156 1311 1209 3157 1299 1197 3158 1299 1197 3159 1298 1196 3160 1310 1208 3161 1302 1200 3162 1312 1210 3163 1313 1211 3164 1313 1211 3165 1303 1201 3166 1302 1200 3167 1304 1202 3168 1307 1205 3169 1314 1212 3170 1314 1212 3171 1315 1213 3172 1304 1202 3173 1316 1214 3174 1317 1215 3175 1318 1216 3176 1319 1217 3177 1320 1218 3178 1321 1219 3179 1321 1219 3180 1317 1215 3181 1319 1217 3182 1322 1220 3183 1323 1221 3184 1324 1222 3185 1324 1222 3186 1325 1223 3187 1322 1220 3188 1325 1223 3189 1324 1222 3190 1326 1224 3191 1326 1224 3192 1327 1225 3193 1325 1223 3194 1328 1226 3195 1327 1225 3196 1326 1224 3197 1329 1227 3198 1330 1228 3199 1331 1229 3200 1331 1229 3201 1332 1230 3202 1329 1227 3203 1333 1231 3204 1334 1232 3205 1330 1228 3206 1330 1228 3207 1329 1227 3208 1333 1231 3209 1335 1233 3210 1336 1234 3211 1334 1232 3212 1334 1232 3213 1333 1231 3214 1335 1233 3215 1337 1235 3216 1338 1236 3217 1339 1237 3218 1339 1237 3219 1340 1238 3220 1337 1235 3221 1341 1239 3222 1342 1240 3223 1338 1236 3224 1338 1236 3225 1337 1235 3226 1341 1239 3227 1343 1241 3228 1344 1242 3229 1342 1240 3230 1342 1240 3231 1341 1239 3232 1343 1241 3233 1345 1243 3234 1346 1244 3235 1328 1226 3236 1347 1245 3237 1348 1246 3238 1349 1247 3239 1349 1247 3240 1350 1248 3241 1347 1245 3242 1348 1246 3243 1351 1249 3244 1352 1250 3245 1352 1250 3246 1349 1247 3247 1348 1246 3248 1352 1250 3249 1351 1249 3250 1353 1251 3251 1353 1251 3252 1354 1252 3253 1352 1250 3254 1355 1253 3255 1356 1254 3256 1321 1219 3257 1321 1219 3258 1320 1218 3259 1355 1253 3260 1355 1253 3261 1357 1255 3262 1356 1254 3263 1321 1219 3264 1356 1254 3265 1358 1256 3266 1324 1222 3267 1357 1255 3268 1355 1253 3269 1355 1253 3270 1320 1218 3271 1324 1222 3272 1321 1219 3273 1358 1256 3274 1317 1215 3275 1319 1217 3276 1326 1224 3277 1324 1222 3278 1324 1222 3279 1320 1218 3280 1319 1217 3281 1359 1257 3282 1326 1224 3283 1319 1217 3284 1316 1214 3285 1319 1217 3286 1317 1215 3287 1316 1214 3288 1359 1257 3289 1319 1217 3290 1328 1226 3291 1346 1244 3292 1327 1225 3293 1326 1224 3294 1359 1257 3295 1328 1226 3296 1360 1258 3297 1361 1259 3298 1362 1260 3299 1362 1260 3300 1363 1261 3301 1360 1258 3302 1364 1262 3303 1365 1263 3304 1366 1264 3305 1366 1264 3306 1367 1265 3307 1364 1262 3308 1365 1263 3309 1368 1266 3310 1369 1267 3311 1369 1267 3312 1366 1264 3313 1365 1263 3314 1368 1266 3315 1370 1268 3316 1371 1269 3317 1371 1269 3318 1369 1267 3319 1368 1266 3320 1370 1268 3321 1372 1270 3322 1373 1271 3323 1373 1271 3324 1371 1269 3325 1370 1268 3326 1372 1270 3327 1374 1272 3328 1375 1273 3329 1375 1273 3330 1373 1271 3331 1372 1270 3332 1374 1272 3333 1376 1274 3334 1377 1275 3335 1377 1275 3336 1375 1273 3337 1374 1272 3338 1376 1274 3339 1378 1276 3340 1379 1277 3341 1379 1277 3342 1377 1275 3343 1376 1274 3344 1380 1278 3345 1381 1279 3346 1382 1280 3347 1383 1281 3348 1384 1282 3349 1362 1260 3350 1362 1260 3351 1361 1259 3352 1383 1281 3353 1385 1283 3354 1386 1284 3355 1387 1285 3356 1387 1285 3357 1388 1286 3358 1385 1283 3359 1363 1261 3360 1389 1287 3361 1360 1258 3362 1388 1286 3363 1387 1285 3364 1381 1279 3365 1381 1279 3366 1380 1278 3367 1388 1286 3368 1383 1281 3369 1390 1288 3370 1384 1282 3371 1385 1283 3372 1391 1289 3373 1386 1284 3374 1392 1290 3375 1393 1291 3376 1394 1292 3377 1394 1292 3378 1395 1293 3379 1392 1290 3380 1393 1291 3381 1392 1290 3382 1396 1294 3383 1396 1294 3384 1397 1295 3385 1393 1291 3386 1398 1296 3387 1399 1297 3388 1400 1298 3389 1401 1299 3390 1402 1300 3391 1403 1301 3392 1404 1302 3393 1405 1303 3394 1395 1293 3395 1395 1293 3396 1394 1292 3397 1404 1302 3398 1406 1304 3399 1407 1305 3400 1397 1295 3401 1397 1295 3402 1396 1294 3403 1406 1304 3404 1400 1298 3405 1408 1306 3406 1409 1307 3407 1409 1307 3408 1398 1296 3409 1400 1298 3410 1401 1299 3411 1403 1301 3412 1410 1308 3413 1410 1308 3414 1411 1309 3415 1401 1299 3416 1412 1310 3417 1413 1311 3418 1414 1312 3419 1414 1312 3420 1415 1313 3421 1412 1310 3422 1413 1311 3423 1412 1310 3424 1416 1314 3425 1416 1314 3426 1417 1315 3427 1413 1311 3428 1418 1316 3429 1419 1317 3430 1420 1318 3431 1421 1319 3432 1422 1320 3433 1423 1321 3434 1424 1322 3435 1425 1323 3436 1415 1313 3437 1415 1313 3438 1414 1312 3439 1424 1322 3440 1426 1324 3441 1427 1325 3442 1417 1315 3443 1417 1315 3444 1416 1314 3445 1426 1324 3446 1420 1318 3447 1428 1326 3448 1429 1327 3449 1429 1327 3450 1418 1316 3451 1420 1318 3452 1421 1319 3453 1423 1321 3454 1430 1328 3455 1430 1328 3456 1431 1329 3457 1421 1319 3458 1432 1330 3459 1433 1330 3460 1434 1330 3461 1435 1331 3462 1436 1331 3463 1437 1331 3464 1438 1332 3465 1439 1332 3466 1440 1332 3467 1441 1333 3468 1442 1333 3469 1443 1333 3470 1444 1334 3471 1445 1335 3472 1446 1336 3473 1446 1336 3474 1447 1337 3475 1444 1334 3476 1448 1338 3477 1449 1339 3478 1450 1340 3479 1450 1340 3480 1451 1341 3481 1448 1338 3482 1452 1342 3483 1453 1343 3484 1454 1344 3485 1445 1335 3486 1455 1345 3487 1446 1336 3488 1449 1339 3489 1456 1346 3490 1450 1340 3491 1457 1347 3492 1458 1348 3493 1459 1349 3494 1460 1350 3495 1461 1351 3496 1462 1352 3497 1463 1353 3498 1464 1354 3499 1465 1355 3500 1465 1355 3501 1466 1356 3502 1463 1353 3503 1467 1357 3504 1468 1358 3505 1469 1359 3506 1469 1359 3507 1470 1360 3508 1467 1357 3509 1471 1361 3510 1472 1362 3511 1473 1363 3512 1473 1363 3513 1474 1364 3514 1471 1361 3515 1475 1365 3516 1476 1366 3517 1463 1353 3518 1463 1353 3519 1466 1356 3520 1475 1365 3521 1457 1347 3522 1459 1349 3523 1455 1345 3524 1455 1345 3525 1445 1335 3526 1457 1347 3527 1456 1346 3528 1460 1350 3529 1462 1352 3530 1462 1352 3531 1450 1340 3532 1456 1346 3533 1465 1355 3534 1464 1354 3535 1453 1343 3536 1453 1343 3537 1452 1342 3538 1465 1355 3539 1477 1367 3540 1478 1368 3541 1479 1369 3542 1476 1366 3543 1475 1365 3544 1477 1367 3545 1477 1367 3546 1479 1369 3547 1476 1366 3548 1480 1370 3549 1481 1371 3550 1469 1359 3551 1469 1359 3552 1468 1358 3553 1480 1370 3554 1482 1372 3555 1483 1373 3556 1472 1362 3557 1472 1362 3558 1471 1361 3559 1482 1372 3560 1484 1374 3561 1485 1375 3562 1481 1371 3563 1481 1371 3564 1480 1370 3565 1484 1374 3566 1486 1376 3567 1487 1377 3568 1483 1373 3569 1483 1373 3570 1482 1372 3571 1486 1376 3572 1457 1347 3573 1467 1357 3574 1458 1348 3575 1461 1351 3576 1473 1363 3577 1462 1352 3578 1467 1357 3579 1470 1360 3580 1458 1348 3581 1461 1351 3582 1474 1364 3583 1473 1363 3584 1488 1378 3585 1489 1379 3586 1490 1380 3587 1490 1380 3588 1491 1381 3589 1488 1378 3590 1492 1382 3591 1493 1383 3592 1489 1379 3593 1489 1379 3594 1488 1378 3595 1492 1382 3596 1494 1384 3597 1495 1385 3598 1493 1383 3599 1493 1383 3600 1492 1382 3601 1494 1384 3602 1491 1381 3603 1490 1380 3604 1496 1386 3605 1496 1386 3606 1497 1387 3607 1491 1381 3608 1498 1388 3609 1499 1389 3610 1500 1390 3611 1500 1390 3612 1501 1391 3613 1498 1388 3614 1502 1392 3615 1503 1393 3616 1504 1394 3617 1504 1394 3618 1505 1395 3619 1502 1392 3620 1506 1396 3621 1507 1397 3622 1508 1398 3623 1508 1398 3624 1509 1399 3625 1506 1396 3626 1510 1400 3627 1511 1401 3628 1512 1402 3629 1512 1402 3630 1513 1403 3631 1510 1400 3632 1514 1404 3633 1515 1405 3634 1516 1406 3635 1516 1406 3636 1517 1407 3637 1514 1404 3638 1518 1408 3639 1519 1409 3640 1520 1410 3641 1520 1410 3642 1521 1411 3643 1518 1408 3644 1522 1412 3645 1523 1413 3646 1524 1414 3647 1524 1414 3648 1525 1415 3649 1522 1412 3650 1526 1416 3651 1527 1417 3652 1528 1418 3653 1528 1418 3654 1529 1419 3655 1526 1416 3656 1530 1420 3657 1531 1421 3658 1532 1422 3659 1532 1422 3660 1533 1423 3661 1530 1420 3662 1530 1420 3663 1533 1423 3664 1525 1415 3665 1525 1415 3666 1524 1414 3667 1530 1420 3668 1534 1424 3669 1535 1425 3670 1523 1413 3671 1523 1413 3672 1522 1412 3673 1534 1424 3674 1526 1416 3675 1529 1419 3676 1519 1409 3677 1519 1409 3678 1518 1408 3679 1526 1416 3680 1527 1417 3681 1521 1411 3682 1520 1410 3683 1520 1410 3684 1528 1418 3685 1527 1417 3686 1536 1426 3687 1537 1426 3688 1538 1426 3689 1539 1427 3690 1540 1427 3691 1541 1427 3692 1542 1428 3693 1543 1428 3694 1544 1428 3695 1545 1429 3696 1546 1429 3697 1547 1429 3698 1548 1430 3699 1549 1430 3700 1550 1430 3701 1551 1431 3702 1552 1431 3703 1553 1431 3704 1554 1432 3705 1555 1432 3706 1556 1432 3707 1557 1433 3708 1558 1433 3709 1559 1433 3710 1560 1434 3711 1561 1434 3712 1562 1434 3713 1563 1435 3714 1564 1435 3715 1565 1435 3716 1566 1436 3717 1567 1436 3718 1568 1436 3719 1569 1437 3720 1570 1437 3721 1571 1437 3722 1572 1438 3723 1573 1438 3724 1574 1438 3725 1575 1439 3726 1576 1439 3727 1577 1439 3728 1578 1440 3729 1579 1440 3730 1580 1440 3731 1581 1441 3732 1582 1441 3733 1583 1441 3734 1584 1442 3735 1585 1442 3736 1586 1442 3737 1587 1443 3738 1588 1443 3739 1589 1443 3740 1590 1444 3741 1591 1444 3742 1592 1444 3743 1593 1445 3744 1594 1445 3745 1595 1445 3746 1596 1446 3747 1597 1446 3748 1598 1446 3749 1599 1447 3750 1600 1447 3751 1601 1447 3752 1602 1448 3753 1603 1448 3754 1604 1448 3755 1605 1449 3756 1606 1449 3757 1607 1449 3758 1608 1450 3759 1609 1450 3760 1610 1450 3761 1611 1451 3762 1612 1451 3763 1613 1451 3764 1614 1452 3765 1615 1452 3766 1616 1452 3767 1617 1453 3768 1618 1453 3769 1619 1453 3770 1620 1454 3771 1621 1455 3772 1622 1456 3773 1622 1456 3774 1623 1457 3775 1620 1454 3776 1624 1458 3777 1625 1459 3778 1626 1460 3779 1626 1460 3780 1627 1461 3781 1624 1458 3782 1628 1462 3783 1629 1463 3784 1630 1464 3785 1630 1464 3786 1631 1465 3787 1628 1462 3788 1632 1466 3789 1633 1467 3790 1634 1468 3791 1634 1468 3792 1635 1469 3793 1632 1466 3794 1636 1470 3795 1627 1461 3796 1626 1460 3797 1626 1460 3798 1637 1471 3799 1636 1470 3800 1620 1454 3801 1623 1457 3802 1638 1472 3803 1638 1472 3804 1639 1473 3805 1620 1454 3806 1633 1467 3807 1632 1466 3808 1640 1474 3809 1640 1474 3810 1641 1475 3811 1633 1467 3812 1631 1465 3813 1642 1476 3814 1628 1462 3815 1637 1471 3816 1643 1477 3817 1636 1470 3818 1644 1478 3819 1645 1479 3820 1646 1480 3821 1646 1480 3822 1647 1481 3823 1644 1478 3824 1648 1482 3825 1649 1483 3826 1650 1484 3827 1650 1484 3828 1651 1485 3829 1648 1482 3830 1652 1486 3831 1653 1487 3832 1654 1488 3833 1654 1488 3834 1655 1489 3835 1652 1486 3836 1656 1490 3837 1657 1491 3838 1658 1492 3839 1658 1492 3840 1659 1493 3841 1656 1490 3842 1660 1494 3843 1651 1485 3844 1650 1484 3845 1650 1484 3846 1661 1495 3847 1660 1494 3848 1644 1478 3849 1647 1481 3850 1662 1496 3851 1662 1496 3852 1663 1497 3853 1644 1478 3854 1657 1491 3855 1656 1490 3856 1664 1498 3857 1664 1498 3858 1665 1499 3859 1657 1491 3860 1655 1489 3861 1666 1500 3862 1652 1486 3863 1661 1495 3864 1667 1501 3865 1660 1494 3866 1668 1502 3867 1669 1503 3868 1670 1504 3869 1670 1504 3870 1671 1505 3871 1668 1502 3872 1672 1506 3873 1673 1507 3874 1674 1508 3875 1674 1508 3876 1675 1509 3877 1672 1506 3878 1676 1510 3879 1677 1511 3880 1678 1512 3881 1678 1512 3882 1679 1513 3883 1676 1510 3884 1680 1514 3885 1681 1515 3886 1682 1422 3887 1682 1422 3888 1683 1423 3889 1680 1514 3890 1680 1514 3891 1683 1423 3892 1675 1509 3893 1675 1509 3894 1674 1508 3895 1680 1514 3896 1684 1424 3897 1685 1516 3898 1673 1507 3899 1673 1507 3900 1672 1506 3901 1684 1424 3902 1686 1517 3903 1687 1518 3904 1688 1519 3905 1688 1519 3906 1689 1520 3907 1686 1517 3908 1689 1520 3909 1688 1519 3910 1690 1521 3911 1690 1521 3912 1691 1522 3913 1689 1520 3914 1691 1522 3915 1690 1521 3916 1692 1523 3917 1692 1523 3918 1693 1524 3919 1691 1522 3920 1693 1524 3921 1692 1523 3922 1694 1525 3923 1694 1525 3924 1695 1526 3925 1693 1524 3926 1695 1526 3927 1694 1525 3928 1696 1527 3929 1696 1527 3930 1697 1528 3931 1695 1526 3932 1686 1517 3933 1697 1528 3934 1696 1527 3935 1696 1527 3936 1687 1518 3937 1686 1517 3938 1698 1529 3939 1699 1530 3940 1700 1531 3941 1701 1532 3942 1698 1529 3943 1700 1531 3944 1687 1518 3945 1696 1527 3946 1698 1529 3947 1696 1527 3948 1694 1525 3949 1699 1530 3950 1699 1530 3951 1698 1529 3952 1696 1527 3953 1694 1525 3954 1692 1523 3955 1700 1531 3956 1700 1531 3957 1699 1530 3958 1694 1525 3959 1692 1523 3960 1690 1521 3961 1700 1531 3962 1690 1521 3963 1701 1532 3964 1700 1531 3965 1690 1521 3966 1688 1519 3967 1701 1532 3968 1688 1519 3969 1687 1518 3970 1698 1529 3971 1698 1529 3972 1701 1532 3973 1688 1519 3974 1676 1510 3975 1679 1513 3976 1669 1503 3977 1669 1503 3978 1668 1502 3979 1676 1510 3980 1677 1511 3981 1671 1505 3982 1670 1504 3983 1670 1504 3984 1678 1512 3985 1677 1511 3986 1702 1533 3987 1703 1534 3988 1704 1535 3989 1704 1535 3990 1705 1536 3991 1702 1533 3992 1706 1506 3993 1707 1537 3994 1708 1538 3995 1708 1538 3996 1709 1509 3997 1706 1506 3998 1710 1539 3999 1711 1540 4000 1712 1541 4001 1712 1541 4002 1713 1542 4003 1710 1539 4004 1714 1543 4005 1715 1544 4006 1716 1422 4007 1716 1422 4008 1717 1423 4009 1714 1543 4010 1714 1543 4011 1717 1423 4012 1709 1509 4013 1709 1509 4014 1708 1538 4015 1714 1543 4016 1718 1424 4017 1719 1545 4018 1707 1537 4019 1707 1537 4020 1706 1506 4021 1718 1424 4022 1720 1546 4023 1721 1547 4024 1722 1548 4025 1722 1548 4026 1723 1549 4027 1720 1546 4028 1723 1549 4029 1722 1548 4030 1724 1550 4031 1724 1550 4032 1725 1551 4033 1723 1549 4034 1725 1551 4035 1724 1550 4036 1726 1552 4037 1726 1552 4038 1727 1553 4039 1725 1551 4040 1727 1553 4041 1726 1552 4042 1728 1554 4043 1728 1554 4044 1729 1555 4045 1727 1553 4046 1729 1555 4047 1728 1554 4048 1730 1556 4049 1730 1556 4050 1731 1557 4051 1729 1555 4052 1720 1546 4053 1731 1557 4054 1730 1556 4055 1730 1556 4056 1721 1547 4057 1720 1546 4058 1732 1558 4059 1733 1559 4060 1734 1560 4061 1735 1561 4062 1732 1558 4063 1734 1560 4064 1721 1547 4065 1730 1556 4066 1732 1558 4067 1730 1556 4068 1728 1554 4069 1733 1559 4070 1733 1559 4071 1732 1558 4072 1730 1556 4073 1728 1554 4074 1726 1552 4075 1734 1560 4076 1734 1560 4077 1733 1559 4078 1728 1554 4079 1726 1552 4080 1724 1550 4081 1734 1560 4082 1724 1550 4083 1735 1561 4084 1734 1560 4085 1724 1550 4086 1722 1548 4087 1735 1561 4088 1722 1548 4089 1721 1547 4090 1732 1558 4091 1732 1558 4092 1735 1561 4093 1722 1548 4094 1710 1539 4095 1713 1542 4096 1703 1534 4097 1703 1534 4098 1702 1533 4099 1710 1539 4100 1711 1540 4101 1705 1536 4102 1704 1535 4103 1704 1535 4104 1712 1541 4105 1711 1540 4106 1736 1562 4107 1737 1563 4108 1738 1169 4109 1739 1564 4110 1737 1563 4111 1740 1565 4112 1741 1566 4113 1742 1567 4114 1743 1169 4115 1744 1568 4116 1737 1563 4117 1736 1562 4118 1736 1562 4119 1745 1569 4120 1744 1568 4121 1744 1568 4122 1745 1569 4123 1746 1570 4124 1746 1570 4125 1747 1571 4126 1744 1568 4127 1748 1572 4128 1749 1573 4129 1742 1567 4130 1750 1574 4131 1742 1567 4132 1749 1573 4133 1746 1570 4134 1749 1573 4135 1748 1572 4136 1748 1572 4137 1747 1571 4138 1746 1570 4139 1737 1563 4140 1739 1564 4141 1738 1169 4142 1750 1574 4143 1743 1169 4144 1742 1567 4145 1751 1575 4146 1752 1576 4147 1753 1577 4148 1754 1578 4149 1752 1576 4150 1755 1579 4151 1756 1580 4152 1757 1581 4153 1758 1582 4154 1753 1577 4155 1752 1576 4156 1759 1583 4157 1759 1583 4158 1760 1584 4159 1753 1577 4160 1760 1584 4161 1759 1583 4162 1761 1585 4163 1761 1585 4164 1762 1586 4165 1760 1584 4166 1763 1587 4167 1757 1581 4168 1764 1588 4169 1757 1581 4170 1763 1587 4171 1762 1586 4172 1762 1586 4173 1761 1585 4174 1757 1581 4175 1751 1575 4176 1755 1579 4177 1752 1576 4178 1757 1581 4179 1756 1580 4180 1764 1588 4181 1765 1589 4182 1766 1590 4183 1767 1591 4184 1767 1591 4185 1768 1592 4186 1765 1589 4187 1769 1593 4188 1770 1594 4189 1771 1595 4190 1771 1595 4191 1772 1596 4192 1769 1593 4193 1770 1594 4194 1773 1597 4195 1774 1598 4196 1774 1598 4197 1771 1595 4198 1770 1594 4199 1768 1592 4200 1769 1593 4201 1772 1596 4202 1772 1596 4203 1765 1589 4204 1768 1592 4205 1775 1599 4206 1776 1600 4207 1777 1601 4208 1775 1599 4209 1778 1602 4210 1776 1600 4211 1775 1599 4212 1779 1603 4213 1778 1602 4214 1780 1604 4215 1781 1605 4216 1782 1606 4217 1781 1605 4218 1778 1602 4219 1779 1603 4220 1783 1607 4221 1784 1608 4222 1785 1609 4223 1785 1609 4224 1786 1610 4225 1783 1607 4226 1786 1610 4227 1785 1609 4228 1787 1611 4229 1787 1611 4230 1788 1612 4231 1786 1610 4232 1789 1613 4233 1790 1614 4234 1784 1608 4235 1784 1608 4236 1783 1607 4237 1789 1613 4238 1791 1615 4239 1792 1616 4240 1793 1617 4241 1793 1617 4242 1794 1618 4243 1791 1615 4244 1795 1619 4245 1791 1615 4246 1794 1618 4247 1792 1616 4248 1796 1620 4249 1793 1617 4250 1781 1605 4251 1779 1603 4252 1782 1606 4253 1797 1621 4254 1798 1622 4255 1799 1623 4256 1799 1623 4257 1800 1624 4258 1797 1621 4259 1801 1625 4260 1802 1626 4261 1803 1627 4262 1803 1627 4263 1804 1628 4264 1801 1625 4265 1805 1629 4266 1806 1630 4267 1807 1631 4268 1807 1631 4269 1808 1632 4270 1805 1629 4271 1809 1633 4272 1810 1634 4273 1811 1635 4274 1811 1635 4275 1812 1636 4276 1809 1633 4277 1813 1028 4278 1814 1028 4279 1815 1028 4280 1815 1028 4281 1816 1028 4282 1813 1028 4283 1817 1637 4284 1818 1638 4285 1819 1638 4286 1819 1638 4287 1820 1639 4288 1817 1637 4289 1821 1640 4290 1822 1641 4291 1823 1642 4292 1823 1642 4293 1824 1014 4294 1821 1640 4295 1825 1643 4296 1826 1644 4297 1827 1645 4298 1827 1645 4299 1828 1646 4300 1825 1643 4301 1829 1647 4302 1830 1189 4303 1831 1648 4304 1831 1648 4305 1832 1649 4306 1829 1647 4307 1833 1650 4308 1834 1651 4309 1835 1652 4310 1835 1652 4311 1836 1653 4312 1833 1650 4313 1837 1654 4314 1834 1651 4315 1833 1650 4316 1833 1650 4317 1838 1655 4318 1837 1654 4319 1838 1655 4320 1839 1656 4321 1840 1657 4322 1840 1657 4323 1837 1654 4324 1838 1655 4325 1840 1657 4326 1839 1656 4327 1841 1658 4328 1841 1658 4329 1842 1659 4330 1840 1657 4331 1843 1660 4332 1844 1661 4333 1845 1662 4334 1846 1663 4335 1843 1660 4336 1845 1662 4337 1846 1663 4338 1845 1662 4339 1847 154 4340 1848 1664 4341 1849 1169 4342 1850 1665 4343 1851 1666 4344 1848 1664 4345 1850 1665 4346 1852 1667 4347 1851 1666 4348 1850 1665 4349 1835 1652 4350 1853 1668 4351 1854 1669 4352 1854 1669 4353 1836 1653 4354 1835 1652 4355 1855 1670 4356 1856 1014 4357 1857 1014 4358 1857 1014 4359 1858 1671 4360 1855 1670 4361 1859 1169 4362 1855 1670 4363 1858 1671 4364 1858 1671 4365 1860 1169 4366 1859 1169 4367 1861 1672 4368 1862 1673 4369 1863 1674 4370 1863 1674 4371 1864 1675 4372 1861 1672 4373 1865 1676 4374 1862 1673 4375 1861 1672 4376 1861 1672 4377 1866 1677 4378 1865 1676 4379 1866 1677 4380 1867 1678 4381 1868 1679 4382 1868 1679 4383 1865 1676 4384 1866 1677 4385 1868 1679 4386 1867 1678 4387 1869 1680 4388 1869 1680 4389 1870 1681 4390 1868 1679 4391 1871 1682 4392 1872 154 4393 1873 1683 4394 1874 1684 4395 1871 1682 4396 1873 1683 4397 1874 1684 4398 1873 1683 4399 1875 1685 4400 1876 1686 4401 1877 1687 4402 1878 1688 4403 1879 1689 4404 1876 1686 4405 1878 1688 4406 1880 1690 4407 1879 1689 4408 1878 1688 4409 1881 1691 4410 1882 1692 4411 1883 1693 4412 1883 1693 4413 1884 1694 4414 1881 1691 4415 1885 1695 4416 1881 1691 4417 1884 1694 4418 1884 1694 4419 1886 1696 4420 1885 1695 4421 1887 1697 4422 1888 1698 4423 1889 1699 4424 1889 1699 4425 1890 1700 4426 1887 1697 4427 1891 1701 4428 1887 1697 4429 1890 1700 4430 1890 1700 4431 1892 1702 4432 1891 1701 4433 1882 1692 4434 1891 1701 4435 1892 1702 4436 1892 1702 4437 1883 1693 4438 1882 1692 4439 1893 1703 4440 1894 1704 4441 1895 1705 4442 1895 1705 4443 1896 1706 4444 1893 1703 4445 1896 1706 4446 1895 1705 4447 1897 1707 4448 1897 1707 4449 1898 1708 4450 1896 1706 4451 1899 1709 4452 1900 1710 4453 1901 1711 4454 1901 1711 4455 1902 1712 4456 1899 1709 4457 1900 1710 4458 1903 1713 4459 1904 1714 4460 1904 1714 4461 1901 1711 4462 1900 1710 4463 1903 1713 4464 1905 1715 4465 1906 1716 4466 1906 1716 4467 1904 1714 4468 1903 1713 4469 1905 1715 4470 1907 1717 4471 1908 1718 4472 1908 1718 4473 1906 1716 4474 1905 1715 4475 1909 1719 4476 1910 1720 4477 1911 1721 4478 1911 1721 4479 1912 1722 4480 1909 1719 4481 1913 1723 4482 1914 1724 4483 1915 1725 4484 1915 1725 4485 1916 1726 4486 1913 1723 4487 1914 1724 4488 1917 1727 4489 1918 1728 4490 1918 1728 4491 1915 1725 4492 1914 1724 4493 1917 1727 4494 1919 1729 4495 1920 1730 4496 1920 1730 4497 1918 1728 4498 1917 1727 4499 1919 1729 4500 1921 1731 4501 1922 1732 4502 1922 1732 4503 1920 1730 4504 1919 1729 4505 1921 1731 4506 1923 1733 4507 1924 1734 4508 1924 1734 4509 1922 1732 4510 1921 1731 4511 1923 1733 4512 1925 1735 4513 1926 1736 4514 1926 1736 4515 1924 1734 4516 1923 1733 4517 1927 1737 4518 1928 1738 4519 1929 1739 4520 1930 1740 4521 1931 1741 4522 1911 1721 4523 1911 1721 4524 1910 1720 4525 1930 1740 4526 1932 1742 4527 1933 1743 4528 1934 1744 4529 1934 1744 4530 1935 1745 4531 1932 1742 4532 1912 1722 4533 1936 1746 4534 1909 1719 4535 1935 1745 4536 1934 1744 4537 1928 1738 4538 1928 1738 4539 1927 1737 4540 1935 1745 4541 1930 1740 4542 1937 1747 4543 1931 1741 4544 1932 1742 4545 1938 1748 4546 1933 1743 4547 1939 1749 4548 1940 1750 4549 1941 1751 4550 1941 1751 4551 1942 1752 4552 1939 1749 4553 1940 1750 4554 1939 1749 4555 1943 1753 4556 1943 1753 4557 1944 1754 4558 1940 1750 4559 1945 1755 4560 1946 1756 4561 1947 1757 4562 1948 1758 4563 1949 1759 4564 1950 1760 4565 1951 1761 4566 1952 1762 4567 1942 1752 4568 1942 1752 4569 1941 1751 4570 1951 1761 4571 1953 1763 4572 1954 1764 4573 1944 1754 4574 1944 1754 4575 1943 1753 4576 1953 1763 4577 1947 1757 4578 1955 1765 4579 1956 1766 4580 1956 1766 4581 1945 1755 4582 1947 1757 4583 1948 1758 4584 1950 1760 4585 1957 1767 4586 1957 1767 4587 1958 1768 4588 1948 1758 4589 1959 1769 4590 1960 1770 4591 1961 1771 4592 1961 1771 4593 1962 1772 4594 1959 1769 4595 1960 1770 4596 1959 1769 4597 1963 1773 4598 1963 1773 4599 1964 1774 4600 1960 1770 4601 1965 1775 4602 1966 1776 4603 1967 1777 4604 1968 1778 4605 1969 1779 4606 1970 1780 4607 1971 1781 4608 1972 1782 4609 1962 1772 4610 1962 1772 4611 1961 1771 4612 1971 1781 4613 1973 1783 4614 1974 1784 4615 1964 1774 4616 1964 1774 4617 1963 1773 4618 1973 1783 4619 1967 1777 4620 1975 1785 4621 1976 1786 4622 1976 1786 4623 1965 1775 4624 1967 1777 4625 1968 1778 4626 1970 1780 4627 1977 1787 4628 1977 1787 4629 1978 1788 4630 1968 1778 4631 1979 1789 4632 1980 1789 4633 1981 1789 4634 1982 1789 4635 1983 1789 4636 1984 1789 4637 1985 1790 4638 1986 1791 4639 1987 1792 4640 1987 1792 4641 1988 1793 4642 1985 1790 4643 1989 1794 4644 1990 1795 4645 1991 1796 4646 1991 1796 4647 1992 1797 4648 1989 1794 4649 1993 1798 4650 1994 1799 4651 1995 1800 4652 1995 1800 4653 1996 1801 4654 1993 1798 4655 1994 1799 4656 1997 1802 4657 1998 1803 4658 1998 1803 4659 1995 1800 4660 1994 1799 4661 1997 1802 4662 1999 1804 4663 2000 1805 4664 2000 1805 4665 1998 1803 4666 1997 1802 4667 1999 1804 4668 2001 1806 4669 2002 1807 4670 2002 1807 4671 2000 1805 4672 1999 1804 4673 2001 1806 4674 2003 1808 4675 2004 1809 4676 2004 1809 4677 2002 1807 4678 2001 1806 4679 2003 1808 4680 2005 1810 4681 2006 1811 4682 2006 1811 4683 2004 1809 4684 2003 1808 4685 2005 1810 4686 1989 1794 4687 1992 1797 4688 1992 1797 4689 2006 1811 4690 2005 1810 4691 2007 1812 4692 2008 1813 4693 2009 1814 4694 2010 1815 4695 2011 1816 4696 1987 1792 4697 1987 1792 4698 1986 1791 4699 2010 1815 4700 2012 1817 4701 2013 1818 4702 2014 1819 4703 2014 1819 4704 2015 1820 4705 2012 1817 4706 1988 1793 4707 2016 1821 4708 1985 1790 4709 2015 1820 4710 2014 1819 4711 2008 1813 4712 2008 1813 4713 2007 1812 4714 2015 1820 4715 2010 1815 4716 2017 1822 4717 2011 1816 4718 2012 1817 4719 2018 1823 4720 2013 1818 4721 2019 1824 4722 2020 1825 4723 2021 1826 4724 2021 1826 4725 2022 1827 4726 2019 1824 4727 2020 1825 4728 2019 1824 4729 2023 1828 4730 2023 1828 4731 2024 1829 4732 2020 1825 4733 2025 1830 4734 2026 1831 4735 2027 1832 4736 2028 1833 4737 2029 1834 4738 2030 1835 4739 2021 1826 4740 2031 1836 4741 2032 1837 4742 2032 1837 4743 2022 1827 4744 2021 1826 4745 2033 1838 4746 2034 1839 4747 2024 1829 4748 2024 1829 4749 2023 1828 4750 2033 1838 4751 2027 1832 4752 2035 1840 4753 2036 1841 4754 2036 1841 4755 2025 1830 4756 2027 1832 4757 2028 1833 4758 2030 1835 4759 2037 1842 4760 2037 1842 4761 2038 1843 4762 2028 1833 4763 2039 1844 4764 2040 1844 4765 2041 1844 4766 2042 1845 4767 2043 1845 4768 2044 1845 4769 2045 1846 4770 2046 1846 4771 2047 1846 4772 2048 1847 4773 2049 1847 4774 2050 1847 4775 2051 1848 4776 2052 1849 4777 2053 1850 4778 2053 1850 4779 2054 1851 4780 2051 1848 4781 2052 1849 4782 2051 1848 4783 2055 1852 4784 2055 1852 4785 2056 1853 4786 2052 1849 4787 2057 1854 4788 2058 1855 4789 2059 1856 4790 2060 1857 4791 2061 1858 4792 2062 1859 4793 2053 1850 4794 2063 1860 4795 2064 1861 4796 2064 1861 4797 2054 1851 4798 2053 1850 4799 2065 1862 4800 2066 1863 4801 2056 1853 4802 2056 1853 4803 2055 1852 4804 2065 1862 4805 2059 1856 4806 2067 1864 4807 2068 1865 4808 2068 1865 4809 2057 1854 4810 2059 1856 4811 2062 1859 4812 2069 1866 4813 2070 1867 4814 2070 1867 4815 2060 1857 4816 2062 1859 4817 2071 1868 4818 2072 1869 4819 2064 1861 4820 2064 1861 4821 2063 1860 4822 2071 1868 4823 2073 1870 4824 2074 1871 4825 2066 1863 4826 2066 1863 4827 2065 1862 4828 2073 1870 4829 2075 1872 4830 2076 1873 4831 2068 1865 4832 2068 1865 4833 2067 1864 4834 2075 1872 4835 2077 1874 4836 2078 1875 4837 2070 1867 4838 2070 1867 4839 2069 1866 4840 2077 1874 4841 2079 1876 4842 2080 1877 4843 2081 1878 4844 2081 1878 4845 2082 1879 4846 2079 1876 4847 2081 1878 4848 2083 1880 4849 2084 1881 4850 2084 1881 4851 2082 1879 4852 2081 1878 4853 2085 1169 4854 2086 1169 4855 2087 1169 4856 2087 1169 4857 2088 1169 4858 2085 1169 4859 2089 1882 4860 2090 1883 4861 2091 1884 4862 2092 1885 4863 2093 1886 4864 2094 1887 4865 2094 1887 4866 2091 1884 4867 2092 1885 4868 2089 1882 4869 2091 1884 4870 2095 1888 4871 2089 1882 4872 2095 1888 4873 2096 1889 4874 2089 1882 4875 2096 1889 4876 2097 1890 4877 2095 1888 4878 2091 1884 4879 2094 1887 4880 2097 1890 4881 2096 1889 4882 2098 1891 4883 2099 1892 4884 2100 1893 4885 2090 1883 4886 2092 1885 4887 2100 1893 4888 2101 1894 4889 2101 1894 4890 2093 1886 4891 2092 1885 4892 2102 1895 4893 2101 1894 4894 2100 1893 4895 2103 1896 4896 2104 1897 4897 2105 1898 4898 2105 1898 4899 2104 1897 4900 2102 1895 4901 2102 1895 4902 2100 1893 4903 2099 1892 4904 2105 1898 4905 2102 1895 4906 2099 1892 4907 2106 1899 4908 2107 1900 4909 2108 1901 4910 2108 1901 4911 2109 1902 4912 2106 1899 4913 2110 1903 4914 2108 1901 4915 2107 1900 4916 2107 1900 4917 2111 1904 4918 2110 1903 4919 2111 1904 4920 2112 1905 4921 2113 1906 4922 2113 1906 4923 2110 1903 4924 2111 1904 4925 2114 1907 4926 2113 1906 4927 2112 1905 4928 2112 1905 4929 2115 1908 4930 2114 1907 4931 2116 1909 4932 2117 1910 4933 2118 1911 4934 2118 1911 4935 2119 1912 4936 2116 1909 4937 2120 1913 4938 2121 1174 4939 2122 1174 4940 2122 1174 4941 2123 1914 4942 2120 1913 4943 2124 1915 4944 2125 1915 4945 2126 1915 4946 2127 1916 4947 2128 1916 4948 2129 1916 4949 2130 1917 4950 2131 1917 4951 2132 1917 4952 2133 1918 4953 2134 1918 4954 2135 1918 4955 2136 1919 4956 2137 1920 4957 2138 1921 4958 2139 1922 4959 2140 1923 4960 2141 1924 4961 2141 1924 4962 2142 1925 4963 2139 1922 4964 2139 1922 4965 2142 1925 4966 2143 1926 4967 2143 1926 4968 2144 1927 4969 2139 1922 4970 2145 1928 4971 2146 1929 4972 2144 1927 4973 2144 1927 4974 2143 1926 4975 2145 1928 4976 2147 1930 4977 2148 1931 4978 2146 1929 4979 2146 1929 4980 2145 1928 4981 2147 1930 4982 2149 1932 4983 2150 1933 4984 2151 1934 4985 2151 1934 4986 2152 1935 4987 2149 1932 4988 2153 1936 4989 2154 1936 4990 2155 1936 4991 2156 1937 4992 2157 1937 4993 2158 1937 4994 2090 1883 4995 2092 1885 4996 2091 1884 4997 2100 1893 4998 2092 1885 4999 2090 1883 5000 2116 1909 5001 2159 1938 5002 2117 1910 5003 2123 1914 5004 2160 1939 5005 2120 1913 5006 2137 1920 5007 2161 1940 5008 2162 1941 5009 2162 1941 5010 2138 1921 5011 2137 1920 5012 2151 1934 5013 2163 1189 5014 2152 1935 5015 2164 1942 5016 2165 1943 5017 2166 1944 5018 2166 1944 5019 2167 1945 5020 2164 1942 5021 2168 1946 5022 2169 1947 5023 2165 1943 5024 2165 1943 5025 2164 1942 5026 2168 1946 5027 2170 1948 5028 2171 1949 5029 2169 1947 5030 2169 1947 5031 2168 1946 5032 2170 1948 5033 2172 1950 5034 2164 1942 5035 2167 1945 5036 2167 1945 5037 2173 1951 5038 2172 1950 5039 2174 1952 5040 2168 1946 5041 2164 1942 5042 2164 1942 5043 2172 1950 5044 2174 1952 5045 2175 1953 5046 2170 1948 5047 2168 1946 5048 2168 1946 5049 2174 1952 5050 2175 1953 5051 2176 1954 5052 2172 1950 5053 2173 1951 5054 2173 1951 5055 2177 1955 5056 2176 1954 5057 2178 1956 5058 2174 1952 5059 2172 1950 5060 2172 1950 5061 2176 1954 5062 2178 1956 5063 2179 1957 5064 2175 1953 5065 2174 1952 5066 2174 1952 5067 2178 1956 5068 2179 1957 5069 2180 1958 5070 2176 1954 5071 2177 1955 5072 2177 1955 5073 2181 1959 5074 2180 1958 5075 2182 1960 5076 2178 1956 5077 2176 1954 5078 2176 1954 5079 2180 1958 5080 2182 1960 5081 2183 1961 5082 2179 1957 5083 2178 1956 5084 2178 1956 5085 2182 1960 5086 2183 1961 5087 2184 1962 5088 2180 1958 5089 2181 1959 5090 2181 1959 5091 2185 1963 5092 2184 1962 5093 2186 1964 5094 2182 1960 5095 2180 1958 5096 2180 1958 5097 2184 1962 5098 2186 1964 5099 2187 1965 5100 2183 1961 5101 2182 1960 5102 2182 1960 5103 2186 1964 5104 2187 1965 5105 2188 1966 5106 2184 1962 5107 2185 1963 5108 2185 1963 5109 2189 1967 5110 2188 1966 5111 2190 1968 5112 2186 1964 5113 2184 1962 5114 2184 1962 5115 2188 1966 5116 2190 1968 5117 2191 1969 5118 2187 1965 5119 2186 1964 5120 2186 1964 5121 2190 1968 5122 2191 1969 5123 2192 1970 5124 2193 1971 5125 2194 1972 5126 2194 1972 5127 2195 1973 5128 2192 1970 5129 2196 1974 5130 2197 1975 5131 2198 1976 5132 2198 1976 5133 2199 1977 5134 2196 1974 5135 2195 1973 5136 2194 1972 5137 2197 1975 5138 2197 1975 5139 2196 1974 5140 2195 1973 5141 2200 1978 5142 2192 1970 5143 2195 1973 5144 2195 1973 5145 2201 1979 5146 2200 1978 5147 2202 1980 5148 2196 1974 5149 2199 1977 5150 2199 1977 5151 2203 1981 5152 2202 1980 5153 2201 1979 5154 2195 1973 5155 2196 1974 5156 2196 1974 5157 2202 1980 5158 2201 1979 5159 2204 1982 5160 2200 1978 5161 2201 1979 5162 2201 1979 5163 2205 1983 5164 2204 1982 5165 2206 1984 5166 2202 1980 5167 2203 1981 5168 2203 1981 5169 2207 1985 5170 2206 1984 5171 2205 1983 5172 2201 1979 5173 2202 1980 5174 2202 1980 5175 2206 1984 5176 2205 1983 5177 2208 1986 5178 2204 1982 5179 2205 1983 5180 2205 1983 5181 2209 1987 5182 2208 1986 5183 2210 1988 5184 2206 1984 5185 2207 1985 5186 2207 1985 5187 2211 1989 5188 2210 1988 5189 2209 1987 5190 2205 1983 5191 2206 1984 5192 2206 1984 5193 2210 1988 5194 2209 1987 5195 2212 1990 5196 2208 1986 5197 2209 1987 5198 2209 1987 5199 2213 1991 5200 2212 1990 5201 2214 1992 5202 2210 1988 5203 2211 1989 5204 2211 1989 5205 2215 1993 5206 2214 1992 5207 2213 1991 5208 2209 1987 5209 2210 1988 5210 2210 1988 5211 2214 1992 5212 2213 1991 5213 2213 1991 5214 2216 1994 5215 2217 1995 5216 2217 1995 5217 2212 1990 5218 2213 1991 5219 2215 1993 5220 2218 1996 5221 2219 1997 5222 2219 1997 5223 2214 1992 5224 2215 1993 5225 2214 1992 5226 2219 1997 5227 2216 1994 5228 2216 1994 5229 2213 1991 5230 2214 1992 5231 2220 1998 5232 2221 1999 5233 2222 2000 5234 2222 2000 5235 2223 2001 5236 2220 1998 5237 2224 2002 5238 2225 2003 5239 2226 2004 5240 2226 2004 5241 2227 2005 5242 2224 2002 5243 2226 2004 5244 2221 1999 5245 2220 1998 5246 2220 1998 5247 2227 2005 5248 2226 2004 5249 2228 2006 5250 2229 2007 5251 2230 2008 5252 2230 2008 5253 2231 2009 5254 2228 2006 5255 2229 2007 5256 2232 2010 5257 2233 2011 5258 2233 2011 5259 2230 2008 5260 2229 2007 5261 2234 2012 5262 2235 2013 5263 2236 2014 5264 2236 2014 5265 2237 2015 5266 2234 2012 5267 2235 2013 5268 2228 2006 5269 2231 2009 5270 2231 2009 5271 2236 2014 5272 2235 2013 5273 2230 2008 5274 2233 2011 5275 2237 2015 5276 2237 2015 5277 2236 2014 5278 2230 2008 5279 2238 2016 5280 2239 2017 5281 2240 2018 5282 2240 2018 5283 2241 2019 5284 2238 2016 5285 2239 2017 5286 2242 2020 5287 2243 2021 5288 2243 2021 5289 2240 2018 5290 2239 2017 5291 2244 2022 5292 2245 2023 5293 2246 2024 5294 2246 2024 5295 2247 2025 5296 2244 2022 5297 2245 2023 5298 2238 2016 5299 2241 2019 5300 2241 2019 5301 2246 2024 5302 2245 2023 5303 2241 2019 5304 2240 2018 5305 2248 2026 5306 2240 2018 5307 2249 2027 5308 2248 2026 5309 2247 2025 5310 2246 2024 5311 2250 2028 5312 2246 2024 5313 2241 2019 5314 2248 2026 5315 2246 2024 5316 2248 2026 5317 2250 2028 5318 2240 2018 5319 2243 2021 5320 2249 2027 5321 2236 2014 5322 2231 2009 5323 2230 2008 5324 2251 154 5325 2252 154 5326 2253 154 5327 2253 154 5328 2254 154 5329 2251 154 5330 2255 1014 5331 2256 1014 5332 2257 1014 5333 2257 1014 5334 2258 1014 5335 2255 1014 5336 2259 2029 5337 2260 2030 5338 2261 2031 5339 2261 2031 5340 2262 2032 5341 2259 2029 5342 2263 1028 5343 2264 1028 5344 2265 1028 5345 2265 1028 5346 2266 1028 5347 2263 1028 5348 1736 1562 5349 1738 1169 5350 2267 2033 5351 2268 2034 5352 2269 2035 5353 2267 2033 5354 2270 2036 5355 2271 1169 5356 2272 2037 5357 2273 2038 5358 1745 1569 5359 1736 1562 5360 1736 1562 5361 2267 2033 5362 2273 2038 5363 2273 2038 5364 2274 2039 5365 1746 1570 5366 1746 1570 5367 1745 1569 5368 2273 2038 5369 2275 2040 5370 2272 2037 5371 1749 1573 5372 1750 1574 5373 1749 1573 5374 2272 2037 5375 1746 1570 5376 2274 2039 5377 2275 2040 5378 2275 2040 5379 1749 1573 5380 1746 1570 5381 2267 2033 5382 1738 1169 5383 2268 2034 5384 1750 1574 5385 2272 2037 5386 2271 1169 5387 1751 1575 5388 1753 1577 5389 2276 2041 5390 2277 2042 5391 2278 2043 5392 2276 2041 5393 2279 2044 5394 2280 2045 5395 2281 2046 5396 1753 1577 5397 1760 1584 5398 2282 2047 5399 2282 2047 5400 2276 2041 5401 1753 1577 5402 1760 1584 5403 1762 1586 5404 2283 2048 5405 2283 2048 5406 2282 2047 5407 1760 1584 5408 1763 1587 5409 1764 1588 5410 2281 2046 5411 2281 2046 5412 2283 2048 5413 1762 1586 5414 1762 1586 5415 1763 1587 5416 2281 2046 5417 1751 1575 5418 2276 2041 5419 2278 2043 5420 2281 2046 5421 1764 1588 5422 2279 2044 5423 2284 2049 5424 2285 2050 5425 2286 2051 5426 2286 2051 5427 2287 2052 5428 2284 2049 5429 2288 2053 5430 2289 2054 5431 2290 2055 5432 2290 2055 5433 2291 2056 5434 2288 2053 5435 2291 2056 5436 2290 2055 5437 2292 2057 5438 2292 2057 5439 2293 2058 5440 2291 2056 5441 2287 2052 5442 2286 2051 5443 2289 2054 5444 2289 2054 5445 2288 2053 5446 2287 2052 5447 2294 2059 5448 2295 2060 5449 2296 2061 5450 2294 2059 5451 2296 2061 5452 2297 2062 5453 2294 2059 5454 2297 2062 5455 2298 2063 5456 2299 2064 5457 2300 2065 5458 2301 2066 5459 2301 2066 5460 2298 2063 5461 2297 2062 5462 2302 2067 5463 2303 2068 5464 2304 2069 5465 2304 2069 5466 2305 2070 5467 2302 2067 5468 2303 2068 5469 2306 2071 5470 2307 2072 5471 2307 2072 5472 2304 2069 5473 2303 2068 5474 2308 2073 5475 2302 2067 5476 2305 2070 5477 2305 2070 5478 2309 2074 5479 2308 2073 5480 2310 2075 5481 2311 2076 5482 2312 2077 5483 2312 2077 5484 2313 2078 5485 2310 2075 5486 2314 2079 5487 2311 2076 5488 2310 2075 5489 2313 2078 5490 2312 2077 5491 2315 2080 5492 2301 2066 5493 2300 2065 5494 2298 2063 5495 2316 2081 5496 2317 2082 5497 2318 2083 5498 2318 2083 5499 2319 2084 5500 2316 2081 5501 2320 2085 5502 2321 2086 5503 2322 2087 5504 2322 2087 5505 2323 2088 5506 2320 2085 5507 2324 2089 5508 2325 2090 5509 2326 2091 5510 2326 2091 5511 2327 2092 5512 2324 2089 5513 2328 2093 5514 2329 2094 5515 2330 2095 5516 2330 2095 5517 2331 2096 5518 2328 2093 5519 2332 1174 5520 2333 1174 5521 2334 1174 5522 2334 1174 5523 2335 1174 5524 2332 1174 5525 2336 2097 5526 2337 2098 5527 2338 2099 5528 2338 2099 5529 2339 2100 5530 2336 2097 5531 2340 2101 5532 2341 2102 5533 2338 2099 5534 2338 2099 5535 2337 2098 5536 2340 2101 5537 2341 2102 5538 2340 2101 5539 2342 2103 5540 2342 2103 5541 2343 2104 5542 2341 2102 5543 2344 2105 5544 2343 2104 5545 2342 2103 5546 2342 2103 5547 2345 2106 5548 2344 2105 5549 2346 2107 5550 2347 2108 5551 2348 2109 5552 2346 2107 5553 2348 2109 5554 2349 2110 5555 2350 154 5556 2346 2107 5557 2349 2110 5558 2351 2111 5559 2352 2112 5560 2353 2113 5561 2351 2111 5562 2353 2113 5563 2354 2114 5564 2351 2111 5565 2354 2114 5566 2355 2115 5567 2336 2097 5568 2339 2100 5569 2356 2116 5570 2356 2116 5571 2357 2117 5572 2336 2097 5573 2358 1670 5574 2359 2118 5575 1857 1014 5576 1857 1014 5577 2360 1014 5578 2358 1670 5579 2361 1169 5580 1860 1169 5581 2359 2118 5582 2359 2118 5583 2358 1670 5584 2361 1169 5585 2362 2119 5586 2363 2120 5587 2364 2121 5588 2364 2121 5589 2365 2122 5590 2362 2119 5591 2366 2123 5592 2367 2124 5593 2364 2121 5594 2364 2121 5595 2363 2120 5596 2366 2123 5597 2367 2124 5598 2366 2123 5599 2368 2125 5600 2368 2125 5601 2369 2126 5602 2367 2124 5603 2370 2127 5604 2369 2126 5605 2368 2125 5606 2368 2125 5607 2371 2128 5608 2370 2127 5609 2372 2129 5610 2373 154 5611 2374 2130 5612 2372 2129 5613 2374 2130 5614 2375 2131 5615 2376 2132 5616 2372 2129 5617 2375 2131 5618 2377 2133 5619 2378 2134 5620 2379 2135 5621 2377 2133 5622 2379 2135 5623 2380 2136 5624 2377 2133 5625 2380 2136 5626 2381 2137 5627 1881 1691 5628 2382 2138 5629 2383 2139 5630 2383 2139 5631 1882 1692 5632 1881 1691 5633 2382 2138 5634 1881 1691 5635 1885 1695 5636 1885 1695 5637 2384 2140 5638 2382 2138 5639 1887 1697 5640 2385 2141 5641 2386 2142 5642 2386 2142 5643 1888 1698 5644 1887 1697 5645 1891 1701 5646 2387 2143 5647 2385 2141 5648 2385 2141 5649 1887 1697 5650 1891 1701 5651 2387 2143 5652 1891 1701 5653 1882 1692 5654 1882 1692 5655 2383 2139 5656 2387 2143 5657 2388 2144 5658 2389 2145 5659 2390 2146 5660 2390 2146 5661 2391 2147 5662 2388 2144 5663 2389 2145 5664 2392 2148 5665 2393 2149 5666 2393 2149 5667 2390 2146 5668 2389 2145 5669 2394 2150 5670 2395 2151 5671 2396 2152 5672 2396 2152 5673 2397 2153 5674 2394 2150 5675 2397 2153 5676 2396 2152 5677 2398 2154 5678 2398 2154 5679 2399 2155 5680 2397 2153 5681 2399 2155 5682 2398 2154 5683 2400 2156 5684 2400 2156 5685 2401 2157 5686 2399 2155 5687 2401 2157 5688 2400 2156 5689 2402 2158 5690 2402 2158 5691 2403 2159 5692 2401 2157 5693 2404 2160 5694 2405 2161 5695 2406 2162 5696 2406 2162 5697 2407 2163 5698 2404 2160 5699 2408 2164 5700 2409 2165 5701 2410 2166 5702 2410 2166 5703 2411 2167 5704 2408 2164 5705 2411 2167 5706 2410 2166 5707 2412 2168 5708 2412 2168 5709 2413 2169 5710 2411 2167 5711 2413 2169 5712 2412 2168 5713 2414 2170 5714 2414 2170 5715 2415 2171 5716 2413 2169 5717 2415 2171 5718 2414 2170 5719 2416 2172 5720 2416 2172 5721 2417 2173 5722 2415 2171 5723 2417 2173 5724 2416 2172 5725 2418 2174 5726 2418 2174 5727 2419 2175 5728 2417 2173 5729 2419 2175 5730 2418 2174 5731 2420 2176 5732 2420 2176 5733 2421 2177 5734 2419 2175 5735 2422 2178 5736 2423 2179 5737 2424 2180 5738 2425 2181 5739 2407 2163 5740 2406 2162 5741 2406 2162 5742 2426 2182 5743 2425 2181 5744 2427 2183 5745 2428 2184 5746 2429 2185 5747 2429 2185 5748 2430 2186 5749 2427 2183 5750 2405 2161 5751 2404 2160 5752 2431 2187 5753 2428 2184 5754 2422 2178 5755 2424 2180 5756 2424 2180 5757 2429 2185 5758 2428 2184 5759 2425 2181 5760 2426 2182 5761 2432 2188 5762 2427 2183 5763 2430 2186 5764 2433 2189 5765 2434 2190 5766 2435 2191 5767 2436 2192 5768 2436 2192 5769 2437 2193 5770 2434 2190 5771 2437 2193 5772 2438 2194 5773 2439 2195 5774 2439 2195 5775 2434 2190 5776 2437 2193 5777 2440 2196 5778 2441 2197 5779 2442 2198 5780 2443 2199 5781 2444 2200 5782 2445 2201 5783 2446 2202 5784 2436 2192 5785 2435 2191 5786 2435 2191 5787 2447 2203 5788 2446 2202 5789 2448 2204 5790 2439 2195 5791 2438 2194 5792 2438 2194 5793 2449 2205 5794 2448 2204 5795 2441 2197 5796 2440 2196 5797 2450 2206 5798 2450 2206 5799 2451 2207 5800 2441 2197 5801 2443 2199 5802 2452 2208 5803 2453 2209 5804 2453 2209 5805 2444 2200 5806 2443 2199 5807 2454 2210 5808 2455 2211 5809 2456 2212 5810 2456 2212 5811 2457 2213 5812 2454 2210 5813 2457 2213 5814 2458 2214 5815 2459 2215 5816 2459 2215 5817 2454 2210 5818 2457 2213 5819 2460 2216 5820 2461 2217 5821 2462 2218 5822 2463 2219 5823 2464 2220 5824 2465 2221 5825 2466 2222 5826 2456 2212 5827 2455 2211 5828 2455 2211 5829 2467 2223 5830 2466 2222 5831 2468 2224 5832 2459 2215 5833 2458 2214 5834 2458 2214 5835 2469 2225 5836 2468 2224 5837 2461 2217 5838 2460 2216 5839 2470 2226 5840 2470 2226 5841 2471 2227 5842 2461 2217 5843 2463 2219 5844 2472 2228 5845 2473 2229 5846 2473 2229 5847 2464 2220 5848 2463 2219 5849 2474 2230 5850 2475 2230 5851 2476 2230 5852 2477 2231 5853 2478 2231 5854 2479 2231 5855 2480 2232 5856 2481 2233 5857 2482 2234 5858 2482 2234 5859 2483 2235 5860 2480 2232 5861 2484 2236 5862 2485 2237 5863 2486 2238 5864 2486 2238 5865 2487 2239 5866 2484 2236 5867 2488 2240 5868 2489 2241 5869 2490 2242 5870 2490 2242 5871 2491 2243 5872 2488 2240 5873 2491 2243 5874 2490 2242 5875 2492 2244 5876 2492 2244 5877 2493 2245 5878 2491 2243 5879 2493 2245 5880 2492 2244 5881 2494 2246 5882 2494 2246 5883 2495 2247 5884 2493 2245 5885 2495 2247 5886 2494 2246 5887 2496 2248 5888 2496 2248 5889 2497 2249 5890 2495 2247 5891 2497 2249 5892 2496 2248 5893 2498 2250 5894 2498 2250 5895 2499 2251 5896 2497 2249 5897 2499 2251 5898 2498 2250 5899 2500 2252 5900 2500 2252 5901 2501 2253 5902 2499 2251 5903 2501 2253 5904 2500 2252 5905 2485 2237 5906 2485 2237 5907 2484 2236 5908 2501 2253 5909 2502 2254 5910 2503 2255 5911 2504 2256 5912 2505 2257 5913 2483 2235 5914 2482 2234 5915 2482 2234 5916 2506 2258 5917 2505 2257 5918 2507 2259 5919 2508 2260 5920 2509 2261 5921 2509 2261 5922 2510 2262 5923 2507 2259 5924 2481 2233 5925 2480 2232 5926 2511 2263 5927 2508 2260 5928 2502 2254 5929 2504 2256 5930 2504 2256 5931 2509 2261 5932 2508 2260 5933 2505 2257 5934 2506 2258 5935 2512 2264 5936 2507 2259 5937 2510 2262 5938 2513 2265 5939 2514 2266 5940 2515 2267 5941 2516 2268 5942 2516 2268 5943 2517 2269 5944 2514 2266 5945 2517 2269 5946 2518 2270 5947 2519 2271 5948 2519 2271 5949 2514 2266 5950 2517 2269 5951 2520 2272 5952 2521 2273 5953 2522 2274 5954 2523 2275 5955 2524 2276 5956 2525 2277 5957 2516 2268 5958 2515 2267 5959 2526 2278 5960 2526 2278 5961 2527 2279 5962 2516 2268 5963 2528 2280 5964 2519 2271 5965 2518 2270 5966 2518 2270 5967 2529 2281 5968 2528 2280 5969 2521 2273 5970 2520 2272 5971 2530 2282 5972 2530 2282 5973 2531 2283 5974 2521 2273 5975 2523 2275 5976 2532 2284 5977 2533 2285 5978 2533 2285 5979 2524 2276 5980 2523 2275 5981 2534 2286 5982 2535 2286 5983 2536 2286 5984 2537 2287 5985 2538 2287 5986 2539 2287 5987 2540 2288 5988 2541 2288 5989 2542 2288 5990 2543 2289 5991 2544 2289 5992 2545 2289 5993 2546 2290 5994 2547 2291 5995 2548 2292 5996 2548 2292 5997 2549 2293 5998 2546 2290 5999 2549 2293 6000 2550 2294 6001 2551 2295 6002 2551 2295 6003 2546 2290 6004 2549 2293 6005 2552 2296 6006 2553 2297 6007 2554 2298 6008 2555 2299 6009 2556 2300 6010 2557 2301 6011 2548 2292 6012 2547 2291 6013 2558 2302 6014 2558 2302 6015 2559 2303 6016 2548 2292 6017 2560 2304 6018 2551 2295 6019 2550 2294 6020 2550 2294 6021 2561 2305 6022 2560 2304 6023 2553 2297 6024 2552 2296 6025 2562 2306 6026 2562 2306 6027 2563 2307 6028 2553 2297 6029 2556 2300 6030 2555 2299 6031 2564 2308 6032 2564 2308 6033 2565 2309 6034 2556 2300 6035 2566 2310 6036 2559 2303 6037 2558 2302 6038 2558 2302 6039 2567 2311 6040 2566 2310 6041 2568 2312 6042 2560 2304 6043 2561 2305 6044 2561 2305 6045 2569 2313 6046 2568 2312 6047 2570 2314 6048 2563 2307 6049 2562 2306 6050 2562 2306 6051 2571 2315 6052 2570 2314 6053 2572 2316 6054 2565 2309 6055 2564 2308 6056 2564 2308 6057 2573 2317 6058 2572 2316 6059 2574 2318 6060 2575 2319 6061 2576 2320 6062 2576 2320 6063 2577 2321 6064 2574 2318 6065 2574 2318 6066 2577 2321 6067 2578 2322 6068 2578 2322 6069 2579 2323 6070 2574 2318 6071 2580 1169 6072 2581 1169 6073 2582 1169 6074 2582 1169 6075 2583 1169 6076 2580 1169 6077 2584 2324 6078 2585 2325 6079 2586 2326 6080 2587 2327 6081 2585 2325 6082 2588 2328 6083 2588 2328 6084 2589 2329 6085 2587 2327 6086 2590 2330 6087 2591 2331 6088 2592 2332 6089 2592 2332 6090 2585 2325 6091 2584 2324 6092 2590 2330 6093 2592 2332 6094 2584 2324 6095 2592 2332 6096 2588 2328 6097 2585 2325 6098 2590 2330 6099 2593 2333 6100 2591 2331 6101 2594 2334 6102 2586 2326 6103 2595 2335 6104 2587 2327 6105 2589 2329 6106 2596 2336 6107 2596 2336 6108 2595 2335 6109 2587 2327 6110 2597 2337 6111 2595 2335 6112 2596 2336 6113 2598 2338 6114 2599 2339 6115 2600 2340 6116 2594 2334 6117 2595 2335 6118 2597 2337 6119 2594 2334 6120 2597 2337 6121 2600 2340 6122 2599 2339 6123 2594 2334 6124 2600 2340 6125 2601 2341 6126 2602 2342 6127 2603 2343 6128 2603 2343 6129 2604 2344 6130 2601 2341 6131 2605 2345 6132 2606 1904 6133 2604 2344 6134 2604 2344 6135 2603 2343 6136 2605 2345 6137 2606 1904 6138 2605 2345 6139 2607 1906 6140 2607 1906 6141 2608 2346 6142 2606 1904 6143 2609 2347 6144 2610 2348 6145 2608 2346 6146 2608 2346 6147 2607 1906 6148 2609 2347 6149 2611 2349 6150 2612 1174 6151 2613 1174 6152 2613 1174 6153 2614 2350 6154 2611 2349 6155 2615 2351 6156 2616 2352 6157 2617 2353 6158 2617 2353 6159 2618 2354 6160 2615 2351 6161 2619 1916 6162 2620 1916 6163 2621 1916 6164 2622 1915 6165 2623 1915 6166 2624 1915 6167 2625 2355 6168 2626 2355 6169 2627 2355 6170 2628 2356 6171 2629 2356 6172 2630 2356 6173 2631 2357 6174 2632 2358 6175 2633 2359 6176 2634 2360 6177 2635 1925 6178 2636 2361 6179 2636 2361 6180 2637 2362 6181 2634 2360 6182 2634 2360 6183 2638 2363 6184 2639 2364 6185 2639 2364 6186 2635 1925 6187 2634 2360 6188 2640 2365 6189 2639 2364 6190 2638 2363 6191 2638 2363 6192 2641 2366 6193 2640 2365 6194 2642 2367 6195 2640 2365 6196 2641 2366 6197 2641 2366 6198 2643 2368 6199 2642 2367 6200 2644 2369 6201 2645 1174 6202 2646 2370 6203 2646 2370 6204 2647 2371 6205 2644 2369 6206 2648 2372 6207 2649 2372 6208 2650 2372 6209 2651 2373 6210 2652 2373 6211 2653 2373 6212 2586 2326 6213 2585 2325 6214 2587 2327 6215 2595 2335 6216 2586 2326 6217 2587 2327 6218 2611 2349 6219 2614 2350 6220 2654 1939 6221 2616 2352 6222 2615 2351 6223 2655 1938 6224 2632 2358 6225 2631 2357 6226 2656 2374 6227 2656 2374 6228 2657 2375 6229 2632 2358 6230 2646 2370 6231 2645 1174 6232 2658 1174 6233 2659 2376 6234 2660 2377 6235 2661 2378 6236 2661 2378 6237 2662 2379 6238 2659 2376 6239 2663 2380 6240 2659 2376 6241 2662 2379 6242 2662 2379 6243 2664 2381 6244 2663 2380 6245 2665 2382 6246 2663 2380 6247 2664 2381 6248 2664 2381 6249 2666 2383 6250 2665 2382 6251 2667 2384 6252 2668 2385 6253 2660 2377 6254 2660 2377 6255 2659 2376 6256 2667 2384 6257 2669 2386 6258 2667 2384 6259 2659 2376 6260 2659 2376 6261 2663 2380 6262 2669 2386 6263 2670 2387 6264 2669 2386 6265 2663 2380 6266 2663 2380 6267 2665 2382 6268 2670 2387 6269 2671 2388 6270 2672 2389 6271 2668 2385 6272 2668 2385 6273 2667 2384 6274 2671 2388 6275 2673 2390 6276 2671 2388 6277 2667 2384 6278 2667 2384 6279 2669 2386 6280 2673 2390 6281 2674 2391 6282 2673 2390 6283 2669 2386 6284 2669 2386 6285 2670 2387 6286 2674 2391 6287 2675 2392 6288 2676 2393 6289 2672 2389 6290 2672 2389 6291 2671 2388 6292 2675 2392 6293 2677 2394 6294 2675 2392 6295 2671 2388 6296 2671 2388 6297 2673 2390 6298 2677 2394 6299 2678 2395 6300 2677 2394 6301 2673 2390 6302 2673 2390 6303 2674 2391 6304 2678 2395 6305 2679 2396 6306 2680 2397 6307 2676 2393 6308 2676 2393 6309 2675 2392 6310 2679 2396 6311 2681 2398 6312 2679 2396 6313 2675 2392 6314 2675 2392 6315 2677 2394 6316 2681 2398 6317 2682 2399 6318 2681 2398 6319 2677 2394 6320 2677 2394 6321 2678 2395 6322 2682 2399 6323 2683 2400 6324 2684 2401 6325 2680 2397 6326 2680 2397 6327 2679 2396 6328 2683 2400 6329 2685 2402 6330 2683 2400 6331 2679 2396 6332 2679 2396 6333 2681 2398 6334 2685 2402 6335 2686 2403 6336 2685 2402 6337 2681 2398 6338 2681 2398 6339 2682 2399 6340 2686 2403 6341 2687 2404 6342 2688 2405 6343 2689 2406 6344 2689 2406 6345 2690 2407 6346 2687 2404 6347 2691 2408 6348 2692 2409 6349 2693 2410 6350 2693 2410 6351 2694 2411 6352 2691 2408 6353 2688 2405 6354 2691 2408 6355 2694 2411 6356 2694 2411 6357 2689 2406 6358 2688 2405 6359 2695 2412 6360 2696 2413 6361 2688 2405 6362 2688 2405 6363 2687 2404 6364 2695 2412 6365 2697 2414 6366 2698 2415 6367 2692 2409 6368 2692 2409 6369 2691 2408 6370 2697 2414 6371 2696 2413 6372 2697 2414 6373 2691 2408 6374 2691 2408 6375 2688 2405 6376 2696 2413 6377 2699 2416 6378 2700 2417 6379 2696 2413 6380 2696 2413 6381 2695 2412 6382 2699 2416 6383 2701 2418 6384 2702 2419 6385 2698 2415 6386 2698 2415 6387 2697 2414 6388 2701 2418 6389 2700 2417 6390 2701 2418 6391 2697 2414 6392 2697 2414 6393 2696 2413 6394 2700 2417 6395 2703 2420 6396 2704 2421 6397 2700 2417 6398 2700 2417 6399 2699 2416 6400 2703 2420 6401 2705 2422 6402 2706 2423 6403 2702 2419 6404 2702 2419 6405 2701 2418 6406 2705 2422 6407 2704 2421 6408 2705 2422 6409 2701 2418 6410 2701 2418 6411 2700 2417 6412 2704 2421 6413 2707 2424 6414 2708 2425 6415 2704 2421 6416 2704 2421 6417 2703 2420 6418 2707 2424 6419 2709 2426 6420 2710 2427 6421 2706 2423 6422 2706 2423 6423 2705 2422 6424 2709 2426 6425 2708 2425 6426 2709 2426 6427 2705 2422 6428 2705 2422 6429 2704 2421 6430 2708 2425 6431 2708 2425 6432 2707 2424 6433 2711 2428 6434 2711 2428 6435 2712 2429 6436 2708 2425 6437 2710 2427 6438 2709 2426 6439 2713 2430 6440 2713 2430 6441 2714 2431 6442 2710 2427 6443 2709 2426 6444 2708 2425 6445 2712 2429 6446 2712 2429 6447 2713 2430 6448 2709 2426 6449 2715 2432 6450 2716 2433 6451 2717 2434 6452 2717 2434 6453 2718 2435 6454 2715 2432 6455 2719 2436 6456 2720 2437 6457 2721 2438 6458 2721 2438 6459 2722 2439 6460 2719 2436 6461 2716 2433 6462 2719 2436 6463 2722 2439 6464 2722 2439 6465 2717 2434 6466 2716 2433 6467 2723 2440 6468 2724 2441 6469 2725 2442 6470 2725 2442 6471 2726 2443 6472 2723 2440 6473 2726 2443 6474 2725 2442 6475 2233 2011 6476 2233 2011 6477 2232 2010 6478 2726 2443 6479 2234 2012 6480 2237 2015 6481 2727 2444 6482 2727 2444 6483 2728 2445 6484 2234 2012 6485 2728 2445 6486 2727 2444 6487 2724 2441 6488 2724 2441 6489 2723 2440 6490 2728 2445 6491 2725 2442 6492 2727 2444 6493 2237 2015 6494 2237 2015 6495 2233 2011 6496 2725 2442 6497 2729 2446 6498 2730 2447 6499 2731 2448 6500 2731 2448 6501 2732 2449 6502 2729 2446 6503 2732 2449 6504 2731 2448 6505 2243 2021 6506 2243 2021 6507 2242 2020 6508 2732 2449 6509 2244 2022 6510 2247 2025 6511 2733 2450 6512 2733 2450 6513 2734 2451 6514 2244 2022 6515 2734 2451 6516 2733 2450 6517 2730 2447 6518 2730 2447 6519 2729 2446 6520 2734 2451 6521 2730 2447 6522 2735 2452 6523 2731 2448 6524 2731 2448 6525 2735 2452 6526 2249 2027 6527 2247 2025 6528 2250 2028 6529 2733 2450 6530 2733 2450 6531 2735 2452 6532 2730 2447 6533 2733 2450 6534 2250 2028 6535 2735 2452 6536 2731 2448 6537 2249 2027 6538 2243 2021 6539 2727 2444 6540 2725 2442 6541 2724 2441 6542 2736 154 6543 2254 154 6544 2253 154 6545 2253 154 6546 2737 154 6547 2736 154 6548 2738 1014 6549 2258 1014 6550 2257 1014 6551 2257 1014 6552 2739 1014 6553 2738 1014 6554 2740 2453 6555 2262 2032 6556 2261 2031 6557 2261 2031 6558 2741 2030 6559 2740 2453 6560 2742 1028 6561 2266 1028 6562 2265 1028 6563 2265 1028 6564 2743 1028 6565 2742 1028 6566 2744 2454 6567 2745 1189 6568 2746 2455 6569 2747 2456 6570 2744 2454 6571 2746 2455 6572 2748 1189 6573 2747 2456 6574 2746 2455 6575 2749 2457 6576 2750 2458 6577 2751 2459 6578 2751 2459 6579 2752 2460 6580 2749 2457 6581 2753 2461 6582 2754 2462 6583 2755 2463 6584 2756 1174 6585 2757 1174 6586 2758 1174 6587 2753 2461 6588 2755 2463 6589 2759 2464 6590 2759 2464 6591 2760 2465 6592 2753 2461 6593 2745 1189 6594 2744 2454 6595 2761 1189 6596 2750 2458 6597 2749 2457 6598 2760 2465 6599 2760 2465 6600 2759 2464 6601 2750 2458 6602 2762 2466 6603 2763 2467 6604 2764 2468 6605 2762 2466 6606 2764 2468 6607 2765 2469 6608 2766 1174 6609 2762 2466 6610 2765 2469 6611 2767 2470 6612 2768 2460 6613 2769 2471 6614 2769 2471 6615 2770 2472 6616 2767 2470 6617 2771 2461 6618 2772 2463 6619 2773 2462 6620 2774 1189 6621 2775 1189 6622 2776 1189 6623 2771 2461 6624 2777 2473 6625 2778 2474 6626 2778 2474 6627 2772 2463 6628 2771 2461 6629 2763 2467 6630 2779 1174 6631 2764 2468 6632 2770 2472 6633 2778 2474 6634 2777 2473 6635 2777 2473 6636 2767 2470 6637 2770 2472 6638 2780 2475 6639 2781 2476 6640 2782 2477 6641 2782 2477 6642 2783 2478 6643 2780 2475 6644 2784 2479 6645 2785 2480 6646 2786 2481 6647 2786 2481 6648 2787 2482 6649 2784 2479 6650 2788 2483 6651 2789 2484 6652 2790 2485 6653 2790 2485 6654 2791 2486 6655 2788 2483 6656 2792 2487 6657 2793 2488 6658 2794 2489 6659 2794 2489 6660 2795 2490 6661 2792 2487 6662 2796 2491 6663 2797 2492 6664 2798 2493 6665 2798 2493 6666 2799 2494 6667 2796 2491 6668 2800 2495 6669 2801 2496 6670 2802 2497 6671 2802 2497 6672 2803 2498 6673 2800 2495 6674 2803 2498 6675 2802 2497 6676 2804 2499 6677 2804 2499 6678 2805 2500 6679 2803 2498 6680 2805 2500 6681 2804 2499 6682 2806 2501 6683 2806 2501 6684 2807 2502 6685 2805 2500 6686 2807 2502 6687 2806 2501 6688 2808 2503 6689 2808 2503 6690 2809 2504 6691 2807 2502 6692 2809 2504 6693 2808 2503 6694 2810 2505 6695 2810 2505 6696 2811 2506 6697 2809 2504 6698 2800 2495 6699 2811 2506 6700 2810 2505 6701 2810 2505 6702 2801 2496 6703 2800 2495 6704 2812 2507 6705 2813 2508 6706 2814 2509 6707 2815 2510 6708 2812 2507 6709 2814 2509 6710 2801 2496 6711 2810 2505 6712 2812 2507 6713 2810 2505 6714 2808 2503 6715 2813 2508 6716 2813 2508 6717 2812 2507 6718 2810 2505 6719 2808 2503 6720 2806 2501 6721 2814 2509 6722 2814 2509 6723 2813 2508 6724 2808 2503 6725 2806 2501 6726 2804 2499 6727 2814 2509 6728 2804 2499 6729 2815 2510 6730 2814 2509 6731 2804 2499 6732 2802 2497 6733 2815 2510 6734 2802 2497 6735 2801 2496 6736 2812 2507 6737 2812 2507 6738 2815 2510 6739 2802 2497 6740 2816 2511 6741 2817 2512 6742 2818 2513 6743 2818 2513 6744 2819 2514 6745 2816 2511 6746 2818 2513 6747 2820 2515 6748 2821 2516 6749 2821 2516 6750 2819 2514 6751 2818 2513 6752 2822 2517 6753 2823 2518 6754 2824 2519 6755 2825 2520 6756 2826 2521 6757 2823 2518 6758 2822 2517 6759 2825 2520 6760 2823 2518 6761 2826 2521 6762 2824 2519 6763 2823 2518 6764 2827 2522 6765 2828 2522 6766 2829 2522 6767 2830 2523 6768 2831 2523 6769 2832 2523 6770 2833 2524 6771 2834 2524 6772 2835 2524 6773 2836 2525 6774 2837 2525 6775 2838 2525 6776 2839 2526 6777 2840 2526 6778 2841 2526 6779 2842 2527 6780 2843 2527 6781 2844 2527 6782 2845 2528 6783 2846 2528 6784 2847 2528 6785 2848 2529 6786 2849 2529 6787 2850 2529 6788 2851 2530 6789 2852 2530 6790 2853 2530 6791 2854 2531 6792 2855 2531 6793 2856 2531 6794 2857 2532 6795 2858 2532 6796 2859 2532 6797 2860 2533 6798 2861 2533 6799 2862 2533 6800 2863 2534 6801 2864 2534 6802 2865 2534 6803 2866 2535 6804 2867 2535 6805 2868 2535 6806 2869 2536 6807 2870 2536 6808 2871 2536 6809 2872 2537 6810 2873 2537 6811 2874 2537 6812 2875 2538 6813 2876 2538 6814 2877 2538 6815 2878 2539 6816 2879 2539 6817 2880 2539 6818 2881 2540 6819 2882 2540 6820 2883 2540 6821 2884 2541 6822 2885 2541 6823 2886 2541 6824 2887 2542 6825 2888 2542 6826 2889 2542 6827 2890 2543 6828 2891 2543 6829 2892 2543 6830 2893 2544 6831 2894 2544 6832 2895 2544 6833 2896 2545 6834 2897 2545 6835 2898 2545 6836 2899 2546 6837 2900 2546 6838 2901 2546 6839 2902 2547 6840 2903 2547 6841 2904 2547 6842 2905 2548 6843 2906 2548 6844 2907 2548 6845 2908 2549 6846 2909 2549 6847 2910 2549 6848 2911 2550 6849 2912 2550 6850 2913 2550 6851 2914 2551 6852 2915 2551 6853 2916 2551 6854 2917 2552 6855 2918 2552 6856 2919 2552 6857 2920 2553 6858 2921 2553 6859 2922 2553 6860 2923 2554 6861 2924 2554 6862 2925 2554 6863 2926 2555 6864 2927 2555 6865 2928 2555 6866 2929 2556 6867 2930 2556 6868 2931 2556 6869 2932 2557 6870 2933 2557 6871 2934 2557 6872 2935 2558 6873 2936 2558 6874 2937 2558 6875 2938 2559 6876 2939 2559 6877 2940 2559 6878 2941 2560 6879 2942 2560 6880 2943 2560 6881 2944 2561 6882 2945 2561 6883 2946 2561 6884 2947 2562 6885 2948 2562 6886 2949 2562 6887 2950 2563 6888 2951 2563 6889 2952 2563 6890 2953 2564 6891 2954 2564 6892 2955 2564 6893 2956 2565 6894 2957 2565 6895 2958 2565 6896 2959 2566 6897 2960 2566 6898 2961 2566 6899 2962 2567 6900 2963 2567 6901 2964 2567 6902 2965 2568 6903 2966 2568 6904 2967 2568 6905 2968 2569 6906 2969 2569 6907 2970 2569 6908 2971 2570 6909 2972 2570 6910 2973 2570 6911 2974 2571 6912 2975 2571 6913 2976 2571 6914 2977 2572 6915 2978 2572 6916 2979 2572 6917 2980 2573 6918 2981 2573 6919 2982 2573 6920 2983 2574 6921 2984 2574 6922 2985 2574 6923 2986 2575 6924 2987 2575 6925 2988 2575 6926 2989 2576 6927 2990 2576 6928 2991 2576 6929 2992 2577 6930 2993 2577 6931 2994 2577 6932 2995 2578 6933 2996 2579 6934 2997 2580 6935 2997 2580 6936 2998 2581 6937 2995 2578 6938 2998 2581 6939 2997 2580 6940 2999 2582 6941 2999 2582 6942 3000 2583 6943 2998 2581 6944 3000 2583 6945 2999 2582 6946 3001 2584 6947 3001 2584 6948 3002 2585 6949 3000 2583 6950 3002 2585 6951 3001 2584 6952 3003 2586 6953 3003 2586 6954 3004 2587 6955 3002 2585 6956 3004 2587 6957 3003 2586 6958 3005 2588 6959 3005 2588 6960 3006 2589 6961 3004 2587 6962 2995 2578 6963 3006 2589 6964 3005 2588 6965 3005 2588 6966 2996 2579 6967 2995 2578 6968 3007 2590 6969 3008 2591 6970 3009 2592 6971 3010 2593 6972 3007 2590 6973 3009 2592 6974 2996 2579 6975 3005 2588 6976 3007 2590 6977 3005 2588 6978 3003 2586 6979 3008 2591 6980 3008 2591 6981 3007 2590 6982 3005 2588 6983 3003 2586 6984 3001 2584 6985 3009 2592 6986 3009 2592 6987 3008 2591 6988 3003 2586 6989 3001 2584 6990 2999 2582 6991 3009 2592 6992 2999 2582 6993 3010 2593 6994 3009 2592 6995 2999 2582 6996 2997 2580 6997 3010 2593 6998 2997 2580 6999 2996 2579 7000 3007 2590 7001 3007 2590 7002 3010 2593 7003 2997 2580 7004 3011 2594 7005 3012 2595 7006 3013 2596 7007 3013 2596 7008 3014 2597 7009 3011 2594 7010 3013 2596 7011 3015 2598 7012 3016 2599 7013 3016 2599 7014 3014 2597 7015 3013 2596 7016 3017 2600 7017 3018 2601 7018 3019 2602 7019 3019 2602 7020 3020 2603 7021 3017 2600 7022 3021 2604 7023 3022 2605 7024 3023 2606 7025 3023 2606 7026 3024 2607 7027 3021 2604 7028 3025 2608 7029 3026 2609 7030 3023 2606 7031 3023 2606 7032 3022 2605 7033 3025 2608 7034 3027 2610 7035 3028 2611 7036 3029 2612 7037 3029 2612 7038 3030 2613 7039 3027 2610 7040 3029 2612 7041 3028 2611 7042 3031 2614 7043 3031 2614 7044 3032 2615 7045 3029 2612 7046 3026 2609 7047 3030 2613 7048 3029 2612 7049 3029 2612 7050 3023 2606 7051 3026 2609 7052 3032 2615 7053 3024 2607 7054 3023 2606 7055 3023 2606 7056 3029 2612 7057 3032 2615 7058 3021 2604 7059 3033 2616 7060 3034 2617 7061 3034 2617 7062 3022 2605 7063 3021 2604 7064 3025 2608 7065 3022 2605 7066 3034 2617 7067 3034 2617 7068 3035 2618 7069 3025 2608 7070 3036 2619 7071 3037 2620 7072 3038 2621 7073 3038 2621 7074 3039 2622 7075 3036 2619 7076 3038 2621 7077 3040 2623 7078 3041 2624 7079 3041 2624 7080 3039 2622 7081 3038 2621 7082 3035 2618 7083 3034 2617 7084 3038 2621 7085 3038 2621 7086 3037 2620 7087 3035 2618 7088 3040 2623 7089 3038 2621 7090 3034 2617 7091 3034 2617 7092 3033 2616 7093 3040 2623 7094 3042 2625 7095 3043 2626 7096 3044 2627 7097 3045 2628 7098 3046 2629 7099 3047 2630 7100 3047 2630 7101 3048 2631 7102 3045 2628 7103 3044 2627 7104 3043 2626 7105 3049 2632 7106 3050 2633 7107 3042 2625 7108 3051 2634 7109 3052 2635 7110 3043 2626 7111 3053 2636 7112 3053 2636 7113 3054 2637 7114 3052 2635 7115 3050 2633 7116 3051 2634 7117 3044 2627 7118 3044 2627 7119 3055 2638 7120 3050 2633 7121 3056 2639 7122 3057 2640 7123 3058 2641 7124 3059 2642 7125 3057 2640 7126 3056 2639 7127 3060 2643 7128 3058 2641 7129 3061 2644 7130 3062 2645 7131 3063 2646 7132 3064 2647 7133 3064 2647 7134 3065 2648 7135 3062 2645 7136 3066 2649 7137 3067 2650 7138 3057 2640 7139 3057 2640 7140 3068 2651 7141 3066 2649 7142 3056 2639 7143 3060 2643 7144 3061 2644 7145 3061 2644 7146 3069 2652 7147 3056 2639 7148 3051 2634 7149 3042 2625 7150 3044 2627 7151 3058 2641 7152 3060 2643 7153 3056 2639 7154 3070 2653 7155 3071 2654 7156 3049 2632 7157 3049 2632 7158 3072 2655 7159 3070 2653 7160 3043 2626 7161 3073 2656 7162 3072 2655 7163 3072 2655 7164 3049 2632 7165 3043 2626 7166 3073 2656 7167 3043 2626 7168 3052 2635 7169 3074 2657 7170 3075 2658 7171 3059 2642 7172 3059 2642 7173 3076 2659 7174 3074 2657 7175 3057 2640 7176 3059 2642 7177 3075 2658 7178 3075 2658 7179 3077 2660 7180 3057 2640 7181 3077 2660 7182 3068 2651 7183 3057 2640 7184 3078 2661 7185 3079 2662 7186 3080 2663 7187 3081 2664 7188 3082 2665 7189 3083 2666 7190 3083 2666 7191 3084 2667 7192 3081 2664 7193 3085 2668 7194 3086 2669 7195 3078 2661 7196 3078 2661 7197 3080 2663 7198 3085 2668 7199 3082 2665 7200 3087 2670 7201 3088 2671 7202 3088 2671 7203 3083 2666 7204 3082 2665 7205 3089 2672 7206 3090 2673 7207 3082 2665 7208 3082 2665 7209 3081 2664 7210 3089 2672 7211 3090 2673 7212 3091 2674 7213 3087 2670 7214 3087 2670 7215 3082 2665 7216 3090 2673 7217 3079 2662 7218 3084 2667 7219 3083 2666 7220 3083 2666 7221 3080 2663 7222 3079 2662 7223 3080 2663 7224 3083 2666 7225 3088 2671 7226 3088 2671 7227 3085 2668 7228 3080 2663 7229 3079 2662 7230 3078 2661 7231 3092 2675 7232 3092 2675 7233 3093 2676 7234 3079 2662 7235 3094 2677 7236 3095 2678 7237 3081 2664 7238 3081 2664 7239 3084 2667 7240 3094 2677 7241 3095 2678 7242 3096 2679 7243 3089 2672 7244 3089 2672 7245 3081 2664 7246 3095 2678 7247 3094 2677 7248 3084 2667 7249 3079 2662 7250 3079 2662 7251 3093 2676 7252 3094 2677 7253 3078 2661 7254 3086 2669 7255 3092 2675 7256 3097 2680 7257 3098 2681 7258 3099 2682 7259 3100 2683 7260 3101 2684 7261 3102 2685 7262 3102 2685 7263 3103 2686 7264 3100 2683 7265 3085 2668 7266 3098 2681 7267 3097 2680 7268 3097 2680 7269 3086 2669 7270 3085 2668 7271 3103 2686 7272 3102 2685 7273 3088 2671 7274 3088 2671 7275 3087 2670 7276 3103 2686 7277 3104 2687 7278 3100 2683 7279 3103 2686 7280 3103 2686 7281 3105 2688 7282 3104 2687 7283 3105 2688 7284 3103 2686 7285 3087 2670 7286 3087 2670 7287 3091 2674 7288 3105 2688 7289 3099 2682 7290 3098 2681 7291 3102 2685 7292 3102 2685 7293 3101 2684 7294 3099 2682 7295 3098 2681 7296 3085 2668 7297 3088 2671 7298 3088 2671 7299 3102 2685 7300 3098 2681 7301 3099 2682 7302 3093 2676 7303 3092 2675 7304 3092 2675 7305 3097 2680 7306 3099 2682 7307 3094 2677 7308 3101 2684 7309 3100 2683 7310 3100 2683 7311 3095 2678 7312 3094 2677 7313 3095 2678 7314 3100 2683 7315 3104 2687 7316 3104 2687 7317 3096 2679 7318 3095 2678 7319 3094 2677 7320 3093 2676 7321 3099 2682 7322 3099 2682 7323 3101 2684 7324 3094 2677 7325 3097 2680 7326 3092 2675 7327 3086 2669 7328 3106 2689 7329 3107 2690 7330 3108 2691 7331 3108 2691 7332 3109 2692 7333 3106 2689 7334 3107 2690 7335 3110 2693 7336 3111 2694 7337 3111 2694 7338 3108 2691 7339 3107 2690 7340 3110 2693 7341 3112 2695 7342 3113 2696 7343 3113 2696 7344 3111 2694 7345 3110 2693 7346 3112 2695 7347 3114 2697 7348 3115 2698 7349 3115 2698 7350 3113 2696 7351 3112 2695 7352 3116 2699 7353 3117 2700 7354 3118 2701 7355 3118 2701 7356 3119 2702 7357 3116 2699 7358 3117 2700 7359 3106 2689 7360 3109 2692 7361 3109 2692 7362 3118 2701 7363 3117 2700 7364 3120 2703 7365 3121 2704 7366 3122 2705 7367 3122 2705 7368 3123 2706 7369 3124 2707 7370 3120 2703 7371 3122 2705 7372 3124 2707 7373 3125 2708 7374 3120 2703 7375 3124 2707 7376 3126 2709 7377 3127 2710 7378 3128 2711 7379 3128 2711 7380 3129 2712 7381 3126 2709 7382 3129 2712 7383 3128 2711 7384 3130 2713 7385 3130 2713 7386 3131 2714 7387 3129 2712 7388 3131 2714 7389 3130 2713 7390 3132 2715 7391 3132 2715 7392 3133 2716 7393 3131 2714 7394 3133 2716 7395 3132 2715 7396 3134 2717 7397 3134 2717 7398 3135 2718 7399 3133 2716 7400 3136 2719 7401 3137 2720 7402 3138 2721 7403 3138 2721 7404 3139 2722 7405 3136 2719 7406 3139 2722 7407 3138 2721 7408 3127 2710 7409 3127 2710 7410 3126 2709 7411 3139 2722 7412 3140 2723 7413 3141 2724 7414 3142 2725 7415 3142 2725 7416 3143 2726 7417 3144 2727 7418 3140 2723 7419 3142 2725 7420 3144 2727 7421 3145 2728 7422 3140 2723 7423 3144 2727 7424 908 923 7425 3146 2729 7426 914 929 7427 3058 2641 7428 3067 2650 7429 3066 2649 7430 3062 2730 7431 3061 2644 7432 3058 2641 7433 3054 2637 7434 3053 2636 7435 3042 2625 7436 3048 2731 7437 3054 2637 7438 3042 2625 7439 3042 2625 7440 3053 2636 7441 3043 2626 7442 3057 2640 7443 3067 2650 7444 3058 2641 7445 3147 1623 7446 3148 2732 7447 3149 1623 7448 3149 1623 7449 3150 2732 7450 3147 1623 7451 3151 2733 7452 3152 2734 7453 3153 2735 7454 3153 2735 7455 3154 2736 7456 3151 2733 7457 3155 1632 7458 3156 2737 7459 3157 2738 7460 3157 2738 7461 3158 2739 7462 3155 1632 7463 3159 2740 7464 3160 2741 7465 3161 2742 7466 3161 2742 7467 3162 2743 7468 3159 2740 7469 3163 2744 7470 3164 2745 7471 3165 2746 7472 3166 2747 7473 3164 2745 7474 3163 2744 7475 3164 2745 7476 3167 2748 7477 3168 2749 7478 3164 2745 7479 3168 2749 7480 3169 2750 7481 3169 2750 7482 3165 2746 7483 3164 2745 7484 3165 2746 7485 3169 2750 7486 3170 2751 7487 3166 2747 7488 3171 2752 7489 3167 2748 7490 3167 2748 7491 3164 2745 7492 3166 2747 7493 3167 2748 7494 3172 2753 7495 3173 2754 7496 3173 2754 7497 3168 2749 7498 3167 2748 7499 3168 2749 7500 3173 2754 7501 3169 2750 7502 3171 2752 7503 3172 2753 7504 3167 2748 7505 3174 2755 7506 3175 2756 7507 3173 2754 7508 3173 2754 7509 3172 2753 7510 3174 2755 7511 3175 2756 7512 3176 2757 7513 3169 2750 7514 3169 2750 7515 3173 2754 7516 3175 2756 7517 3171 2752 7518 3177 2758 7519 3174 2755 7520 3174 2755 7521 3172 2753 7522 3171 2752 7523 3170 2751 7524 3178 2759 7525 3179 2760 7526 3179 2760 7527 3165 2746 7528 3170 2751 7529 3165 2746 7530 3180 2761 7531 3181 2762 7532 3181 2762 7533 3163 2744 7534 3165 2746 7535 3163 2744 7536 3181 2762 7537 3182 2763 7538 3182 2763 7539 3166 2747 7540 3163 2744 7541 3176 2757 7542 3175 2756 7543 3183 2764 7544 3183 2764 7545 3184 2765 7546 3176 2757 7547 3174 2755 7548 3177 2758 7549 3185 2766 7550 3185 2766 7551 3186 2767 7552 3174 2755 7553 3175 2756 7554 3174 2755 7555 3186 2767 7556 3186 2767 7557 3183 2764 7558 3175 2756 7559 3184 2765 7560 3183 2764 7561 3187 2768 7562 3187 2768 7563 3188 2769 7564 3184 2765 7565 3186 2767 7566 3185 2766 7567 3189 2770 7568 3189 2770 7569 3190 2771 7570 3186 2767 7571 3183 2764 7572 3186 2767 7573 3190 2771 7574 3190 2771 7575 3187 2768 7576 3183 2764 7577 3188 2769 7578 3187 2768 7579 3191 2772 7580 3191 2772 7581 3192 2773 7582 3188 2769 7583 3190 2771 7584 3189 2770 7585 3193 2774 7586 3193 2774 7587 3194 2775 7588 3190 2771 7589 3187 2768 7590 3190 2771 7591 3194 2775 7592 3194 2775 7593 3191 2772 7594 3187 2768 7595 3195 2776 7596 3196 2777 7597 3197 2778 7598 3198 2779 7599 3196 2777 7600 3199 2780 7601 3179 2760 7602 3178 2759 7603 3197 2778 7604 3197 2778 7605 3196 2777 7606 3179 2760 7607 3178 2759 7608 3200 2781 7609 3197 2778 7610 3198 2779 7611 3179 2760 7612 3196 2777 7613 3200 2781 7614 3201 2782 7615 3197 2778 7616 3202 2783 7617 3203 2784 7618 3204 2785 7619 3205 2786 7620 3202 2783 7621 3204 2785 7622 3204 2785 7623 3206 2787 7624 3207 2788 7625 3204 2785 7626 3203 2784 7627 3208 2789 7628 3208 2789 7629 3206 2787 7630 3204 2785 7631 3203 2784 7632 3209 2790 7633 3208 2789 7634 3205 2786 7635 3204 2785 7636 3207 2788 7637 3207 2788 7638 3210 2791 7639 3205 2786 7640 3207 2788 7641 3206 2787 7642 3211 2792 7643 3211 2792 7644 3212 2793 7645 3207 2788 7646 3206 2787 7647 3208 2789 7648 3211 2792 7649 3210 2791 7650 3207 2788 7651 3212 2793 7652 3213 2794 7653 3212 2793 7654 3211 2792 7655 3211 2792 7656 3214 2795 7657 3213 2794 7658 3214 2795 7659 3211 2792 7660 3208 2789 7661 3208 2789 7662 3215 2796 7663 3214 2795 7664 3210 2791 7665 3212 2793 7666 3213 2794 7667 3213 2794 7668 3216 2797 7669 3210 2791 7670 3209 2790 7671 3203 2784 7672 3217 2798 7673 3217 2798 7674 3218 2799 7675 3209 2790 7676 3203 2784 7677 3202 2783 7678 3219 2800 7679 3219 2800 7680 3220 2801 7681 3203 2784 7682 3202 2783 7683 3205 2786 7684 3221 2802 7685 3221 2802 7686 3219 2800 7687 3202 2783 7688 3215 2796 7689 3222 2803 7690 3223 2804 7691 3223 2804 7692 3214 2795 7693 3215 2796 7694 3213 2794 7695 3224 2805 7696 3225 2806 7697 3225 2806 7698 3216 2797 7699 3213 2794 7700 3214 2795 7701 3223 2804 7702 3224 2805 7703 3224 2805 7704 3213 2794 7705 3214 2795 7706 3222 2803 7707 3226 2807 7708 3227 2808 7709 3227 2808 7710 3223 2804 7711 3222 2803 7712 3224 2805 7713 3228 2809 7714 3229 2810 7715 3229 2810 7716 3225 2806 7717 3224 2805 7718 3223 2804 7719 3227 2808 7720 3228 2809 7721 3228 2809 7722 3224 2805 7723 3223 2804 7724 3226 2807 7725 3230 2811 7726 3231 2812 7727 3231 2812 7728 3227 2808 7729 3226 2807 7730 3228 2809 7731 3232 2775 7732 3233 2813 7733 3233 2813 7734 3229 2810 7735 3228 2809 7736 3227 2808 7737 3231 2812 7738 3232 2775 7739 3232 2775 7740 3228 2809 7741 3227 2808 7742 3234 2814 7743 3235 2815 7744 3236 2816 7745 3237 2817 7746 3238 2818 7747 3236 2816 7748 3217 2798 7749 3236 2816 7750 3235 2815 7751 3235 2815 7752 3218 2799 7753 3217 2798 7754 3218 2799 7755 3235 2815 7756 3239 2819 7757 3237 2817 7758 3236 2816 7759 3217 2798 7760 3239 2819 7761 3235 2815 7762 3240 2820 7763 3241 2821 7764 3242 2822 7765 3243 2823 7766 3243 2823 7767 3244 2824 7768 3241 2821 7769 3245 2825 7770 3246 2826 7771 3241 2821 7772 3241 2821 7773 3244 2824 7774 3245 2825 7775 3247 2827 7776 3248 2828 7777 3246 2826 7778 3246 2826 7779 3245 2825 7780 3247 2827 7781 3249 2829 7782 3248 2828 7783 3247 2827 7784 3247 2827 7785 3250 2830 7786 3249 2829 7787 3251 2831 7788 3252 2832 7789 3253 2833 7790 3253 2833 7791 3254 2834 7792 3251 2831 7793 3241 2821 7794 3255 2835 7795 3242 2822 7796 3246 2826 7797 3256 2836 7798 3257 2837 7799 3257 2837 7800 3241 2821 7801 3246 2826 7802 3248 2828 7803 3258 2838 7804 3256 2836 7805 3256 2836 7806 3246 2826 7807 3248 2828 7808 3248 2828 7809 3249 2829 7810 3258 2838 7811 3254 2834 7812 3259 2839 7813 3260 2840 7814 3260 2840 7815 3251 2831 7816 3254 2834 7817 3261 2841 7818 3262 2842 7819 3263 2843 7820 3263 2843 7821 3264 2844 7822 3261 2841 7823 3242 2822 7824 3265 2845 7825 3266 2846 7826 3266 2846 7827 3243 2823 7828 3242 2822 7829 3267 2847 7830 3268 2848 7831 3269 2849 7832 3269 2849 7833 3270 2850 7834 3267 2847 7835 3271 2851 7836 3272 2852 7837 3273 2853 7838 3273 2853 7839 3274 2854 7840 3271 2851 7841 3275 2855 7842 3276 2856 7843 3277 2857 7844 3277 2857 7845 3278 2858 7846 3275 2855 7847 3279 2859 7848 3280 2860 7849 3281 2861 7850 3282 2862 7851 3283 2863 7852 3284 2864 7853 3276 2856 7854 3285 2865 7855 3286 2866 7856 3286 2866 7857 3277 2857 7858 3276 2856 7859 3280 2860 7860 3287 2867 7861 3288 2868 7862 3288 2868 7863 3281 2861 7864 3280 2860 7865 3289 2869 7866 3262 2870 7867 3290 2871 7868 3290 2871 7869 3291 2872 7870 3289 2869 7871 3292 2873 7872 3293 2874 7873 3294 2875 7874 3294 2875 7875 3295 2876 7876 3292 2873 7877 3294 2875 7878 3293 2874 7879 3296 2877 7880 3296 2877 7881 3297 2878 7882 3294 2875 7883 3298 2879 7884 3297 2878 7885 3296 2877 7886 3296 2877 7887 3299 2880 7888 3298 2879 7889 3263 2881 7890 3300 2882 7891 3301 2883 7892 3301 2883 7893 3302 2884 7894 3263 2881 7895 3253 2833 7896 3303 2885 7897 3304 2886 7898 3304 2886 7899 3254 2834 7900 3253 2833 7901 3305 2887 7902 3279 2859 7903 3281 2861 7904 3306 2888 7905 3307 2889 7906 3308 2890 7907 3308 2890 7908 3309 2891 7909 3306 2888 7910 3290 2871 7911 3310 2892 7912 3291 2872 7913 3292 2873 7914 3310 2892 7915 3293 2874 7916 3293 2874 7917 3310 2892 7918 3296 2877 7919 3296 2877 7920 3310 2892 7921 3299 2880 7922 3301 2883 7923 3310 2892 7924 3302 2884 7925 3264 2844 7926 3310 2893 7927 3261 2841 7928 3311 2894 7929 3312 2895 7930 3313 2896 7931 3313 2896 7932 3314 2897 7933 3311 2894 7934 3314 2897 7935 3315 2898 7936 3316 2899 7937 3316 2899 7938 3311 2894 7939 3314 2897 7940 3317 2900 7941 3318 2901 7942 3316 2899 7943 3316 2899 7944 3315 2898 7945 3317 2900 7946 3319 2902 7947 3320 2903 7948 3321 2904 7949 3321 2904 7950 3322 2905 7951 3319 2902 7952 3323 2906 7953 3324 2907 7954 3320 2903 7955 3320 2903 7956 3319 2902 7957 3323 2906 7958 3325 2908 7959 3326 2909 7960 3327 2910 7961 3327 2910 7962 3328 2911 7963 3325 2908 7964 3329 2912 7965 3312 2895 7966 3311 2894 7967 3311 2894 7968 3330 2913 7969 3329 2912 7970 3330 2913 7971 3311 2894 7972 3316 2899 7973 3316 2899 7974 3331 2914 7975 3330 2913 7976 3332 2915 7977 3331 2914 7978 3316 2899 7979 3316 2899 7980 3318 2901 7981 3332 2915 7982 3317 2900 7983 3333 2916 7984 3334 2917 7985 3334 2917 7986 3318 2901 7987 3317 2900 7988 3335 2918 7989 3336 2919 7990 3334 2917 7991 3334 2917 7992 3337 2920 7993 3335 2918 7994 3338 2921 7995 3339 2922 7996 3312 2895 7997 3312 2895 7998 3329 2912 7999 3338 2921 8000 3340 2923 8001 3327 2910 8002 3326 2909 8003 3326 2909 8004 3341 2924 8005 3340 2923 8006 3342 2925 8007 3343 2926 8008 3344 2927 8009 3344 2927 8010 3345 2928 8011 3342 2925 8012 3346 2929 8013 3347 2930 8014 3348 2931 8015 3348 2931 8016 3349 2932 8017 3346 2929 8018 3350 2933 8019 3351 2934 8020 3352 2935 8021 3353 2936 8022 3354 2937 8023 3355 2938 8024 3356 2939 8025 3357 2940 8026 3358 2941 8027 3358 2941 8028 3359 2942 8029 3356 2939 8030 3359 2942 8031 3360 2943 8032 3361 2944 8033 3361 2944 8034 3356 2939 8035 3359 2942 8036 3362 2945 8037 3363 2946 8038 3364 2947 8039 3364 2947 8040 3365 2948 8041 3362 2945 8042 3366 2949 8043 3358 2941 8044 3357 2940 8045 3357 2940 8046 3367 2950 8047 3366 2949 8048 3368 2951 8049 3369 2952 8050 3370 2953 8051 3371 2954 8052 3372 2955 8053 3369 2952 8054 3373 2956 8055 3374 2957 8056 3375 2958 8057 3375 2958 8058 3376 2959 8059 3373 2956 8060 3370 2953 8061 3377 2960 8062 3378 2961 8063 3357 2940 8064 3356 2939 8065 3379 2962 8066 3379 2962 8067 3258 2838 8068 3357 2940 8069 3251 2831 8070 3249 2829 8071 3250 2830 8072 3250 2830 8073 3252 2832 8074 3251 2831 8075 3251 2831 8076 3260 2840 8077 3249 2829 8078 3380 2963 8079 3381 2964 8080 3382 2965 8081 3382 2965 8082 3366 2949 8083 3380 2963 8084 3383 2966 8085 3384 2967 8086 3385 2968 8087 3386 2969 8088 3387 2970 8089 3388 2971 8090 3388 2971 8091 3389 2972 8092 3386 2969 8093 3389 2973 8094 3384 2974 8095 3390 2975 8096 3390 2975 8097 3391 2976 8098 3389 2973 8099 3391 2976 8100 3390 2975 8101 3392 2977 8102 3392 2977 8103 3393 2978 8104 3391 2976 8105 3394 2979 8106 3395 2980 8107 3396 2981 8108 3396 2981 8109 3397 2982 8110 3394 2979 8111 3394 2979 8112 3398 2983 8113 3399 2984 8114 3399 2984 8115 3395 2980 8116 3394 2979 8117 3396 2981 8118 3393 2978 8119 3392 2977 8120 3392 2977 8121 3397 2982 8122 3396 2981 8123 3400 2985 8124 3337 2920 8125 3334 2917 8126 3334 2917 8127 3333 2916 8128 3400 2985 8129 3401 2986 8130 3402 2987 8131 3337 2920 8132 3337 2920 8133 3400 2985 8134 3401 2986 8135 3368 2951 8136 3371 2954 8137 3369 2952 8138 3403 2988 8139 3328 2911 8140 3315 2898 8141 3315 2898 8142 3314 2897 8143 3403 2988 8144 3403 2988 8145 3313 2896 8146 3404 2989 8147 3404 2989 8148 3405 2990 8149 3403 2988 8150 3406 2991 8151 3309 2891 8152 3361 2944 8153 3407 2992 8154 3408 2993 8155 3270 2850 8156 3404 2989 8157 3313 2896 8158 3312 2895 8159 3312 2895 8160 3339 2922 8161 3404 2989 8162 3335 2918 8163 3337 2920 8164 3402 2987 8165 3402 2987 8166 3409 2994 8167 3335 2918 8168 3410 2995 8169 3373 2956 8170 3376 2959 8171 3376 2959 8172 3411 2996 8173 3410 2995 8174 3355 2938 8175 3412 2997 8176 3413 2998 8177 3413 2998 8178 3353 2936 8179 3355 2938 8180 3379 2962 8181 3256 2836 8182 3258 2838 8183 3414 2999 8184 3415 3000 8185 3416 3001 8186 3416 3001 8187 3257 2837 8188 3414 2999 8189 3417 3002 8190 3259 2839 8191 3418 3003 8192 3351 2934 8193 3350 2933 8194 3419 3004 8195 3380 2963 8196 3367 2950 8197 3260 2840 8198 3260 2840 8199 3259 2839 8200 3380 2963 8201 3357 2940 8202 3258 2838 8203 3260 2840 8204 3260 2840 8205 3367 2950 8206 3357 2940 8207 3361 2944 8208 3420 3005 8209 3379 2962 8210 3379 2962 8211 3356 2939 8212 3361 2944 8213 3421 3006 8214 3422 3007 8215 3423 3008 8216 3370 2953 8217 3369 2952 8218 3377 2960 8219 3412 2997 8220 3424 3009 8221 3425 3010 8222 3425 3010 8223 3413 2998 8224 3412 2997 8225 3426 3011 8226 3363 2946 8227 3362 2945 8228 3362 2945 8229 3427 3012 8230 3426 3011 8231 3305 2887 8232 3281 2861 8233 3288 2868 8234 3288 2868 8235 3349 2932 8236 3305 2887 8237 3274 2854 8238 3363 2946 8239 3426 3011 8240 3426 3011 8241 3271 2851 8242 3274 2854 8243 3364 2947 8244 3363 2946 8245 3274 2854 8246 3308 2890 8247 3307 2889 8248 3268 2848 8249 3268 2848 8250 3267 2847 8251 3308 2890 8252 3288 2868 8253 3287 2867 8254 3285 2865 8255 3285 2865 8256 3276 2856 8257 3288 2868 8258 3275 2855 8259 3349 2932 8260 3288 2868 8261 3288 2868 8262 3276 2856 8263 3275 2855 8264 3349 2932 8265 3275 2855 8266 3428 3013 8267 3428 3013 8268 3346 2929 8269 3349 2932 8270 3424 3009 8271 3429 3014 8272 3425 3010 8273 3367 2950 8274 3380 2963 8275 3366 2949 8276 3406 2991 8277 3430 3015 8278 3362 2945 8279 3362 2945 8280 3365 2948 8281 3406 2991 8282 3365 2948 8283 3279 2859 8284 3309 2891 8285 3309 2891 8286 3406 2991 8287 3365 2948 8288 3272 2852 8289 3286 2866 8290 3273 2853 8291 3364 2947 8292 3274 2854 8293 3431 3016 8294 3431 3016 8295 3274 2854 8296 3273 2853 8297 3365 2948 8298 3364 2947 8299 3280 2860 8300 3280 2860 8301 3279 2859 8302 3365 2948 8303 3286 2866 8304 3272 2852 8305 3432 3017 8306 3280 2860 8307 3431 3016 8308 3287 2867 8309 3287 2867 8310 3431 3016 8311 3273 2853 8312 3273 2853 8313 3285 2865 8314 3287 2867 8315 3433 3018 8316 3434 3019 8317 3435 3020 8318 3435 3020 8319 3436 3021 8320 3433 3018 8321 3305 2887 8322 3306 2888 8323 3309 2891 8324 3309 2891 8325 3279 2859 8326 3305 2887 8327 3437 3022 8328 3433 3018 8329 3436 3021 8330 3436 3021 8331 3438 3023 8332 3437 3022 8333 3307 2889 8334 3439 3024 8335 3440 3025 8336 3440 3025 8337 3268 2848 8338 3307 2889 8339 3441 3026 8340 3442 3027 8341 3443 3028 8342 3443 3028 8343 3444 3029 8344 3441 3026 8345 3347 3030 8346 3445 3031 8347 3306 2888 8348 3306 2888 8349 3305 2887 8350 3347 3030 8351 3360 2943 8352 3430 3015 8353 3406 2991 8354 3406 2991 8355 3361 2944 8356 3360 2943 8357 3386 2969 8358 3446 3032 8359 3387 2970 8360 3381 2964 8361 3447 3033 8362 3448 3034 8363 3448 3034 8364 3382 2965 8365 3381 2964 8366 3449 3035 8367 3450 3036 8368 3451 3037 8369 3451 3037 8370 3452 3038 8371 3449 3035 8372 3389 3039 8373 3453 3040 8374 3454 3041 8375 3454 3041 8376 3455 3042 8377 3389 3039 8378 3453 3040 8379 3456 3043 8380 3457 3044 8381 3457 3044 8382 3454 3041 8383 3453 3040 8384 3458 3045 8385 3459 3046 8386 3460 3047 8387 3460 3047 8388 3461 3048 8389 3458 3045 8390 3459 3046 8391 3462 3049 8392 3463 3050 8393 3463 3050 8394 3460 3047 8395 3459 3046 8396 3462 3049 8397 3464 3051 8398 3465 3052 8399 3465 3052 8400 3463 3050 8401 3462 3049 8402 3452 3038 8403 3389 3039 8404 3455 3042 8405 3455 3042 8406 3449 3035 8407 3452 3038 8408 3456 3043 8409 3458 3045 8410 3461 3048 8411 3461 3048 8412 3457 3044 8413 3456 3043 8414 3259 2839 8415 3417 3002 8416 3466 3053 8417 3259 2839 8418 3467 3054 8419 3468 3055 8420 3468 3055 8421 3467 3054 8422 3469 3056 8423 3398 3057 8424 3467 3058 8425 3470 3059 8426 3471 3060 8427 3399 2984 8428 3398 2983 8429 3472 3061 8430 3473 3062 8431 3328 2911 8432 3328 2911 8433 3403 2988 8434 3472 3061 8435 3328 2911 8436 3473 3062 8437 3325 2908 8438 3470 3059 8439 3474 3063 8440 3398 3057 8441 3321 2904 8442 3333 2916 8443 3317 2900 8444 3317 2900 8445 3327 2910 8446 3321 2904 8447 3321 2904 8448 3320 2903 8449 3400 2985 8450 3400 2985 8451 3333 2916 8452 3321 2904 8453 3320 2903 8454 3324 2907 8455 3401 2986 8456 3401 2986 8457 3400 2985 8458 3320 2903 8459 3328 2911 8460 3327 2910 8461 3317 2900 8462 3317 2900 8463 3315 2898 8464 3328 2911 8465 3313 2896 8466 3403 2988 8467 3314 2897 8468 3336 2919 8469 3332 2915 8470 3318 2901 8471 3318 2901 8472 3334 2917 8473 3336 2919 8474 3475 3064 8475 3375 2958 8476 3374 2957 8477 3374 2957 8478 3372 2955 8479 3475 3064 8480 3476 3065 8481 3477 3066 8482 3377 2960 8483 3377 2960 8484 3369 2952 8485 3476 3065 8486 3476 3065 8487 3369 2952 8488 3372 2955 8489 3309 2891 8490 3420 3005 8491 3361 2944 8492 3257 2837 8493 3416 3001 8494 3255 2835 8495 3265 2845 8496 3242 2822 8497 3478 3067 8498 3321 2904 8499 3327 2910 8500 3340 2923 8501 3340 2923 8502 3322 2905 8503 3321 2904 8504 3254 2834 8505 3467 3054 8506 3259 2839 8507 3479 3068 8508 3308 2890 8509 3267 2847 8510 3447 3033 8511 3381 2964 8512 3385 3069 8513 3385 3069 8514 3446 3070 8515 3447 3033 8516 3340 2923 8517 3480 3071 8518 3322 2905 8519 3476 3065 8520 3374 2957 8521 3373 2956 8522 3373 2956 8523 3410 2995 8524 3477 3066 8525 3477 3066 8526 3476 3065 8527 3373 2956 8528 3476 3065 8529 3372 2955 8530 3374 2957 8531 3380 2963 8532 3466 3053 8533 3481 3072 8534 3468 3055 8535 3418 3003 8536 3259 2839 8537 3444 3073 8538 3407 2992 8539 3270 2850 8540 3270 2850 8541 3269 2849 8542 3444 3073 8543 3482 3074 8544 3345 3075 8545 3278 2858 8546 3278 2858 8547 3277 2857 8548 3482 3074 8549 3428 3013 8550 3275 2855 8551 3278 2858 8552 3278 2858 8553 3343 3076 8554 3428 3013 8555 3483 3077 8556 3484 3078 8557 3435 3020 8558 3435 3020 8559 3434 3019 8560 3483 3077 8561 3269 2849 8562 3268 2848 8563 3440 3025 8564 3440 3025 8565 3442 3079 8566 3269 2849 8567 3432 3017 8568 3482 3074 8569 3277 2857 8570 3277 2857 8571 3286 2866 8572 3432 3017 8573 3479 3068 8574 3267 2847 8575 3270 2850 8576 3485 3080 8577 3486 3081 8578 3422 3007 8579 3408 2993 8580 3479 3068 8581 3270 2850 8582 3286 2866 8583 3285 2865 8584 3273 2853 8585 3422 3007 8586 3486 3081 8587 3487 3082 8588 3488 3083 8589 3489 3084 8590 3490 3085 8591 3490 3085 8592 3491 3086 8593 3488 3083 8594 3492 3087 8595 3493 3088 8596 3494 3089 8597 3492 3087 8598 3494 3089 8599 3495 3090 8600 3495 3090 8601 3496 3091 8602 3492 3087 8603 3497 3092 8604 3480 3071 8605 3498 3093 8606 3498 3093 8607 3499 3094 8608 3497 3092 8609 3500 3095 8610 3501 3096 8611 3502 3097 8612 3502 3097 8613 3503 3098 8614 3504 3099 8615 3504 3099 8616 3500 3095 8617 3502 3097 8618 3505 3100 8619 3497 3092 8620 3499 3094 8621 3499 3094 8622 3506 3101 8623 3505 3100 8624 3322 2905 8625 3497 3092 8626 3319 2902 8627 3497 3092 8628 3505 3100 8629 3323 2906 8630 3323 2906 8631 3319 2902 8632 3497 3092 8633 3494 3089 8634 3507 3102 8635 3495 3090 8636 3508 3103 8637 3242 2822 8638 3255 2835 8639 3416 3001 8640 3508 3103 8641 3255 2835 8642 3495 3090 8643 3507 3102 8644 3509 3104 8645 3508 3103 8646 3478 3067 8647 3242 2822 8648 3510 3105 8649 3511 3106 8650 3486 3081 8651 3494 3089 8652 3493 3088 8653 3507 3102 8654 3421 3006 8655 3485 3080 8656 3422 3007 8657 3485 3080 8658 3510 3105 8659 3486 3081 8660 3354 2937 8661 3419 3004 8662 3355 2938 8663 3500 3095 8664 3512 3107 8665 3501 3096 8666 3497 3092 8667 3322 2905 8668 3480 3071 8669 3380 2963 8670 3259 2839 8671 3466 3053 8672 3419 3004 8673 3350 2933 8674 3355 2938 8675 3308 2890 8676 3479 3068 8677 3420 3005 8678 3424 3009 8679 3513 3108 8680 3429 3014 8681 3307 2889 8682 3306 2888 8683 3445 3031 8684 3445 3031 8685 3439 3024 8686 3307 2889 8687 3241 2821 8688 3257 2837 8689 3255 2835 8690 3282 2862 8691 3437 3109 8692 3283 2863 8693 3351 2934 8694 3514 3110 8695 3352 2935 8696 3515 3111 8697 3516 3111 8698 3517 3111 8699 3414 2999 8700 3257 2837 8701 3256 2836 8702 3256 2836 8703 3379 2962 8704 3414 2999 8705 3403 2988 8706 3405 2990 8707 3518 3112 8708 3518 3112 8709 3472 3061 8710 3403 2988 8711 3280 2860 8712 3364 2947 8713 3431 3016 8714 3380 2963 8715 3384 3113 8716 3381 2964 8717 3310 2892 8718 3292 2873 8719 3291 2872 8720 3292 2873 8721 3295 2876 8722 3289 2869 8723 3289 2869 8724 3291 2872 8725 3292 2873 8726 3310 2892 8727 3301 2883 8728 3299 2880 8729 3301 2883 8730 3300 2882 8731 3298 2879 8732 3298 2879 8733 3299 2880 8734 3301 2883 8735 3371 2954 8736 3475 3064 8737 3372 2955 8738 3519 3114 8739 3520 3115 8740 3521 3116 8741 3522 3117 8742 3523 3118 8743 3524 3119 8744 3521 3116 8745 3520 3115 8746 3525 3120 8747 3526 3121 8748 3521 3116 8749 3527 3122 8750 3527 3122 8751 3528 3123 8752 3526 3121 8753 3529 3124 8754 3526 3121 8755 3528 3123 8756 3528 3123 8757 3530 3125 8758 3529 3124 8759 3531 3126 8760 3529 3124 8761 3530 3125 8762 3530 3125 8763 3532 3127 8764 3531 3126 8765 3522 3117 8766 3524 3119 8767 3532 3127 8768 3532 3127 8769 3533 3128 8770 3522 3117 8771 3534 3129 8772 3535 3130 8773 3523 3118 8774 3523 3118 8775 3522 3117 8776 3534 3129 8777 3536 3131 8778 3537 3132 8779 3538 3133 8780 3538 3133 8781 3539 3134 8782 3536 3131 8783 3536 3131 8784 3540 3135 8785 3541 3136 8786 3541 3136 8787 3537 3132 8788 3536 3131 8789 3540 3135 8790 3542 3137 8791 3543 3138 8792 3543 3138 8793 3541 3136 8794 3540 3135 8795 3544 3139 8796 3545 3140 8797 3546 3141 8798 3546 3141 8799 3547 3142 8800 3544 3139 8801 3271 2851 8802 3548 3143 8803 3549 3144 8804 3549 3144 8805 3272 2852 8806 3271 2851 8807 3550 3145 8808 3551 3146 8809 3552 3147 8810 3552 3147 8811 3553 3148 8812 3550 3145 8813 3554 3149 8814 3555 3150 8815 3556 3151 8816 3557 3152 8817 3558 3153 8818 3559 3154 8819 3553 3148 8820 3552 3147 8821 3560 3155 8822 3560 3155 8823 3561 3156 8824 3553 3148 8825 3562 3157 8826 3563 3158 8827 3556 3151 8828 3556 3151 8829 3555 3150 8830 3562 3157 8831 3564 3159 8832 3565 3160 8833 3566 3161 8834 3566 3161 8835 3567 3162 8836 3564 3159 8837 3568 3163 8838 3555 3150 8839 3554 3149 8840 3569 3164 8841 3570 3165 8842 3571 3166 8843 3571 3166 8844 3572 3167 8845 3569 3164 8846 3573 3168 8847 3574 3169 8848 3575 3170 8849 3575 3170 8850 3576 3171 8851 3573 3168 8852 3574 3169 8853 3573 3168 8854 3577 3172 8855 3577 3172 8856 3578 3173 8857 3574 3169 8858 3579 3174 8859 3578 3173 8860 3577 3172 8861 3577 3172 8862 3580 3175 8863 3579 3174 8864 3581 3176 8865 3582 3177 8866 3583 3178 8867 3583 3178 8868 3584 3179 8869 3581 3176 8870 3323 2906 8871 3581 3176 8872 3584 3179 8873 3584 3179 8874 3324 2907 8875 3323 2906 8876 3585 3180 8877 3586 3181 8878 3587 3182 8879 3587 3182 8880 3588 3183 8881 3585 3180 8882 3589 3184 8883 3590 3185 8884 3573 3168 8885 3573 3168 8886 3576 3171 8887 3589 3184 8888 3590 3185 8889 3591 3186 8890 3577 3172 8891 3577 3172 8892 3573 3168 8893 3590 3185 8894 3592 3187 8895 3580 3175 8896 3577 3172 8897 3577 3172 8898 3591 3186 8899 3592 3187 8900 3579 3174 8901 3580 3175 8902 3593 3188 8903 3593 3188 8904 3594 3189 8905 3579 3174 8906 3595 3190 8907 3596 3191 8908 3593 3188 8909 3593 3188 8910 3597 3192 8911 3595 3190 8912 3338 2921 8913 3589 3184 8914 3576 3171 8915 3576 3171 8916 3339 2922 8917 3338 2921 8918 3598 3193 8919 3588 3183 8920 3587 3182 8921 3599 3194 8922 3588 3195 8923 3600 3196 8924 3342 2925 8925 3345 2928 8926 3601 3197 8927 3601 3197 8928 3602 3198 8929 3342 2925 8930 3603 3199 8931 3604 3200 8932 3605 3201 8933 3605 3201 8934 3606 3202 8935 3603 3199 8936 3350 2933 8937 3352 2935 8938 3607 3203 8939 3608 3204 8940 3355 2938 8941 3609 3205 8942 3565 3160 8943 3610 3206 8944 3611 3207 8945 3611 3207 8946 3612 3208 8947 3565 3160 8948 3564 3159 8949 3613 3209 8950 3610 3206 8951 3610 3206 8952 3565 3160 8953 3564 3159 8954 3614 3210 8955 3615 3211 8956 3616 3212 8957 3616 3212 8958 3617 3213 8959 3614 3210 8960 3612 3208 8961 3611 3207 8962 3618 3214 8963 3618 3214 8964 3619 3215 8965 3612 3208 8966 3620 3216 8967 3621 3217 8968 3622 3218 8969 3623 3219 8970 3622 3218 8971 3624 3220 8972 3625 3221 8973 3626 3222 8974 3627 3223 8975 3627 3223 8976 3628 3224 8977 3625 3221 8978 3621 3217 8979 3378 2961 8980 3377 2960 8981 3629 3225 8982 3566 3161 8983 3630 3226 8984 3630 3226 8985 3530 3125 8986 3629 3225 8987 3631 3227 8988 3632 3228 8989 3633 3229 8990 3633 3229 8991 3618 3214 8992 3631 3227 8993 3634 3230 8994 3635 3231 8995 3636 3232 8996 3637 3233 8997 3638 3234 8998 3639 3235 8999 3639 3235 9000 3640 3236 9001 3637 3233 9002 3638 3237 9003 3641 3238 9004 3642 3239 9005 3642 3239 9006 3643 3240 9007 3638 3237 9008 3641 3238 9009 3644 3241 9010 3645 3242 9011 3645 3242 9012 3642 3239 9013 3641 3238 9014 3646 3243 9015 3647 3244 9016 3648 3245 9017 3648 3245 9018 3649 3246 9019 3646 3243 9020 3646 3243 9021 3649 3246 9022 3650 3247 9023 3650 3247 9024 3651 3248 9025 3646 3243 9026 3648 3245 9027 3647 3244 9028 3645 3242 9029 3645 3242 9030 3644 3241 9031 3648 3245 9032 3652 3249 9033 3594 3189 9034 3593 3188 9035 3593 3188 9036 3596 3191 9037 3652 3249 9038 3401 2986 9039 3652 3249 9040 3596 3191 9041 3596 3191 9042 3402 2987 9043 3401 2986 9044 3620 3216 9045 3622 3218 9046 3623 3219 9047 3653 3250 9048 3574 3169 9049 3578 3173 9050 3578 3173 9051 3586 3181 9052 3653 3250 9053 3653 3250 9054 3405 2990 9055 3404 2989 9056 3404 2989 9057 3575 3170 9058 3653 3250 9059 3570 3165 9060 3654 3251 9061 3564 3159 9062 3564 3159 9063 3567 3162 9064 3570 3165 9065 3407 2992 9066 3545 3140 9067 3408 2993 9068 3404 2989 9069 3339 2922 9070 3576 3171 9071 3576 3171 9072 3575 3170 9073 3404 2989 9074 3595 3190 9075 3409 2994 9076 3402 2987 9077 3402 2987 9078 3596 3191 9079 3595 3190 9080 3410 2995 9081 3411 2996 9082 3626 3222 9083 3626 3222 9084 3625 3221 9085 3410 2995 9086 3355 2938 9087 3608 3204 9088 3655 3252 9089 3655 3252 9090 3412 2997 9091 3355 2938 9092 3656 3253 9093 3657 3254 9094 3535 3130 9095 3535 3130 9096 3534 3129 9097 3656 3253 9098 3530 3125 9099 3528 3123 9100 3629 3225 9101 3658 3255 9102 3659 3256 9103 3660 3257 9104 3660 3257 9105 3527 3122 9106 3658 3255 9107 3661 3258 9108 3662 3259 9109 3533 3128 9110 3663 3260 9111 3350 2933 9112 3607 3203 9113 3664 3261 9114 3533 3128 9115 3532 3127 9116 3532 3127 9117 3665 3262 9118 3664 3261 9119 3630 3226 9120 3665 3262 9121 3532 3127 9122 3532 3127 9123 3530 3125 9124 3630 3226 9125 3567 3162 9126 3566 3161 9127 3629 3225 9128 3629 3225 9129 3666 3263 9130 3567 3162 9131 3667 3264 9132 3668 3265 9133 3669 3266 9134 3621 3217 9135 3377 2960 9136 3622 3218 9137 3412 2997 9138 3655 3252 9139 3670 3267 9140 3670 3267 9141 3424 3009 9142 3412 2997 9143 3671 3268 9144 3427 3269 9145 3614 3210 9146 3614 3210 9147 3617 3213 9148 3671 3268 9149 3568 3163 9150 3604 3200 9151 3562 3157 9152 3562 3157 9153 3555 3150 9154 3568 3163 9155 3548 3143 9156 3271 2851 9157 3671 3268 9158 3671 3268 9159 3617 3213 9160 3548 3143 9161 3616 3212 9162 3548 3143 9163 3617 3213 9164 3571 3166 9165 3544 3139 9166 3547 3142 9167 3547 3142 9168 3572 3167 9169 3571 3166 9170 3562 3157 9171 3553 3148 9172 3561 3156 9173 3561 3156 9174 3563 3158 9175 3562 3157 9176 3550 3145 9177 3553 3148 9178 3562 3157 9179 3562 3157 9180 3604 3200 9181 3550 3145 9182 3604 3200 9183 3603 3199 9184 3672 3270 9185 3672 3270 9186 3550 3145 9187 3604 3200 9188 3424 3009 9189 3670 3267 9190 3673 3271 9191 3619 3215 9192 3618 3214 9193 3633 3229 9194 3654 3251 9195 3615 3211 9196 3614 3210 9197 3614 3210 9198 3674 3272 9199 3654 3251 9200 3615 3211 9201 3654 3251 9202 3570 3165 9203 3570 3165 9204 3554 3149 9205 3615 3211 9206 3272 2852 9207 3549 3144 9208 3560 3155 9209 3616 3212 9210 3675 3273 9211 3548 3143 9212 3675 3273 9213 3549 3144 9214 3548 3143 9215 3615 3211 9216 3554 3149 9217 3556 3151 9218 3556 3151 9219 3616 3212 9220 3615 3211 9221 3560 3155 9222 3432 3017 9223 3272 2852 9224 3556 3151 9225 3563 3158 9226 3675 3273 9227 3563 3158 9228 3561 3156 9229 3549 3144 9230 3549 3144 9231 3675 3273 9232 3563 3158 9233 3676 3274 9234 3677 3275 9235 3678 3276 9236 3678 3276 9237 3679 3277 9238 3676 3274 9239 3568 3163 9240 3554 3149 9241 3570 3165 9242 3570 3165 9243 3569 3164 9244 3568 3163 9245 3680 3278 9246 3681 3279 9247 3677 3275 9248 3677 3275 9249 3676 3274 9250 3680 3278 9251 3572 3167 9252 3547 3142 9253 3682 3280 9254 3682 3280 9255 3683 3281 9256 3572 3167 9257 3684 3282 9258 3444 3029 9259 3443 3028 9260 3443 3028 9261 3685 3283 9262 3684 3282 9263 3606 3284 9264 3568 3163 9265 3569 3164 9266 3569 3164 9267 3686 3285 9268 3606 3284 9269 3654 3251 9270 3674 3272 9271 3613 3209 9272 3613 3209 9273 3564 3159 9274 3654 3251 9275 3637 3233 9276 3640 3236 9277 3687 3286 9278 3632 3228 9279 3631 3227 9280 3688 3287 9281 3688 3287 9282 3689 3288 9283 3632 3228 9284 3690 3289 9285 3691 3290 9286 3692 3291 9287 3692 3291 9288 3693 3292 9289 3690 3289 9290 3638 3293 9291 3694 3294 9292 3695 3295 9293 3695 3295 9294 3696 3296 9295 3638 3293 9296 3696 3296 9297 3695 3295 9298 3697 3297 9299 3697 3297 9300 3698 3298 9301 3696 3296 9302 3699 3299 9303 3700 3300 9304 3701 3301 9305 3701 3301 9306 3702 3302 9307 3699 3299 9308 3702 3302 9309 3701 3301 9310 3703 3303 9311 3703 3303 9312 3704 3304 9313 3702 3302 9314 3704 3304 9315 3703 3303 9316 3705 3305 9317 3705 3305 9318 3706 3306 9319 3704 3304 9320 3691 3290 9321 3690 3289 9322 3694 3294 9323 3694 3294 9324 3638 3293 9325 3691 3290 9326 3698 3298 9327 3697 3297 9328 3700 3300 9329 3700 3300 9330 3699 3299 9331 3698 3298 9332 3533 3128 9333 3707 3307 9334 3661 3258 9335 3542 3137 9336 3708 3308 9337 3543 3138 9338 3533 3128 9339 3709 3309 9340 3710 3310 9341 3709 3309 9342 3711 3311 9343 3710 3310 9344 3651 3312 9345 3712 3313 9346 3710 3314 9347 3713 3315 9348 3651 3248 9349 3650 3247 9350 3714 3316 9351 3653 3250 9352 3586 3181 9353 3586 3181 9354 3715 3317 9355 3714 3316 9356 3586 3181 9357 3585 3180 9358 3715 3317 9359 3712 3313 9360 3651 3312 9361 3716 3318 9362 3583 3178 9363 3587 3182 9364 3579 3174 9365 3579 3174 9366 3594 3189 9367 3583 3178 9368 3583 3178 9369 3594 3189 9370 3652 3249 9371 3652 3249 9372 3584 3179 9373 3583 3178 9374 3584 3179 9375 3652 3249 9376 3401 2986 9377 3401 2986 9378 3324 2907 9379 3584 3179 9380 3586 3181 9381 3578 3173 9382 3579 3174 9383 3579 3174 9384 3587 3182 9385 3586 3181 9386 3575 3170 9387 3574 3169 9388 3653 3250 9389 3597 3192 9390 3593 3188 9391 3580 3175 9392 3580 3175 9393 3592 3187 9394 3597 3192 9395 3717 3319 9396 3624 3220 9397 3628 3224 9398 3628 3224 9399 3627 3223 9400 3717 3319 9401 3718 3320 9402 3622 3218 9403 3377 2960 9404 3377 2960 9405 3477 3066 9406 3718 3320 9407 3718 3320 9408 3624 3220 9409 3622 3218 9410 3570 3165 9411 3567 3162 9412 3571 3166 9413 3527 3122 9414 3525 3120 9415 3658 3255 9416 3583 3178 9417 3582 3177 9418 3600 3321 9419 3600 3321 9420 3587 3182 9421 3583 3178 9422 3522 3117 9423 3533 3128 9424 3710 3310 9425 3719 3322 9426 3544 3139 9427 3571 3166 9428 3689 3288 9429 3687 3323 9430 3720 3324 9431 3720 3324 9432 3632 3228 9433 3689 3288 9434 3600 3321 9435 3582 3177 9436 3721 3325 9437 3718 3320 9438 3625 3221 9439 3628 3224 9440 3625 3221 9441 3718 3320 9442 3477 3066 9443 3477 3066 9444 3410 2995 9445 3625 3221 9446 3718 3320 9447 3628 3224 9448 3624 3220 9449 3664 3261 9450 3722 3326 9451 3707 3307 9452 3709 3309 9453 3533 3128 9454 3662 3259 9455 3444 3073 9456 3546 3141 9457 3545 3140 9458 3545 3140 9459 3407 2992 9460 3444 3073 9461 3482 3074 9462 3552 3147 9463 3551 3146 9464 3551 3146 9465 3345 3075 9466 3482 3074 9467 3672 3270 9468 3602 3327 9469 3551 3146 9470 3551 3146 9471 3550 3145 9472 3672 3270 9473 3723 3328 9474 3679 3277 9475 3678 3276 9476 3678 3276 9477 3724 3329 9478 3723 3328 9479 3546 3141 9480 3685 3330 9481 3682 3280 9482 3682 3280 9483 3547 3142 9484 3546 3141 9485 3432 3017 9486 3560 3155 9487 3552 3147 9488 3552 3147 9489 3482 3074 9490 3432 3017 9491 3719 3322 9492 3545 3140 9493 3544 3139 9494 3725 3331 9495 3669 3266 9496 3726 3332 9497 3408 2993 9498 3545 3140 9499 3719 3322 9500 3560 3155 9501 3549 3144 9502 3561 3156 9503 3669 3266 9504 3727 3333 9505 3726 3332 9506 3728 3334 9507 3729 3335 9508 3490 3085 9509 3490 3085 9510 3489 3084 9511 3728 3334 9512 3730 3336 9513 3731 3337 9514 3732 3338 9515 3730 3336 9516 3733 3339 9517 3734 3340 9518 3734 3340 9519 3731 3337 9520 3730 3336 9521 3735 3341 9522 3736 3342 9523 3737 3343 9524 3737 3343 9525 3721 3325 9526 3735 3341 9527 3738 3344 9528 3739 3345 9529 3740 3346 9530 3739 3345 9531 3738 3344 9532 3504 3099 9533 3504 3099 9534 3503 3098 9535 3739 3345 9536 3505 3100 9537 3506 3101 9538 3736 3342 9539 3736 3342 9540 3735 3341 9541 3505 3100 9542 3582 3177 9543 3581 3176 9544 3735 3341 9545 3735 3341 9546 3581 3176 9547 3323 2906 9548 3323 2906 9549 3505 3100 9550 3735 3341 9551 3731 3337 9552 3734 3340 9553 3741 3347 9554 3742 3348 9555 3525 3120 9556 3520 3115 9557 3658 3255 9558 3525 3120 9559 3742 3348 9560 3734 3340 9561 3743 3349 9562 3741 3347 9563 3744 3350 9564 3726 3332 9565 3511 3351 9566 3731 3337 9567 3741 3347 9568 3732 3338 9569 3667 3264 9570 3669 3266 9571 3725 3331 9572 3725 3331 9573 3726 3332 9574 3744 3350 9575 3609 3205 9576 3355 2938 9577 3663 3260 9578 3738 3344 9579 3740 3346 9580 3745 3352 9581 3735 3341 9582 3721 3325 9583 3582 3177 9584 3664 3261 9585 3707 3307 9586 3533 3128 9587 3663 3260 9588 3355 2938 9589 3350 2933 9590 3571 3166 9591 3666 3263 9592 3719 3322 9593 3571 3166 9594 3567 3162 9595 3666 3263 9596 3424 3009 9597 3673 3271 9598 3513 3108 9599 3572 3167 9600 3683 3281 9601 3686 3285 9602 3686 3285 9603 3569 3164 9604 3572 3167 9605 3521 3116 9606 3525 3120 9607 3527 3122 9608 3557 3152 9609 3559 3154 9610 3680 3353 9611 3607 3203 9612 3352 2935 9613 3746 3354 9614 3747 3355 9615 3748 3355 9616 3749 3355 9617 3660 3257 9618 3629 3225 9619 3528 3123 9620 3528 3123 9621 3527 3122 9622 3660 3257 9623 3518 3112 9624 3405 2990 9625 3653 3250 9626 3653 3250 9627 3714 3316 9628 3518 3112 9629 3556 3151 9630 3675 3273 9631 3616 3212 9632 3543 3138 9633 3708 3308 9634 3636 3356 9635 3623 3219 9636 3624 3220 9637 3717 3319 9638 3750 3357 9639 3751 3358 9640 3752 3359 9641 3752 3359 9642 3753 3360 9643 3750 3357 9644 3754 3361 9645 3755 3362 9646 3750 3357 9647 3750 3357 9648 3753 3360 9649 3754 3361 9650 3756 3363 9651 3755 3362 9652 3754 3361 9653 3754 3361 9654 3757 3364 9655 3756 3363 9656 3756 3363 9657 3757 3364 9658 3758 3365 9659 3758 3365 9660 3759 3366 9661 3756 3363 9662 3760 3367 9663 3759 3366 9664 3758 3365 9665 3758 3365 9666 3761 3368 9667 3760 3367 9668 3762 3369 9669 3752 3359 9670 3751 3358 9671 3751 3358 9672 3763 3370 9673 3762 3369 9674 3763 3370 9675 3760 3367 9676 3761 3368 9677 3761 3368 9678 3762 3369 9679 3763 3370 9680 3752 3359 9681 3764 3371 9682 3765 3372 9683 3765 3372 9684 3753 3360 9685 3752 3359 9686 3753 3360 9687 3765 3372 9688 3766 3373 9689 3766 3373 9690 3754 3361 9691 3753 3360 9692 3757 3364 9693 3754 3361 9694 3766 3373 9695 3766 3373 9696 3767 3374 9697 3757 3364 9698 3757 3364 9699 3767 3374 9700 3768 3375 9701 3768 3375 9702 3758 3365 9703 3757 3364 9704 3761 3368 9705 3758 3365 9706 3768 3375 9707 3768 3375 9708 3769 3376 9709 3761 3368 9710 3762 3369 9711 3761 3368 9712 3769 3376 9713 3769 3376 9714 3770 3377 9715 3762 3369 9716 3752 3359 9717 3762 3369 9718 3770 3377 9719 3770 3377 9720 3764 3371 9721 3752 3359 9722 3751 3358 9723 3750 3357 9724 3771 3378 9725 3750 3357 9726 3755 3362 9727 3771 3378 9728 3755 3362 9729 3756 3363 9730 3771 3378 9731 3756 3363 9732 3759 3366 9733 3771 3378 9734 3759 3366 9735 3760 3367 9736 3771 3378 9737 3763 3370 9738 3751 3358 9739 3771 3378 9740 3760 3367 9741 3763 3370 9742 3771 3378 9743 3249 2829 9744 3260 2840 9745 3258 2838 9746 3309 2891 9747 3308 2890 9748 3420 3005 9749 3772 3379 9750 3773 3380 9751 3774 3381 9752 3774 3381 9753 3775 3382 9754 3772 3379 9755 3776 3383 9756 3772 3379 9757 3775 3382 9758 3775 3382 9759 3777 3384 9760 3776 3383 9761 3778 3385 9762 3776 3383 9763 3777 3384 9764 3777 3384 9765 3779 3386 9766 3778 3385 9767 3780 3387 9768 3778 3385 9769 3779 3386 9770 3779 3386 9771 3781 3388 9772 3780 3387 9773 3782 3389 9774 3780 3387 9775 3781 3388 9776 3781 3388 9777 3783 3390 9778 3782 3389 9779 3784 3391 9780 3782 3389 9781 3783 3390 9782 3783 3390 9783 3785 3392 9784 3784 3391 9785 3786 3393 9786 3784 3391 9787 3785 3392 9788 3785 3392 9789 3787 3394 9790 3786 3393 9791 3788 3395 9792 3786 3393 9793 3787 3394 9794 3787 3394 9795 3789 3396 9796 3788 3395 9797 3790 3397 9798 3791 3398 9799 3792 3399 9800 3792 3399 9801 3793 3400 9802 3790 3397 9803 3793 3400 9804 3792 3399 9805 3794 3401 9806 3794 3401 9807 3795 3402 9808 3793 3400 9809 3795 3402 9810 3794 3401 9811 3796 3403 9812 3796 3403 9813 3797 3404 9814 3795 3402 9815 3797 3404 9816 3796 3403 9817 3798 3405 9818 3798 3405 9819 3799 3406 9820 3797 3404 9821 3788 3395 9822 3789 3396 9823 3800 3407 9824 3800 3407 9825 3801 3408 9826 3788 3395 9827 3801 3408 9828 3800 3407 9829 3802 3409 9830 3802 3409 9831 3803 3410 9832 3801 3408 9833 3803 3410 9834 3802 3409 9835 3804 3411 9836 3804 3411 9837 3805 3412 9838 3803 3410 9839 3805 3412 9840 3804 3411 9841 3806 3413 9842 3806 3413 9843 3807 3414 9844 3805 3412 9845 3807 3414 9846 3806 3413 9847 3808 3415 9848 3808 3415 9849 3809 3416 9850 3807 3414 9851 3808 3415 9852 3791 3398 9853 3790 3397 9854 3790 3397 9855 3809 3416 9856 3808 3415 9857 3792 3399 9858 3791 3398 9859 3810 3417 9860 3810 3417 9861 3811 3418 9862 3792 3399 9863 3811 3418 9864 3794 3401 9865 3792 3399 9866 3796 3403 9867 3794 3401 9868 3811 3418 9869 3811 3418 9870 3812 3419 9871 3796 3403 9872 3812 3419 9873 3798 3405 9874 3796 3403 9875 3775 3382 9876 3774 3381 9877 3813 3420 9878 3813 3420 9879 3814 3421 9880 3775 3382 9881 3814 3421 9882 3777 3384 9883 3775 3382 9884 3779 3386 9885 3777 3384 9886 3814 3421 9887 3814 3421 9888 3815 3422 9889 3779 3386 9890 3815 3422 9891 3781 3388 9892 3779 3386 9893 3783 3390 9894 3781 3388 9895 3815 3422 9896 3815 3422 9897 3816 3423 9898 3783 3390 9899 3816 3423 9900 3785 3392 9901 3783 3390 9902 3787 3394 9903 3785 3392 9904 3816 3423 9905 3816 3423 9906 3817 3424 9907 3787 3394 9908 3817 3424 9909 3789 3396 9910 3787 3394 9911 3800 3407 9912 3789 3396 9913 3817 3424 9914 3817 3424 9915 3818 3425 9916 3800 3407 9917 3818 3425 9918 3802 3409 9919 3800 3407 9920 3804 3411 9921 3802 3409 9922 3818 3425 9923 3818 3425 9924 3819 3426 9925 3804 3411 9926 3819 3426 9927 3806 3413 9928 3804 3411 9929 3808 3415 9930 3806 3413 9931 3819 3426 9932 3819 3426 9933 3810 3417 9934 3808 3415 9935 3810 3417 9936 3791 3398 9937 3808 3415 9938 3820 3427 9939 3821 3428 9940 3822 3429 9941 3822 3429 9942 3823 3430 9943 3820 3427 9944 3824 3431 9945 3825 3432 9946 3826 3433 9947 3827 3434 9948 3828 3435 9949 3829 3436 9950 3829 3436 9951 3830 3437 9952 3827 3434 9953 3830 3437 9954 3829 3436 9955 3825 3432 9956 3825 3432 9957 3824 3431 9958 3830 3437 9959 3831 3438 9960 3832 3439 9961 3820 3427 9962 3820 3427 9963 3823 3430 9964 3831 3438 9965 3831 3438 9966 3833 3440 9967 3832 3439 9968 3834 3441 9969 3835 3442 9970 3822 3429 9971 3822 3429 9972 3821 3428 9973 3834 3441 9974 3776 3383 9975 3836 3443 9976 3837 3444 9977 3837 3444 9978 3772 3379 9979 3776 3383 9980 3776 3383 9981 3778 3385 9982 3836 3443 9983 3780 3387 9984 3838 3445 9985 3836 3443 9986 3836 3443 9987 3778 3385 9988 3780 3387 9989 3780 3387 9990 3782 3389 9991 3838 3445 9992 3784 3391 9993 3839 3446 9994 3838 3445 9995 3838 3445 9996 3782 3389 9997 3784 3391 9998 3784 3391 9999 3786 3393 10000 3839 3446 10001 3788 3395 10002 3840 3447 10003 3839 3446 10004 3839 3446 10005 3786 3393 10006 3788 3395 10007 3788 3395 10008 3801 3408 10009 3840 3447 10010 3803 3410 10011 3841 3448 10012 3840 3447 10013 3840 3447 10014 3801 3408 10015 3803 3410 10016 3773 3380 10017 3772 3379 10018 3837 3444 10019 3799 3406 10020 3842 3449 10021 3843 3450 10022 3843 3450 10023 3797 3404 10024 3799 3406 10025 3795 3402 10026 3797 3404 10027 3843 3450 10028 3795 3402 10029 3843 3450 10030 3844 3451 10031 3844 3451 10032 3793 3400 10033 3795 3402 10034 3790 3397 10035 3793 3400 10036 3844 3451 10037 3790 3397 10038 3844 3451 10039 3845 3452 10040 3845 3452 10041 3809 3416 10042 3790 3397 10043 3807 3414 10044 3809 3416 10045 3845 3452 10046 3807 3414 10047 3845 3452 10048 3841 3448 10049 3841 3448 10050 3805 3412 10051 3807 3414 10052 3803 3410 10053 3805 3412 10054 3841 3448 10055 3846 3453 10056 3824 3431 10057 3826 3433 10058 3830 3437 10059 3824 3431 10060 3846 3453 10061 3846 3453 10062 3847 3454 10063 3830 3437 10064 3848 3455 10065 3830 3437 10066 3847 3454 10067 3827 3434 10068 3830 3437 10069 3848 3455 10070 3848 3455 10071 3849 3456 10072 3827 3434 10073 3828 3435 10074 3827 3434 10075 3849 3456 10076 3849 3456 10077 3850 3457 10078 3828 3435 10079 3826 3433 10080 3825 3432 10081 3851 3458 10082 3825 3432 10083 3829 3436 10084 3852 3459 10085 3852 3459 10086 3851 3458 10087 3825 3432 10088 3852 3459 10089 3829 3436 10090 3853 3460 10091 3829 3436 10092 3828 3435 10093 3850 3457 10094 3850 3457 10095 3853 3460 10096 3829 3436 10097 3854 3461 10098 3855 3462 10099 3856 3463 10100 3856 3463 10101 3857 3464 10102 3854 3461 10103 3857 3464 10104 3858 3465 10105 3854 3461 10106 3859 3466 10107 3858 3465 10108 3857 3464 10109 3857 3464 10110 3860 3467 10111 3859 3466 10112 3860 3467 10113 3861 3468 10114 3859 3466 10115 3862 3469 10116 3863 3470 10117 3864 3471 10118 3864 3471 10119 3865 3472 10120 3862 3469 10121 3865 3472 10122 3866 3473 10123 3862 3469 10124 3867 3474 10125 3866 3473 10126 3865 3472 10127 3865 3472 10128 3868 3475 10129 3867 3474 10130 3868 3475 10131 3869 3476 10132 3867 3474 10133 3870 3477 10134 3869 3476 10135 3868 3475 10136 3868 3475 10137 3871 3478 10138 3870 3477 10139 3871 3478 10140 3872 3479 10141 3870 3477 10142 3873 3480 10143 3872 3479 10144 3871 3478 10145 3871 3478 10146 3874 3481 10147 3873 3480 10148 3874 3481 10149 3875 3482 10150 3873 3480 10151 3876 3483 10152 3875 3482 10153 3874 3481 10154 3874 3481 10155 3877 3484 10156 3876 3483 10157 3877 3484 10158 3878 3485 10159 3876 3483 10160 3879 3486 10161 3878 3485 10162 3877 3484 10163 3877 3484 10164 3880 3487 10165 3879 3486 10166 3880 3487 10167 3881 3488 10168 3879 3486 10169 3882 3489 10170 3881 3488 10171 3880 3487 10172 3880 3487 10173 3856 3463 10174 3882 3489 10175 3856 3463 10176 3855 3462 10177 3882 3489 10178 3883 3490 10179 3884 3491 10180 3885 3492 10181 3885 3492 10182 3886 3493 10183 3883 3490 10184 3887 3494 10185 3888 3495 10186 3883 3490 10187 3883 3490 10188 3886 3493 10189 3887 3494 10190 3887 3494 10191 3889 3496 10192 3888 3495 10193 3890 3497 10194 3891 3498 10195 3885 3492 10196 3885 3492 10197 3884 3491 10198 3890 3497 10199 3862 3469 10200 3892 3499 10201 3893 3500 10202 3893 3500 10203 3863 3470 10204 3862 3469 10205 3862 3469 10206 3866 3473 10207 3894 3501 10208 3894 3501 10209 3892 3499 10210 3862 3469 10211 3866 3473 10212 3867 3474 10213 3895 3502 10214 3895 3502 10215 3894 3501 10216 3866 3473 10217 3867 3474 10218 3869 3476 10219 3896 3503 10220 3896 3503 10221 3895 3502 10222 3867 3474 10223 3869 3476 10224 3870 3477 10225 3897 3504 10226 3897 3504 10227 3896 3503 10228 3869 3476 10229 3870 3477 10230 3872 3479 10231 3898 3505 10232 3898 3505 10233 3897 3504 10234 3870 3477 10235 3872 3479 10236 3873 3480 10237 3899 3506 10238 3899 3506 10239 3898 3505 10240 3872 3479 10241 3873 3480 10242 3875 3482 10243 3900 3507 10244 3900 3507 10245 3899 3506 10246 3873 3480 10247 3854 3461 10248 3901 3508 10249 3902 3509 10250 3902 3509 10251 3855 3462 10252 3854 3461 10253 3854 3461 10254 3858 3465 10255 3903 3510 10256 3903 3510 10257 3901 3508 10258 3854 3461 10259 3858 3465 10260 3859 3466 10261 3904 3511 10262 3904 3511 10263 3903 3510 10264 3858 3465 10265 3859 3466 10266 3861 3468 10267 3905 3512 10268 3905 3512 10269 3904 3511 10270 3859 3466 10271 3875 3482 10272 3876 3483 10273 3906 3513 10274 3906 3513 10275 3900 3507 10276 3875 3482 10277 3876 3483 10278 3878 3485 10279 3907 3514 10280 3907 3514 10281 3906 3513 10282 3876 3483 10283 3878 3485 10284 3879 3486 10285 3908 3515 10286 3908 3515 10287 3907 3514 10288 3878 3485 10289 3879 3486 10290 3881 3488 10291 3909 3516 10292 3909 3516 10293 3908 3515 10294 3879 3486 10295 3881 3488 10296 3882 3489 10297 3910 3517 10298 3910 3517 10299 3909 3516 10300 3881 3488 10301 3902 3509 10302 3910 3517 10303 3882 3489 10304 3882 3489 10305 3855 3462 10306 3902 3509 10307 3892 3499 10308 3894 3501 10309 3911 3518 10310 3911 3518 10311 3912 3519 10312 3892 3499 10313 3894 3501 10314 3895 3502 10315 3911 3518 10316 3895 3502 10317 3896 3503 10318 3913 3520 10319 3913 3520 10320 3911 3518 10321 3895 3502 10322 3896 3503 10323 3897 3504 10324 3913 3520 10325 3897 3504 10326 3898 3505 10327 3914 3521 10328 3914 3521 10329 3913 3520 10330 3897 3504 10331 3898 3505 10332 3899 3506 10333 3914 3521 10334 3899 3506 10335 3900 3507 10336 3915 3522 10337 3915 3522 10338 3914 3521 10339 3899 3506 10340 3900 3507 10341 3906 3513 10342 3915 3522 10343 3906 3513 10344 3907 3514 10345 3916 3523 10346 3916 3523 10347 3915 3522 10348 3906 3513 10349 3893 3500 10350 3892 3499 10351 3912 3519 10352 3904 3511 10353 3905 3512 10354 3917 3524 10355 3917 3524 10356 3918 3525 10357 3904 3511 10358 3903 3510 10359 3904 3511 10360 3918 3525 10361 3901 3508 10362 3903 3510 10363 3918 3525 10364 3918 3525 10365 3919 3526 10366 3901 3508 10367 3902 3509 10368 3901 3508 10369 3919 3526 10370 3910 3517 10371 3902 3509 10372 3919 3526 10373 3919 3526 10374 3920 3527 10375 3910 3517 10376 3909 3516 10377 3910 3517 10378 3920 3527 10379 3908 3515 10380 3909 3516 10381 3920 3527 10382 3920 3527 10383 3916 3523 10384 3908 3515 10385 3907 3514 10386 3908 3515 10387 3916 3523 10388 3921 3528 10389 3922 3529 10390 3923 3530 10391 3922 3529 10392 3924 3531 10393 3923 3530 10394 3924 3531 10395 3925 3532 10396 3923 3530 10397 3925 3532 10398 3926 3533 10399 3923 3530 10400 3927 3534 10401 3928 3535 10402 3923 3530 10403 3929 3536 10404 3927 3534 10405 3923 3530 10406 3930 3537 10407 3929 3536 10408 3923 3530 10409 3926 3533 10410 3930 3537 10411 3923 3530 10412 3928 3535 10413 3921 3528 10414 3923 3530 10415 3931 3538 10416 3932 3539 10417 3933 3540 10418 3933 3540 10419 3934 3541 10420 3931 3538 10421 3935 3542 10422 3936 3543 10423 3932 3539 10424 3932 3539 10425 3931 3538 10426 3935 3542 10427 3937 3544 10428 3938 3545 10429 3936 3543 10430 3936 3543 10431 3935 3542 10432 3937 3544 10433 3939 3546 10434 3940 3547 10435 3938 3545 10436 3938 3545 10437 3937 3544 10438 3939 3546 10439 3941 3548 10440 3942 3549 10441 3940 3547 10442 3940 3547 10443 3939 3546 10444 3941 3548 10445 3943 3550 10446 3944 3551 10447 3942 3549 10448 3942 3549 10449 3941 3548 10450 3943 3550 10451 3945 3552 10452 3946 3553 10453 3944 3551 10454 3944 3551 10455 3943 3550 10456 3945 3552 10457 3947 3554 10458 3948 3555 10459 3946 3553 10460 3946 3553 10461 3945 3552 10462 3947 3554 10463 3949 3556 10464 3950 3557 10465 3951 3558 10466 3951 3558 10467 3952 3559 10468 3949 3556 10469 3950 3557 10470 3953 3560 10471 3954 3561 10472 3954 3561 10473 3951 3558 10474 3950 3557 10475 3953 3560 10476 3955 3562 10477 3956 3563 10478 3956 3563 10479 3954 3561 10480 3953 3560 10481 3955 3562 10482 3957 3564 10483 3958 3565 10484 3958 3565 10485 3956 3563 10486 3955 3562 10487 3947 3554 10488 3959 3566 10489 3960 3567 10490 3960 3567 10491 3948 3555 10492 3947 3554 10493 3959 3566 10494 3961 3568 10495 3962 3569 10496 3962 3569 10497 3960 3567 10498 3959 3566 10499 3961 3568 10500 3963 3570 10501 3964 3571 10502 3964 3571 10503 3962 3569 10504 3961 3568 10505 3963 3570 10506 3965 3572 10507 3966 3573 10508 3966 3573 10509 3964 3571 10510 3963 3570 10511 3965 3572 10512 3967 3574 10513 3968 3575 10514 3968 3575 10515 3966 3573 10516 3965 3572 10517 3968 3575 10518 3967 3574 10519 3949 3556 10520 3949 3556 10521 3952 3559 10522 3968 3575 10523 3951 3558 10524 3969 3576 10525 3970 3577 10526 3970 3577 10527 3952 3559 10528 3951 3558 10529 3969 3576 10530 3951 3558 10531 3954 3561 10532 3956 3563 10533 3971 3578 10534 3969 3576 10535 3969 3576 10536 3954 3561 10537 3956 3563 10538 3971 3578 10539 3956 3563 10540 3958 3565 10541 3932 3539 10542 3972 3579 10543 3973 3580 10544 3973 3580 10545 3933 3540 10546 3932 3539 10547 3972 3579 10548 3932 3539 10549 3936 3543 10550 3938 3545 10551 3974 3581 10552 3972 3579 10553 3972 3579 10554 3936 3543 10555 3938 3545 10556 3974 3581 10557 3938 3545 10558 3940 3547 10559 3942 3549 10560 3975 3582 10561 3974 3581 10562 3974 3581 10563 3940 3547 10564 3942 3549 10565 3975 3582 10566 3942 3549 10567 3944 3551 10568 3946 3553 10569 3976 3583 10570 3975 3582 10571 3975 3582 10572 3944 3551 10573 3946 3553 10574 3976 3583 10575 3946 3553 10576 3948 3555 10577 3960 3567 10578 3977 3584 10579 3976 3583 10580 3976 3583 10581 3948 3555 10582 3960 3567 10583 3977 3584 10584 3960 3567 10585 3962 3569 10586 3964 3571 10587 3978 3585 10588 3977 3584 10589 3977 3584 10590 3962 3569 10591 3964 3571 10592 3978 3585 10593 3964 3571 10594 3966 3573 10595 3968 3575 10596 3970 3577 10597 3978 3585 10598 3978 3585 10599 3966 3573 10600 3968 3575 10601 3970 3577 10602 3968 3575 10603 3952 3559 10604 3979 3586 10605 3980 3587 10606 3981 3588 10607 3981 3588 10608 3982 3589 10609 3979 3586 10610 3983 3590 10611 3984 3591 10612 3985 3592 10613 3986 3593 10614 3987 3594 10615 3988 3595 10616 3988 3595 10617 3989 3596 10618 3986 3593 10619 3987 3594 10620 3983 3590 10621 3985 3592 10622 3985 3592 10623 3988 3595 10624 3987 3594 10625 3990 3597 10626 3980 3587 10627 3979 3586 10628 3979 3586 10629 3991 3598 10630 3990 3597 10631 3990 3597 10632 3991 3598 10633 3992 3599 10634 3993 3600 10635 3982 3589 10636 3981 3588 10637 3981 3588 10638 3994 3601 10639 3993 3600 10640 3935 3542 10641 3931 3538 10642 3995 3602 10643 3995 3602 10644 3996 3603 10645 3935 3542 10646 3935 3542 10647 3996 3603 10648 3937 3544 10649 3939 3546 10650 3937 3544 10651 3996 3603 10652 3996 3603 10653 3997 3604 10654 3939 3546 10655 3939 3546 10656 3997 3604 10657 3941 3548 10658 3943 3550 10659 3941 3548 10660 3997 3604 10661 3997 3604 10662 3998 3605 10663 3943 3550 10664 3943 3550 10665 3998 3605 10666 3945 3552 10667 3947 3554 10668 3945 3552 10669 3998 3605 10670 3998 3605 10671 3999 3606 10672 3947 3554 10673 3947 3554 10674 3999 3606 10675 3959 3566 10676 3961 3568 10677 3959 3566 10678 3999 3606 10679 3999 3606 10680 4000 3607 10681 3961 3568 10682 3934 3541 10683 3995 3602 10684 3931 3538 10685 3957 3564 10686 3955 3562 10687 4001 3608 10688 4001 3608 10689 4002 3609 10690 3957 3564 10691 3953 3560 10692 4001 3608 10693 3955 3562 10694 3953 3560 10695 3950 3557 10696 4003 3610 10697 4003 3610 10698 4001 3608 10699 3953 3560 10700 3949 3556 10701 4003 3610 10702 3950 3557 10703 3949 3556 10704 3967 3574 10705 4004 3611 10706 4004 3611 10707 4003 3610 10708 3949 3556 10709 3965 3572 10710 4004 3611 10711 3967 3574 10712 3965 3572 10713 3963 3570 10714 4000 3607 10715 4000 3607 10716 4004 3611 10717 3965 3572 10718 3961 3568 10719 4000 3607 10720 3963 3570 10721 4005 3612 10722 3984 3591 10723 3983 3590 10724 3987 3594 10725 4006 3613 10726 4005 3612 10727 4005 3612 10728 3983 3590 10729 3987 3594 10730 4007 3614 10731 4006 3613 10732 3987 3594 10733 3986 3593 10734 4008 3615 10735 4007 3614 10736 4007 3614 10737 3987 3594 10738 3986 3593 10739 3989 3596 10740 4009 3616 10741 4008 3615 10742 4008 3615 10743 3986 3593 10744 3989 3596 10745 3984 3591 10746 4010 3617 10747 3985 3592 10748 3985 3592 10749 4010 3617 10750 4011 3618 10751 4011 3618 10752 3988 3595 10753 3985 3592 10754 4011 3618 10755 4012 3619 10756 3988 3595 10757 3988 3595 10758 4012 3619 10759 4009 3616 10760 4009 3616 10761 3989 3596 10762 3988 3595 10763 4013 3620 10764 4014 3621 10765 4015 3622 10766 4015 3622 10767 4016 3623 10768 4013 3620 10769 4014 3621 10770 4013 3620 10771 4017 3624 10772 4018 3625 10773 4019 3626 10774 4014 3621 10775 4014 3621 10776 4017 3624 10777 4018 3625 10778 4019 3626 10779 4018 3625 10780 4020 3627 10781 4021 3628 10782 4022 3629 10783 4023 3630 10784 4023 3630 10785 4024 3631 10786 4021 3628 10787 4022 3629 10788 4021 3628 10789 4025 3632 10790 4026 3633 10791 4027 3634 10792 4022 3629 10793 4022 3629 10794 4025 3632 10795 4026 3633 10796 4027 3634 10797 4026 3633 10798 4028 3635 10799 4029 3636 10800 4030 3637 10801 4027 3634 10802 4027 3634 10803 4028 3635 10804 4029 3636 10805 4030 3637 10806 4029 3636 10807 4031 3638 10808 4032 3639 10809 4033 3640 10810 4030 3637 10811 4030 3637 10812 4031 3638 10813 4032 3639 10814 4033 3640 10815 4032 3639 10816 4034 3641 10817 4035 3642 10818 4036 3643 10819 4033 3640 10820 4033 3640 10821 4034 3641 10822 4035 3642 10823 4036 3643 10824 4035 3642 10825 4037 3644 10826 4038 3645 10827 4039 3646 10828 4036 3643 10829 4036 3643 10830 4037 3644 10831 4038 3645 10832 4039 3646 10833 4038 3645 10834 4040 3647 10835 4041 3648 10836 4015 3622 10837 4039 3646 10838 4039 3646 10839 4040 3647 10840 4041 3648 10841 4015 3622 10842 4041 3648 10843 4016 3623 10844 4042 3649 10845 4043 3650 10846 4044 3651 10847 4044 3651 10848 4045 3652 10849 4042 3649 10850 4046 3653 10851 4043 3650 10852 4042 3649 10853 4042 3649 10854 4047 3654 10855 4046 3653 10856 4046 3653 10857 4047 3654 10858 4048 3655 10859 4049 3656 10860 4045 3652 10861 4044 3651 10862 4044 3651 10863 4050 3657 10864 4049 3656 10865 4021 3628 10866 4024 3631 10867 4051 3658 10868 4051 3658 10869 4052 3659 10870 4021 3628 10871 4021 3628 10872 4052 3659 10873 4053 3660 10874 4053 3660 10875 4025 3632 10876 4021 3628 10877 4025 3632 10878 4053 3660 10879 4054 3661 10880 4054 3661 10881 4026 3633 10882 4025 3632 10883 4026 3633 10884 4054 3661 10885 4055 3662 10886 4055 3662 10887 4028 3635 10888 4026 3633 10889 4028 3635 10890 4055 3662 10891 4056 3663 10892 4056 3663 10893 4029 3636 10894 4028 3635 10895 4029 3636 10896 4056 3663 10897 4057 3664 10898 4057 3664 10899 4031 3638 10900 4029 3636 10901 4031 3638 10902 4057 3664 10903 4058 3665 10904 4058 3665 10905 4032 3639 10906 4031 3638 10907 4032 3639 10908 4058 3665 10909 4059 3666 10910 4059 3666 10911 4034 3641 10912 4032 3639 10913 4013 3620 10914 4016 3623 10915 4060 3667 10916 4060 3667 10917 4061 3668 10918 4013 3620 10919 4013 3620 10920 4061 3668 10921 4062 3669 10922 4062 3669 10923 4017 3624 10924 4013 3620 10925 4017 3624 10926 4062 3669 10927 4063 3670 10928 4063 3670 10929 4018 3625 10930 4017 3624 10931 4018 3625 10932 4063 3670 10933 4064 3671 10934 4064 3671 10935 4020 3627 10936 4018 3625 10937 4034 3641 10938 4059 3666 10939 4065 3672 10940 4065 3672 10941 4035 3642 10942 4034 3641 10943 4035 3642 10944 4065 3672 10945 4066 3673 10946 4066 3673 10947 4037 3644 10948 4035 3642 10949 4037 3644 10950 4066 3673 10951 4067 3674 10952 4067 3674 10953 4038 3645 10954 4037 3644 10955 4038 3645 10956 4067 3674 10957 4068 3675 10958 4068 3675 10959 4040 3647 10960 4038 3645 10961 4040 3647 10962 4068 3675 10963 4069 3676 10964 4069 3676 10965 4041 3648 10966 4040 3647 10967 4060 3667 10968 4016 3623 10969 4041 3648 10970 4041 3648 10971 4069 3676 10972 4060 3667 10973 4052 3659 10974 4070 3677 10975 4071 3678 10976 4071 3678 10977 4053 3660 10978 4052 3659 10979 4053 3660 10980 4071 3678 10981 4054 3661 10982 4054 3661 10983 4071 3678 10984 4072 3679 10985 4072 3679 10986 4055 3662 10987 4054 3661 10988 4055 3662 10989 4072 3679 10990 4056 3663 10991 4056 3663 10992 4072 3679 10993 4073 3680 10994 4073 3680 10995 4057 3664 10996 4056 3663 10997 4057 3664 10998 4073 3680 10999 4058 3665 11000 4058 3665 11001 4073 3680 11002 4074 3681 11003 4074 3681 11004 4059 3666 11005 4058 3665 11006 4059 3666 11007 4074 3681 11008 4065 3672 11009 4065 3672 11010 4074 3681 11011 4075 3682 11012 4075 3682 11013 4066 3673 11014 4065 3672 11015 4051 3658 11016 4070 3677 11017 4052 3659 11018 4063 3670 11019 4076 3683 11020 4077 3684 11021 4077 3684 11022 4064 3671 11023 4063 3670 11024 4062 3669 11025 4076 3683 11026 4063 3670 11027 4061 3668 11028 4078 3685 11029 4076 3683 11030 4076 3683 11031 4062 3669 11032 4061 3668 11033 4060 3667 11034 4078 3685 11035 4061 3668 11036 4069 3676 11037 4079 3686 11038 4078 3685 11039 4078 3685 11040 4060 3667 11041 4069 3676 11042 4068 3675 11043 4079 3686 11044 4069 3676 11045 4067 3674 11046 4075 3682 11047 4079 3686 11048 4079 3686 11049 4068 3675 11050 4067 3674 11051 4066 3673 11052 4075 3682 11053 4067 3674 11054 4080 3687 11055 4081 3688 11056 4082 3689 11057 4082 3689 11058 4081 3688 11059 4083 3690 11060 4083 3690 11061 4081 3688 11062 4084 3691 11063 4084 3691 11064 4081 3688 11065 4085 3692 11066 4086 3693 11067 4081 3688 11068 4087 3694 11069 4088 3695 11070 4081 3688 11071 4086 3693 11072 4089 3696 11073 4081 3688 11074 4088 3695 11075 4085 3692 11076 4081 3688 11077 4089 3696 11078 4087 3694 11079 4081 3688 11080 4080 3687 11081 4090 3697 11082 4091 3698 11083 4092 3699 11084 4092 3699 11085 4093 3700 11086 4090 3697 11087 4094 3701 11088 4095 3702 11089 4096 3703 11090 4096 3703 11091 4097 3704 11092 4094 3701 11093 4098 3705 11094 4099 3706 11095 4100 3707 11096 4100 3707 11097 4101 3708 11098 4098 3705 11099 4102 3709 11100 4095 3702 11101 4094 3701 11102 4094 3701 11103 4103 3710 11104 4102 3709 11105 4100 3707 11106 4102 3709 11107 4103 3710 11108 4103 3710 11109 4101 3708 11110 4100 3707 11111 4104 3711 11112 4105 3712 11113 4106 3713 11114 4106 3713 11115 4107 3714 11116 4104 3711 11117 4108 3715 11118 4109 3716 11119 4095 3702 11120 4095 3702 11121 4110 3717 11122 4108 3715 11123 4111 3718 11124 4108 3719 11125 4102 3709 11126 4102 3709 11127 4100 3707 11128 4111 3718 11129 4112 3720 11130 4113 3721 11131 4114 3722 11132 4114 3722 11133 4115 3723 11134 4112 3720 11135 4099 3724 11136 4116 3725 11137 4117 3726 11138 4117 3726 11139 4118 3727 11140 4099 3724 11141 4096 3703 11142 4095 3702 11143 4109 3716 11144 4109 3716 11145 4119 3728 11146 4096 3703 11147 4111 3718 11148 4100 3707 11149 4099 3706 11150 4099 3706 11151 4120 3729 11152 4111 3718 11153 4121 3730 11154 4122 3730 11155 4123 3730 11156 4124 3731 11157 4125 3731 11158 4126 3731 11159 4127 3732 11160 4128 3733 11161 4129 3734 11162 4129 3734 11163 4130 3735 11164 4127 3732 11165 4131 3736 11166 4132 3737 11167 4133 3738 11168 4133 3738 11169 4134 3739 11170 4131 3736 11171 4135 3740 11172 4136 3741 11173 4137 3742 11174 4137 3742 11175 4138 3743 11176 4135 3740 11177 4139 3744 11178 4140 3744 11179 4141 3744 11180 4142 3745 11181 4143 3745 11182 4144 3745 11183 4129 3734 11184 4145 3746 11185 4146 3747 11186 4146 3747 11187 4130 3735 11188 4129 3734 11189 4147 3748 11190 4148 3749 11191 4149 3750 11192 4149 3750 11193 4150 3751 11194 4147 3748 11195 4151 154 11196 4152 154 11197 4153 154 11198 4153 154 11199 4154 154 11200 4151 154 11201 4155 3752 11202 4156 3753 11203 4137 3742 11204 4137 3742 11205 4136 3741 11206 4155 3752 11207 4157 3754 11208 4158 1189 11209 4159 3755 11210 4160 3756 11211 4161 3757 11212 4162 3758 11213 4162 3758 11214 4163 3759 11215 4160 3756 11216 4164 3760 11217 4165 3761 11218 4166 3762 11219 4167 3763 11220 4168 3764 11221 4169 3765 11222 4169 3765 11223 4170 3766 11224 4167 3763 11225 4171 3767 11226 4172 3768 11227 4173 3769 11228 4173 3769 11229 4174 3770 11230 4171 3767 11231 4175 3771 11232 4176 3772 11233 4177 3773 11234 4177 3773 11235 4178 3774 11236 4175 3771 11237 4179 3775 11238 4180 3776 11239 4181 3777 11240 4181 3777 11241 4182 3778 11242 4179 3775 11243 4183 3779 11244 4172 3768 11245 4171 3767 11246 4171 3767 11247 4184 3780 11248 4183 3779 11249 4182 3778 11250 4181 3777 11251 4185 1169 11252 4186 1169 11253 4187 3781 11254 4188 3782 11255 4188 3782 11256 4189 1169 11257 4186 1169 11258 4190 3783 11259 4180 3776 11260 4179 3775 11261 4179 3775 11262 4191 3784 11263 4190 3783 11264 4192 3785 11265 4193 3785 11266 4194 3785 11267 4195 3786 11268 4196 3786 11269 4197 3786 11270 4198 3787 11271 4199 3788 11272 4200 3788 11273 4201 3789 11274 4202 3790 11275 4203 3791 11276 4204 1169 11277 4174 3770 11278 4173 3769 11279 4173 3769 11280 4205 1169 11281 4204 1169 11282 4206 1189 11283 4207 1189 11284 4208 1189 11285 4208 1189 11286 4209 1189 11287 4206 1189 11288 4165 3761 11289 4210 3792 11290 4211 3793 11291 4211 3793 11292 4166 3762 11293 4165 3761 11294 4212 3794 11295 4201 3789 11296 4203 3791 11297 4213 3795 11298 4214 3796 11299 4215 3797 11300 4215 3797 11301 4216 3798 11302 4213 3795 11303 4217 3799 11304 4211 3793 11305 4210 3792 11306 4210 3792 11307 4198 3800 11308 4217 3799 11309 4218 3801 11310 4219 3802 11311 4220 3803 11312 4220 3803 11313 4221 3804 11314 4218 3801 11315 4222 3805 11316 4223 3806 11317 4220 3807 11318 4201 3808 11319 4224 3809 11320 4225 3810 11321 4226 3811 11322 4227 3811 11323 4202 3812 11324 4201 3808 11325 4225 3810 11326 4228 3813 11327 4229 3814 11328 4230 3815 11329 4231 3816 11330 4165 3761 11331 4164 3760 11332 4230 3817 11333 4232 3818 11334 4233 3819 11335 4234 3820 11336 4233 3819 11337 4235 3821 11338 4234 3820 11339 4236 3822 11340 4237 3823 11341 4238 3824 11342 4239 3825 11343 4240 3826 11344 4236 3826 11345 4241 3827 11346 4242 3828 11347 4243 3829 11348 4244 3830 11349 4245 3830 11350 4246 3830 11351 4247 3831 11352 4248 3831 11353 4249 3831 11354 4242 3828 11355 4241 3827 11356 4198 3832 11357 4157 3754 11358 4159 3755 11359 4236 3822 11360 4159 3755 11361 4250 1189 11362 4251 3833 11363 4252 3834 11364 4253 3835 11365 4254 3836 11366 4254 3836 11367 4255 3837 11368 4252 3834 11369 4256 3838 11370 4257 3839 11371 4258 3840 11372 4258 3840 11373 4259 3841 11374 4256 3838 11375 4260 3842 11376 4261 3843 11377 4262 3844 11378 4262 3844 11379 4263 3845 11380 4260 3842 11381 4264 3846 11382 4265 3847 11383 4256 3838 11384 4256 3838 11385 4259 3841 11386 4264 3846 11387 4262 3844 11388 4261 3843 11389 4265 3847 11390 4265 3847 11391 4264 3846 11392 4262 3844 11393 4266 3848 11394 4267 3849 11395 4268 3850 11396 4268 3850 11397 4269 3712 11398 4266 3848 11399 4259 3841 11400 4270 3851 11401 4271 3852 11402 4271 3852 11403 4272 3853 11404 4259 3841 11405 4264 3846 11406 4271 3854 11407 4273 3855 11408 4273 3855 11409 4262 3844 11410 4264 3846 11411 4274 3856 11412 4275 3857 11413 4276 3858 11414 4276 3858 11415 4277 3859 11416 4274 3856 11417 4278 3860 11418 4279 3861 11419 4263 3862 11420 4263 3862 11421 4280 3863 11422 4278 3860 11423 4270 3851 11424 4259 3841 11425 4258 3840 11426 4258 3840 11427 4281 3864 11428 4270 3851 11429 4273 3855 11430 4282 3865 11431 4263 3845 11432 4263 3845 11433 4262 3844 11434 4273 3855 11435 4283 3730 11436 4284 3730 11437 4285 3730 11438 4286 3866 11439 4287 3866 11440 4288 3866 11441 4289 3867 11442 4290 3868 11443 4291 3869 11444 4291 3869 11445 4292 3870 11446 4289 3867 11447 4293 3871 11448 4294 3872 11449 4295 3873 11450 4295 3873 11451 4296 3874 11452 4293 3871 11453 4297 3875 11454 4298 3876 11455 4299 3877 11456 4299 3877 11457 4300 3878 11458 4297 3875 11459 4301 3879 11460 4302 3879 11461 4303 3879 11462 4304 3880 11463 4305 3880 11464 4306 3880 11465 4291 3869 11466 4290 3868 11467 4307 3881 11468 4307 3881 11469 4308 3882 11470 4291 3869 11471 4309 3883 11472 4310 3884 11473 4311 3885 11474 4311 3885 11475 4312 3751 11476 4309 3883 11477 4313 154 11478 4314 154 11479 4315 154 11480 4315 154 11481 4316 154 11482 4313 154 11483 4317 3886 11484 4300 3878 11485 4299 3877 11486 4299 3877 11487 4318 3887 11488 4317 3886 11489 4319 3888 11490 4320 3889 11491 4321 1174 11492 4322 3890 11493 4323 3891 11494 4162 3758 11495 4162 3758 11496 4161 3757 11497 4322 3890 11498 4324 3892 11499 4325 3893 11500 4326 3894 11501 4167 3763 11502 4327 3895 11503 4328 3896 11504 4328 3896 11505 4168 3764 11506 4167 3763 11507 4329 3897 11508 4330 3770 11509 4331 3898 11510 4331 3898 11511 4332 3899 11512 4329 3897 11513 4333 3771 11514 4334 3774 11515 4335 3773 11516 4335 3773 11517 4336 3772 11518 4333 3771 11519 4337 3900 11520 4338 3901 11521 4339 3902 11522 4339 3902 11523 4340 3776 11524 4337 3900 11525 4341 3903 11526 4342 3904 11527 4329 3897 11528 4329 3897 11529 4332 3899 11530 4341 3903 11531 4338 3901 11532 4343 1169 11533 4339 3902 11534 4344 3905 11535 4345 3906 11536 4188 3782 11537 4188 3782 11538 4187 3781 11539 4344 3905 11540 4346 3907 11541 4347 3784 11542 4337 3900 11543 4337 3900 11544 4340 3776 11545 4346 3907 11546 4348 3908 11547 4349 3908 11548 4350 3908 11549 4351 3909 11550 4352 3909 11551 4353 3909 11552 4354 3910 11553 4355 3911 11554 4356 3911 11555 4357 3912 11556 4358 3913 11557 4359 3914 11558 4360 1169 11559 4361 1169 11560 4331 3898 11561 4331 3898 11562 4330 3770 11563 4360 1169 11564 4362 3915 11565 4363 1174 11566 4364 3916 11567 4364 3916 11568 4365 3917 11569 4362 3915 11570 4326 3894 11571 4325 3893 11572 4366 3918 11573 4366 3918 11574 4367 3919 11575 4326 3894 11576 4368 3920 11577 4358 3913 11578 4357 3912 11579 4369 3921 11580 4370 3922 11581 4371 3923 11582 4371 3923 11583 4372 3924 11584 4369 3921 11585 4373 3925 11586 4354 3926 11587 4367 3919 11588 4367 3919 11589 4366 3918 11590 4373 3925 11591 4218 3801 11592 4221 3804 11593 4374 3927 11594 4374 3927 11595 4375 3928 11596 4218 3801 11597 4376 3929 11598 4374 3930 11599 4377 3931 11600 4357 3932 11601 4378 3933 11602 4379 3934 11603 4380 3935 11604 4359 3936 11605 4381 3935 11606 4357 3932 11607 4382 3937 11608 4378 3933 11609 4383 3938 11610 4384 3939 11611 4385 3940 11612 4326 3894 11613 4385 3941 11614 4324 3892 11615 4386 3942 11616 4387 3943 11617 4388 3944 11618 4388 3944 11619 4387 3943 11620 4389 3945 11621 4369 3946 11622 4390 3947 11623 4391 3948 11624 4391 3948 11625 4392 3949 11626 4369 3946 11627 4393 3950 11628 4394 3951 11629 4395 3952 11630 4396 3953 11631 4397 3953 11632 4398 3953 11633 4399 3954 11634 4400 3954 11635 4401 3954 11636 4395 3952 11637 4354 3955 11638 4393 3950 11639 4320 3889 11640 4319 3888 11641 4390 3956 11642 4390 3956 11643 4402 3957 11644 4320 3889 11645 4320 3889 11646 4402 3957 11647 4403 1174 11648 4404 3958 11649 4405 3959 11650 4406 3960 11651 4406 3960 11652 4407 3961 11653 4404 3958 11654 4238 3824 11655 4213 3962 11656 4408 3963 11657 4239 3964 11658 4409 3964 11659 4157 3964 11660 4251 3833 11661 4237 3823 11662 4236 3822 11663 4159 3755 11664 4251 3833 11665 4236 3822 11666 4238 3824 11667 4237 3823 11668 4213 3962 11669 4410 3965 11670 4411 3966 11671 4412 3967 11672 4412 3967 11673 4413 3968 11674 4410 3965 11675 4413 3968 11676 4412 3967 11677 1348 1246 11678 1348 1246 11679 1347 1245 11680 4413 3968 11681 4414 3969 11682 1316 1214 11683 4415 3970 11684 4415 3970 11685 4416 3971 11686 4414 3969 11687 4414 3969 11688 4416 3971 11689 1350 1248 11690 1350 1248 11691 1349 1247 11692 4414 3969 11693 4412 3967 11694 4411 3966 11695 4417 3972 11696 4417 3972 11697 4418 3973 11698 4412 3967 11699 1348 1246 11700 4412 3967 11701 4418 3973 11702 4418 3973 11703 1351 1249 11704 1348 1246 11705 1359 1257 11706 1316 1214 11707 4414 3969 11708 4414 3969 11709 4419 3974 11710 1359 1257 11711 4419 3974 11712 4414 3969 11713 1349 1247 11714 1349 1247 11715 1352 1250 11716 4419 3974 11717 4418 3973 11718 4417 3972 11719 4420 3975 11720 4420 3975 11721 4421 3976 11722 4418 3973 11723 1351 1249 11724 4418 3973 11725 4421 3976 11726 4421 3976 11727 1353 1251 11728 1351 1249 11729 4422 3977 11730 1328 1226 11731 1359 1257 11732 1359 1257 11733 4419 3974 11734 4422 3977 11735 1354 1252 11736 4422 3977 11737 4419 3974 11738 4419 3974 11739 1352 1250 11740 1354 1252 11741</p>
        </triangles>
      </mesh>
    </geometry>
  </library_geometries>
  <library_controllers>
    <controller id="Armature_mater_lod1-skin" name="Armature">
      <skin source="#mater_lod1-mesh">
        <bind_shape_matrix>1 0 0 3.85323e-6 0 1 1.42109e-14 -1.92186e-5 0 -1.42109e-14 1 -7.70443e-6 0 0 0 1</bind_shape_matrix>
        <source id="Armature_mater_lod1-skin-joints">
          <Name_array id="Armature_mater_lod1-skin-joints-array" count="77">CATRig_axel_front CATRig_axel_rear CATRig_wheelbase_rear_l CATRig_wheel_rear_l CATRig_wheel_rear_in_l CATRig_wheelbase_rear_r CATRig_wheel_rear_r CATRig_wheel_rear_in_r CATRig_body_f CATRig_head CATRig_eye_rBone009 CATRig_brow01_cor_l CATRig_brow01_cor_r CATRig_eye_brow_m CATRig_brow01_l CATRig_brow01_r CATRig_eye_l CATRig_eye_r CATRig_eyelash_T_r1 CATRig_eyelash_T_r2 CATRig_eyelash_T_shape_l CATRig_eyelash_T_shape_m CATRig_eyelash_T_shape_r CATRig_eyelash01_T_l CATRig_eyelash02_T_l CATRig_eyelash_B_shape_l CATRig_eyelash_B_shape_m CATRig_eyelash_B_shape_r CATRig_eyelash01_B_l CATRig_eyelash01_B_r CATRig_eyelash02_B_l CATRig_eyelash02_B_r CATRig_mrror_l CATRig_mrror_r CATRig_bumper_l CATRig_jaw CATRig_bumper_m CATRig_lip_low_l CATRig_lip_low_m CATRig_lip_low_r CATRig_teeth_low CATRig_tongue01 CATRig_tongue02 CATRig_bumper_r CATRig_cheek_l CATRig_cheek_r CATRig_enginecap CATRig_headlight_l CATRig_headlight_r CATRig_lip_cor_l CATRig_lip_cor_r CATRig_lip_up_l CATRig_lip_up_m CATRig_lip_up_r CATRig_teeth_up CATRig_body_r CATRig_crane CATRig_crane_pully_l CATRig_crane_pully_r CATRig_hook_rope CATRig_hook CATRig_rope01_l CATRig_rope01_r CATRig_rope02_l CATRig_rope02_r CATRig_hook_l CATRig_hook_r CATRig_light_l CATRig_light_siren CATRig_pully_l CATRig_pully_r CATRig_taillamp_l CATRig_taillamp_r CATRig_wheelbase_front_l CATRig_wheel_front_l CATRig_wheelbase_front_r CATRig_wheel_front_r</Name_array>
          <technique_common>
            <accessor source="#Armature_mater_lod1-skin-joints-array" count="77" stride="1">
              <param name="JOINT" type="name"/>
            </accessor>
          </technique_common>
        </source>
        <source id="Armature_mater_lod1-skin-bind_poses">
          <float_array id="Armature_mater_lod1-skin-bind_poses-array" count="1232">-4.37114e-6 -7.54979e-6 100 -104.3661 0 100 0 524.0881 -100 0 -4.37114e-6 4.25562e-4 0 0 0 1 -4.37114e-6 1.64923e-5 100 -161.218 -2.00197e-7 100 -2.40421e-5 -610.4971 -100 0 -4.37114e-6 -5.83456e-4 0 0 0 1 -4.37114e-6 1.64923e-5 100 16.32299 -2.00197e-7 100 -2.40421e-5 -608.0812 -100 0 -4.37114e-6 300.5369 0 0 0 1 100 0 2.02656e-4 -350.6029 -2.00197e-7 100 -2.40421e-5 -610.4981 -2.02656e-4 1.64923e-5 100 -161.218 0 0 0 1 100 0 2e-4 -249.5748 -2.00198e-7 100 -2.38419e-5 -610.4983 -2e-4 1.62921e-5 100 -161.2181 0 0 0 1 -4.37114e-6 1.64923e-5 100 16.32308 -2.00197e-7 100 -2.40421e-5 -608.0821 -100 0 -4.37114e-6 -300.537 0 0 0 1 -100 0 2.05834e-4 -350.6031 -2.00197e-7 100 -2.40421e-5 -610.4991 -2.05834e-4 -1.64923e-5 -100 161.218 0 0 0 1 -100 0 2.05834e-4 -249.576 -2.00197e-7 100 -2.38419e-5 -610.4991 -2.05834e-4 -1.62921e-5 -100 161.218 0 0 0 1 -4.37114e-6 -1.87927e-5 -100 360 2.50068e-6 100 -2.63425e-5 -58.07048 100 0 -4.37114e-6 1.40736e-4 0 0 0 1 -1.07284e-5 1.40339e-5 100 -574.8892 2.50068e-6 100 -2.15837e-5 171.4582 -100 0 -1.07284e-5 -2.08323e-4 0 0 0 1 -4.37114e-6 1.40339e-5 100 -896.5851 2.50068e-6 100 -2.15837e-5 171.4582 -100 0 -4.37114e-6 -2.20809e-4 0 0 0 1 70.71077 -1.15012e-5 -70.7106 463.0975 2.50068e-6 100 -2.38149e-5 293.7425 70.7106 1.15012e-5 70.71077 -801.4665 0 0 0 1 -70.71062 -1.15669e-5 -70.71073 463.098 2.50068e-6 100 -2.39079e-5 293.743 70.71073 -1.15669e-5 -70.71062 801.4666 0 0 0 1 -1.07284e-5 -1.5439e-5 -100 913.0074 2.50068e-6 100 -2.29888e-5 355.9447 100 0 -1.07284e-5 5.53952e-4 0 0 0 1 -4.37114e-6 -1.63172e-5 -100 909.7428 2.50068e-6 100 -2.3867e-5 338.9524 100 0 -4.37114e-6 -134.64 0 0 0 1 -4.37114e-6 -1.63172e-5 -100 909.7428 2.50068e-6 100 -2.3867e-5 338.9524 100 0 -4.37114e-6 134.64 0 0 0 1 -1.07284e-5 -1.40339e-5 -100 733.1586 2.50068e-6 100 -2.15837e-5 389.6549 100 0 -1.07284e-5 -71.04473 0 0 0 1 -1.07284e-5 -1.40339e-5 -100 733.1586 2.50068e-6 100 -2.15837e-5 389.6549 100 0 -1.07284e-5 71.04529 0 0 0 1 -17.36478 -1.67505e-5 -98.48079 766.7472 2.50068e-6 100 -2.45587e-5 363.5462 98.48079 -2.95355e-6 -17.36478 273.471 0 0 0 1 -29.58255 -1.62476e-5 -95.52421 686.0403 2.50068e-6 100 -2.45587e-5 292.4042 95.52421 -5.03166e-6 -29.58255 478.0525 0 0 0 1 -1.07284e-5 -1.70089e-5 -100 805.8032 2.50068e-6 100 -2.45587e-5 380.2912 100 0 -1.07284e-5 -32.63702 0 0 0 1 -1.07284e-5 -1.40339e-5 -100 805.8032 2.50068e-6 100 -2.15837e-5 380.2911 100 0 -1.07284e-5 2.9245e-4 0 0 0 1 -1.07284e-5 -1.70089e-5 -100 805.8032 2.50068e-6 100 -2.45587e-5 380.2912 100 0 -1.07284e-5 32.63749 0 0 0 1 17.36491 -1.67505e-5 -98.48076 766.747 2.50068e-6 100 -2.45587e-5 363.5464 98.48076 2.95357e-6 17.36491 -273.4706 0 0 0 1 29.5825 -1.62476e-5 -95.52421 686.0407 2.50068e-6 100 -2.45587e-5 292.4044 95.52421 5.03165e-6 29.5825 -478.0512 0 0 0 1 -5.20549e-5 1.64133e-5 100 -680.5548 2.50068e-6 100 -2.39631e-5 404.3522 -100 0 -5.20549e-5 32.63718 0 0 0 1 -5.20549e-5 1.64133e-5 100 -680.5548 2.50068e-6 100 -2.39631e-5 404.3522 -100 0 -5.20549e-5 -6.39412e-5 0 0 0 1 -5.20549e-5 1.64133e-5 100 -680.5547 2.50068e-6 100 -2.39631e-5 404.3522 -100 0 -5.20549e-5 -32.63732 0 0 0 1 17.36472 1.6164e-5 98.48079 -690.6934 2.50068e-6 100 -2.39631e-5 387.6077 -98.48079 2.85013e-6 17.36472 16.48448 0 0 0 1 -17.36482 1.6164e-5 98.48077 -690.6936 2.50068e-6 100 -2.39631e-5 387.6084 -98.48077 -2.85014e-6 -17.36482 -16.48536 0 0 0 1 11.88249 1.6297e-5 99.29152 -681.8881 2.50068e-6 100 -2.39631e-5 319.3691 -99.29152 1.95031e-6 11.88249 173.9139 0 0 0 1 -11.88257 1.6297e-5 99.29151 -681.8886 2.50068e-6 100 -2.39631e-5 319.3708 -99.29151 -1.95033e-6 -11.88257 -173.9143 0 0 0 1 -4.37114e-6 -1.40339e-5 -100 747.083 2.50068e-6 100 -2.15837e-5 207.8833 100 0 -4.37114e-6 -442.966 0 0 0 1 -4.37114e-6 -1.87928e-5 -100 747.084 2.50068e-6 100 -2.63425e-5 207.8833 100 0 -4.37114e-6 442.9671 0 0 0 1 -4.37114e-6 -1.50295e-5 -100 214.168 2.50068e-6 100 -2.25793e-5 757.3425 100 0 -4.37114e-6 -346.352 0 0 0 1 -4.37114e-6 -1.64767e-5 -100 422.8965 2.50068e-6 100 -2.40265e-5 324.8348 100 0 -4.37114e-6 4.60485e-4 0 0 0 1 -4.37114e-6 -1.64767e-5 -100 201.694 2.50068e-6 100 -2.40265e-5 863.5946 100 0 -4.37114e-6 3.19816e-4 0 0 0 1 25.69146 -1.59236e-5 -96.64341 254.2876 2.50068e-6 100 -2.40265e-5 839.0889 96.64341 4.2331e-6 25.69146 -183.7885 0 0 0 1 -4.37114e-6 -1.64767e-5 -100 292.293 2.50068e-6 100 -2.40265e-5 848.7335 100 0 -4.37114e-6 1.19777e-4 0 0 0 1 -25.6915 -1.59236e-5 -96.6434 254.287 2.50068e-6 100 -2.40265e-5 839.0885 96.6434 -4.23311e-6 -25.6915 183.7902 0 0 0 1 -4.37114e-6 -1.64767e-5 -100 302.19 2.50068e-6 100 -2.40265e-5 678.1583 100 0 -4.37114e-6 2.27209e-4 0 0 0 1 -4.37114e-6 -1.64767e-5 -100 298.8364 2.50068e-6 100 -2.40265e-5 688.9536 100 0 -4.37114e-6 2.08063e-4 0 0 0 1 -4.37114e-6 -1.64767e-5 -100 308.5598 2.50068e-6 100 -2.40265e-5 764.7113 100 0 -4.37114e-6 1.03488e-4 0 0 0 1 -4.37114e-6 -1.50295e-5 -100 214.168 2.50068e-6 100 -2.25793e-5 757.3436 100 0 -4.37114e-6 346.352 0 0 0 1 -4.37114e-6 -1.63231e-5 -100 346.8961 2.50068e-6 100 -2.38729e-5 812.9936 100 0 -4.37114e-6 -275.398 0 0 0 1 -4.37114e-6 -1.62055e-5 -100 346.896 2.50068e-6 100 -2.37553e-5 812.9945 100 0 -4.37114e-6 275.3991 0 0 0 1 -1.07284e-5 1.69111e-5 100 -548.261 2.50068e-6 100 -2.44609e-5 624.0604 -100 0 -1.07284e-5 -1.9618e-4 0 0 0 1 -4.37114e-6 -1.50295e-5 -100 517.389 2.50068e-6 100 -2.25793e-5 722.2943 100 0 -4.37114e-6 -346.352 0 0 0 1 -4.37114e-6 -1.50295e-5 -100 517.3889 2.50068e-6 100 -2.25793e-5 722.2955 100 0 -4.37114e-6 346.352 0 0 0 1 -4.37114e-6 -1.59703e-5 -100 316.7071 2.50068e-6 100 -2.35201e-5 815.3196 100 0 -4.37114e-6 -194.68 0 0 0 1 -4.37114e-6 -1.64407e-5 -100 316.707 2.50068e-6 100 -2.39905e-5 815.3196 100 0 -4.37114e-6 194.68 0 0 0 1 25.81883 -1.57129e-5 -96.60947 312.1198 2.50068e-6 100 -2.38141e-5 885.6734 96.60947 4.19926e-6 25.81883 -197.4641 0 0 0 1 -4.37114e-6 -1.62055e-5 -100 369.5171 2.50068e-6 100 -2.37553e-5 908.2226 100 0 -4.37114e-6 3.70152e-4 0 0 0 1 -25.8189 -1.57697e-5 -96.60945 312.1196 2.50068e-6 100 -2.38729e-5 885.6731 96.60945 -4.21445e-6 -25.8189 197.4643 0 0 0 1 -4.37114e-6 -1.62055e-5 -100 369.517 2.50068e-6 100 -2.37553e-5 678.1584 100 0 -4.37114e-6 4.13152e-4 0 0 0 1 -4.37114e-6 -1.57063e-5 -100 360 -5.85797e-7 100 -2.32561e-5 -114.928 100 0 -4.37114e-6 -1.2639e-6 0 0 0 1 -4.37114e-6 -1.62761e-5 -100 339.4381 -5.85797e-7 100 -2.38258e-5 -291.0868 100 0 -4.37114e-6 7.83731e-6 0 0 0 1 38.53276 1.50192e-5 92.27799 -807.3233 -5.85796e-7 100 -2.38258e-5 -895.4974 -92.27799 6.27161e-6 38.53276 -287.1094 0 0 0 1 -38.53284 1.50192e-5 92.27795 -807.3237 -5.85795e-7 100 -2.38258e-5 -895.497 -92.27795 -6.27163e-6 -38.53284 287.1091 0 0 0 1 -4.37114e-6 -1.62761e-5 -100 902.7942 -5.85797e-7 100 -2.38258e-5 -981.4402 100 0 -4.37114e-6 1.85462e-4 0 0 0 1 -4.37114e-6 -1.62761e-5 -100 729.606 -5.85797e-7 100 -2.38258e-5 -981.4403 100 0 -4.37114e-6 2.75892e-4 0 0 0 1 -37.0349 -1.51187e-5 -92.88927 831.3586 -5.85796e-7 100 -2.38258e-5 -546.6978 92.88927 -6.02782e-6 -37.0349 118.7999 0 0 0 1 37.03483 -1.51187e-5 -92.8893 831.3587 -5.85797e-7 100 -2.38258e-5 -546.6976 92.8893 6.02781e-6 37.03483 -118.799 0 0 0 1 -37.03495 -1.51187e-5 -92.88925 776.0452 -5.85797e-7 100 -2.38258e-5 -542.4197 92.88925 -6.02783e-6 -37.03495 96.74706 0 0 0 1 37.03483 -1.51187e-5 -92.8893 776.0444 -5.85797e-7 100 -2.38258e-5 -542.4212 92.8893 6.02781e-6 37.03483 -96.74541 0 0 0 1 -4.37114e-6 -1.62877e-5 -100 358.773 -5.85797e-7 100 -2.38375e-5 -946.9334 100 0 -4.37114e-6 -203.154 0 0 0 1 -4.37114e-6 -1.62877e-5 -100 358.773 -5.85797e-7 100 -2.38375e-5 -946.9334 100 0 -4.37114e-6 203.154 0 0 0 1 -4.37114e-6 -1.57063e-5 -100 877.237 -5.85797e-7 100 -2.32561e-5 -238.553 100 0 -4.37114e-6 -167.6329 0 0 0 1 -1.07284e-5 1.57063e-5 100 -922.1742 -5.85797e-7 100 -2.32561e-5 -179.013 -100 0 -1.07284e-5 5.22935e-4 0 0 0 1 -36.64907 -1.46135e-5 -93.04217 944.0618 -5.85796e-7 100 -2.32561e-5 -176.6047 93.04217 -5.7562e-6 -36.64907 3.11737 0 0 0 1 36.649 -1.46135e-5 -93.04222 944.0623 -5.85797e-7 100 -2.32561e-5 -176.6045 93.04222 5.75619e-6 36.649 -3.115362 0 0 0 1 -1.07284e-5 1.62877e-5 100 -409.394 -5.85797e-7 100 -2.38375e-5 -877.0865 -100 0 -1.07284e-5 298.67 0 0 0 1 -1.07284e-5 1.62877e-5 100 -409.3941 -5.85797e-7 100 -2.38375e-5 -877.0875 -100 0 -1.07284e-5 -298.6699 0 0 0 1 -4.37114e-6 1.38955e-5 100 16.32291 2.39661e-6 100 -2.14453e-5 524.0892 -100 0 -4.37114e-6 325.637 0 0 0 1 100 0 2.02656e-4 -336.6341 2.39661e-6 100 -2.14453e-5 524.0892 -2.02656e-4 1.38955e-5 100 -161.217 0 0 0 1 -4.37114e-6 1.38955e-5 100 16.32288 2.39661e-6 100 -2.14453e-5 524.0885 -100 0 -4.37114e-6 -325.6371 0 0 0 1 -100 0 2.05834e-4 -336.6341 2.39661e-6 100 -2.14453e-5 524.0885 -2.05834e-4 -1.38955e-5 -100 161.217 0 0 0 1</float_array>
          <technique_common>
            <accessor source="#Armature_mater_lod1-skin-bind_poses-array" count="77" stride="16">
              <param name="TRANSFORM" type="float4x4"/>
            </accessor>
          </technique_common>
        </source>
        <source id="Armature_mater_lod1-skin-weights">
          <float_array id="Armature_mater_lod1-skin-weights-array" count="5908">0.04459702 0.3980534 0.5573496 0.651249 0.195257 0.153494 0.176293 0.679673 0.144034 0.04459697 0.398053 0.55735 0.655341 0.192227 0.152432 0.6551313 0.1918647 0.1530038 0.04459702 0.3980564 0.5573466 0.04459702 0.3980534 0.5573496 0.1762938 0.6796723 0.1440338 0.650618 0.195418 0.153964 0.04459702 0.3980524 0.5573506 0.653796 0.192023 0.154181 0.721758 0.1043 0.173942 0.7220187 0.1043001 0.1736811 0.722424 0.1043 0.173276 0.7229297 0.1043001 0.1727702 0.7229297 0.1043001 0.1727702 0.722424 0.1043 0.173276 0.721758 0.1043 0.173942 0.7220187 0.1043001 0.1736811 0.06585299 0.728118 0.2060289 0.1762938 0.6796723 0.1440338 0.1762938 0.6796723 0.1440338 0.06391406 0.7157068 0.2203792 0.04546302 0.6788387 0.2756983 0.03861099 0.665637 0.295752 0.04377102 0.6693646 0.2868643 0.05233502 0.6886047 0.2590602 0.042252 0.68508 0.272668 0.05062299 0.689238 0.260139 0.05709105 0.7225638 0.2203452 0.06091302 0.7187567 0.2203302 0.9092819 0.05347901 0.03723901 0.2215819 0.778418 0.2215819 0.778418 0.9136719 0.049088 0.03724002 0.05709105 0.7225638 0.2203452 0.05709105 0.7225638 0.2203452 0.9208939 0.041866 0.03724002 0.9191639 0.04359602 0.03724002 0.05709105 0.7225638 0.2203452 0.9153939 0.04736602 0.03724002 0.05709201 0.7225648 0.2203432 0.05709195 0.722564 0.220344 0.301856 0.481536 0.216608 0.2215819 0.778418 0.2215819 0.778418 0.301856 0.481536 0.216608 0.2215819 0.778418 0.2215819 0.778418 0.301856 0.481536 0.216608 0.301856 0.481536 0.216608 0.2215819 0.778418 0.301856 0.481536 0.216608 0.2215819 0.778418 0.2215819 0.778418 0.271429 0.728571 1 1 0.568059 0.431941 1 0.119141 0.880859 0.54638 0.45362 1 0.9367201 0.03163999 0.03163999 0.2966943 0.1835762 0.3344513 0.1852782 0.1151951 0.3487104 0.06402206 0.4720725 0.665029 0.186237 0.148734 0.04840505 0.90319 0.04840505 0.203637 0.36608 0.430283 0.4023574 0.06714606 0.3423293 0.1881672 0.474653 0.147373 0.09306597 0.284908 0.5 0.5 0.001939952 0.481661 0.516399 0.130271 0.869729 0.60977 0.39023 1 0.111721 0.7766291 0.11165 0.260175 0.029302 0.179407 0.531116 0.133855 0.07867997 0.787465 0.02981901 0.906901 0.06328004 0.150375 0.638277 0.2113479 1 0.439832 0.144388 0.41578 0.4883185 0.1855221 0.3261594 0.286135 0.713865 0.7174 0.2826 1 1 0.381004 0.618996 1 0.06966805 0.2842213 0.09860807 0.5475026 0.1685951 0.1703311 0.6610737 0.3877954 0.06785303 0.029145 0.5152065 0.279269 0.192934 0.527797 0.33647 0.66353 1 1 1 0.795757 0.204243 3.52e-4 0.811155 0.188493 0.271429 0.728571 0.127381 0.78033 0.09228897 1 1 0.9367201 0.03163999 0.03163999 0.82871 0.08564496 0.08564496 0.1422281 0.3099023 0.1880182 0.3598514 0.2966943 0.1835762 0.3344513 0.1852782 0.001587986 0.175424 0.822988 0.5 0.5 1 1 1 1 1 1 1 1 1 1 1 1 1 1 1 1 1 1 1 1 1 1 1 1 1 1 1 1 1 1 1 1 1 1 1 1 0.9798011 0.01040899 0.009790003 0.9914801 1.7e-4 0.008349955 1 1 0.1080539 0.6999993 0.1919468 0.3046203 0.6800407 0.01533901 0.3046203 0.6800407 0.01533901 0.3046203 0.6800407 0.01533901 1 0.542063 0.271434 0.1865029 1 1 1 1 0.720193 0.079005 0.200802 0.682825 0.310601 0.006573975 0.532229 0.467771 1 0.9792351 0.020765 0.9792351 0.020765 0.9792351 0.020765 0.9792351 0.020765 0.9792351 0.020765 0.9792351 0.020765 1 1 0.9792351 0.020765 0.9792351 0.020765 1 1 1 1 0.9792351 0.020765 0.9792351 0.020765 1 1 0.9792351 0.020765 0.9792351 0.020765 1 1 0.9792351 0.020765 0.9792351 0.020765 1 1 1 1 0.9792351 0.020765 0.9792351 0.020765 1 1 0.6004877 0.3470364 0.05247604 0.593764 0.360235 0.04600095 0.620203 0.329745 0.05005198 0.6359977 0.3081643 0.05583804 1 1 0.996908 0.00309199 0.9969351 0.00306499 1 1 1 1 1 1 1 1 1 1 1 1 1 1 1 1 1 1 1 1 1 1 1 1 1 1 1 1 1 1 1 1 1 1 1 1 1 1 1 1 1 1 1 1 1 1 1 1 1 1 1 1 1 1 1 1 1 1 1 1 1 1 1 1 1 1 1 1 1 1 1 1 1 1 1 0.934928 0.065072 0.245407 0.754593 0.309341 0.690659 0.983138 0.01686197 0.983138 0.01686197 0.309341 0.690659 0.270517 0.729483 0.950935 0.04906505 0.165696 0.834304 0.117683 0.882317 0.159936 0.840064 0.165696 0.834304 0.934928 0.065072 0.934928 0.065072 0.934928 0.065072 0.934928 0.065072 0.934928 0.065072 0.934928 0.065072 0.934928 0.065072 0.934928 0.065072 1 1 0.637204 0.362796 0.563971 0.436029 1 0.603851 0.396149 0.637204 0.362796 1 1 0.563971 0.436029 0.257545 0.742455 0.249842 0.750158 0.256857 0.743143 0.257545 0.742455 0.249842 0.750158 1 1 1 1 1 1 1 1 1 1 1 1 1 1 1 1 1 1 1 1 1 1 1 1 1 1 1 1 1 1 1 1 1 1 1 1 0.94289 0.05710995 0.593764 0.360235 0.04600095 0.6004877 0.3470364 0.05247604 0.6700777 0.2813773 0.048545 0.696064 0.257356 0.04657995 0.593764 0.360235 0.04600095 0.94289 0.05710995 0.7030008 0.2435482 0.05345106 0.6004877 0.3470364 0.05247604 1 1 1 1 1 1 1 1 1 1 1 1 1 1 1 1 1 1 1 1 1 1 1 1 1 1 1 1 1 1 1 1 1 1 1 1 0.3046203 0.6800407 0.01533901 0.3046203 0.6800407 0.01533901 0.988361 0.01163899 1 1 0.989273 0.01072698 0.699999 0.108054 0.191947 0.3046203 0.6800407 0.01533901 0.3046203 0.6800407 0.01533901 0.3046203 0.6800407 0.01533901 1 1 1 1 0.6738451 0.319581 0.006573975 0.716039 0.08378899 0.200172 1 0.9792351 0.020765 0.9792351 0.020765 0.9792351 0.020765 0.9792351 0.020765 1 0.9792351 0.020765 0.9792351 0.020765 1 1 0.9792351 0.020765 0.9792351 0.020765 1 1 1 1 0.9792351 0.020765 0.9792351 0.020765 1 1 0.9792351 0.020765 0.9792351 0.020765 1 1 0.9792351 0.020765 0.9792351 0.020765 1 1 1 1 0.9792351 0.020765 0.9792351 0.020765 1 0.628132 0.287373 0.084495 0.664102 0.240521 0.09537696 0.641032 0.269684 0.089284 0.612919 0.312389 0.07469201 0.999368 6.32e-4 0.9993021 6.98e-4 0.999307 6.93e-4 0.999398 6.02e-4 1 1 1 1 1 1 1 1 1 1 1 1 1 1 1 1 1 1 1 1 1 1 1 1 1 1 1 1 1 1 1 1 1 1 1 1 1 1 1 1 1 1 1 1 1 1 1 1 1 1 1 1 1 1 1 1 1 1 1 1 1 1 1 1 1 1 1 1 0.934928 0.065072 0.983138 0.01686197 0.309341 0.690659 0.245407 0.754593 0.983138 0.01686197 0.950935 0.04906505 0.270516 0.729484 0.309341 0.690659 0.165696 0.834304 0.159936 0.840064 0.117683 0.882317 0.165696 0.834304 0.934928 0.065072 0.934928 0.065072 0.934928 0.065072 0.934928 0.065072 0.934928 0.065072 0.934928 0.065072 0.934928 0.065072 0.934928 0.065072 0.563971 0.436029 0.637204 0.362796 0.637204 0.362796 0.603851 0.396149 0.563971 0.436029 0.249842 0.750158 0.257545 0.742455 0.257545 0.742455 0.256857 0.743143 0.249842 0.750158 1 1 1 1 1 1 1 1 1 1 1 1 1 1 1 1 1 1 1 1 1 1 1 1 1 1 1 0.999368 6.32e-4 0.999398 6.02e-4 0.9996 4e-4 0.999624 3.76e-4 0.999398 6.02e-4 0.999531 4.69e-4 0.9996 4e-4 0.999605 3.95e-4 0.999368 6.32e-4 0.628132 0.287373 0.084495 0.612919 0.312389 0.07469201 0.933491 0.066509 0.928998 0.07100206 0.612919 0.312389 0.07469201 0.921472 0.07852804 0.933491 0.066509 0.92553 0.07447004 0.628132 0.287373 0.084495 1 1 1 1 1 1 1 1 1 1 1 1 1 1 1 1 1 1 1 1 1 1 1 1 1 1 1 1 1 1 1 1 0.3046203 0.6800407 0.01533901 0.3046203 0.6800407 0.01533901 0.781516 0.218484 0.6989 0.3011 0.730005 0.269995 0.757218 0.2427819 1 1 1 0.569141 0.430859 0.54635 0.45365 1 0.51602 0.48398 0.51602 0.48398 0.455197 0.544803 0.421268 0.578732 1 1 1 1 1 1 1 1 1 1 1 1 1 1 1 1 1 1 1 1 1 1 1 1 1 1 1 1 1 1 1 1 1 1 1 0.9618939 0.03810602 1 0.9618939 0.03810602 1 1 1 1 1 1 1 1 1 1 1 1 1 1 1 1 1 1 1 1 1 1 1 1 1 1 1 1 1 1 1 1 1 1 1 1 1 1 1 1 1 1 1 1 1 1 1 1 1 1 1 1 1 0.332986 0.667014 0.332792 0.667208 0.332927 0.667073 0.332927 0.667073 0.332743 0.667257 0.332604 0.667396 0.33276 0.66724 0.332792 0.667208 0.332565 0.667435 0.332986 0.667014 0.332775 0.667225 0.332986 0.667014 0.332775 0.667225 0.332775 0.667225 0.33276 0.66724 0.332565 0.667435 0.332743 0.667257 0.332604 0.667396 1 1 0.243876 0.716157 0.039967 0.2328502 0.7324417 0.03470802 0.202784 0.663466 0.13375 0.2104831 0.6630917 0.1264251 0.2372782 0.7072838 0.05543804 0.213659 0.661434 0.124907 0.2465052 0.6752427 0.011927 0.06632506 0.3046203 0.6800407 0.01533901 0.324174 0.66525 0.01057595 0.298555 0.686458 0.01498699 0.314345 0.674944 0.01071095 0.06644004 0.2323272 0.7012327 0.06685006 0.2390762 0.6940737 0.04843997 0.9031201 0.04843997 0.04843997 0.9031201 0.04843997 0.06917995 0.233336 0.697484 0.002216994 0.04704803 0.89705 0.053685 0.04843997 0.9031201 0.04843997 0.06917995 0.233336 0.697484 0.213659 0.661434 0.124907 0.2104831 0.6630917 0.1264251 0.06644004 0.2323272 0.7012327 0.298555 0.686458 0.01498699 0.314345 0.674944 0.01071095 0.324174 0.66525 0.01057595 0.3046203 0.6800407 0.01533901 0.04843997 0.9031201 0.04843997 0.04843997 0.9031201 0.04843997 0.243876 0.716157 0.039967 0.2372782 0.7072838 0.05543804 0.324174 0.66525 0.01057595 0.314345 0.674944 0.01071095 0.2465052 0.6752427 0.011927 0.06632506 0.2328502 0.7324417 0.03470802 1 1 1 1 1 1 1 1 1 1 1 1 1 1 1 0.9618939 0.03810602 0.9618939 0.03810602 1 1 1 1 1 1 1 1 1 1 1 1 1 1 1 1 1 1 1 1 1 1 1 1 1 1 1 1 1 1 1 1 1 1 1 1 1 1 1 1 1 1 1 1 1 1 1 1 1 1 1 1 1 0.332927 0.667073 0.332792 0.667208 0.332986 0.667014 0.332927 0.667073 0.33276 0.66724 0.332604 0.667396 0.332743 0.667257 0.332565 0.667435 0.332792 0.667208 0.332775 0.667225 0.332986 0.667014 0.332986 0.667014 0.332775 0.667225 0.332775 0.667225 0.332565 0.667435 0.33276 0.66724 0.332743 0.667257 0.332604 0.667396 1 1 0.2607983 0.04216104 0.6970407 0.2104832 0.1264251 0.6630917 0.202784 0.13375 0.663466 0.2565662 0.7060578 0.03737604 0.249841 0.05877298 0.691386 0.2585585 0.01258397 0.06632411 0.6625334 0.213659 0.124907 0.661434 0.3500434 0.6410707 0.008885979 0.3290284 0.6565457 0.01442599 0.319599 0.666548 0.01385295 0.3401994 0.6505977 0.009202957 0.06644004 0.7012328 0.2323272 0.06685006 0.6940737 0.2390762 0.06917995 0.697484 0.233336 0.06917995 0.697484 0.233336 0.06644004 0.7012328 0.2323272 0.2104832 0.1264251 0.6630917 0.213659 0.124907 0.661434 0.319599 0.666548 0.01385295 0.3290284 0.6565457 0.01442599 0.3500434 0.6410707 0.008885979 0.3401994 0.6505977 0.009202957 0.2607983 0.04216104 0.6970407 0.249841 0.05877298 0.691386 0.3500434 0.6410707 0.008885979 0.2565662 0.7060578 0.03737604 0.2585585 0.01258397 0.06632411 0.6625334 0.3401994 0.6505977 0.009202957 1 0.002454996 0.9975451 1 1 0.002244949 0.997755 0.00108695 0.998913 0.003511965 0.996488 0.002244949 0.997755 1 0.00108695 0.998913 1 1 0.003511965 0.996488 1 1 1 1 1 1 1 1 1 1 1 1 1 1 1 1 1 1 1 1 1 1 1 1 1 1 1 1 1 1 0.999782 2.18e-4 0.999771 2.29e-4 0.9996641 3.36e-4 0.999761 2.39e-4 0.9996741 3.26e-4 0.9997751 2.25e-4 0.99968 3.2e-4 0.999594 4.06e-4 0.9998541 1.46e-4 0.9998151 1.85e-4 0.9998151 1.85e-4 0.999761 2.39e-4 0.99968 3.2e-4 0.9996641 3.36e-4 0.999594 4.06e-4 1 1 1 1 1 1 1 1 1 1 1 1 1 1 1 1 1 1 1 1 1 1 1 1 1 1 1 1 1 1 1 1 1 1 1 1 1 1 1 1 1 1 1 1 1 1 1 1 1 1 1 1 1 1 1 1 1 1 1 1 1 0.69466 0.30534 1 1 1 1 1 1 1 1 1 1 1 1 1 1 1 1 1 1 1 1 1 1 1 1 1 1 1 1 1 1 1 1 1 1 1 1 1 1 1 1 1 1 1 1 1 1 1 1 1 1 1 1 1 1 1 1 1 1 1 1 1 1 1 1 1 1 1 1 1 1 1 1 1 1 1 1 1 1 1 1 1 1 1 1 1 1 1 1 1 1 1 1 1 1 1 1 1 1 1 1 1 1 1 1 1 1 1 1 1 1 1 1 1 1 1 1 1 1 1 1 1 1 1 1 1 1 1 1 1 1 1 1 1 1 1 1 1 1 1 1 1 1 1 1 1 1 1 1 1 1 1 1 1 1 1 1 1 1 1 1 1 1 1 1 1 1 1 1 1 1 1 1 1 1 1 1 1 1 1 1 1 1 1 1 1 1 1 1 1 1 1 1 1 1 1 1 1 1 1 1 1 1 1 1 1 1 1 1 1 1 1 1 1 1 1 1 1 1 1 1 1 1 1 1 1 1 1 1 1 1 1 1 1 1 1 1 1 1 1 1 1 1 1 1 1 1 1 1 1 1 1 1 1 1 1 1 1 1 1 1 1 1 1 1 1 1 1 1 1 1 1 1 1 1 1 1 1 1 1 1 1 1 1 1 1 1 1 1 1 1 1 1 1 1 1 1 1 1 1 1 1 1 1 1 1 1 1 1 1 1 1 1 1 1 1 1 1 1 1 1 0.2928262 0.6642017 0.04297202 0.292827 0.664201 0.04297196 0.04704201 0.6328706 0.3200873 0.04704201 0.6328716 0.3200864 0.292824 0.6642031 0.04297298 0.04704195 0.632871 0.320087 0.2928262 0.6642017 0.04297202 0.04704201 0.6328716 0.3200864 1 1 1 1 1 1 1 1 1 1 1 1 1 1 1 1 1 1 1 1 1 1 1 1 1 1 1 1 1 1 1 1 1 1 1 1 1 1 1 1 1 1 1 1 1 1 1 1 1 1 1 1 1 1 1 1 1 1 1 1 1 1 1 1 1 1 1 1 1 1 1 1 1 1 1 1 1 1 1 1 1 1 1 1 1 1 1 1 1 1 1 1 1 1 1 1 1 1 1 1 1 1 1 1 1 1 1 1 1 1 1 1 1 1 1 1 1 1 1 1 1 1 1 1 1 1 1 1 1 1 1 1 1 1 1 1 1 1 1 1 1 1 1 1 1 1 1 1 1 1 1 1 1 1 1 1 1 1 1 1 1 1 1 1 1 1 1 1 1 1 1 1 1 1 1 1 1 1 1 1 1 1 1 1 1 1 1 1 1 1 1 1 1 1 1 1 1 1 1 1 1 1 1 1 1 1 1 1 1 1 1 1 1 1 1 1 1 1 1 1 1 1 1 1 1 1 1 1 1 1 1 1 1 1 1 1 1 1 1 1 1 1 1 1 1 1 1 1 1 1 1 1 1 1 1 1 1 1 1 1 1 1 1 1 1 1 1 1 1 1 1 1 1 1 1 1 1 1 1 1 1 1 1 1 1 1 1 1 1 1 1 1 1 1 1 1 1 1 1 1 1 1 1 1 1 1 1 1 1 1 1 1 1 1 0.409499 0.590501 0.4095 0.5905 1 1 0.4095 0.5905 0.409499 0.590501 1 1 1 0.4095 0.5905 0.4095 0.5905 0.4095 0.5905 0.4095 0.5905 1 1 1 0.4095 0.5905 1 1 1 1 1 1 1 1 1 1 1 1 1 1 1 1 1 0.4095 0.5905 0.4095 0.5905 1 1 0.4095 0.5905 0.4095 0.5905 1 1 1 0.4095 0.5905 0.4095 0.5905 0.4095 0.5905 0.4095 0.5905 1 1 1 0.4095 0.5905 1 1 1 1 1 1 1 1 1 1 1 1 1 1 1 1 1 1 1 1 1 1 1 1 1 1 1 1 1 1 1 1 1 1 1 1 1 1 1 1 1 1 1 1 1 1 1 1 1 1 1 1 1 1 1 1 1 1 1 1 1 1 1 1 1 1 1 1 1 1 1 1 1 1 1 1 1 1 1 1 1 1 1 1 1 1 1 1 1 1 1 1 1 1 1 1 1 1 1 1 1 1 1 1 1 1 1 1 1 1 1 1 1 1 1 1 1 1 1 1 1 1 1 1 1 1 1 1 1 1 1 1 1 1 1 1 1 1 1 1 1 1 1 1 1 1 1 1 1 1 1 1 1 1 1 1 1 1 1 1 1 1 1 1 1 1 1 1 1 1 1 1 1 1 1 1 1 1 1 1 1 1 1 1 1 1 1 1 1 1 1 1 1 1 1 1 1 1 1 1 1 1 1 1 1 1 1 1 1 1 1 1 1 1 1 1 1 1 1 1 1 1 1 1 1 1 1 1 1 1 1 1 1 1 1 1 1 1 1 1 1 1 1 1 1 1 1 1 1 1 1 1 1 1 1 1 1 1 1 1 1 1 1 1 1 1 1 1 1 1 1 1 1 1 1 1 1 1 1 1 1 1 1 1 1 1 1 1 1 1 1 1 1 1 1 1 1 1 1 1 1 1 1 1 1 1 1 1 1 1 1 1 1 1 1 1 1 1 1 1 1 1 1 1 1 1 1 1 1 1 1 1 1 1 1 1 1 1 1 1 1 1 1 1 1 1 1 1 1 1 1 1 1 1 1 1 1 1 1 1 1 1 1 1 1 1 1 1 1 1 1 1 1 1 1 1 1 1 1 1 1 1 1 1 1 1 1 1 1 1 1 1 1 1 1 1 1 1 1 1 1 1 1 1 1 1 1 1 1 1 1 1 1 1 1 1 1 1 1 1 1 1 1 1 1 1 1 1 1 1 1 1 1 1 1 1 1 1 1 1 1 1 1 1 0.08606308 0.8950719 0.01886498 1 1 0.08610707 0.8950788 0.01881396 0.08597397 0.895056 0.01896995 1 0.08610707 0.8950788 0.01881396 1 0.07793098 0.470592 0.451477 0.07793998 0.470593 0.451467 0.07791298 0.470589 0.451498 0.07793998 0.470593 0.451467 0.192182 0.609215 0.198603 0.192183 0.609214 0.198603 0.192181 0.609217 0.198602 0.192183 0.609214 0.198603 0.03185695 0.461347 0.506796 0.03185701 0.4613465 0.5067965 0.031856 0.4613475 0.5067965 0.03185701 0.4613465 0.5067965 0.1563799 0.84362 0.1563799 0.84362 0.1563799 0.84362 0.1563799 0.84362 1 1 1 1 0.1862 0.8138 1 1 0.1862 0.8138 0.1862 0.8138 1 1 0.1862 0.8138 0.03002595 0.486212 0.483762 0.03002595 0.486212 0.483762 0.03002595 0.486212 0.483762 0.03002595 0.486212 0.483762 0.187278 0.627995 0.184727 0.187278 0.627995 0.184727 0.187278 0.627995 0.184727 0.187278 0.627995 0.184727 0.02327698 0.4748491 0.501874 0.02327698 0.474848 0.501875 0.02327698 0.4748485 0.5018745 0.02327698 0.4748491 0.501874 0.03723996 0.925519 0.03724098 0.03723996 0.925519 0.03724098 0.03724002 0.9255199 0.03724002 0.03723996 0.925519 0.03724098 1 1 1 1 1 1 1 1 1 1 1 1 1 1 1 1 1 1 1 1 1 1 1 1 1 1 1 1 1 1 1 1 1 1 1 1 1 1 1 1 1 1 1 1 1 1 1 1 1 1 1 1 1 1 1 1 1 1 1 1 1 1 1 1 1 1 1 1 1 1 1 1 1 1 1 1 1 1 1 1 1 1 1 1 1 1 1 1 1 1 1 1 1 1 1 1 1 1 1 1 1 1 1 1 1 1 1 1 1 1 1 1 1 1 1 1 1 1 1 1 1 1 1 1 1 1 1 1 1 1 1 1 1 1 1 1 1 1 1 1 1 1 1 1 1 1 1 1 1 1 1 1 1 1 1 1 1 1 1 1 1 1 1 1 1 1 1 1 1 1 1 1 1 1 1 1 1 1 1 1 1 1 1 1 1 1 1 1 1 1 1 1 1 1 1 1 1 1 1 1 1 1 1 1 1 1 1 1 1 1 1 1 1 1 1 1 1 1 1 1 1 1 1 1 1 1 1 1 1 1 1 1 1 1 1 1 1 1 1 1 1 1 1 1 1 1 1 1 1 1 1 1 1 1 1 1 1 1 1 1 1 1 1 1 1 1 1 1 1 1 1 1 1 1 1 1 1 1 1 1 1 1 1 1 1 1 1 1 1 1 1 1 1 1 1 1 1 1 1 1 1 1 1 1 1 1 1 1 1 1 1 1 1 1 1 1 1 1 1 1 1 1 1 1 1 1 1 1 1 1 1 1 1 1 1 1 1 1 1 1 1 1 1 1 1 1 1 1 1 1 1 1 1 1 1 1 1 1 1 1 1 1 1 1 1 1 1 1 1 1 1 1 1 1 1 1 1 1 1 1 1 1 1 1 1 1 1 1 1 1 1 1 1 1 1 1 1 1 1 1 1 1 1 1 1 1 1 1 1 1 1 1 1 1 1 1 1 1 1 1 1 1 1 1 1 1 1 1 1 1 1 1 1 1 1 1 1 1 1 1 1 1 1 0.08606308 0.8950709 0.018866 0.08610504 0.8950819 0.01881301 1 1 0.08597397 0.895055 0.01897096 1 0.08610504 0.8950819 0.01881301 1 0.07793098 0.470592 0.451477 0.07793897 0.470592 0.451469 0.07791298 0.47059 0.451497 0.07793897 0.470592 0.451469 0.192182 0.609215 0.198603 0.192183 0.609214 0.198603 0.192181 0.609217 0.198602 0.192183 0.609214 0.198603 0.03185701 0.4613465 0.5067965 0.03185701 0.4613465 0.5067965 0.03185695 0.461347 0.506796 0.03185701 0.4613465 0.5067965 0.1563799 0.84362 0.1563799 0.84362 0.156381 0.843619 0.1563799 0.84362 1 1 1 1 0.1862 0.8138 0.1862 0.8138 1 1 0.1862 0.8138 0.1862 0.8138 1 1 0.03002595 0.486211 0.483763 0.03002601 0.4862125 0.4837615 0.03002798 0.486213 0.483759 0.03002595 0.486211 0.483763 0.187278 0.627995 0.184727 0.187278 0.627995 0.184727 0.187278 0.627995 0.184727 0.187278 0.627995 0.184727 0.02327698 0.4748485 0.5018745 0.02327698 0.474848 0.501875 0.02327698 0.474848 0.501875 0.02327698 0.4748485 0.5018745 0.03723996 0.92552 0.03723996 0.03723907 0.9255179 0.03724306 0.03724002 0.925519 0.03724104 0.03723996 0.92552 0.03723996 1 1 1 1 1 1 1 1 1 1 1 1 1 1 1 1 1 1 1 1 1 1 1 1 1 1 1 1 1 1 1 1 1 1 1 1 1 1 1 1 1 1 1 1 1 1 1 1 1 1 1 1 1 1 1 1 1 1 1 1 1 1 1 1 1 1 1 1 1 1 1 1 1 1 1 1 1 1 1 1 1 1 1 1 1 1 1 1 1 1 1 1 1 1 1 1 1 1 1 1 1 1 1 1 1 1 1 1 1 1 1 1 1 1 1 1 1 1 1 1 1 1 1 1 1 1 1 1 1 1 1 1 1 1 1 1 1 1 1 1 1 1 1 1 1 1 1 1 1 1 1 1 1 1 1 1 1 1 1 1 1 1 1 1 1 1 1 1 1 1 1 1 1 1 1 1 1 1 1 1 1 1 1 1 1 1 1 1 1 1 1 1 1 1 1 1 1 1 1 1 1 1 1 1 1 1 1 1 1 1 1 1 1 1 1 1 1 1 1 1 1 1 1 1 1 1 1 1 1 1 1 1 1 1 1 1 1 1 1 1 1 1 1 1 1 1 1 1 1 1 1 1 1 1 1 1 1 1 1 1 1 1 1 1 1 1 1 1 1 1 1 1 1 1 1 1 1 1 1 1 1 1 1 1 1 1 1 1 1 1 1 1 1 1 1 1 1 1 1 1 1 1 1 1 1 1 1 1 1 1 1 1 1 1 1 1 1 1 1 1 1 1 1 1 1 1 1 1 1 1 1 1 1 1 1 1 1 1 1 1 1 1 1 1 1 1 1 1 1 1 1 1 1 1 1 1 1 1 1 1 1 1 1 1 1 1 1 1 1 1 1 1 0.3 0.7 0.3 0.7 1 1 1 0.3 0.7 1 1 1 1 1 0.3 0.7 1 1 1 1 1 1 0.299999 0.700001 0.3 0.7 1 1 1 1 1 1 1 1 1 1 1 1 1 1 1 1 1 1 1 1 1 1 1 1 1 1 1 1 1 1 1 1 1 1 1 1 1 1 1 1 1 1 1 0.00108695 0.998913 1 1 1 1 1 1 1 1 1 1 1 1 1 1 1 1 1 1 1 1 0.327901 0.672099 0.327271 0.672729 0.333603 0.666397 1 0.333603 0.666397 0.332393 0.667607 0.333252 0.666748 0.34208 0.65792 0.342595 0.657405 0.343643 0.656357 0.343643 0.656357 1 1 1 1 1 0.351047 0.648953 0.351643 0.648357 0.351643 0.648357 0.351634 0.648366 0.359956 0.640044 0.361075 0.638925 0.361075 0.638925 0.360564 0.639436 0.367736 0.632264 0.368699 0.631301 0.368699 0.631301 0.367689 0.632311 1 1 1 1 1 1 1 1 1 1 1 0.327271 0.672729 0.327901 0.672099 0.333603 0.666397 1 0.333603 0.666397 0.333252 0.666748 0.332393 0.667607 0.34208 0.65792 0.342595 0.657405 0.343643 0.656357 0.343643 0.656357 1 1 1 1 1 0.351643 0.648357 0.351047 0.648953 0.351634 0.648366 0.351643 0.648357 0.361075 0.638925 0.359956 0.640044 0.360564 0.639436 0.361075 0.638925 0.368699 0.631301 0.367736 0.632264 0.367689 0.632311 0.368699 0.631301 1 1 1 1 1 1 1 0.01679903 0.977602 0.005598962 0.1497251 0.8357298 0.01454496 0.01119995 0.9776 0.01119995 0.01679903 0.977602 0.005598962 0.022399 0.9776011 0.022399 0.9776011 0.022399 0.9776011 0.04139202 0.9586079 0.022399 0.9776011 0.022399 0.9776011 0.01679903 0.977602 0.005598962 0.01119995 0.9776 0.01119995 0.01119995 0.9776 0.01119995 0.01120001 0.005599975 0.9776011 0.005598962 0.381465 0.613859 0.004675984 0.04374098 0.956259 0.06145399 0.938546 0.08171504 0.918285 0.2651623 0.005579948 0.7292578 0.17242 0.82758 0.01119995 0.9776 0.01119995 0.01119995 0.9776 0.01119995 0.01119995 0.9776 0.01119995 0.01119995 0.9776 0.01119995 0.02748399 0.955731 0.01678496 0.01119995 0.9776 0.01119995 1 1 1 1 0.382545 0.617455 0.1762938 0.6796723 0.1440338 0.2215819 0.778418 0.348953 0.651047 0.09492498 0.437898 0.467177 0.1836938 0.4219745 0.3943316 0.08689898 0.523144 0.389957 0.060826 0.488438 0.450736 0.20976 0.79024 0.05190205 0.2947203 0.6533777 0.170505 0.829495 1 1 1 0.654779 0.234646 0.110575 0.6281966 0.1581821 0.2136212 0.05563098 0.377608 0.566761 0.256523 0.681679 0.06179797 0.01119995 0.9776 0.01119995 0.01119995 0.9776 0.01119995 0.01119995 0.9776 0.01119995 0.01119995 0.9776 0.01119995 0.01119995 0.9776 0.01119995 0.022399 0.9776011 0.01679903 0.977602 0.005598962 0.01119995 0.9776 0.01119995 0.022399 0.9776011 0.022399 0.9776011 0.01119995 0.9776 0.01119995 0.01119995 0.9776 0.01119995 0.01119995 0.9776 0.01119995 0.01119995 0.9776 0.01119995 0.01119995 0.9776 0.01119995 0.02748399 0.955731 0.01678496 0.17432 0.8256801 1 1 1 1 0.01119995 0.9776 0.01119995 0.08436399 0.387858 0.527778 0.594665 0.405335 0.04840904 0.5609486 0.3906424 0.160096 0.30919 0.530714 0.3658314 0.05506902 0.5790996 0.152373 0.07274299 0.774884 0.216503 0.209733 0.573764 0.1680262 0.009216964 0.7962208 0.02653598 0.7964018 0.1645631 0.03903502 0.8288477 0.08318412 0.07494711 0.01302099 0.4607515 0.2518793 0.2000252 0.08734405 0.437571 0.407949 0.15448 0.909225 0.04458999 0.04618495 0.846621 0.02239996 0.130979 0.3699374 0.5724496 0.05761301 0.3094334 0.3808134 0.3097533 0.121033 0.704009 0.071141 0.103817 0.170868 0.389686 0.439446 0.042804 0.6016866 0.3127053 0.042804 0.08028197 0.435933 0.483785 0.09992796 0.105479 0.794593 0.08434504 0.01398801 0.874405 0.02726203 0.4535704 0.02098298 0.3929454 0.1325011 0.1858338 0.4891155 0.3250507 0.07001698 0.690768 0.239215 0.179706 0.504811 0.315483 0.07682895 0.706341 0.21683 1 1 0.02748399 0.955731 0.01678496 0.01120001 0.005599975 0.9776011 0.005598962 1 0.005355 0.526061 0.468584 0.060826 0.488438 0.450736 1 0.1637009 0.836299 1 0.17432 0.8256801 0.1788212 0.7222298 0.09894907 1 1 1 1 1 1 1 1 1 1 1 1 0.389374 0.610626 0.361852 0.638148 0.311592 0.688408 0.292144 0.707856 1 1 0.08028197 0.435933 0.483785 0.07182699 0.03534996 0.552555 0.340268 0.042804 0.6016866 0.3127053 0.042804 0.09992796 0.105479 0.794593 0.05851811 0.001777946 0.9369039 0.002799987 0.1864312 0.7547059 0.05886304 0.2968863 0.5967336 0.1063801 0.179706 0.504811 0.315483 0.07001698 0.690768 0.239215 0.001810967 0.003223955 0.9942641 7.01001e-4 1 0.2552 0.7448 1 1 1 1 1 1 1 1 1 1 1 1 0.880199 0.01017796 0.109623 0.87344 0.12656 0.702882 0.124786 0.172332 0.8452689 0.07145404 0.08327704 0.8230818 0.05978 0.1171381 0.76088 0.06400096 0.175119 0.05214995 0.8957 0.05214995 0.2688933 0.7107638 0.020343 0.5428156 0.01478397 0.3780034 0.06439703 0.505846 0.494154 0.04041004 0.9483909 0.01119899 0.1789039 0.487823 0.143129 0.190144 0.02603995 0.97396 0.434323 0.565677 0.380065 0.300157 0.319778 1 1 0.022107 0.9723831 0.005509972 0.2511203 0.6930767 0.05580306 0.022107 0.9723831 0.005509972 1 1 0.278546 0.721454 0.958304 0.04169595 0.7335728 0.2421002 0.02432698 0.880199 0.01017796 0.109623 0.76088 0.06400096 0.175119 1 0.8753 0.1247 0.8753 0.1247 0.278546 0.721454 0.2552 0.7448 0.375133 0.312059 0.312808 0.4274286 0.3067387 0.2658327 0.07712298 0.411754 0.511123 0.154056 0.394797 0.451147 0.498669 0.501331 0.389374 0.610626 0.4274286 0.3067387 0.2658327 0.24677 0.75323 0.04459697 0.398053 0.55735 0.498669 0.501331 0.005355 0.526061 0.468584 1 1 0.1637009 0.836299 1 1 1 1 1 1 1 1 1 1 1 1 1 1 1 1 1 1 0.87344 0.12656 0.87344 0.12656 0.8230818 0.05978 0.1171381 0.8452689 0.07145404 0.08327704 0.8784109 0.04431903 0.07727009 0.861344 0.03513395 0.103522 0.2688933 0.7107638 0.020343 0.316179 0.66444 0.01938098 0.05215007 0.8957018 0.02607405 0.02607405 0.4105994 0.5756106 0.001636981 0.01215296 1 0.3094334 0.3808134 0.3097533 0.702882 0.124786 0.172332 0.05214995 0.8957 0.05214995 0.3699374 0.5724496 0.05761301 0.05215007 0.8957018 0.02607405 0.02607405 0.2155422 0.2874873 0.4375614 0.05940902 0.333015 0.471676 0.06160897 0.1337 0.05215007 0.8957018 0.02607405 0.02607405 0.08434504 0.01398801 0.874405 0.02726203 0.338457 0.31647 0.263173 0.0819 0.6042187 0.3201804 0.07560104 0.250401 0.7129721 0.03662699 1 0.250401 0.7129721 0.03662699 1 0.89199 0.05400496 0.05400496 1 1 1 0.981572 0.01842796 0.958304 0.04169595 0.981572 0.01842796 1 0.56068 0.43932 0.782973 0.217027 0.981572 0.01842796 0.782973 0.217027 0.798542 0.1551 0.04635798 0.7335728 0.2421002 0.02432698 0.958304 0.04169595 0.5488356 0.4071214 0.044043 0.408957 0.545606 0.04543697 1 1 0.56953 0.363715 0.06675499 0.782973 0.217027 0.56068 0.43932 0.7249068 0.1287321 0.1463611 0.7249068 0.1287321 0.1463611 0.7249068 0.1287321 0.1463611 0.56953 0.363715 0.06675499 0.408957 0.545606 0.04543697 0.408957 0.545606 0.04543697 1 1 0.408957 0.545606 0.04543697 0.154056 0.394797 0.451147 1 0.05215007 0.8957018 0.02607405 0.02607405 0.3699374 0.5724496 0.05761301 0.4105994 0.5756106 0.001636981 0.01215296 0.775597 0.224403 0.04776203 0.946639 0.005598962 0.258159 0.741841 0.01679903 0.977602 0.005598962 0.01120001 0.01119899 0.9776011 0.01119995 0.9776 0.01119995 0.01257896 0.977355 0.01006597 0.379876 0.620124 0.022399 0.9776011 0.06145399 0.938546 0.04374098 0.956259 0.07489299 0.925107 0.08292305 0.917077 0.01257896 0.977355 0.01006597 0.17242 0.82758 0.2651623 0.005579948 0.7292578 0.01120001 0.9776011 0.01119899 0.03322899 0.961172 0.005598962 1 0.4862 0.5138 0.4862 0.5138 1 1 0.4862 0.5138 1 0.4862 0.5138 1 1 1 1 0.348953 0.651047 0.2215819 0.778418 0.09492498 0.437898 0.467177 0.060826 0.488438 0.450736 0.08689808 0.5231446 0.3899574 0.183694 0.421974 0.394332 0.2097589 0.790241 0.170505 0.829495 0.05190205 0.2947203 0.6533777 1 1 1 0.6281966 0.1581821 0.2136212 0.599761 0.30131 0.09892898 0.256523 0.681679 0.06179797 0.05563104 0.3776084 0.5667605 1 1 0.4862 0.5138 0.8622401 0.13776 0.17432 0.8256801 1 1 1 1 0.08436399 0.387858 0.527778 0.160096 0.30919 0.530714 0.04802298 0.392448 0.559529 0.405335 0.594665 0.152373 0.07274395 0.774883 0.3658314 0.05506902 0.5790996 0.216503 0.209733 0.573764 0.1680251 0.00921601 0.7962188 0.02653998 0.7964018 0.1645631 0.03903502 0.4322375 0.4390225 0.1287401 0.4607511 0.25188 0.200025 0.08734399 0.8288477 0.08318412 0.01302099 0.07494711 0.3699374 0.5724496 0.05761301 0.170868 0.389686 0.439446 0.121033 0.704009 0.071141 0.103817 0.310106 0.390774 0.29912 0.042804 0.3127053 0.6016866 0.042804 0.08028203 0.4359324 0.4837855 0.09992706 0.1054791 0.7945938 0.08434504 0.01398801 0.874404 0.02726298 0.185833 0.489117 0.32505 0.45357 0.02098298 0.392946 0.132501 0.07001703 0.2392152 0.6907677 0.07682895 0.21683 0.706341 0.179706 0.504811 0.315483 0.01120001 0.9776011 0.01119899 0.01120001 0.01119899 0.9776011 0.01120001 0.9776011 0.01119899 0.060826 0.488438 0.450736 0.005355 0.526061 0.468584 0.1637009 0.836299 0.1788212 0.7222298 0.09894907 0.17432 0.8256801 1 1 1 1 1 1 1 1 0.389374 0.610626 0.292144 0.707856 0.311592 0.688408 0.361852 0.638148 1 1 0.08028203 0.4359324 0.4837855 0.042804 0.3127053 0.6016866 0.042804 0.07182705 0.03534901 0.5525546 0.3402693 0.09992706 0.1054791 0.7945938 0.05851805 0.001777946 0.936904 0.002799987 0.186432 0.05886298 0.754705 0.07001703 0.2392152 0.6907677 0.179706 0.504811 0.315483 0.2968863 0.5967336 0.1063801 0.2552 0.7448 0.4862 0.5138 1 1 1 1 1 1 1 1 1 1 1 1 1 0.87344 0.12656 0.880199 0.01017796 0.109623 0.6725457 0.1516571 0.1757972 0.76088 0.06400096 0.175119 0.8230818 0.05978 0.1171381 0.7876918 0.1169671 0.09534108 0.2688933 0.7107638 0.020343 0.05214995 0.8957 0.05214995 0.5428146 0.01478397 0.06439703 0.3780044 0.5880306 0.05862802 0.1712902 0.1820512 0.3800624 0.3001583 0.3197793 1 0.258159 0.741841 0.04776203 0.946639 0.005598962 0.75364 0.24636 0.957476 0.04252403 0.278546 0.721454 0.880199 0.01017796 0.109623 0.76088 0.06400096 0.175119 1 0.4862 0.5138 0.4862 0.5138 0.806046 0.193954 0.806046 0.193954 0.2552 0.7448 0.278546 0.721454 0.4274286 0.3067387 0.2658327 0.07545799 0.416928 0.507614 0.498671 0.501329 0.389374 0.610626 0.4274286 0.3067387 0.2658327 0.24677 0.75323 0.498671 0.501329 1 1 0.005355 0.526061 0.468584 0.1637009 0.836299 1 1 1 1 1 1 1 1 1 1 1 1 1 1 1 1 0.87344 0.12656 0.87344 0.12656 0.8230818 0.05978 0.1171381 0.861344 0.03513395 0.103522 0.8221719 0.08212208 0.0957061 0.7876918 0.1169671 0.09534108 0.316178 0.6644411 0.01938098 0.2688933 0.7107638 0.020343 0.3730894 0.6171656 0.001636981 0.00810796 0.05215001 0.8957009 0.02607399 0.026075 1 1 0.6725457 0.1516571 0.1757972 0.310106 0.390774 0.29912 0.05214995 0.8957 0.05214995 0.3699374 0.5724496 0.05761301 0.05215001 0.8957009 0.02607399 0.026075 0.2155422 0.4375615 0.3468964 0.3132673 0.06160902 0.5078036 0.1173201 0.05215001 0.8957009 0.02607399 0.026075 0.08434504 0.01398801 0.874404 0.02726298 0.338457 0.31647 0.263173 0.0819 1 1 0.258159 0.741841 1 1 1 1 0.980871 0.01912897 0.957476 0.04252403 0.980871 0.01912897 0.788649 0.211351 0.980871 0.01912897 0.841047 0.158953 0.788649 0.211351 0.957476 0.04252403 0.75364 0.24636 0.56188 0.43812 0.5411266 0.4228624 0.03601104 0.422223 0.577777 0.5411266 0.4228624 0.03601104 0.788649 0.211351 0.624741 0.375259 0.624741 0.375259 0.422223 0.577777 0.422223 0.577777 1 0.422223 0.577777 1 0.05215001 0.8957009 0.02607399 0.026075 0.3730894 0.6171656 0.001636981 0.00810796 0.3699374 0.5724496 0.05761301 0.016604 0.983396 0.01355701 0.9864431 0.02855396 0.971446 0.03419595 0.965804 0.02783399 0.972166 0.01539599 0.984604 0.02040398 0.9795961 0.042382 0.957618 0.02219599 0.977804 0.01262897 0.9873711 0.01377397 0.9862261 0.02484601 0.974977 1.77e-4 0.02343899 0.9765611 0.01138597 0.988614 0.04776203 0.946639 0.005598962 0.01679903 0.977602 0.005598962 0.022399 0.9776011 0.07489299 0.925107 0.01257896 0.977355 0.01006597 0.01119995 0.9776 0.01119995 0.03322899 0.961172 0.005598962 0.009994983 0.990005 1 1 1 1 1 1 1 1 1 1 1 1 1 1 1 1 1 1 1 1 1 1 1 1 1 1 1 1 1 1 1 1 1 1 1 1 1 1 1 1 1 1 1 1 1 1 1 1 1 1 1 1 1 1 1 1 1 1 1 1 1 1 1 1 1 1 1 1 1 1 1 1 1 1 1 1 1 1 1 1 1 1 1 1 1 1 1 1 1 1 1 1 1 1 1 1 1 1 1 1 1 1 1 1 1 1 1 1 1 1 1 1 1 1 1 1 1 1 1 1 1 1 1 1 1 1 1 1 1 1 1 1 1 1 1 1 1 1 1 1 1 1 1 1 1 1 1 1 1 1 1 1 1 1 1 1 1 1 1 1 1 1 1 1 1 1 1 1 1 1 1 1 1 1 1 1 1 1 1 1 1 1 1 1 1 1 1 1 1 1 1 1 1 1 1 1 1 1 1 1 1 1 1 1 1 1 1 1 1 1 1 1 1 1 1 1 1 1 1 1 1 1 1 1 1 1 1 1 1 1 1 1 1 1 1 1 1 1 1 1 1 1 1 1 1 1 1 1 1 1 1 1 1 1 1 1 1 1 1 1 1 1 1 1 1 1 1 1 1 1 1 1 1 1 1 1 1 1 1 1 1 1 1 1 1 1 1 1 1 1 1 1 1 1 1 1 1 1 1 1 1 1 1 1 1 1 1 1 1 1 1 1 1 1 1 1 1 1 1 1 1 1 1 1 1 1 1 1 1 1 1 1 1 1 1 1 1 1 1 1 1 1 1 1 1 1 1 1 1 1 1 1 1 1 1 1 1 1 1 1 1 1 1 1 1 1 1 1 1 1 1 1 1 1 1 1 1 1 1 1 1 1 1 1 1 1 1 1 1 1 1 1 1 1 1 1 1 1 1 1 1 1 1 1 1 1 1 1 1 1 1 1 1 1 1 1 1 1 1 1 1 1 1 1 1 1 1 1 1 1 1 1 1 1 1 1 1 1 1 1 1 1 1 1 1 1 1 1 1 1 1 1 1 1 1 1 1 1 1 1 1 1 1 1 1 1 1 1 1 1 1 1 1 1 1 1 1 1 1 1 1 1 1 1 1 1 1 1 1 1 1 1 1 1 1 1 1 1 1 1 1 1 1 1 1 1 1 1 1 1 1 1 1 1 1 1 1 1 1 1 1 1 1 1 1 1 1 1 1 1 1 1 1 1 1 1 1 1 1 1 1 1 1 1 1 1 1 1 1 1 1 1 1 1 1 1 1 1 1 1 1 1 1 1 1 1 1 1 1 1 1 1 1 1 1 1 1 1 1 1 1 1 1 1 1 1 1 1 1 1 1 1 1 1 1 1 1 1 1 1 1 1 1 1 1 1 1 1 1 1 1 1 1 1 1 1 1 1 1 1 1 1 1 1 1 1 1 1 1 1 1 1 1 1 1 1 1 1 1 1 0.655577 0.344423 0.655577 0.344423 0.282109 0.717891 1 0.282108 0.717892 1 0.655575 0.344425 0.28211 0.71789 1 0.655577 0.344423 0.282108 0.717892</float_array>
          <technique_common>
            <accessor source="#Armature_mater_lod1-skin-weights-array" count="5908" stride="1">
              <param name="WEIGHT" type="float"/>
            </accessor>
          </technique_common>
        </source>
        <joints>
          <input semantic="JOINT" source="#Armature_mater_lod1-skin-joints"/>
          <input semantic="INV_BIND_MATRIX" source="#Armature_mater_lod1-skin-bind_poses"/>
        </joints>
        <vertex_weights count="4423">
          <input semantic="JOINT" source="#Armature_mater_lod1-skin-joints" offset="0"/>
          <input semantic="WEIGHT" source="#Armature_mater_lod1-skin-weights" offset="1"/>
          <vcount>3 3 3 3 3 3 3 3 3 3 3 3 3 3 3 3 3 3 3 3 3 3 3 3 3 3 3 3 3 3 3 3 3 2 2 3 3 3 3 3 3 3 3 3 3 2 2 3 2 2 3 3 2 3 2 2 2 1 1 2 1 2 2 1 3 4 4 3 3 3 4 4 2 3 2 2 1 3 4 3 3 3 1 3 3 2 2 1 1 2 1 4 3 4 3 2 1 1 1 2 3 2 3 1 1 3 3 4 4 3 2 1 1 1 1 1 1 1 1 1 1 1 1 1 1 1 1 1 1 1 1 1 1 1 1 1 1 1 1 1 1 1 1 1 1 1 1 3 3 1 1 3 3 3 3 1 3 1 1 1 1 3 3 2 1 2 2 2 2 2 2 1 1 2 2 1 1 1 1 2 2 1 1 2 2 1 1 2 2 1 1 1 1 2 2 1 1 3 3 3 3 1 1 2 2 1 1 1 1 1 1 1 1 1 1 1 1 1 1 1 1 1 1 1 1 1 1 1 1 1 1 1 1 1 1 1 1 1 1 1 1 1 1 1 1 1 1 1 1 1 1 1 1 1 1 1 1 1 1 1 1 1 1 1 1 1 1 1 1 1 1 1 1 1 1 1 1 1 1 1 2 2 2 2 2 2 2 2 2 2 2 2 2 2 2 2 2 2 2 2 1 1 2 2 1 2 2 1 1 2 2 2 2 2 2 1 1 1 1 1 1 1 1 1 1 1 1 1 1 1 1 1 1 1 1 1 1 1 1 1 1 1 1 1 1 1 1 1 1 1 1 2 3 3 3 3 3 2 3 3 1 1 1 1 1 1 1 1 1 1 1 1 1 1 1 1 1 1 1 1 1 1 1 1 1 1 1 1 1 1 1 1 1 1 1 1 3 3 2 1 1 2 3 3 3 3 1 1 1 1 3 3 1 2 2 2 2 1 2 2 1 1 2 2 1 1 1 1 2 2 1 1 2 2 1 1 2 2 1 1 1 1 2 2 1 3 3 3 3 2 2 2 2 1 1 1 1 1 1 1 1 1 1 1 1 1 1 1 1 1 1 1 1 1 1 1 1 1 1 1 1 1 1 1 1 1 1 1 1 1 1 1 1 1 1 1 1 1 1 1 1 1 1 1 1 1 1 1 1 1 1 1 1 1 1 1 1 1 1 1 1 2 2 2 2 2 2 2 2 2 2 2 2 2 2 2 2 2 2 2 2 2 2 2 2 2 2 2 2 2 2 1 1 1 1 1 1 1 1 1 1 1 1 1 1 1 1 1 1 1 1 1 1 1 1 1 1 1 2 2 2 2 2 2 2 2 2 3 3 2 2 3 2 2 2 3 1 1 1 1 1 1 1 1 1 1 1 1 1 1 1 1 1 1 1 1 1 1 1 1 1 1 1 1 1 1 1 1 3 3 2 2 2 2 1 1 1 2 2 1 2 2 2 2 1 1 1 1 1 1 1 1 1 1 1 1 1 1 1 1 1 1 1 1 1 1 1 1 1 1 1 1 1 1 1 1 1 1 1 2 1 2 1 1 1 1 1 1 1 1 1 1 1 1 1 1 1 1 1 1 1 1 1 1 1 1 1 1 1 1 1 1 1 1 1 1 1 1 1 1 1 1 1 1 1 1 1 1 1 1 1 1 1 1 1 2 2 2 2 2 2 2 2 2 2 2 2 2 2 2 2 2 2 1 1 3 3 3 3 3 3 4 3 3 3 3 3 3 3 3 3 4 3 3 3 3 3 3 3 3 3 3 3 3 3 3 3 4 3 1 1 1 1 1 1 1 1 1 1 1 1 1 1 1 2 2 1 1 1 1 1 1 1 1 1 1 1 1 1 1 1 1 1 1 1 1 1 1 1 1 1 1 1 1 1 1 1 1 1 1 1 1 1 1 1 1 1 1 1 1 1 1 1 1 1 1 1 1 1 2 2 2 2 2 2 2 2 2 2 2 2 2 2 2 2 2 2 1 1 3 3 3 3 3 4 3 3 3 3 3 3 3 3 3 3 3 3 3 3 3 3 3 3 3 3 4 3 1 2 1 1 2 2 2 2 1 2 1 1 2 1 1 1 1 1 1 1 1 1 1 1 1 1 1 1 1 1 1 1 1 1 1 1 1 1 1 1 1 1 1 2 2 2 2 2 2 2 2 2 2 2 2 2 2 2 1 1 1 1 1 1 1 1 1 1 1 1 1 1 1 1 1 1 1 1 1 1 1 1 1 1 1 1 1 1 1 1 1 1 1 1 1 1 1 1 1 1 1 1 1 1 1 1 1 1 1 1 1 1 1 1 1 1 1 1 1 2 1 1 1 1 1 1 1 1 1 1 1 1 1 1 1 1 1 1 1 1 1 1 1 1 1 1 1 1 1 1 1 1 1 1 1 1 1 1 1 1 1 1 1 1 1 1 1 1 1 1 1 1 1 1 1 1 1 1 1 1 1 1 1 1 1 1 1 1 1 1 1 1 1 1 1 1 1 1 1 1 1 1 1 1 1 1 1 1 1 1 1 1 1 1 1 1 1 1 1 1 1 1 1 1 1 1 1 1 1 1 1 1 1 1 1 1 1 1 1 1 1 1 1 1 1 1 1 1 1 1 1 1 1 1 1 1 1 1 1 1 1 1 1 1 1 1 1 1 1 1 1 1 1 1 1 1 1 1 1 1 1 1 1 1 1 1 1 1 1 1 1 1 1 1 1 1 1 1 1 1 1 1 1 1 1 1 1 1 1 1 1 1 1 1 1 1 1 1 1 1 1 1 1 1 1 1 1 1 1 1 1 1 1 1 1 1 1 1 1 1 1 1 1 1 1 1 1 1 1 1 1 1 1 1 1 1 1 1 1 1 1 1 1 1 1 1 1 1 1 1 1 1 1 1 1 1 1 1 1 1 1 1 1 1 1 1 1 1 1 1 1 1 1 1 1 1 1 1 1 1 1 1 1 1 1 1 1 1 1 1 1 1 1 1 1 1 1 1 1 1 1 1 1 1 1 1 1 1 1 1 1 1 1 1 1 1 1 1 1 1 3 3 3 3 3 3 3 3 1 1 1 1 1 1 1 1 1 1 1 1 1 1 1 1 1 1 1 1 1 1 1 1 1 1 1 1 1 1 1 1 1 1 1 1 1 1 1 1 1 1 1 1 1 1 1 1 1 1 1 1 1 1 1 1 1 1 1 1 1 1 1 1 1 1 1 1 1 1 1 1 1 1 1 1 1 1 1 1 1 1 1 1 1 1 1 1 1 1 1 1 1 1 1 1 1 1 1 1 1 1 1 1 1 1 1 1 1 1 1 1 1 1 1 1 1 1 1 1 1 1 1 1 1 1 1 1 1 1 1 1 1 1 1 1 1 1 1 1 1 1 1 1 1 1 1 1 1 1 1 1 1 1 1 1 1 1 1 1 1 1 1 1 1 1 1 1 1 1 1 1 1 1 1 1 1 1 1 1 1 1 1 1 1 1 1 1 1 1 1 1 1 1 1 1 1 1 1 1 1 1 1 1 1 1 1 1 1 1 1 1 1 1 1 1 1 1 1 1 1 1 1 1 1 1 1 1 1 1 1 1 1 1 1 1 1 1 1 1 1 1 1 1 1 1 1 1 1 1 1 1 1 1 1 1 1 1 1 1 1 1 1 1 1 1 1 1 1 1 1 1 1 1 1 1 1 1 1 1 1 1 1 1 1 1 1 1 1 1 1 1 1 1 1 1 1 1 1 1 1 1 1 1 1 1 1 1 1 1 1 1 1 1 2 2 1 1 2 2 1 1 1 2 2 2 2 1 1 1 2 1 1 1 1 1 1 1 1 1 1 1 1 1 1 1 1 1 2 2 1 1 2 2 1 1 1 2 2 2 2 1 1 1 2 1 1 1 1 1 1 1 1 1 1 1 1 1 1 1 1 1 1 1 1 1 1 1 1 1 1 1 1 1 1 1 1 1 1 1 1 1 1 1 1 1 1 1 1 1 1 1 1 1 1 1 1 1 1 1 1 1 1 1 1 1 1 1 1 1 1 1 1 1 1 1 1 1 1 1 1 1 1 1 1 1 1 1 1 1 1 1 1 1 1 1 1 1 1 1 1 1 1 1 1 1 1 1 1 1 1 1 1 1 1 1 1 1 1 1 1 1 1 1 1 1 1 1 1 1 1 1 1 1 1 1 1 1 1 1 1 1 1 1 1 1 1 1 1 1 1 1 1 1 1 1 1 1 1 1 1 1 1 1 1 1 1 1 1 1 1 1 1 1 1 1 1 1 1 1 1 1 1 1 1 1 1 1 1 1 1 1 1 1 1 1 1 1 1 1 1 1 1 1 1 1 1 1 1 1 1 1 1 1 1 1 1 1 1 1 1 1 1 1 1 1 1 1 1 1 1 1 1 1 1 1 1 1 1 1 1 1 1 1 1 1 1 1 1 1 1 1 1 1 1 1 1 1 1 1 1 1 1 1 1 1 1 1 1 1 1 1 1 1 1 1 1 1 1 1 1 1 1 1 1 1 1 1 1 1 1 1 1 1 1 1 1 1 1 1 1 1 1 1 1 1 1 1 1 1 1 1 1 1 1 1 1 1 1 1 1 1 1 1 1 1 1 1 1 1 1 1 1 1 1 1 1 1 1 1 1 1 1 1 1 1 1 1 1 1 1 1 1 1 1 1 1 1 1 1 1 1 1 1 1 1 1 1 1 1 1 1 1 1 1 1 1 1 1 1 1 1 1 1 1 1 1 1 1 1 1 1 1 1 1 1 1 1 1 1 1 1 1 1 1 1 1 1 1 1 1 1 1 1 1 1 1 1 1 1 1 1 1 1 1 1 1 1 1 1 1 1 1 1 1 1 1 1 1 1 1 1 1 1 1 1 1 1 1 3 1 1 3 3 1 3 1 3 3 3 3 3 3 3 3 3 3 3 3 2 2 2 2 1 1 1 1 2 1 1 2 2 1 1 2 3 3 3 3 3 3 3 3 3 3 3 3 3 3 3 3 1 1 1 1 1 1 1 1 1 1 1 1 1 1 1 1 1 1 1 1 1 1 1 1 1 1 1 1 1 1 1 1 1 1 1 1 1 1 1 1 1 1 1 1 1 1 1 1 1 1 1 1 1 1 1 1 1 1 1 1 1 1 1 1 1 1 1 1 1 1 1 1 1 1 1 1 1 1 1 1 1 1 1 1 1 1 1 1 1 1 1 1 1 1 1 1 1 1 1 1 1 1 1 1 1 1 1 1 1 1 1 1 1 1 1 1 1 1 1 1 1 1 1 1 1 1 1 1 1 1 1 1 1 1 1 1 1 1 1 1 1 1 1 1 1 1 1 1 1 1 1 1 1 1 1 1 1 1 1 1 1 1 1 1 1 1 1 1 1 1 1 1 1 1 1 1 1 1 1 1 1 1 1 1 1 1 1 1 1 1 1 1 1 1 1 1 1 1 1 1 1 1 1 1 1 1 1 1 1 1 1 1 1 1 1 1 1 1 1 1 1 1 1 1 1 1 1 1 1 1 1 1 1 1 1 1 1 1 1 1 1 1 1 1 1 1 1 1 1 1 1 1 1 1 1 1 1 1 1 1 1 1 1 1 1 1 1 1 1 1 1 1 1 1 1 1 1 1 1 1 1 1 1 1 1 1 1 1 1 1 1 1 1 1 1 1 1 1 1 1 1 1 1 1 1 1 1 1 1 1 1 1 1 1 1 1 1 1 1 1 1 1 1 1 1 1 1 1 1 1 1 1 1 1 1 1 1 1 1 1 1 1 1 1 1 1 1 1 1 1 1 1 1 1 1 1 1 1 1 1 1 1 1 1 1 1 1 1 1 1 1 1 1 1 1 1 1 1 1 1 1 1 1 1 1 1 1 1 1 1 1 1 1 1 1 1 1 1 1 1 1 1 1 1 1 1 1 1 1 1 1 1 1 1 1 1 1 1 1 1 1 1 1 1 1 1 1 1 1 1 1 1 1 1 1 1 1 1 1 1 1 1 1 3 3 1 1 3 1 3 1 3 3 3 3 3 3 3 3 3 3 3 3 2 2 2 2 1 1 1 1 2 2 1 1 2 2 1 1 3 3 3 3 3 3 3 3 3 3 3 3 3 3 3 3 1 1 1 1 1 1 1 1 1 1 1 1 1 1 1 1 1 1 1 1 1 1 1 1 1 1 1 1 1 1 1 1 1 1 1 1 1 1 1 1 1 1 1 1 1 1 1 1 1 1 1 1 1 1 1 1 1 1 1 1 1 1 1 1 1 1 1 1 1 1 1 1 1 1 1 1 1 1 1 1 1 1 1 1 1 1 1 1 1 1 1 1 1 1 1 1 1 1 1 1 1 1 1 1 1 1 1 1 1 1 1 1 1 1 1 1 1 1 1 1 1 1 1 1 1 1 1 1 1 1 1 1 1 1 1 1 1 1 1 1 1 1 1 1 1 1 1 1 1 1 1 1 1 1 1 1 1 1 1 1 1 1 1 1 1 1 1 1 1 1 1 1 1 1 1 1 1 1 1 1 1 1 1 1 1 1 1 1 1 1 1 1 1 1 1 1 1 1 1 1 1 1 1 1 1 1 1 1 1 1 1 1 1 1 1 1 1 1 1 1 1 1 1 1 1 1 1 1 1 1 1 1 1 1 1 1 1 1 1 1 1 1 1 1 1 1 1 1 1 1 1 1 1 1 1 1 1 1 1 1 1 1 1 1 1 1 1 1 1 1 1 1 1 1 1 1 1 1 1 1 1 1 1 1 1 1 1 1 1 1 1 1 1 1 1 1 1 1 1 1 1 1 1 1 1 1 1 1 1 1 1 1 1 1 1 1 1 1 1 1 1 1 1 1 1 1 1 1 1 1 1 1 1 1 1 1 1 1 1 1 1 1 1 1 1 1 1 1 1 1 1 1 1 1 1 1 1 1 1 1 1 1 1 1 1 1 1 1 1 1 1 1 2 2 1 1 1 2 1 1 1 1 1 2 1 1 1 1 1 1 2 2 1 1 1 1 1 1 1 1 1 1 1 1 1 1 1 1 1 1 1 1 1 1 1 1 1 1 1 1 1 1 1 1 1 1 1 1 1 1 1 1 1 1 1 2 1 1 1 1 1 1 1 1 1 1 1 1 1 1 1 1 1 1 1 1 2 2 2 1 2 2 2 2 2 2 2 1 1 1 1 1 2 2 2 2 2 2 2 2 2 2 2 2 1 1 1 1 1 1 1 1 1 1 1 2 2 2 1 2 2 2 2 2 2 2 1 1 1 1 1 2 2 2 2 2 2 2 2 2 2 2 2 1 1 1 1 1 1 1 3 3 3 3 2 2 2 2 2 2 3 3 3 4 3 2 2 2 3 2 3 3 3 3 3 3 1 1 1 1 2 3 2 2 3 3 3 3 2 3 2 1 1 1 3 3 3 3 3 3 3 3 3 2 3 3 2 2 3 3 3 3 3 3 2 1 1 1 1 3 3 2 3 3 3 3 3 4 3 4 4 3 3 3 3 3 4 3 4 3 3 4 4 3 3 3 3 1 1 3 4 1 3 3 1 2 1 2 3 1 1 1 1 1 1 1 1 1 1 1 1 2 2 2 2 1 1 3 4 4 3 4 3 3 3 3 4 1 2 1 1 1 1 1 1 1 1 1 1 1 1 3 2 3 3 3 3 3 3 4 2 3 4 2 2 3 1 1 3 3 3 1 1 2 2 3 3 3 1 2 2 2 2 3 3 3 3 2 2 3 2 3 2 3 1 1 2 1 1 1 1 1 1 1 1 1 1 1 1 1 1 1 1 1 1 2 2 3 3 3 3 3 3 4 4 1 3 3 3 3 4 4 4 4 4 4 3 3 1 3 1 3 1 1 1 2 2 2 1 2 2 2 2 3 3 2 3 3 1 1 3 2 2 3 3 3 3 3 3 1 1 3 3 1 4 3 4 2 3 2 3 3 3 3 2 2 2 2 2 2 3 2 3 3 3 1 2 2 1 1 2 1 2 1 1 1 1 2 2 3 3 3 3 2 2 3 1 1 1 3 3 3 3 1 1 2 2 2 1 1 1 1 3 3 3 2 3 3 3 4 3 3 4 4 3 3 4 3 4 3 3 4 3 4 3 3 3 3 3 3 3 3 2 3 2 1 1 1 1 1 1 1 1 2 2 2 2 1 1 3 4 4 3 4 3 3 3 3 2 2 1 1 1 1 1 1 1 1 1 1 1 1 1 2 3 3 3 3 3 3 3 4 4 3 1 2 3 2 2 2 3 3 1 2 2 2 2 2 2 3 3 2 2 3 2 2 1 1 3 2 1 1 1 1 1 1 1 1 1 1 1 1 1 1 1 1 2 2 3 3 3 3 3 3 4 4 1 1 3 3 3 3 4 3 4 4 4 4 1 1 2 1 1 1 1 2 2 2 2 2 2 2 2 2 2 3 2 3 2 2 2 2 2 1 2 1 4 4 3 2 2 2 2 2 2 2 2 2 2 2 3 2 2 3 3 2 2 3 3 3 2 1 1 1 1 1 1 1 1 1 1 1 1 1 1 1 1 1 1 1 1 1 1 1 1 1 1 1 1 1 1 1 1 1 1 1 1 1 1 1 1 1 1 1 1 1 1 1 1 1 1 1 1 1 1 1 1 1 1 1 1 1 1 1 1 1 1 1 1 1 1 1 1 1 1 1 1 1 1 1 1 1 1 1 1 1 1 1 1 1 1 1 1 1 1 1 1 1 1 1 1 1 1 1 1 1 1 1 1 1 1 1 1 1 1 1 1 1 1 1 1 1 1 1 1 1 1 1 1 1 1 1 1 1 1 1 1 1 1 1 1 1 1 1 1 1 1 1 1 1 1 1 1 1 1 1 1 1 1 1 1 1 1 1 1 1 1 1 1 1 1 1 1 1 1 1 1 1 1 1 1 1 1 1 1 1 1 1 1 1 1 1 1 1 1 1 1 1 1 1 1 1 1 1 1 1 1 1 1 1 1 1 1 1 1 1 1 1 1 1 1 1 1 1 1 1 1 1 1 1 1 1 1 1 1 1 1 1 1 1 1 1 1 1 1 1 1 1 1 1 1 1 1 1 1 1 1 1 1 1 1 1 1 1 1 1 1 1 1 1 1 1 1 1 1 1 1 1 1 1 1 1 1 1 1 1 1 1 1 1 1 1 1 1 1 1 1 1 1 1 1 1 1 1 1 1 1 1 1 1 1 1 1 1 1 1 1 1 1 1 1 1 1 1 1 1 1 1 1 1 1 1 1 1 1 1 1 1 1 1 1 1 1 1 1 1 1 1 1 1 1 1 1 1 1 1 1 1 1 1 1 1 1 1 1 1 1 1 1 1 1 1 1 1 1 1 1 1 1 1 1 1 1 1 1 1 1 1 1 1 1 1 1 1 1 1 1 1 1 1 1 1 1 1 1 1 1 1 1 1 1 1 1 1 1 1 1 1 1 1 1 1 1 1 1 1 1 1 1 1 1 1 1 1 1 1 1 1 1 1 1 1 1 1 1 1 1 1 1 1 1 1 1 1 1 1 1 1 1 1 1 1 1 1 1 1 1 1 1 1 1 1 1 1 1 1 1 1 1 1 1 1 1 1 1 1 1 1 1 1 1 1 1 1 1 1 1 1 1 1 1 1 1 1 1 1 1 1 1 1 1 1 1 1 1 1 1 1 1 1 1 1 1 1 1 1 1 1 1 1 1 1 1 1 1 1 1 1 1 1 1 1 1 1 1 1 1 1 1 1 1 1 1 1 1 1 1 1 1 1 1 1 1 1 1 1 1 1 1 1 1 1 1 1 1 1 1 1 1 1 1 1 1 1 1 1 1 1 1 1 1 1 1 1 1 1 1 1 1 1 1 1 1 1 1 1 1 1 1 1 1 1 1 1 1 1 1 1 1 1 1 1 1 1 1 1 1 1 1 1 1 1 1 1 1 1 1 1 1 1 1 2 2 2 1 2 1 2 2 1 2 2 </vcount>
          <v>9 0 10 1 13 2 10 3 13 4 15 5 9 6 10 7 13 8 9 9 10 10 13 11 10 12 13 13 15 14 10 15 13 16 15 17 9 18 10 19 13 20 9 21 10 22 13 23 9 24 10 25 13 26 10 27 13 28 15 29 9 30 10 31 13 32 10 33 13 34 15 35 10 36 13 37 15 38 10 39 13 40 15 41 10 42 13 43 15 44 10 45 13 46 15 47 10 48 13 49 15 50 10 51 13 52 15 53 10 54 13 55 15 56 10 57 13 58 15 59 9 60 10 61 13 62 9 63 10 64 13 65 9 66 10 67 13 68 9 69 10 70 13 71 9 72 10 73 13 74 9 75 10 76 13 77 9 78 10 79 13 80 9 81 10 82 13 83 9 84 10 85 13 86 9 87 10 88 13 89 9 90 10 91 13 92 9 93 10 94 13 95 10 96 11 97 14 98 9 99 10 100 9 101 10 102 10 103 11 104 14 105 9 106 10 107 13 108 9 109 10 110 13 111 10 112 11 113 14 114 10 115 11 116 14 117 9 118 10 119 13 120 10 121 11 122 14 123 9 124 10 125 13 126 9 127 10 128 13 129 10 130 12 131 15 132 9 133 10 134 9 135 10 136 10 137 12 138 15 139 9 140 10 141 9 142 10 143 10 144 12 145 15 146 10 147 12 148 15 149 9 150 10 151 10 152 12 153 15 154 9 155 10 156 9 157 10 158 25 159 26 160 8 161 8 162 25 163 28 164 8 165 28 166 30 167 28 168 30 169 8 170 13 171 14 172 15 173 10 174 13 175 20 176 21 177 10 178 13 179 20 180 23 181 13 182 14 183 15 184 10 185 11 186 14 187 10 188 11 189 14 190 10 191 11 192 23 193 24 194 10 195 11 196 23 197 24 198 20 199 21 200 10 201 20 202 23 203 23 204 24 205 23 206 24 207 8 208 25 209 28 210 30 211 10 212 13 213 14 214 23 215 10 216 11 217 14 218 20 219 23 220 24 221 10 222 12 223 15 224 12 225 10 226 12 227 19 228 10 229 18 230 19 231 27 232 29 233 29 234 31 235 8 236 8 237 18 238 19 239 19 240 10 241 13 242 14 243 15 244 10 245 12 246 15 247 10 248 12 249 13 250 18 251 10 252 13 253 18 254 29 255 31 256 31 257 8 258 8 259 18 260 19 261 10 262 18 263 22 264 25 265 26 266 26 267 27 268 29 269 8 270 8 271 13 272 14 273 15 274 13 275 14 276 15 277 10 278 13 279 18 280 22 281 10 282 13 283 20 284 21 285 10 286 18 287 22 288 20 289 21 290 16 291 16 292 16 293 16 294 16 295 16 296 16 297 16 298 16 299 16 300 16 301 16 302 16 303 16 304 16 305 16 306 16 307 16 308 17 309 17 310 17 311 17 312 17 313 17 314 17 315 17 316 17 317 17 318 17 319 17 320 17 321 17 322 17 323 17 324 17 325 17 326 8 327 35 328 47 329 8 330 35 331 47 332 8 333 8 334 34 335 35 336 49 337 8 338 34 339 49 340 8 341 34 342 49 343 8 344 34 345 49 346 8 347 35 348 38 349 39 350 8 351 8 352 8 353 8 354 8 355 34 356 47 357 8 358 34 359 49 360 8 361 35 362 8 363 0 364 8 365 0 366 8 367 0 368 8 369 0 370 8 371 0 372 8 373 0 374 8 375 8 376 8 377 0 378 8 379 0 380 8 381 8 382 8 383 8 384 8 385 0 386 8 387 0 388 8 389 8 390 8 391 0 392 8 393 0 394 8 395 8 396 8 397 0 398 8 399 0 400 8 401 8 402 8 403 8 404 8 405 0 406 8 407 0 408 8 409 8 410 8 411 8 412 35 413 49 414 8 415 35 416 49 417 8 418 35 419 49 420 8 421 35 422 49 423 8 424 8 425 8 426 35 427 8 428 35 429 1 430 1 431 1 432 1 433 1 434 1 435 1 436 1 437 1 438 1 439 1 440 1 441 1 442 1 443 1 444 1 445 1 446 1 447 1 448 1 449 1 450 1 451 1 452 1 453 1 454 1 455 1 456 1 457 1 458 1 459 1 460 1 461 1 462 1 463 1 464 1 465 1 466 1 467 1 468 1 469 1 470 1 471 1 472 1 473 1 474 1 475 1 476 1 477 1 478 1 479 55 480 55 481 55 482 55 483 55 484 55 485 55 486 55 487 55 488 55 489 55 490 55 491 1 492 55 493 55 494 55 495 55 496 55 497 55 498 55 499 55 500 55 501 55 502 1 503 1 504 0 505 8 506 0 507 8 508 0 509 8 510 0 511 8 512 0 513 8 514 0 515 8 516 0 517 8 518 0 519 8 520 0 521 8 522 0 523 8 524 0 525 8 526 0 527 8 528 0 529 8 530 0 531 8 532 0 533 8 534 0 535 8 536 0 537 8 538 0 539 8 540 0 541 8 542 0 543 8 544 0 545 0 546 0 547 73 548 0 549 73 550 0 551 0 552 73 553 0 554 73 555 0 556 0 557 0 558 73 559 0 560 73 561 0 562 73 563 0 564 73 565 0 566 73 567 0 568 73 569 73 570 73 571 73 572 73 573 73 574 1 575 1 576 2 577 2 578 1 579 2 580 1 581 2 582 1 583 2 584 55 585 55 586 55 587 55 588 55 589 55 590 55 591 55 592 55 593 55 594 55 595 55 596 8 597 8 598 8 599 8 600 8 601 8 602 8 603 8 604 8 605 8 606 49 607 8 608 35 609 49 610 8 611 35 612 49 613 8 614 35 615 49 616 8 617 35 618 49 619 8 620 35 621 49 622 8 623 49 624 8 625 35 626 49 627 8 628 35 629 49 630 8 631 1 632 1 633 8 634 8 635 1 636 73 637 73 638 73 639 73 640 73 641 73 642 73 643 73 644 73 645 73 646 73 647 73 648 73 649 73 650 73 651 73 652 73 653 73 654 73 655 73 656 73 657 73 658 73 659 73 660 73 661 73 662 73 663 73 664 73 665 73 666 8 667 34 668 49 669 8 670 34 671 49 672 8 673 43 674 8 675 8 676 8 677 43 678 35 679 43 680 50 681 8 682 43 683 50 684 8 685 43 686 50 687 8 688 43 689 50 690 8 691 8 692 8 693 8 694 8 695 43 696 50 697 8 698 43 699 48 700 8 701 0 702 8 703 0 704 8 705 0 706 8 707 0 708 8 709 8 710 0 711 8 712 0 713 8 714 8 715 8 716 0 717 8 718 0 719 8 720 8 721 8 722 8 723 8 724 0 725 8 726 0 727 8 728 8 729 8 730 0 731 8 732 0 733 8 734 8 735 8 736 0 737 8 738 0 739 8 740 8 741 8 742 8 743 8 744 0 745 8 746 0 747 8 748 8 749 8 750 35 751 43 752 8 753 35 754 43 755 8 756 35 757 43 758 8 759 35 760 43 761 8 762 75 763 8 764 75 765 8 766 75 767 8 768 75 769 1 770 1 771 1 772 1 773 1 774 1 775 1 776 1 777 1 778 1 779 1 780 1 781 1 782 1 783 1 784 1 785 1 786 1 787 1 788 1 789 1 790 1 791 1 792 1 793 1 794 1 795 1 796 1 797 1 798 1 799 1 800 1 801 1 802 1 803 1 804 1 805 1 806 1 807 1 808 1 809 1 810 1 811 55 812 55 813 55 814 55 815 55 816 55 817 55 818 55 819 55 820 55 821 55 822 55 823 55 824 55 825 55 826 55 827 55 828 55 829 55 830 55 831 55 832 55 833 55 834 55 835 1 836 1 837 0 838 8 839 0 840 8 841 0 842 8 843 0 844 8 845 0 846 8 847 0 848 8 849 0 850 8 851 0 852 8 853 0 854 8 855 0 856 8 857 0 858 8 859 0 860 8 861 0 862 8 863 0 864 8 865 0 866 8 867 0 868 8 869 0 870 8 871 0 872 8 873 0 874 8 875 0 876 8 877 0 878 75 879 0 880 75 881 0 882 75 883 0 884 75 885 0 886 75 887 0 888 75 889 0 890 75 891 0 892 75 893 0 894 75 895 0 896 75 897 75 898 75 899 75 900 75 901 75 902 1 903 5 904 5 905 1 906 5 907 1 908 5 909 1 910 1 911 5 912 55 913 55 914 55 915 55 916 55 917 55 918 55 919 55 920 55 921 55 922 55 923 55 924 8 925 75 926 8 927 75 928 8 929 75 930 8 931 75 932 8 933 75 934 8 935 75 936 8 937 75 938 8 939 75 940 8 941 75 942 8 943 35 944 43 945 8 946 35 947 43 948 8 949 43 950 8 951 43 952 8 953 35 954 43 955 8 956 43 957 8 958 43 959 8 960 43 961 8 962 35 963 43 964 8 965 1 966 75 967 75 968 75 969 75 970 75 971 75 972 75 973 75 974 75 975 75 976 75 977 75 978 75 979 75 980 75 981 75 982 75 983 75 984 75 985 75 986 75 987 75 988 75 989 75 990 75 991 75 992 75 993 75 994 75 995 75 996 8 997 43 998 50 999 8 1000 43 1001 50 1002 8 1003 35 1004 8 1005 35 1006 8 1007 35 1008 8 1009 35 1010 8 1011 8 1012 8 1013 8 1014 35 1015 8 1016 35 1017 8 1018 8 1019 35 1020 8 1021 35 1022 8 1023 35 1024 8 1025 35 1026 1 1027 1 1028 1 1029 1 1030 1 1031 1 1032 1 1033 1 1034 1 1035 1 1036 1 1037 1 1038 8 1039 8 1040 8 1041 1 1042 1 1043 1 1044 1 1045 8 1046 8 1047 8 1048 8 1049 8 1050 8 1051 8 1052 8 1053 8 1054 8 1055 8 1056 8 1057 8 1058 8 1059 8 1060 8 1061 8 1062 47 1063 8 1064 8 1065 47 1066 8 1067 32 1068 32 1069 32 1070 32 1071 32 1072 32 1073 32 1074 32 1075 32 1076 32 1077 32 1078 32 1079 32 1080 32 1081 32 1082 32 1083 32 1084 32 1085 32 1086 32 1087 32 1088 32 1089 32 1090 32 1091 8 1092 8 1093 8 1094 8 1095 8 1096 8 1097 8 1098 8 1099 8 1100 8 1101 8 1102 8 1103 8 1104 8 1105 8 1106 8 1107 8 1108 8 1109 8 1110 8 1111 8 1112 8 1113 8 1114 8 1115 8 1116 8 1117 8 1118 8 1119 10 1120 11 1121 10 1122 11 1123 10 1124 11 1125 10 1126 11 1127 10 1128 11 1129 10 1130 11 1131 10 1132 11 1133 10 1134 11 1135 10 1136 11 1137 10 1138 11 1139 10 1140 11 1141 10 1142 11 1143 10 1144 11 1145 10 1146 11 1147 10 1148 11 1149 10 1150 11 1151 10 1152 11 1153 10 1154 11 1155 8 1156 8 1157 8 1158 34 1159 35 1160 8 1161 34 1162 49 1163 8 1164 34 1165 36 1166 8 1167 34 1168 36 1169 8 1170 34 1171 35 1172 8 1173 34 1174 36 1175 8 1176 34 1177 35 1178 36 1179 8 1180 34 1181 49 1182 8 1183 34 1184 49 1185 8 1186 34 1187 49 1188 8 1189 34 1190 49 1191 8 1192 34 1193 36 1194 8 1195 34 1196 36 1197 34 1198 36 1199 43 1200 34 1201 36 1202 43 1203 8 1204 34 1205 36 1206 8 1207 34 1208 36 1209 43 1210 34 1211 36 1212 43 1213 8 1214 34 1215 36 1216 8 1217 34 1218 36 1219 8 1220 34 1221 36 1222 8 1223 34 1224 36 1225 8 1226 34 1227 49 1228 8 1229 34 1230 49 1231 8 1232 34 1233 49 1234 8 1235 34 1236 49 1237 34 1238 36 1239 43 1240 34 1241 36 1242 43 1243 8 1244 34 1245 35 1246 8 1247 34 1248 35 1249 8 1250 34 1251 49 1252 8 1253 34 1254 49 1255 8 1256 34 1257 35 1258 36 1259 8 1260 34 1261 49 1262 8 1263 8 1264 8 1265 8 1266 8 1267 8 1268 8 1269 8 1270 8 1271 8 1272 8 1273 8 1274 8 1275 8 1276 8 1277 8 1278 48 1279 8 1280 48 1281 8 1282 33 1283 33 1284 33 1285 33 1286 33 1287 33 1288 33 1289 33 1290 33 1291 33 1292 33 1293 33 1294 33 1295 33 1296 33 1297 33 1298 33 1299 33 1300 33 1301 33 1302 33 1303 33 1304 33 1305 33 1306 8 1307 8 1308 8 1309 8 1310 8 1311 8 1312 8 1313 8 1314 8 1315 8 1316 8 1317 8 1318 8 1319 8 1320 8 1321 8 1322 8 1323 8 1324 8 1325 8 1326 8 1327 8 1328 8 1329 8 1330 8 1331 8 1332 8 1333 8 1334 10 1335 12 1336 10 1337 12 1338 10 1339 12 1340 10 1341 12 1342 10 1343 12 1344 10 1345 12 1346 10 1347 12 1348 10 1349 12 1350 10 1351 12 1352 10 1353 12 1354 10 1355 12 1356 10 1357 12 1358 10 1359 12 1360 10 1361 12 1362 10 1363 12 1364 10 1365 12 1366 10 1367 12 1368 10 1369 12 1370 8 1371 8 1372 8 1373 35 1374 43 1375 8 1376 36 1377 43 1378 8 1379 36 1380 43 1381 8 1382 43 1383 50 1384 8 1385 35 1386 43 1387 8 1388 35 1389 36 1390 43 1391 8 1392 36 1393 43 1394 8 1395 43 1396 50 1397 8 1398 43 1399 50 1400 8 1401 43 1402 50 1403 8 1404 43 1405 50 1406 8 1407 36 1408 43 1409 8 1410 36 1411 43 1412 8 1413 36 1414 43 1415 8 1416 36 1417 43 1418 8 1419 36 1420 43 1421 8 1422 36 1423 43 1424 8 1425 36 1426 43 1427 8 1428 43 1429 50 1430 8 1431 43 1432 50 1433 8 1434 43 1435 50 1436 8 1437 43 1438 50 1439 8 1440 35 1441 43 1442 8 1443 35 1444 43 1445 8 1446 43 1447 50 1448 8 1449 43 1450 50 1451 8 1452 35 1453 36 1454 43 1455 8 1456 43 1457 50 1458 46 1459 8 1460 46 1461 46 1462 46 1463 8 1464 46 1465 8 1466 46 1467 8 1468 46 1469 8 1470 46 1471 46 1472 8 1473 46 1474 46 1475 46 1476 8 1477 46 1478 46 1479 46 1480 46 1481 46 1482 46 1483 46 1484 46 1485 46 1486 46 1487 46 1488 46 1489 46 1490 46 1491 46 1492 46 1493 46 1494 46 1495 46 1496 46 1497 46 1498 46 1499 46 1500 46 1501 46 1502 46 1503 46 1504 46 1505 46 1506 46 1507 46 1508 8 1509 28 1510 8 1511 28 1512 8 1513 28 1514 8 1515 28 1516 8 1517 28 1518 8 1519 28 1520 8 1521 28 1522 8 1523 28 1524 8 1525 28 1526 8 1527 28 1528 8 1529 28 1530 8 1531 28 1532 8 1533 28 1534 8 1535 28 1536 8 1537 28 1538 8 1539 8 1540 8 1541 8 1542 8 1543 8 1544 8 1545 8 1546 8 1547 8 1548 8 1549 8 1550 8 1551 8 1552 8 1553 8 1554 8 1555 8 1556 8 1557 8 1558 8 1559 8 1560 8 1561 8 1562 8 1563 8 1564 8 1565 8 1566 8 1567 8 1568 8 1569 8 1570 8 1571 8 1572 8 1573 8 1574 8 1575 8 1576 8 1577 8 1578 8 1579 8 1580 8 1581 8 1582 8 1583 8 1584 8 1585 8 1586 8 1587 8 1588 8 1589 8 1590 8 1591 8 1592 8 1593 8 1594 8 1595 8 1596 8 1597 8 1598 8 1599 8 1600 52 1601 8 1602 8 1603 8 1604 8 1605 8 1606 8 1607 8 1608 8 1609 8 1610 8 1611 8 1612 8 1613 8 1614 8 1615 8 1616 8 1617 8 1618 8 1619 8 1620 8 1621 8 1622 8 1623 8 1624 56 1625 56 1626 56 1627 56 1628 56 1629 56 1630 56 1631 56 1632 56 1633 56 1634 56 1635 56 1636 56 1637 56 1638 56 1639 56 1640 56 1641 56 1642 56 1643 56 1644 56 1645 56 1646 56 1647 56 1648 56 1649 56 1650 56 1651 56 1652 56 1653 56 1654 56 1655 56 1656 56 1657 56 1658 56 1659 56 1660 56 1661 56 1662 56 1663 56 1664 56 1665 56 1666 56 1667 56 1668 56 1669 56 1670 56 1671 56 1672 56 1673 56 1674 56 1675 56 1676 56 1677 56 1678 56 1679 56 1680 56 1681 56 1682 56 1683 56 1684 56 1685 56 1686 56 1687 56 1688 56 1689 56 1690 56 1691 56 1692 56 1693 56 1694 56 1695 56 1696 56 1697 56 1698 56 1699 56 1700 56 1701 56 1702 56 1703 56 1704 56 1705 56 1706 56 1707 56 1708 56 1709 56 1710 56 1711 56 1712 56 1713 56 1714 56 1715 56 1716 56 1717 56 1718 56 1719 56 1720 56 1721 56 1722 56 1723 56 1724 56 1725 56 1726 56 1727 56 1728 56 1729 56 1730 56 1731 56 1732 56 1733 56 1734 56 1735 56 1736 56 1737 56 1738 56 1739 56 1740 56 1741 56 1742 56 1743 56 1744 56 1745 56 1746 56 1747 56 1748 56 1749 56 1750 56 1751 56 1752 56 1753 56 1754 56 1755 56 1756 56 1757 56 1758 56 1759 56 1760 56 1761 56 1762 56 1763 56 1764 56 1765 56 1766 56 1767 56 1768 56 1769 56 1770 56 1771 56 1772 56 1773 56 1774 56 1775 56 1776 56 1777 56 1778 56 1779 56 1780 55 1781 55 1782 55 1783 55 1784 55 1785 55 1786 55 1787 55 1788 55 1789 55 1790 55 1791 55 1792 55 1793 55 1794 55 1795 55 1796 55 1797 55 1798 55 1799 55 1800 55 1801 55 1802 55 1803 55 1804 55 1805 55 1806 55 1807 55 1808 55 1809 55 1810 55 1811 55 1812 55 1813 55 1814 55 1815 55 1816 55 1817 55 1818 55 1819 55 1820 55 1821 55 1822 55 1823 55 1824 55 1825 55 1826 55 1827 55 1828 55 1829 55 1830 55 1831 55 1832 55 1833 55 1834 55 1835 55 1836 55 1837 55 1838 55 1839 55 1840 55 1841 55 1842 55 1843 55 1844 55 1845 55 1846 55 1847 55 1848 55 1849 55 1850 55 1851 55 1852 55 1853 55 1854 55 1855 55 1856 55 1857 55 1858 55 1859 55 1860 55 1861 55 1862 55 1863 55 1864 55 1865 55 1866 55 1867 55 1868 55 1869 55 1870 55 1871 55 1872 55 1873 55 1874 55 1875 55 1876 55 1877 55 1878 55 1879 55 1880 55 1881 55 1882 55 1883 55 1884 55 1885 55 1886 55 1887 55 1888 55 1889 55 1890 60 1891 60 1892 60 1893 60 1894 60 1895 60 1896 60 1897 60 1898 60 1899 60 1900 60 1901 60 1902 60 1903 55 1904 56 1905 56 1906 55 1907 55 1908 56 1909 55 1910 56 1911 55 1912 55 1913 55 1914 55 1915 55 1916 55 1917 55 1918 55 1919 60 1920 60 1921 56 1922 59 1923 60 1924 56 1925 59 1926 60 1927 56 1928 59 1929 60 1930 56 1931 59 1932 60 1933 56 1934 59 1935 60 1936 56 1937 59 1938 60 1939 56 1940 59 1941 60 1942 56 1943 59 1944 60 1945 60 1946 60 1947 60 1948 60 1949 60 1950 56 1951 56 1952 56 1953 56 1954 56 1955 56 1956 56 1957 56 1958 56 1959 56 1960 56 1961 56 1962 56 1963 56 1964 56 1965 56 1966 56 1967 56 1968 56 1969 56 1970 56 1971 56 1972 56 1973 56 1974 56 1975 56 1976 56 1977 56 1978 56 1979 56 1980 56 1981 56 1982 56 1983 56 1984 56 1985 56 1986 56 1987 56 1988 56 1989 56 1990 56 1991 56 1992 56 1993 56 1994 56 1995 56 1996 56 1997 56 1998 56 1999 56 2000 56 2001 56 2002 56 2003 56 2004 56 2005 56 2006 56 2007 56 2008 56 2009 56 2010 56 2011 56 2012 56 2013 56 2014 56 2015 56 2016 56 2017 56 2018 56 2019 56 2020 56 2021 56 2022 56 2023 56 2024 56 2025 56 2026 56 2027 56 2028 56 2029 56 2030 56 2031 56 2032 56 2033 56 2034 60 2035 60 2036 60 2037 60 2038 60 2039 60 2040 60 2041 60 2042 60 2043 60 2044 60 2045 60 2046 60 2047 60 2048 60 2049 60 2050 60 2051 60 2052 60 2053 60 2054 60 2055 60 2056 60 2057 60 2058 60 2059 60 2060 60 2061 60 2062 60 2063 60 2064 60 2065 60 2066 60 2067 60 2068 60 2069 60 2070 60 2071 60 2072 60 2073 60 2074 60 2075 60 2076 60 2077 60 2078 56 2079 56 2080 56 2081 56 2082 56 2083 56 2084 56 2085 56 2086 56 2087 56 2088 55 2089 55 2090 55 2091 55 2092 55 2093 55 2094 55 2095 55 2096 55 2097 55 2098 55 2099 55 2100 55 2101 55 2102 55 2103 55 2104 55 2105 55 2106 55 2107 55 2108 55 2109 55 2110 55 2111 55 2112 55 2113 55 2114 55 2115 55 2116 55 2117 55 2118 55 2119 55 2120 55 2121 55 2122 55 2123 55 2124 55 2125 55 2126 56 2127 56 2128 56 2129 56 2130 56 2131 56 2132 56 2133 56 2134 56 2135 56 2136 56 2137 56 2138 56 2139 56 2140 56 2141 56 2142 56 2143 56 2144 56 2145 56 2146 56 2147 56 2148 56 2149 56 2150 56 2151 56 2152 56 2153 56 2154 56 2155 56 2156 56 2157 56 2158 56 2159 56 2160 56 2161 56 2162 56 2163 56 2164 56 2165 56 2166 56 2167 56 2168 56 2169 56 2170 56 2171 56 2172 56 2173 56 2174 56 2175 56 2176 56 2177 56 2178 56 2179 56 2180 56 2181 56 2182 56 2183 56 2184 56 2185 56 2186 56 2187 56 2188 56 2189 56 2190 56 2191 56 2192 56 2193 56 2194 56 2195 56 2196 56 2197 56 2198 56 2199 56 2200 56 2201 56 2202 56 2203 56 2204 56 2205 56 2206 56 2207 56 2208 56 2209 56 2210 60 2211 60 2212 60 2213 60 2214 60 2215 60 2216 60 2217 60 2218 60 2219 60 2220 60 2221 60 2222 60 2223 60 2224 60 2225 60 2226 60 2227 60 2228 60 2229 60 2230 60 2231 60 2232 60 2233 60 2234 60 2235 60 2236 60 2237 60 2238 60 2239 60 2240 60 2241 60 2242 60 2243 60 2244 60 2245 60 2246 60 2247 60 2248 60 2249 60 2250 60 2251 60 2252 60 2253 60 2254 60 2255 60 2256 60 2257 60 2258 55 2259 55 2260 72 2261 55 2262 72 2263 55 2264 72 2265 55 2266 72 2267 55 2268 72 2269 72 2270 55 2271 55 2272 55 2273 72 2274 55 2275 72 2276 55 2277 72 2278 55 2279 72 2280 72 2281 72 2282 72 2283 55 2284 72 2285 72 2286 72 2287 72 2288 72 2289 72 2290 72 2291 72 2292 72 2293 72 2294 72 2295 72 2296 72 2297 72 2298 72 2299 72 2300 72 2301 55 2302 55 2303 71 2304 55 2305 71 2306 55 2307 71 2308 55 2309 71 2310 55 2311 71 2312 71 2313 55 2314 55 2315 55 2316 71 2317 55 2318 71 2319 55 2320 71 2321 55 2322 71 2323 71 2324 71 2325 71 2326 55 2327 71 2328 71 2329 71 2330 71 2331 71 2332 71 2333 71 2334 71 2335 71 2336 71 2337 71 2338 71 2339 71 2340 71 2341 71 2342 71 2343 71 2344 55 2345 55 2346 55 2347 55 2348 55 2349 55 2350 55 2351 55 2352 55 2353 55 2354 55 2355 55 2356 55 2357 55 2358 55 2359 55 2360 55 2361 55 2362 55 2363 55 2364 55 2365 55 2366 55 2367 55 2368 55 2369 55 2370 55 2371 55 2372 55 2373 55 2374 55 2375 55 2376 55 2377 55 2378 55 2379 55 2380 55 2381 55 2382 55 2383 55 2384 55 2385 55 2386 55 2387 55 2388 55 2389 55 2390 55 2391 55 2392 55 2393 55 2394 55 2395 55 2396 55 2397 55 2398 55 2399 55 2400 55 2401 55 2402 55 2403 55 2404 55 2405 55 2406 55 2407 55 2408 55 2409 55 2410 55 2411 55 2412 55 2413 55 2414 55 2415 55 2416 55 2417 55 2418 55 2419 55 2420 55 2421 55 2422 55 2423 55 2424 55 2425 55 2426 55 2427 55 2428 55 2429 55 2430 55 2431 55 2432 55 2433 55 2434 55 2435 55 2436 55 2437 55 2438 55 2439 55 2440 55 2441 55 2442 55 2443 55 2444 55 2445 55 2446 55 2447 55 2448 55 2449 55 2450 55 2451 55 2452 55 2453 55 2454 55 2455 55 2456 55 2457 55 2458 55 2459 55 2460 55 2461 55 2462 55 2463 55 2464 55 2465 55 2466 55 2467 55 2468 55 2469 55 2470 55 2471 55 2472 55 2473 55 2474 55 2475 55 2476 55 2477 55 2478 55 2479 55 2480 55 2481 55 2482 55 2483 55 2484 55 2485 55 2486 55 2487 55 2488 55 2489 55 2490 55 2491 55 2492 55 2493 55 2494 55 2495 55 2496 55 2497 55 2498 55 2499 55 2500 55 2501 55 2502 55 2503 55 2504 55 2505 55 2506 55 2507 55 2508 55 2509 55 2510 55 2511 55 2512 55 2513 55 2514 55 2515 55 2516 55 2517 69 2518 69 2519 69 2520 69 2521 69 2522 69 2523 69 2524 69 2525 69 2526 69 2527 69 2528 69 2529 69 2530 69 2531 69 2532 69 2533 69 2534 69 2535 69 2536 69 2537 69 2538 69 2539 69 2540 69 2541 69 2542 69 2543 69 2544 69 2545 69 2546 69 2547 69 2548 69 2549 69 2550 69 2551 69 2552 69 2553 69 2554 69 2555 69 2556 69 2557 69 2558 69 2559 69 2560 69 2561 69 2562 69 2563 69 2564 69 2565 69 2566 69 2567 69 2568 69 2569 69 2570 69 2571 69 2572 69 2573 69 2574 69 2575 69 2576 69 2577 69 2578 69 2579 69 2580 69 2581 69 2582 69 2583 69 2584 69 2585 69 2586 69 2587 69 2588 69 2589 69 2590 69 2591 69 2592 69 2593 57 2594 57 2595 57 2596 57 2597 57 2598 57 2599 57 2600 57 2601 57 2602 57 2603 57 2604 57 2605 57 2606 57 2607 57 2608 57 2609 57 2610 57 2611 57 2612 57 2613 57 2614 57 2615 57 2616 57 2617 57 2618 57 2619 57 2620 57 2621 57 2622 57 2623 57 2624 57 2625 57 2626 57 2627 57 2628 57 2629 57 2630 57 2631 57 2632 57 2633 57 2634 57 2635 57 2636 57 2637 57 2638 57 2639 57 2640 57 2641 57 2642 57 2643 57 2644 57 2645 57 2646 57 2647 57 2648 57 2649 57 2650 57 2651 57 2652 57 2653 57 2654 57 2655 57 2656 57 2657 57 2658 57 2659 56 2660 56 2661 56 2662 56 2663 56 2664 56 2665 56 2666 56 2667 56 2668 56 2669 56 2670 56 2671 56 2672 56 2673 56 2674 56 2675 56 2676 56 2677 56 2678 56 2679 56 2680 56 2681 56 2682 56 2683 56 2684 56 2685 56 2686 56 2687 71 2688 71 2689 71 2690 71 2691 71 2692 71 2693 55 2694 55 2695 55 2696 55 2697 65 2698 65 2699 65 2700 65 2701 65 2702 65 2703 65 2704 65 2705 65 2706 65 2707 65 2708 65 2709 65 2710 65 2711 65 2712 65 2713 65 2714 55 2715 55 2716 55 2717 55 2718 55 2719 55 2720 55 2721 55 2722 55 2723 55 2724 55 2725 55 2726 55 2727 55 2728 55 2729 55 2730 55 2731 55 2732 55 2733 55 2734 55 2735 55 2736 55 2737 55 2738 55 2739 55 2740 55 2741 55 2742 55 2743 55 2744 55 2745 55 2746 55 2747 55 2748 55 2749 55 2750 55 2751 55 2752 55 2753 55 2754 55 2755 55 2756 55 2757 55 2758 55 2759 55 2760 55 2761 55 2762 55 2763 55 2764 55 2765 55 2766 55 2767 55 2768 55 2769 55 2770 55 2771 55 2772 56 2773 57 2774 61 2775 57 2776 57 2777 56 2778 57 2779 61 2780 56 2781 57 2782 61 2783 57 2784 56 2785 57 2786 61 2787 57 2788 56 2789 57 2790 61 2791 56 2792 57 2793 61 2794 56 2795 57 2796 61 2797 56 2798 57 2799 61 2800 57 2801 61 2802 69 2803 57 2804 61 2805 69 2806 57 2807 61 2808 69 2809 57 2810 61 2811 69 2812 57 2813 61 2814 69 2815 57 2816 61 2817 69 2818 57 2819 61 2820 69 2821 57 2822 61 2823 69 2824 61 2825 69 2826 61 2827 69 2828 61 2829 69 2830 61 2831 69 2832 69 2833 69 2834 69 2835 69 2836 63 2837 69 2838 69 2839 69 2840 63 2841 69 2842 63 2843 69 2844 69 2845 69 2846 63 2847 69 2848 57 2849 63 2850 69 2851 57 2852 63 2853 69 2854 57 2855 63 2856 69 2857 57 2858 63 2859 69 2860 57 2861 63 2862 69 2863 57 2864 63 2865 69 2866 57 2867 63 2868 69 2869 57 2870 63 2871 69 2872 56 2873 57 2874 63 2875 56 2876 57 2877 63 2878 56 2879 57 2880 63 2881 56 2882 57 2883 63 2884 56 2885 57 2886 63 2887 56 2888 57 2889 63 2890 56 2891 57 2892 63 2893 56 2894 57 2895 63 2896 57 2897 57 2898 57 2899 57 2900 55 2901 55 2902 55 2903 55 2904 55 2905 55 2906 55 2907 55 2908 68 2909 68 2910 68 2911 68 2912 68 2913 68 2914 68 2915 68 2916 68 2917 68 2918 55 2919 55 2920 55 2921 55 2922 55 2923 55 2924 55 2925 55 2926 55 2927 55 2928 55 2929 55 2930 55 2931 55 2932 55 2933 55 2934 55 2935 55 2936 55 2937 55 2938 55 2939 55 2940 55 2941 55 2942 55 2943 55 2944 55 2945 55 2946 55 2947 55 2948 55 2949 55 2950 55 2951 55 2952 55 2953 55 2954 55 2955 55 2956 55 2957 55 2958 55 2959 55 2960 55 2961 55 2962 55 2963 55 2964 55 2965 55 2966 55 2967 55 2968 55 2969 55 2970 55 2971 55 2972 55 2973 55 2974 55 2975 55 2976 55 2977 55 2978 55 2979 55 2980 55 2981 55 2982 55 2983 55 2984 55 2985 55 2986 55 2987 55 2988 55 2989 55 2990 55 2991 55 2992 55 2993 55 2994 55 2995 55 2996 55 2997 55 2998 55 2999 55 3000 55 3001 55 3002 55 3003 55 3004 55 3005 55 3006 55 3007 55 3008 55 3009 55 3010 55 3011 55 3012 55 3013 55 3014 55 3015 55 3016 55 3017 55 3018 55 3019 55 3020 55 3021 55 3022 55 3023 55 3024 55 3025 55 3026 55 3027 55 3028 55 3029 55 3030 55 3031 55 3032 55 3033 55 3034 55 3035 55 3036 55 3037 55 3038 55 3039 55 3040 55 3041 55 3042 55 3043 55 3044 55 3045 55 3046 55 3047 55 3048 55 3049 55 3050 55 3051 55 3052 55 3053 55 3054 55 3055 55 3056 55 3057 55 3058 55 3059 55 3060 55 3061 55 3062 55 3063 55 3064 55 3065 55 3066 55 3067 55 3068 55 3069 55 3070 55 3071 55 3072 55 3073 55 3074 55 3075 55 3076 55 3077 55 3078 55 3079 55 3080 55 3081 55 3082 55 3083 55 3084 70 3085 70 3086 70 3087 70 3088 70 3089 70 3090 70 3091 70 3092 70 3093 70 3094 70 3095 70 3096 70 3097 70 3098 70 3099 70 3100 70 3101 70 3102 70 3103 70 3104 70 3105 70 3106 70 3107 70 3108 70 3109 70 3110 70 3111 70 3112 70 3113 70 3114 70 3115 70 3116 70 3117 70 3118 70 3119 70 3120 70 3121 70 3122 70 3123 70 3124 70 3125 70 3126 70 3127 70 3128 70 3129 70 3130 70 3131 70 3132 70 3133 70 3134 70 3135 70 3136 70 3137 70 3138 70 3139 70 3140 70 3141 70 3142 70 3143 70 3144 70 3145 70 3146 70 3147 70 3148 70 3149 70 3150 70 3151 70 3152 70 3153 70 3154 70 3155 70 3156 70 3157 70 3158 70 3159 70 3160 58 3161 58 3162 58 3163 58 3164 58 3165 58 3166 58 3167 58 3168 58 3169 58 3170 58 3171 58 3172 58 3173 58 3174 58 3175 58 3176 58 3177 58 3178 58 3179 58 3180 58 3181 58 3182 58 3183 58 3184 58 3185 58 3186 58 3187 58 3188 58 3189 58 3190 58 3191 58 3192 58 3193 58 3194 58 3195 58 3196 58 3197 58 3198 58 3199 58 3200 58 3201 58 3202 58 3203 58 3204 58 3205 58 3206 58 3207 58 3208 58 3209 58 3210 58 3211 58 3212 58 3213 58 3214 58 3215 58 3216 58 3217 58 3218 58 3219 58 3220 58 3221 58 3222 58 3223 58 3224 58 3225 58 3226 56 3227 56 3228 56 3229 56 3230 56 3231 56 3232 56 3233 56 3234 56 3235 56 3236 56 3237 56 3238 56 3239 56 3240 56 3241 56 3242 56 3243 56 3244 56 3245 56 3246 56 3247 56 3248 56 3249 56 3250 56 3251 56 3252 56 3253 56 3254 72 3255 72 3256 72 3257 72 3258 72 3259 72 3260 55 3261 55 3262 55 3263 55 3264 66 3265 66 3266 66 3267 66 3268 66 3269 66 3270 66 3271 66 3272 66 3273 66 3274 66 3275 66 3276 66 3277 66 3278 66 3279 66 3280 66 3281 55 3282 55 3283 55 3284 55 3285 55 3286 55 3287 55 3288 55 3289 55 3290 55 3291 55 3292 55 3293 55 3294 55 3295 55 3296 55 3297 55 3298 55 3299 55 3300 55 3301 55 3302 55 3303 55 3304 55 3305 55 3306 55 3307 55 3308 55 3309 55 3310 55 3311 55 3312 55 3313 55 3314 55 3315 55 3316 55 3317 55 3318 55 3319 55 3320 55 3321 55 3322 55 3323 55 3324 55 3325 55 3326 55 3327 55 3328 55 3329 55 3330 55 3331 55 3332 55 3333 55 3334 55 3335 55 3336 55 3337 55 3338 55 3339 56 3340 58 3341 62 3342 56 3343 58 3344 62 3345 58 3346 58 3347 56 3348 58 3349 62 3350 58 3351 56 3352 58 3353 62 3354 58 3355 56 3356 58 3357 62 3358 56 3359 58 3360 62 3361 56 3362 58 3363 62 3364 56 3365 58 3366 62 3367 58 3368 62 3369 70 3370 58 3371 62 3372 70 3373 58 3374 62 3375 70 3376 58 3377 62 3378 70 3379 58 3380 62 3381 70 3382 58 3383 62 3384 70 3385 58 3386 62 3387 70 3388 58 3389 62 3390 70 3391 62 3392 70 3393 62 3394 70 3395 62 3396 70 3397 62 3398 70 3399 70 3400 70 3401 70 3402 70 3403 64 3404 70 3405 64 3406 70 3407 70 3408 70 3409 64 3410 70 3411 64 3412 70 3413 70 3414 70 3415 58 3416 64 3417 70 3418 58 3419 64 3420 70 3421 58 3422 64 3423 70 3424 58 3425 64 3426 70 3427 58 3428 64 3429 70 3430 58 3431 64 3432 70 3433 58 3434 64 3435 70 3436 58 3437 64 3438 70 3439 56 3440 58 3441 64 3442 56 3443 58 3444 64 3445 56 3446 58 3447 64 3448 56 3449 58 3450 64 3451 56 3452 58 3453 64 3454 56 3455 58 3456 64 3457 56 3458 58 3459 64 3460 56 3461 58 3462 64 3463 58 3464 58 3465 58 3466 58 3467 55 3468 55 3469 55 3470 55 3471 55 3472 55 3473 55 3474 55 3475 68 3476 68 3477 68 3478 68 3479 68 3480 68 3481 55 3482 55 3483 55 3484 55 3485 55 3486 55 3487 55 3488 55 3489 55 3490 55 3491 55 3492 55 3493 55 3494 55 3495 55 3496 55 3497 55 3498 55 3499 55 3500 55 3501 55 3502 55 3503 55 3504 55 3505 55 3506 55 3507 55 3508 55 3509 55 3510 55 3511 55 3512 55 3513 55 3514 55 3515 55 3516 55 3517 55 3518 55 3519 55 3520 55 3521 55 3522 55 3523 55 3524 55 3525 55 3526 55 3527 55 3528 55 3529 55 3530 55 3531 55 3532 55 3533 55 3534 55 3535 55 3536 55 3537 55 3538 55 3539 55 3540 55 3541 55 3542 55 3543 55 3544 55 3545 55 3546 55 3547 55 3548 55 3549 55 3550 55 3551 55 3552 67 3553 67 3554 67 3555 67 3556 67 3557 67 3558 67 3559 67 3560 67 3561 67 3562 67 3563 67 3564 67 3565 67 3566 67 3567 67 3568 67 3569 67 3570 67 3571 67 3572 67 3573 67 3574 55 3575 55 3576 55 3577 55 3578 55 3579 56 3580 56 3581 56 3582 56 3583 56 3584 56 3585 56 3586 56 3587 56 3588 56 3589 56 3590 56 3591 56 3592 56 3593 56 3594 56 3595 56 3596 56 3597 56 3598 56 3599 56 3600 56 3601 56 3602 56 3603 56 3604 56 3605 56 3606 56 3607 56 3608 56 3609 56 3610 56 3611 56 3612 56 3613 56 3614 56 3615 56 3616 56 3617 56 3618 56 3619 56 3620 56 3621 56 3622 56 3623 56 3624 56 3625 56 3626 56 3627 56 3628 56 3629 56 3630 56 3631 56 3632 56 3633 56 3634 56 3635 56 3636 56 3637 56 3638 56 3639 56 3640 56 3641 56 3642 56 3643 56 3644 56 3645 56 3646 56 3647 56 3648 56 3649 56 3650 56 3651 56 3652 56 3653 56 3654 56 3655 56 3656 56 3657 56 3658 56 3659 56 3660 56 3661 56 3662 56 3663 56 3664 56 3665 56 3666 56 3667 56 3668 56 3669 56 3670 56 3671 56 3672 56 3673 56 3674 56 3675 56 3676 56 3677 56 3678 56 3679 56 3680 56 3681 56 3682 56 3683 56 3684 56 3685 56 3686 56 3687 56 3688 56 3689 56 3690 56 3691 56 3692 56 3693 56 3694 56 3695 56 3696 56 3697 56 3698 56 3699 56 3700 56 3701 56 3702 56 3703 56 3704 56 3705 56 3706 56 3707 56 3708 56 3709 56 3710 56 3711 56 3712 56 3713 56 3714 56 3715 56 3716 56 3717 56 3718 56 3719 56 3720 56 3721 56 3722 56 3723 56 3724 56 3725 56 3726 56 3727 56 3728 56 3729 56 3730 56 3731 56 3732 56 3733 56 3734 56 3735 56 3736 56 3737 56 3738 56 3739 56 3740 56 3741 56 3742 56 3743 56 3744 56 3745 56 3746 56 3747 55 3748 55 3749 55 3750 55 3751 55 3752 55 3753 55 3754 55 3755 55 3756 55 3757 55 3758 55 3759 55 3760 55 3761 55 3762 55 3763 55 3764 55 3765 55 3766 55 3767 55 3768 55 3769 55 3770 55 3771 55 3772 55 3773 40 3774 40 3775 40 3776 40 3777 40 3778 40 3779 40 3780 40 3781 40 3782 40 3783 40 3784 40 3785 40 3786 40 3787 40 3788 40 3789 40 3790 40 3791 40 3792 40 3793 40 3794 54 3795 54 3796 54 3797 54 3798 54 3799 54 3800 54 3801 54 3802 54 3803 54 3804 54 3805 54 3806 54 3807 54 3808 54 3809 54 3810 54 3811 54 3812 54 3813 54 3814 54 3815 54 3816 54 3817 54 3818 54 3819 54 3820 54 3821 54 3822 54 3823 54 3824 54 3825 54 3826 54 3827 54 3828 54 3829 54 3830 42 3831 42 3832 42 3833 41 3834 41 3835 41 3836 42 3837 41 3838 42 3839 42 3840 42 3841 41 3842 41 3843 42 3844 35 3845 35 3846 35 3847 42 3848 42 3849 41 3850 42 3851 41 3852 35 3853 42 3854 42 3855 42 3856 41 3857 41 3858 42 3859 41 3860 42 3861 41 3862 35 3863 35 3864 3 3865 3 3866 3 3867 3 3868 3 3869 3 3870 3 3871 3 3872 3 3873 3 3874 3 3875 3 3876 3 3877 3 3878 3 3879 3 3880 3 3881 3 3882 3 3883 3 3884 6 3885 6 3886 6 3887 6 3888 6 3889 6 3890 6 3891 6 3892 6 3893 6 3894 6 3895 6 3896 6 3897 6 3898 6 3899 6 3900 6 3901 6 3902 6 3903 6 3904 8 3905 46 3906 55 3907 55 3908 55 3909 55 3910 55 3911 55 3912 55 3913 55 3914 55 3915 55 3916 55 3917 55 3918 55 3919 55 3920 55 3921 55 3922 8 3923 8 3924 8 3925 8 3926 10 3927 11 3928 10 3929 11 3930 10 3931 11 3932 8 3933 10 3934 11 3935 10 3936 11 3937 10 3938 11 3939 10 3940 11 3941 10 3942 11 3943 10 3944 11 3945 10 3946 11 3947 8 3948 8 3949 8 3950 8 3951 8 3952 10 3953 11 3954 10 3955 11 3956 10 3957 11 3958 10 3959 11 3960 10 3961 11 3962 10 3963 11 3964 10 3965 11 3966 10 3967 11 3968 10 3969 11 3970 10 3971 11 3972 10 3973 11 3974 10 3975 11 3976 8 3977 8 3978 8 3979 8 3980 8 3981 8 3982 8 3983 8 3984 8 3985 8 3986 8 3987 10 3988 12 3989 10 3990 12 3991 10 3992 12 3993 8 3994 10 3995 12 3996 10 3997 12 3998 10 3999 12 4000 10 4001 12 4002 10 4003 12 4004 10 4005 12 4006 10 4007 12 4008 8 4009 8 4010 8 4011 8 4012 8 4013 10 4014 12 4015 10 4016 12 4017 10 4018 12 4019 10 4020 12 4021 10 4022 12 4023 10 4024 12 4025 10 4026 12 4027 10 4028 12 4029 10 4030 12 4031 10 4032 12 4033 10 4034 12 4035 10 4036 12 4037 8 4038 8 4039 8 4040 8 4041 8 4042 8 4043 8 4044 8 4045 47 4046 49 4047 8 4048 47 4049 49 4050 8 4051 47 4052 49 4053 8 4054 47 4055 49 4056 8 4057 47 4058 8 4059 47 4060 8 4061 47 4062 8 4063 47 4064 8 4065 47 4066 8 4067 47 4068 8 4069 47 4070 49 4071 8 4072 47 4073 49 4074 8 4075 47 4076 49 4077 8 4078 34 4079 47 4080 49 4081 8 4082 47 4083 49 4084 8 4085 47 4086 8 4087 47 4088 8 4089 47 4090 8 4091 34 4092 47 4093 8 4094 47 4095 8 4096 47 4097 49 4098 8 4099 47 4100 49 4101 8 4102 47 4103 49 4104 8 4105 47 4106 49 4107 8 4108 47 4109 49 4110 8 4111 47 4112 49 4113 8 4114 8 4115 8 4116 8 4117 9 4118 10 4119 9 4120 10 4121 13 4122 9 4123 10 4124 9 4125 10 4126 10 4127 11 4128 14 4129 10 4130 11 4131 14 4132 10 4133 13 4134 14 4135 10 4136 13 4137 14 4138 10 4139 11 4140 9 4141 10 4142 11 4143 10 4144 11 4145 11 4146 8 4147 8 4148 10 4149 11 4150 13 4151 10 4152 11 4153 13 4154 9 4155 10 4156 11 4157 10 4158 11 4159 13 4160 8 4161 47 4162 49 4163 8 4164 47 4165 49 4166 8 4167 47 4168 49 4169 8 4170 47 4171 49 4172 8 4173 47 4174 49 4175 8 4176 47 4177 8 4178 47 4179 49 4180 8 4181 47 4182 49 4183 8 4184 47 4185 8 4186 47 4187 8 4188 47 4189 49 4190 8 4191 47 4192 49 4193 8 4194 47 4195 49 4196 8 4197 47 4198 49 4199 8 4200 47 4201 49 4202 8 4203 47 4204 49 4205 10 4206 11 4207 8 4208 8 4209 8 4210 8 4211 8 4212 47 4213 49 4214 8 4215 37 4216 49 4217 37 4218 38 4219 35 4220 37 4221 38 4222 8 4223 37 4224 49 4225 8 4226 37 4227 49 4228 8 4229 37 4230 49 4231 8 4232 44 4233 49 4234 8 4235 37 4236 49 4237 51 4238 8 4239 47 4240 49 4241 8 4242 47 4243 51 4244 52 4245 8 4246 44 4247 47 4248 49 4249 8 4250 47 4251 49 4252 8 4253 47 4254 52 4255 8 4256 47 4257 52 4258 8 4259 34 4260 49 4261 8 4262 34 4263 47 4264 8 4265 44 4266 47 4267 49 4268 8 4269 34 4270 49 4271 35 4272 37 4273 38 4274 49 4275 8 4276 37 4277 49 4278 8 4279 37 4280 49 4281 8 4282 37 4283 49 4284 51 4285 8 4286 44 4287 49 4288 51 4289 8 4290 49 4291 51 4292 8 4293 51 4294 52 4295 8 4296 49 4297 51 4298 8 4299 51 4300 52 4301 38 4302 38 4303 8 4304 47 4305 49 4306 8 4307 34 4308 47 4309 49 4310 13 4311 10 4312 13 4313 14 4314 10 4315 13 4316 14 4317 13 4318 10 4319 11 4320 11 4321 10 4322 11 4323 10 4324 11 4325 13 4326 8 4327 8 4328 8 4329 8 4330 8 4331 8 4332 8 4333 8 4334 8 4335 8 4336 8 4337 8 4338 9 4339 10 4340 9 4341 10 4342 9 4343 10 4344 9 4345 10 4346 8 4347 8 4348 8 4349 37 4350 49 4351 8 4352 35 4353 37 4354 49 4355 35 4356 37 4357 38 4358 49 4359 8 4360 37 4361 49 4362 8 4363 37 4364 49 4365 51 4366 8 4367 51 4368 52 4369 8 4370 49 4371 51 4372 8 4373 49 4374 51 4375 8 4376 51 4377 52 4378 8 4379 35 4380 38 4381 39 4382 38 4383 8 4384 47 4385 8 4386 8 4387 8 4388 8 4389 8 4390 8 4391 8 4392 8 4393 8 4394 8 4395 8 4396 8 4397 8 4398 34 4399 47 4400 8 4401 47 4402 8 4403 34 4404 47 4405 8 4406 34 4407 47 4408 8 4409 34 4410 47 4411 8 4412 34 4413 47 4414 8 4415 34 4416 47 4417 8 4418 34 4419 47 4420 8 4421 49 4422 51 4423 52 4424 8 4425 52 4426 8 4427 52 4428 53 4429 34 4430 35 4431 38 4432 49 4433 35 4434 38 4435 35 4436 38 4437 8 4438 9 4439 10 4440 8 4441 8 4442 8 4443 52 4444 53 4445 8 4446 52 4447 53 4448 8 4449 52 4450 53 4451 8 4452 8 4453 8 4454 47 4455 8 4456 47 4457 8 4458 47 4459 49 4460 8 4461 34 4462 47 4463 8 4464 34 4465 47 4466 8 4467 8 4468 47 4469 8 4470 47 4471 8 4472 47 4473 8 4474 47 4475 8 4476 9 4477 10 4478 8 4479 9 4480 10 4481 8 4482 9 4483 10 4484 8 4485 9 4486 10 4487 11 4488 14 4489 9 4490 10 4491 8 4492 9 4493 10 4494 9 4495 10 4496 9 4497 10 4498 13 4499 11 4500 14 4501 10 4502 13 4503 14 4504 8 4505 8 4506 10 4507 11 4508 8 4509 8 4510 8 4511 8 4512 8 4513 8 4514 8 4515 8 4516 8 4517 8 4518 8 4519 8 4520 8 4521 8 4522 8 4523 8 4524 8 4525 8 4526 8 4527 47 4528 8 4529 47 4530 8 4531 34 4532 47 4533 8 4534 34 4535 47 4536 8 4537 34 4538 47 4539 8 4540 34 4541 47 4542 8 4543 34 4544 47 4545 8 4546 34 4547 47 4548 8 4549 34 4550 47 4551 49 4552 8 4553 34 4554 47 4555 49 4556 8 4557 8 4558 34 4559 47 4560 8 4561 34 4562 47 4563 8 4564 34 4565 47 4566 8 4567 34 4568 49 4569 8 4570 34 4571 47 4572 49 4573 8 4574 34 4575 35 4576 43 4577 8 4578 34 4579 35 4580 49 4581 8 4582 34 4583 47 4584 49 4585 8 4586 37 4587 49 4588 51 4589 8 4590 37 4591 49 4592 51 4593 8 4594 35 4595 52 4596 8 4597 47 4598 49 4599 8 4600 8 4601 47 4602 49 4603 8 4604 13 4605 14 4606 15 4607 13 4608 8 4609 8 4610 8 4611 47 4612 8 4613 47 4614 8 4615 47 4616 8 4617 8 4618 52 4619 8 4620 47 4621 8 4622 47 4623 8 4624 47 4625 8 4626 47 4627 49 4628 8 4629 47 4630 49 4631 8 4632 47 4633 8 4634 47 4635 49 4636 8 4637 47 4638 49 4639 8 4640 8 4641 8 4642 47 4643 49 4644 8 4645 47 4646 8 4647 52 4648 8 4649 47 4650 48 4651 8 4652 47 4653 48 4654 8 4655 47 4656 48 4657 8 4658 47 4659 49 4660 8 4661 47 4662 49 4663 8 4664 47 4665 49 4666 8 4667 8 4668 8 4669 47 4670 49 4671 8 4672 9 4673 10 4674 8 4675 8 4676 34 4677 47 4678 49 4679 8 4680 34 4681 49 4682 8 4683 34 4684 47 4685 49 4686 35 4687 43 4688 8 4689 48 4690 50 4691 8 4692 48 4693 8 4694 48 4695 50 4696 8 4697 43 4698 48 4699 8 4700 48 4701 50 4702 8 4703 48 4704 50 4705 8 4706 48 4707 8 4708 48 4709 8 4710 48 4711 8 4712 48 4713 8 4714 48 4715 8 4716 48 4717 8 4718 48 4719 50 4720 8 4721 48 4722 8 4723 43 4724 48 4725 8 4726 48 4727 50 4728 8 4729 48 4730 50 4731 8 4732 8 4733 48 4734 8 4735 48 4736 8 4737 8 4738 8 4739 48 4740 8 4741 8 4742 48 4743 8 4744 8 4745 8 4746 8 4747 9 4748 10 4749 9 4750 10 4751 10 4752 12 4753 15 4754 10 4755 13 4756 15 4757 10 4758 13 4759 15 4760 10 4761 12 4762 15 4763 10 4764 12 4765 10 4766 12 4767 9 4768 10 4769 12 4770 12 4771 8 4772 8 4773 10 4774 12 4775 13 4776 10 4777 12 4778 13 4779 10 4780 12 4781 13 4782 9 4783 10 4784 12 4785 8 4786 8 4787 8 4788 48 4789 8 4790 48 4791 10 4792 12 4793 8 4794 8 4795 8 4796 8 4797 8 4798 39 4799 50 4800 8 4801 39 4802 50 4803 35 4804 38 4805 39 4806 38 4807 39 4808 8 4809 39 4810 50 4811 8 4812 39 4813 50 4814 8 4815 45 4816 50 4817 8 4818 39 4819 50 4820 53 4821 8 4822 48 4823 50 4824 8 4825 48 4826 50 4827 8 4828 45 4829 48 4830 50 4831 8 4832 48 4833 52 4834 53 4835 8 4836 43 4837 50 4838 8 4839 43 4840 50 4841 8 4842 45 4843 48 4844 50 4845 8 4846 43 4847 48 4848 35 4849 38 4850 39 4851 50 4852 8 4853 39 4854 50 4855 8 4856 39 4857 50 4858 8 4859 39 4860 50 4861 53 4862 8 4863 50 4864 53 4865 8 4866 45 4867 50 4868 53 4869 8 4870 52 4871 53 4872 8 4873 52 4874 53 4875 8 4876 50 4877 53 4878 8 4879 48 4880 50 4881 8 4882 43 4883 48 4884 8 4885 48 4886 50 4887 10 4888 13 4889 15 4890 10 4891 13 4892 15 4893 10 4894 12 4895 10 4896 12 4897 13 4898 10 4899 12 4900 12 4901 8 4902 8 4903 8 4904 8 4905 8 4906 8 4907 8 4908 9 4909 10 4910 9 4911 10 4912 9 4913 10 4914 9 4915 10 4916 8 4917 8 4918 8 4919 39 4920 50 4921 35 4922 38 4923 39 4924 50 4925 8 4926 35 4927 39 4928 50 4929 8 4930 39 4931 50 4932 8 4933 39 4934 50 4935 53 4936 8 4937 52 4938 53 4939 8 4940 52 4941 53 4942 8 4943 50 4944 53 4945 8 4946 50 4947 53 4948 8 4949 48 4950 8 4951 48 4952 8 4953 8 4954 8 4955 8 4956 8 4957 8 4958 8 4959 8 4960 8 4961 8 4962 8 4963 8 4964 8 4965 8 4966 48 4967 8 4968 43 4969 48 4970 8 4971 43 4972 48 4973 8 4974 43 4975 48 4976 8 4977 43 4978 48 4979 8 4980 43 4981 48 4982 8 4983 43 4984 48 4985 8 4986 43 4987 48 4988 8 4989 50 4990 52 4991 53 4992 35 4993 39 4994 43 4995 50 4996 8 4997 9 4998 10 4999 8 5000 8 5001 48 5002 8 5003 48 5004 50 5005 8 5006 48 5007 8 5008 48 5009 8 5010 48 5011 8 5012 43 5013 48 5014 8 5015 43 5016 48 5017 8 5018 8 5019 48 5020 8 5021 48 5022 8 5023 48 5024 8 5025 48 5026 8 5027 48 5028 8 5029 48 5030 8 5031 9 5032 10 5033 8 5034 9 5035 10 5036 12 5037 15 5038 9 5039 10 5040 8 5041 9 5042 10 5043 9 5044 10 5045 12 5046 15 5047 8 5048 8 5049 10 5050 13 5051 15 5052 10 5053 12 5054 8 5055 8 5056 8 5057 8 5058 8 5059 8 5060 8 5061 8 5062 8 5063 8 5064 8 5065 8 5066 8 5067 8 5068 8 5069 8 5070 8 5071 48 5072 8 5073 48 5074 8 5075 43 5076 48 5077 8 5078 43 5079 48 5080 8 5081 43 5082 48 5083 8 5084 43 5085 48 5086 8 5087 43 5088 48 5089 8 5090 43 5091 48 5092 8 5093 43 5094 48 5095 50 5096 8 5097 43 5098 48 5099 50 5100 8 5101 8 5102 8 5103 43 5104 48 5105 8 5106 43 5107 48 5108 8 5109 43 5110 48 5111 8 5112 43 5113 50 5114 8 5115 43 5116 48 5117 50 5118 8 5119 35 5120 43 5121 8 5122 35 5123 43 5124 50 5125 8 5126 43 5127 48 5128 50 5129 8 5130 39 5131 50 5132 53 5133 8 5134 39 5135 50 5136 53 5137 8 5138 8 5139 8 5140 48 5141 8 5142 13 5143 8 5144 8 5145 8 5146 48 5147 8 5148 48 5149 8 5150 48 5151 8 5152 48 5153 8 5154 48 5155 8 5156 48 5157 8 5158 48 5159 8 5160 48 5161 8 5162 48 5163 8 5164 48 5165 8 5166 48 5167 50 5168 8 5169 48 5170 8 5171 48 5172 50 5173 8 5174 48 5175 8 5176 48 5177 8 5178 48 5179 8 5180 48 5181 8 5182 48 5183 8 5184 8 5185 48 5186 8 5187 8 5188 43 5189 48 5190 50 5191 8 5192 43 5193 48 5194 50 5195 8 5196 43 5197 50 5198 8 5199 48 5200 8 5201 48 5202 8 5203 48 5204 8 5205 48 5206 8 5207 48 5208 8 5209 48 5210 8 5211 48 5212 8 5213 48 5214 8 5215 48 5216 8 5217 48 5218 8 5219 48 5220 8 5221 48 5222 50 5223 8 5224 48 5225 8 5226 48 5227 8 5228 48 5229 50 5230 8 5231 48 5232 50 5233 8 5234 48 5235 8 5236 48 5237 8 5238 48 5239 50 5240 8 5241 48 5242 50 5243 8 5244 48 5245 50 5246 8 5247 48 5248 74 5249 74 5250 74 5251 74 5252 74 5253 74 5254 74 5255 74 5256 74 5257 74 5258 74 5259 74 5260 74 5261 74 5262 74 5263 74 5264 74 5265 74 5266 74 5267 74 5268 74 5269 74 5270 74 5271 74 5272 74 5273 74 5274 74 5275 74 5276 74 5277 74 5278 74 5279 74 5280 74 5281 74 5282 74 5283 74 5284 74 5285 74 5286 74 5287 74 5288 74 5289 74 5290 74 5291 74 5292 74 5293 74 5294 74 5295 74 5296 74 5297 74 5298 74 5299 74 5300 74 5301 74 5302 74 5303 74 5304 74 5305 74 5306 74 5307 74 5308 74 5309 74 5310 74 5311 74 5312 74 5313 74 5314 74 5315 74 5316 74 5317 74 5318 74 5319 74 5320 74 5321 74 5322 74 5323 74 5324 74 5325 74 5326 74 5327 74 5328 74 5329 74 5330 4 5331 4 5332 4 5333 4 5334 4 5335 4 5336 4 5337 4 5338 4 5339 4 5340 4 5341 4 5342 4 5343 4 5344 4 5345 4 5346 4 5347 4 5348 4 5349 4 5350 4 5351 4 5352 4 5353 4 5354 4 5355 4 5356 4 5357 4 5358 4 5359 4 5360 4 5361 4 5362 4 5363 4 5364 4 5365 4 5366 4 5367 4 5368 3 5369 3 5370 3 5371 3 5372 3 5373 3 5374 3 5375 3 5376 3 5377 3 5378 3 5379 3 5380 3 5381 3 5382 3 5383 3 5384 3 5385 3 5386 3 5387 3 5388 3 5389 3 5390 3 5391 3 5392 3 5393 3 5394 3 5395 3 5396 3 5397 3 5398 3 5399 3 5400 3 5401 3 5402 3 5403 3 5404 3 5405 3 5406 3 5407 76 5408 76 5409 76 5410 76 5411 76 5412 76 5413 76 5414 76 5415 76 5416 76 5417 76 5418 76 5419 76 5420 76 5421 76 5422 76 5423 76 5424 76 5425 76 5426 76 5427 76 5428 76 5429 76 5430 76 5431 76 5432 76 5433 76 5434 76 5435 76 5436 76 5437 76 5438 76 5439 76 5440 76 5441 76 5442 76 5443 76 5444 76 5445 76 5446 76 5447 76 5448 76 5449 76 5450 76 5451 76 5452 76 5453 76 5454 76 5455 76 5456 76 5457 76 5458 76 5459 76 5460 76 5461 76 5462 76 5463 76 5464 76 5465 76 5466 76 5467 76 5468 76 5469 76 5470 76 5471 76 5472 76 5473 76 5474 76 5475 76 5476 76 5477 76 5478 76 5479 76 5480 76 5481 76 5482 76 5483 76 5484 76 5485 76 5486 76 5487 76 5488 76 5489 7 5490 7 5491 7 5492 7 5493 7 5494 7 5495 7 5496 7 5497 7 5498 7 5499 7 5500 7 5501 7 5502 7 5503 7 5504 7 5505 7 5506 7 5507 7 5508 7 5509 7 5510 7 5511 7 5512 7 5513 7 5514 7 5515 7 5516 7 5517 7 5518 7 5519 7 5520 7 5521 7 5522 7 5523 7 5524 7 5525 7 5526 7 5527 6 5528 6 5529 6 5530 6 5531 6 5532 6 5533 6 5534 6 5535 6 5536 6 5537 6 5538 6 5539 6 5540 6 5541 6 5542 6 5543 6 5544 6 5545 6 5546 6 5547 6 5548 6 5549 6 5550 6 5551 6 5552 6 5553 6 5554 6 5555 6 5556 6 5557 6 5558 6 5559 6 5560 6 5561 6 5562 6 5563 6 5564 6 5565 6 5566 55 5567 55 5568 55 5569 55 5570 55 5571 55 5572 55 5573 55 5574 55 5575 55 5576 55 5577 55 5578 55 5579 55 5580 55 5581 55 5582 55 5583 55 5584 55 5585 55 5586 55 5587 55 5588 55 5589 55 5590 55 5591 55 5592 55 5593 55 5594 55 5595 55 5596 55 5597 55 5598 55 5599 55 5600 55 5601 55 5602 55 5603 55 5604 55 5605 55 5606 55 5607 55 5608 55 5609 55 5610 55 5611 55 5612 55 5613 55 5614 55 5615 55 5616 55 5617 55 5618 55 5619 55 5620 55 5621 55 5622 55 5623 55 5624 55 5625 55 5626 55 5627 55 5628 55 5629 55 5630 55 5631 55 5632 55 5633 55 5634 55 5635 55 5636 55 5637 55 5638 55 5639 55 5640 55 5641 55 5642 55 5643 55 5644 55 5645 55 5646 55 5647 55 5648 55 5649 55 5650 55 5651 55 5652 55 5653 55 5654 55 5655 55 5656 55 5657 55 5658 55 5659 55 5660 55 5661 55 5662 55 5663 55 5664 55 5665 55 5666 55 5667 55 5668 55 5669 55 5670 55 5671 55 5672 55 5673 55 5674 55 5675 55 5676 55 5677 55 5678 55 5679 55 5680 55 5681 55 5682 55 5683 55 5684 55 5685 55 5686 55 5687 55 5688 55 5689 55 5690 55 5691 55 5692 55 5693 55 5694 55 5695 55 5696 55 5697 55 5698 55 5699 55 5700 55 5701 55 5702 55 5703 55 5704 55 5705 55 5706 55 5707 55 5708 55 5709 55 5710 55 5711 55 5712 55 5713 55 5714 55 5715 55 5716 55 5717 55 5718 55 5719 55 5720 55 5721 55 5722 55 5723 55 5724 55 5725 55 5726 55 5727 55 5728 55 5729 55 5730 55 5731 55 5732 55 5733 55 5734 55 5735 55 5736 55 5737 55 5738 55 5739 55 5740 55 5741 55 5742 55 5743 55 5744 55 5745 55 5746 55 5747 55 5748 55 5749 55 5750 55 5751 55 5752 55 5753 55 5754 55 5755 55 5756 55 5757 55 5758 55 5759 55 5760 55 5761 55 5762 55 5763 55 5764 55 5765 55 5766 55 5767 55 5768 55 5769 55 5770 55 5771 55 5772 55 5773 55 5774 55 5775 55 5776 55 5777 55 5778 55 5779 55 5780 55 5781 55 5782 55 5783 55 5784 55 5785 55 5786 55 5787 55 5788 55 5789 55 5790 55 5791 55 5792 55 5793 55 5794 55 5795 55 5796 55 5797 55 5798 55 5799 55 5800 55 5801 55 5802 55 5803 55 5804 55 5805 55 5806 55 5807 55 5808 55 5809 55 5810 55 5811 55 5812 55 5813 55 5814 55 5815 55 5816 55 5817 55 5818 55 5819 55 5820 55 5821 55 5822 55 5823 55 5824 55 5825 55 5826 55 5827 55 5828 55 5829 55 5830 55 5831 55 5832 55 5833 55 5834 55 5835 55 5836 55 5837 55 5838 55 5839 55 5840 55 5841 55 5842 55 5843 55 5844 55 5845 55 5846 55 5847 55 5848 55 5849 55 5850 55 5851 55 5852 55 5853 55 5854 55 5855 55 5856 55 5857 55 5858 55 5859 55 5860 55 5861 55 5862 55 5863 55 5864 55 5865 55 5866 55 5867 55 5868 55 5869 55 5870 55 5871 55 5872 55 5873 55 5874 55 5875 55 5876 55 5877 55 5878 55 5879 55 5880 55 5881 55 5882 55 5883 55 5884 55 5885 55 5886 56 5887 56 5888 56 5889 59 5890 56 5891 59 5892 59 5893 60 5894 60 5895 59 5896 60 5897 56 5898 56 5899 59 5900 59 5901 60 5902 56 5903 56 5904 59 5905 59 5906 60 5907</v>
        </vertex_weights>
      </skin>
    </controller>
  </library_controllers>
  <library_visual_scenes>
    <visual_scene id="Scene" name="Scene">
      <node id="Armature" name="Armature" type="NODE">
        <matrix sid="transform">0.01 0 0 0 0 0.01 1.62921e-9 0 0 -1.62921e-9 0.01 0 0 0 0 1</matrix>
        <node id="Armature_Root" name="Root" sid="Root" type="JOINT">
          <matrix sid="transform">1 0 0 0 0 -1.62921e-7 -1 0 0 1 -2.38419e-7 0 0 0 0 1</matrix>
          <node id="Armature_CATRig_axel_front" name="CATRig_axel_front" sid="CATRig_axel_front" type="JOINT">
            <matrix sid="transform">-4.37114e-8 0 -1 4.21e-4 1 0 -4.37114e-8 104.3661 0 -0.9999999 0 524.088 0 0 0 1</matrix>
            <extra>
              <technique profile="blender">
                <roll sid="roll" type="float">-1.570796</roll>
                <tip_x sid="tip_x" type="float">0</tip_x>
                <tip_y sid="tip_y" type="float">1</tip_y>
                <tip_z sid="tip_z" type="float">0</tip_z>
              </technique>
            </extra>
          </node>
          <node id="Armature_CATRig_axel_rear" name="CATRig_axel_rear" sid="CATRig_axel_rear" type="JOINT">
            <matrix sid="transform">-4.37114e-8 0 -1 -5.90503e-4 1 -2.40421e-7 -4.37114e-8 161.2179 -2.40421e-7 -0.9999999 2.00198e-9 -610.497 0 0 0 1</matrix>
            <node id="Armature_CATRig_wheelbase_rear_l" name="CATRig_wheelbase_rear_l" sid="CATRig_wheelbase_rear_l" type="JOINT">
              <matrix sid="transform">1 0 0 -177.541 0 1 0 -2.415955 0 0 1 -300.5374 0 0 0 1</matrix>
              <node id="Armature_CATRig_wheel_rear_l" name="CATRig_wheel_rear_l" sid="CATRig_wheel_rear_l" type="JOINT">
                <matrix sid="transform">1.98285e-6 0 1 177.5417 0 1 0 2.41687 -1 0 1.98285e-6 -50.06564 0 0 0 1</matrix>
                <node id="Armature_CATRig_wheel_rear_in_l" name="CATRig_wheel_rear_in_l" sid="CATRig_wheel_rear_in_l" type="JOINT">
                  <matrix sid="transform">1 0 2.65579e-8 -101.028 0 1 -2.00199e-9 2.44141e-4 -2.65579e-8 2.00199e-9 1 1.42438e-5 0 0 0 1</matrix>
                  <extra>
                    <technique profile="blender">
                      <roll sid="roll" type="float">-2e-6</roll>
                      <tip_x sid="tip_x" type="float">0</tip_x>
                      <tip_y sid="tip_y" type="float">101.028</tip_y>
                      <tip_z sid="tip_z" type="float">0</tip_z>
                    </technique>
                  </extra>
                </node>
                <extra>
                  <technique profile="blender">
                    <roll sid="roll" type="float">-2.02656e-6</roll>
                    <tip_x sid="tip_x" type="float">0</tip_x>
                    <tip_y sid="tip_y" type="float">101.028</tip_y>
                    <tip_z sid="tip_z" type="float">0</tip_z>
                  </technique>
                </extra>
              </node>
              <extra>
                <technique profile="blender">
                  <roll sid="roll" type="float">-1.570796</roll>
                  <tip_x sid="tip_x" type="float">0</tip_x>
                  <tip_y sid="tip_y" type="float">184.4816</tip_y>
                  <tip_z sid="tip_z" type="float">0</tip_z>
                </technique>
              </extra>
            </node>
            <node id="Armature_CATRig_wheelbase_rear_r" name="CATRig_wheelbase_rear_r" sid="CATRig_wheelbase_rear_r" type="JOINT">
              <matrix sid="transform">1 0 0 -177.5411 0 1 0 -2.415039 0 0 1 300.5364 0 0 0 1</matrix>
              <node id="Armature_CATRig_wheel_rear_r" name="CATRig_wheel_rear_r" sid="CATRig_wheel_rear_r" type="JOINT">
                <matrix sid="transform">2.10206e-6 0 -1 177.5418 0 1 0 2.416992 1 0 2.10206e-6 50.06567 0 0 0 1</matrix>
                <node id="Armature_CATRig_wheel_rear_in_r" name="CATRig_wheel_rear_in_r" sid="CATRig_wheel_rear_in_r" type="JOINT">
                  <matrix sid="transform">1 0 2.27374e-13 -101.027 0 1 2.00201e-9 0 -2.27374e-13 -2.00201e-9 1 -6.30837e-6 0 0 0 1</matrix>
                  <extra>
                    <technique profile="blender">
                      <roll sid="roll" type="float">-3.141591</roll>
                      <tip_x sid="tip_x" type="float">0</tip_x>
                      <tip_y sid="tip_y" type="float">101.027</tip_y>
                      <tip_z sid="tip_z" type="float">0</tip_z>
                    </technique>
                  </extra>
                </node>
                <extra>
                  <technique profile="blender">
                    <roll sid="roll" type="float">-3.141591</roll>
                    <tip_x sid="tip_x" type="float">0</tip_x>
                    <tip_y sid="tip_y" type="float">101.027</tip_y>
                    <tip_z sid="tip_z" type="float">0</tip_z>
                  </technique>
                </extra>
              </node>
              <extra>
                <technique profile="blender">
                  <roll sid="roll" type="float">-1.570796</roll>
                  <tip_x sid="tip_x" type="float">0</tip_x>
                  <tip_y sid="tip_y" type="float">184.4817</tip_y>
                  <tip_z sid="tip_z" type="float">0</tip_z>
                </technique>
              </extra>
            </node>
            <extra>
              <technique profile="blender">
                <roll sid="roll" type="float">-1.570796</roll>
                <tip_x sid="tip_x" type="float">0</tip_x>
                <tip_y sid="tip_y" type="float">349.0689</tip_y>
                <tip_z sid="tip_z" type="float">0</tip_z>
              </technique>
            </extra>
          </node>
          <node id="Armature_CATRig_body_f" name="CATRig_body_f" sid="CATRig_body_f" type="JOINT">
            <matrix sid="transform">-4.37114e-8 0 1 -1.25e-4 -1 -2.63425e-7 -4.37114e-8 360 2.63425e-7 -0.9999999 2.50068e-8 -58.07056 0 0 0 1</matrix>
            <node id="Armature_CATRig_head" name="CATRig_head" sid="CATRig_head" type="JOINT">
              <matrix sid="transform">-1 -4.75883e-8 1.50996e-7 -214.889 -4.75883e-8 1 7.22988e-15 -229.5287 -1.50996e-7 0 -1 -1.54393e-4 0 0 0 1</matrix>
              <node id="Armature_CATRig_eye_rBone009" name="CATRig_eye_rBone009" sid="CATRig_eye_rBone009" type="JOINT">
                <matrix sid="transform">1 -1.77636e-15 6.3573e-8 321.6959 3.55271e-15 1 5.36696e-16 0 -6.3573e-8 0 1 -4.45129e-5 0 0 0 1</matrix>
                <node id="Armature_CATRig_brow01_cor_l" name="CATRig_brow01_cor_l" sid="CATRig_brow01_cor_l" type="JOINT">
                  <matrix sid="transform">-0.7071059 -2.23122e-8 0.7071076 -2.40308 -1.57771e-8 1 1.57771e-8 -122.2843 -0.7071076 0 -0.7071059 -239.2621 0 0 0 1</matrix>
                  <extra>
                    <technique profile="blender">
                      <roll sid="roll" type="float">0.7853969</roll>
                      <tip_x sid="tip_x" type="float">0</tip_x>
                      <tip_y sid="tip_y" type="float">256.454</tip_y>
                      <tip_z sid="tip_z" type="float">0</tip_z>
                    </technique>
                  </extra>
                </node>
                <node id="Armature_CATRig_brow01_cor_r" name="CATRig_brow01_cor_r" sid="CATRig_brow01_cor_r" type="JOINT">
                  <matrix sid="transform">-0.7071073 -2.32418e-8 -0.7071063 -2.402937 -1.64345e-8 1 -1.64345e-8 -122.2847 0.7071063 0 -0.7071073 239.2633 0 0 0 1</matrix>
                  <extra>
                    <technique profile="blender">
                      <roll sid="roll" type="float">2.356194</roll>
                      <tip_x sid="tip_x" type="float">0</tip_x>
                      <tip_y sid="tip_y" type="float">256.454</tip_y>
                      <tip_z sid="tip_z" type="float">0</tip_z>
                    </technique>
                  </extra>
                </node>
                <node id="Armature_CATRig_eye_brow_m" name="CATRig_eye_brow_m" sid="CATRig_eye_brow_m" type="JOINT">
                  <matrix sid="transform">-1 -1.40507e-8 -1.50996e-7 16.42225 -1.40507e-8 1 -3.20467e-15 -184.4864 1.50996e-7 0 -1 1.95282e-4 0 0 0 1</matrix>
                  <node id="Armature_CATRig_brow01_l" name="CATRig_brow01_l" sid="CATRig_brow01_l" type="JOINT">
                    <matrix sid="transform">1 8.78171e-9 -6.3573e-8 3.264631 -8.7817e-9 1 1.15087e-15 16.99228 6.3573e-8 0 1 134.6405 0 0 0 1</matrix>
                    <extra>
                      <technique profile="blender">
                        <roll sid="roll" type="float">1.570796</roll>
                        <tip_x sid="tip_x" type="float">0</tip_x>
                        <tip_y sid="tip_y" type="float">135.7473</tip_y>
                        <tip_z sid="tip_z" type="float">0</tip_z>
                      </technique>
                    </extra>
                  </node>
                  <node id="Armature_CATRig_brow01_r" name="CATRig_brow01_r" sid="CATRig_brow01_r" type="JOINT">
                    <matrix sid="transform">1 8.78171e-9 -6.3573e-8 3.26466 -8.7817e-9 1 1.15087e-15 16.99228 6.3573e-8 0 1 -134.6395 0 0 0 1</matrix>
                    <extra>
                      <technique profile="blender">
                        <roll sid="roll" type="float">1.570796</roll>
                        <tip_x sid="tip_x" type="float">0</tip_x>
                        <tip_y sid="tip_y" type="float">135.7473</tip_y>
                        <tip_z sid="tip_z" type="float">0</tip_z>
                      </technique>
                    </extra>
                  </node>
                  <extra>
                    <technique profile="blender">
                      <roll sid="roll" type="float">1.570796</roll>
                      <tip_x sid="tip_x" type="float">0</tip_x>
                      <tip_y sid="tip_y" type="float">135.7473</tip_y>
                      <tip_z sid="tip_z" type="float">0</tip_z>
                    </technique>
                  </extra>
                </node>
                <node id="Armature_CATRig_eye_l" name="CATRig_eye_l" sid="CATRig_eye_l" type="JOINT">
                  <matrix sid="transform">-1 -1.77636e-15 -1.50996e-7 -163.4265 0 1 3.48042e-16 -218.1967 1.50996e-7 0 -1 -71.04506 0 0 0 1</matrix>
                  <extra>
                    <technique profile="blender">
                      <roll sid="roll" type="float">1.570796</roll>
                      <tip_x sid="tip_x" type="float">0</tip_x>
                      <tip_y sid="tip_y" type="float">256.454</tip_y>
                      <tip_z sid="tip_z" type="float">0</tip_z>
                    </technique>
                  </extra>
                </node>
                <node id="Armature_CATRig_eye_r" name="CATRig_eye_r" sid="CATRig_eye_r" type="JOINT">
                  <matrix sid="transform">-1 -1.77636e-15 -1.50996e-7 -163.4266 0 1 3.48042e-16 -218.1967 1.50996e-7 0 -1 71.04495 0 0 0 1</matrix>
                  <extra>
                    <technique profile="blender">
                      <roll sid="roll" type="float">1.570796</roll>
                      <tip_x sid="tip_x" type="float">0</tip_x>
                      <tip_y sid="tip_y" type="float">256.454</tip_y>
                      <tip_z sid="tip_z" type="float">0</tip_z>
                    </technique>
                  </extra>
                </node>
                <node id="Armature_CATRig_eyelash_T_r1" name="CATRig_eyelash_T_r1" sid="CATRig_eyelash_T_r1" type="JOINT">
                  <matrix sid="transform">-0.9848078 -2.97496e-8 -0.1736478 -93.99883 -2.92976e-8 1 -5.16594e-9 -192.088 0.1736478 0 -0.9848078 136.1722 0 0 0 1</matrix>
                  <extra>
                    <technique profile="blender">
                      <roll sid="roll" type="float">1.745329</roll>
                      <tip_x sid="tip_x" type="float">0</tip_x>
                      <tip_y sid="tip_y" type="float">256.454</tip_y>
                      <tip_z sid="tip_z" type="float">0</tip_z>
                    </technique>
                  </extra>
                </node>
                <node id="Armature_CATRig_eyelash_T_r2" name="CATRig_eyelash_T_r2" sid="CATRig_eyelash_T_r2" type="JOINT">
                  <matrix sid="transform">-0.955242 -2.97496e-8 -0.2958255 -99.83049 -2.8418e-8 1 -8.80068e-9 -120.946 0.2958255 0 -0.955242 253.7073 0 0 0 1</matrix>
                  <extra>
                    <technique profile="blender">
                      <roll sid="roll" type="float">1.871116</roll>
                      <tip_x sid="tip_x" type="float">0</tip_x>
                      <tip_y sid="tip_y" type="float">256.454</tip_y>
                      <tip_z sid="tip_z" type="float">0</tip_z>
                    </technique>
                  </extra>
                </node>
                <node id="Armature_CATRig_eyelash_T_shape_l" name="CATRig_eyelash_T_shape_l" sid="CATRig_eyelash_T_shape_l" type="JOINT">
                  <matrix sid="transform">-1 -2.97496e-8 -1.50996e-7 -90.78185 -2.97495e-8 1 -4.98103e-15 -208.8329 1.50996e-7 0 -1 -32.63736 0 0 0 1</matrix>
                  <extra>
                    <technique profile="blender">
                      <roll sid="roll" type="float">1.570796</roll>
                      <tip_x sid="tip_x" type="float">0</tip_x>
                      <tip_y sid="tip_y" type="float">256.454</tip_y>
                      <tip_z sid="tip_z" type="float">0</tip_z>
                    </technique>
                  </extra>
                </node>
                <node id="Armature_CATRig_eyelash_T_shape_m" name="CATRig_eyelash_T_shape_m" sid="CATRig_eyelash_T_shape_m" type="JOINT">
                  <matrix sid="transform">-1 -1.77636e-15 -1.50996e-7 -90.78185 0 1 3.48042e-16 -208.8329 1.50996e-7 0 -1 -5.00318e-5 0 0 0 1</matrix>
                  <extra>
                    <technique profile="blender">
                      <roll sid="roll" type="float">1.570796</roll>
                      <tip_x sid="tip_x" type="float">0</tip_x>
                      <tip_y sid="tip_y" type="float">256.454</tip_y>
                      <tip_z sid="tip_z" type="float">0</tip_z>
                    </technique>
                  </extra>
                </node>
                <node id="Armature_CATRig_eyelash_T_shape_r" name="CATRig_eyelash_T_shape_r" sid="CATRig_eyelash_T_shape_r" type="JOINT">
                  <matrix sid="transform">-1 -2.97496e-8 -1.50996e-7 -90.78197 -2.97495e-8 1 -4.98103e-15 -208.8329 1.50996e-7 0 -1 32.63715 0 0 0 1</matrix>
                  <extra>
                    <technique profile="blender">
                      <roll sid="roll" type="float">1.570796</roll>
                      <tip_x sid="tip_x" type="float">0</tip_x>
                      <tip_y sid="tip_y" type="float">256.454</tip_y>
                      <tip_z sid="tip_z" type="float">0</tip_z>
                    </technique>
                  </extra>
                </node>
                <node id="Armature_CATRig_eyelash01_T_l" name="CATRig_eyelash01_T_l" sid="CATRig_eyelash01_T_l" type="JOINT">
                  <matrix sid="transform">-0.9848076 -2.97496e-8 0.173649 -93.99884 -2.92976e-8 1 5.16598e-9 -192.0881 -0.173649 0 -0.9848076 -136.1713 0 0 0 1</matrix>
                  <extra>
                    <technique profile="blender">
                      <roll sid="roll" type="float">1.396263</roll>
                      <tip_x sid="tip_x" type="float">0</tip_x>
                      <tip_y sid="tip_y" type="float">256.454</tip_y>
                      <tip_z sid="tip_z" type="float">0</tip_z>
                    </technique>
                  </extra>
                </node>
                <node id="Armature_CATRig_eyelash02_T_l" name="CATRig_eyelash02_T_l" sid="CATRig_eyelash02_T_l" type="JOINT">
                  <matrix sid="transform">-0.9552422 -2.97496e-8 0.295825 -99.83051 -2.8418e-8 1 8.80067e-9 -120.9462 -0.295825 0 -0.9552422 -253.7068 0 0 0 1</matrix>
                  <extra>
                    <technique profile="blender">
                      <roll sid="roll" type="float">1.270477</roll>
                      <tip_x sid="tip_x" type="float">0</tip_x>
                      <tip_y sid="tip_y" type="float">256.454</tip_y>
                      <tip_z sid="tip_z" type="float">0</tip_z>
                    </technique>
                  </extra>
                </node>
                <extra>
                  <technique profile="blender">
                    <roll sid="roll" type="float">-1.570796</roll>
                    <tip_x sid="tip_x" type="float">0</tip_x>
                    <tip_y sid="tip_y" type="float">256.454</tip_y>
                    <tip_z sid="tip_z" type="float">0</tip_z>
                  </technique>
                </extra>
              </node>
              <node id="Armature_CATRig_eyelash_B_shape_l" name="CATRig_eyelash_B_shape_l" sid="CATRig_eyelash_B_shape_l" type="JOINT">
                <matrix sid="transform">1 -2.37941e-8 -4.13264e-7 105.6657 2.37941e-8 1 -9.7579e-15 -232.894 4.13264e-7 0 1 -32.63711 0 0 0 1</matrix>
                <extra>
                  <technique profile="blender">
                    <roll sid="roll" type="float">-1.570797</roll>
                    <tip_x sid="tip_x" type="float">0</tip_x>
                    <tip_y sid="tip_y" type="float">320.6419</tip_y>
                    <tip_z sid="tip_z" type="float">0</tip_z>
                  </technique>
                </extra>
              </node>
              <node id="Armature_CATRig_eyelash_B_shape_m" name="CATRig_eyelash_B_shape_m" sid="CATRig_eyelash_B_shape_m" type="JOINT">
                <matrix sid="transform">1 -2.37941e-8 -4.13264e-7 105.6657 2.37941e-8 1 -9.7579e-15 -232.894 4.13264e-7 0 1 1.36867e-4 0 0 0 1</matrix>
                <extra>
                  <technique profile="blender">
                    <roll sid="roll" type="float">-1.570797</roll>
                    <tip_x sid="tip_x" type="float">0</tip_x>
                    <tip_y sid="tip_y" type="float">320.6419</tip_y>
                    <tip_z sid="tip_z" type="float">0</tip_z>
                  </technique>
                </extra>
              </node>
              <node id="Armature_CATRig_eyelash_B_shape_r" name="CATRig_eyelash_B_shape_r" sid="CATRig_eyelash_B_shape_r" type="JOINT">
                <matrix sid="transform">1 -2.37941e-8 -4.13264e-7 105.6656 2.37941e-8 1 -9.7579e-15 -232.894 4.13264e-7 0 1 32.63739 0 0 0 1</matrix>
                <extra>
                  <technique profile="blender">
                    <roll sid="roll" type="float">-1.570797</roll>
                    <tip_x sid="tip_x" type="float">0</tip_x>
                    <tip_y sid="tip_y" type="float">320.6419</tip_y>
                    <tip_z sid="tip_z" type="float">0</tip_z>
                  </technique>
                </extra>
              </node>
              <node id="Armature_CATRig_eyelash01_B_l" name="CATRig_eyelash01_B_l" sid="CATRig_eyelash01_B_l" type="JOINT">
                <matrix sid="transform">0.9848079 -2.37941e-8 0.1736473 102.4489 2.34326e-8 1 4.13178e-9 -216.1495 -0.1736473 0 0.9848079 -136.1713 0 0 0 1</matrix>
                <extra>
                  <technique profile="blender">
                    <roll sid="roll" type="float">-1.396264</roll>
                    <tip_x sid="tip_x" type="float">0</tip_x>
                    <tip_y sid="tip_y" type="float">320.6419</tip_y>
                    <tip_z sid="tip_z" type="float">0</tip_z>
                  </technique>
                </extra>
              </node>
              <node id="Armature_CATRig_eyelash01_B_r" name="CATRig_eyelash01_B_r" sid="CATRig_eyelash01_B_r" type="JOINT">
                <matrix sid="transform">0.9848078 -2.37941e-8 -0.1736481 102.4489 2.34326e-8 1 -4.13181e-9 -216.1503 0.1736481 0 0.9848078 136.1723 0 0 0 1</matrix>
                <extra>
                  <technique profile="blender">
                    <roll sid="roll" type="float">-1.745329</roll>
                    <tip_x sid="tip_x" type="float">0</tip_x>
                    <tip_y sid="tip_y" type="float">320.6419</tip_y>
                    <tip_z sid="tip_z" type="float">0</tip_z>
                  </technique>
                </extra>
              </node>
              <node id="Armature_CATRig_eyelash02_B_l" name="CATRig_eyelash02_B_l" sid="CATRig_eyelash02_B_l" type="JOINT">
                <matrix sid="transform">0.9929152 -2.37941e-8 0.1188251 81.5026 2.36256e-8 1 2.82734e-9 -147.9108 -0.1188251 0 0.9929152 -253.7074 0 0 0 1</matrix>
                <extra>
                  <technique profile="blender">
                    <roll sid="roll" type="float">-1.45169</roll>
                    <tip_x sid="tip_x" type="float">0</tip_x>
                    <tip_y sid="tip_y" type="float">320.6419</tip_y>
                    <tip_z sid="tip_z" type="float">0</tip_z>
                  </technique>
                </extra>
              </node>
              <node id="Armature_CATRig_eyelash02_B_r" name="CATRig_eyelash02_B_r" sid="CATRig_eyelash02_B_r" type="JOINT">
                <matrix sid="transform">0.9929152 -2.37941e-8 -0.1188257 81.50303 2.36255e-8 1 -2.82735e-9 -147.9126 0.1188257 0 0.9929152 253.7079 0 0 0 1</matrix>
                <extra>
                  <technique profile="blender">
                    <roll sid="roll" type="float">-1.689903</roll>
                    <tip_x sid="tip_x" type="float">0</tip_x>
                    <tip_y sid="tip_y" type="float">320.6419</tip_y>
                    <tip_z sid="tip_z" type="float">0</tip_z>
                  </technique>
                </extra>
              </node>
              <node id="Armature_CATRig_mrror_l" name="CATRig_mrror_l" sid="CATRig_mrror_l" type="JOINT">
                <matrix sid="transform">-1 -1.77636e-15 -1.50996e-7 172.1939 0 0.9999998 5.36695e-16 -36.425 1.50996e-7 0 -1 -442.9663 0 0 0 1</matrix>
                <extra>
                  <technique profile="blender">
                    <roll sid="roll" type="float">1.570796</roll>
                    <tip_x sid="tip_x" type="float">0</tip_x>
                    <tip_y sid="tip_y" type="float">320.6419</tip_y>
                    <tip_z sid="tip_z" type="float">0</tip_z>
                  </technique>
                </extra>
              </node>
              <node id="Armature_CATRig_mrror_r" name="CATRig_mrror_r" sid="CATRig_mrror_r" type="JOINT">
                <matrix sid="transform">-1 -4.75883e-8 -1.50996e-7 172.195 -4.75883e-8 1 -8.34509e-15 -36.425 1.50996e-7 0 -1 442.9668 0 0 0 1</matrix>
                <extra>
                  <technique profile="blender">
                    <roll sid="roll" type="float">1.570796</roll>
                    <tip_x sid="tip_x" type="float">0</tip_x>
                    <tip_y sid="tip_y" type="float">320.6419</tip_y>
                    <tip_z sid="tip_z" type="float">0</tip_z>
                  </technique>
                </extra>
              </node>
              <extra>
                <technique profile="blender">
                  <roll sid="roll" type="float">-1.570796</roll>
                  <tip_x sid="tip_x" type="float">0</tip_x>
                  <tip_y sid="tip_y" type="float">320.6419</tip_y>
                  <tip_z sid="tip_z" type="float">0</tip_z>
                </technique>
              </extra>
            </node>
            <node id="Armature_CATRig_bumper_l" name="CATRig_bumper_l" sid="CATRig_bumper_l" type="JOINT">
              <matrix sid="transform">1 -3.76322e-8 0 145.832 3.76322e-8 1 8.40487e-16 -815.4128 0 0 1 346.3521 0 0 0 1</matrix>
              <extra>
                <technique profile="blender">
                  <roll sid="roll" type="float">1.570796</roll>
                  <tip_x sid="tip_x" type="float">0</tip_x>
                  <tip_y sid="tip_y" type="float">810.9434</tip_y>
                  <tip_z sid="tip_z" type="float">0</tip_z>
                </technique>
              </extra>
            </node>
            <node id="Armature_CATRig_jaw" name="CATRig_jaw" sid="CATRig_jaw" type="JOINT">
              <matrix sid="transform">1 -2.31606e-8 0 -62.89645 2.31606e-8 1 8.40487e-16 -382.9053 0 0 1 -3.19749e-4 0 0 0 1</matrix>
              <node id="Armature_CATRig_bumper_m" name="CATRig_bumper_m" sid="CATRig_bumper_m" type="JOINT">
                <matrix sid="transform">1 0 0 221.2025 0 1 0 -538.7597 0 0 1 1.40669e-4 0 0 0 1</matrix>
                <extra>
                  <technique profile="blender">
                    <roll sid="roll" type="float">1.570796</roll>
                    <tip_x sid="tip_x" type="float">0</tip_x>
                    <tip_y sid="tip_y" type="float">494.1197</tip_y>
                    <tip_z sid="tip_z" type="float">0</tip_z>
                  </technique>
                </extra>
              </node>
              <node id="Armature_CATRig_lip_low_l" name="CATRig_lip_low_l" sid="CATRig_lip_low_l" type="JOINT">
                <matrix sid="transform">0.9664341 0 -0.2569146 129.9263 0 1 0 -514.2542 0.2569146 0 0.9664341 112.2897 0 0 0 1</matrix>
                <extra>
                  <technique profile="blender">
                    <roll sid="roll" type="float">1.310968</roll>
                    <tip_x sid="tip_x" type="float">0</tip_x>
                    <tip_y sid="tip_y" type="float">494.1197</tip_y>
                    <tip_z sid="tip_z" type="float">0</tip_z>
                  </technique>
                </extra>
              </node>
              <node id="Armature_CATRig_lip_low_m" name="CATRig_lip_low_m" sid="CATRig_lip_low_m" type="JOINT">
                <matrix sid="transform">1 0 0 130.6035 0 1 0 -523.8986 0 0 1 3.40709e-4 0 0 0 1</matrix>
                <extra>
                  <technique profile="blender">
                    <roll sid="roll" type="float">1.570796</roll>
                    <tip_x sid="tip_x" type="float">0</tip_x>
                    <tip_y sid="tip_y" type="float">494.1197</tip_y>
                    <tip_z sid="tip_z" type="float">0</tip_z>
                  </technique>
                </extra>
              </node>
              <node id="Armature_CATRig_lip_low_r" name="CATRig_lip_low_r" sid="CATRig_lip_low_r" type="JOINT">
                <matrix sid="transform">0.966434 0 0.256915 129.9264 0 1 1.77636e-15 -514.2537 -0.256915 0 0.966434 -112.2905 0 0 0 1</matrix>
                <extra>
                  <technique profile="blender">
                    <roll sid="roll" type="float">1.830625</roll>
                    <tip_x sid="tip_x" type="float">0</tip_x>
                    <tip_y sid="tip_y" type="float">494.1197</tip_y>
                    <tip_z sid="tip_z" type="float">0</tip_z>
                  </technique>
                </extra>
              </node>
              <node id="Armature_CATRig_teeth_low" name="CATRig_teeth_low" sid="CATRig_teeth_low" type="JOINT">
                <matrix sid="transform">1 0 0 120.7065 0 1 0 -353.3235 0 0 1 2.33276e-4 0 0 0 1</matrix>
                <extra>
                  <technique profile="blender">
                    <roll sid="roll" type="float">1.570796</roll>
                    <tip_x sid="tip_x" type="float">0</tip_x>
                    <tip_y sid="tip_y" type="float">494.1197</tip_y>
                    <tip_z sid="tip_z" type="float">0</tip_z>
                  </technique>
                </extra>
              </node>
              <node id="Armature_CATRig_tongue01" name="CATRig_tongue01" sid="CATRig_tongue01" type="JOINT">
                <matrix sid="transform">1 0 0 124.0601 0 1 0 -364.1188 0 0 1 2.52423e-4 0 0 0 1</matrix>
                <node id="Armature_CATRig_tongue02" name="CATRig_tongue02" sid="CATRig_tongue02" type="JOINT">
                  <matrix sid="transform">1 0 0 -9.723418 0 1 0 -75.75769 0 0 1 1.04575e-4 0 0 0 1</matrix>
                  <extra>
                    <technique profile="blender">
                      <roll sid="roll" type="float">1.570796</roll>
                      <tip_x sid="tip_x" type="float">0</tip_x>
                      <tip_y sid="tip_y" type="float">76.37909</tip_y>
                      <tip_z sid="tip_z" type="float">0</tip_z>
                    </technique>
                  </extra>
                </node>
                <extra>
                  <technique profile="blender">
                    <roll sid="roll" type="float">1.570796</roll>
                    <tip_x sid="tip_x" type="float">0</tip_x>
                    <tip_y sid="tip_y" type="float">76.37909</tip_y>
                    <tip_z sid="tip_z" type="float">0</tip_z>
                  </technique>
                </extra>
              </node>
              <extra>
                <technique profile="blender">
                  <roll sid="roll" type="float">1.570796</roll>
                  <tip_x sid="tip_x" type="float">0</tip_x>
                  <tip_y sid="tip_y" type="float">494.1197</tip_y>
                  <tip_z sid="tip_z" type="float">0</tip_z>
                </technique>
              </extra>
            </node>
            <node id="Armature_CATRig_bumper_r" name="CATRig_bumper_r" sid="CATRig_bumper_r" type="JOINT">
              <matrix sid="transform">1 -3.76322e-8 0 145.8321 3.76322e-8 1 8.40487e-16 -815.4139 0 0 1 -346.3519 0 0 0 1</matrix>
              <extra>
                <technique profile="blender">
                  <roll sid="roll" type="float">1.570796</roll>
                  <tip_x sid="tip_x" type="float">0</tip_x>
                  <tip_y sid="tip_y" type="float">810.9434</tip_y>
                  <tip_z sid="tip_z" type="float">0</tip_z>
                </technique>
              </extra>
            </node>
            <node id="Armature_CATRig_cheek_l" name="CATRig_cheek_l" sid="CATRig_cheek_l" type="JOINT">
              <matrix sid="transform">1 -2.46961e-8 0 13.10398 2.46961e-8 1 8.40487e-16 -871.064 0 0 1 275.3981 0 0 0 1</matrix>
              <extra>
                <technique profile="blender">
                  <roll sid="roll" type="float">1.570796</roll>
                  <tip_x sid="tip_x" type="float">0</tip_x>
                  <tip_y sid="tip_y" type="float">810.9434</tip_y>
                  <tip_z sid="tip_z" type="float">0</tip_z>
                </technique>
              </extra>
            </node>
            <node id="Armature_CATRig_cheek_r" name="CATRig_cheek_r" sid="CATRig_cheek_r" type="JOINT">
              <matrix sid="transform">1 -2.58721e-8 0 13.10404 2.58721e-8 1 8.40487e-16 -871.065 0 0 1 -275.3989 0 0 0 1</matrix>
              <extra>
                <technique profile="blender">
                  <roll sid="roll" type="float">1.570796</roll>
                  <tip_x sid="tip_x" type="float">0</tip_x>
                  <tip_y sid="tip_y" type="float">810.9434</tip_y>
                  <tip_z sid="tip_z" type="float">0</tip_z>
                </technique>
              </extra>
            </node>
            <node id="Armature_CATRig_enginecap" name="CATRig_enginecap" sid="CATRig_enginecap" type="JOINT">
              <matrix sid="transform">-1 -1.88161e-8 1.50996e-7 -188.261 -1.88161e-8 0.9999998 1.9008e-15 -682.1307 -1.50996e-7 0 -1 -1.38229e-4 0 0 0 1</matrix>
              <extra>
                <technique profile="blender">
                  <roll sid="roll" type="float">-1.570796</roll>
                  <tip_x sid="tip_x" type="float">0</tip_x>
                  <tip_y sid="tip_y" type="float">810.9434</tip_y>
                  <tip_z sid="tip_z" type="float">0</tip_z>
                </technique>
              </extra>
            </node>
            <node id="Armature_CATRig_headlight_l" name="CATRig_headlight_l" sid="CATRig_headlight_l" type="JOINT">
              <matrix sid="transform">1 -3.76322e-8 0 -157.389 3.76322e-8 1 8.40487e-16 -780.3647 0 0 1 346.3521 0 0 0 1</matrix>
              <extra>
                <technique profile="blender">
                  <roll sid="roll" type="float">1.570796</roll>
                  <tip_x sid="tip_x" type="float">0</tip_x>
                  <tip_y sid="tip_y" type="float">810.9434</tip_y>
                  <tip_z sid="tip_z" type="float">0</tip_z>
                </technique>
              </extra>
            </node>
            <node id="Armature_CATRig_headlight_r" name="CATRig_headlight_r" sid="CATRig_headlight_r" type="JOINT">
              <matrix sid="transform">1 -3.76322e-8 0 -157.3889 3.76322e-8 1 8.40487e-16 -780.3658 0 0 1 -346.3519 0 0 0 1</matrix>
              <extra>
                <technique profile="blender">
                  <roll sid="roll" type="float">1.570796</roll>
                  <tip_x sid="tip_x" type="float">0</tip_x>
                  <tip_y sid="tip_y" type="float">810.9434</tip_y>
                  <tip_z sid="tip_z" type="float">0</tip_z>
                </technique>
              </extra>
            </node>
            <node id="Armature_CATRig_lip_cor_l" name="CATRig_lip_cor_l" sid="CATRig_lip_cor_l" type="JOINT">
              <matrix sid="transform">1 -2.82241e-8 0 43.29301 2.82241e-8 1 8.40487e-16 -873.3901 0 0 1 194.6801 0 0 0 1</matrix>
              <extra>
                <technique profile="blender">
                  <roll sid="roll" type="float">1.570796</roll>
                  <tip_x sid="tip_x" type="float">0</tip_x>
                  <tip_y sid="tip_y" type="float">810.9434</tip_y>
                  <tip_z sid="tip_z" type="float">0</tip_z>
                </technique>
              </extra>
            </node>
            <node id="Armature_CATRig_lip_cor_r" name="CATRig_lip_cor_r" sid="CATRig_lip_cor_r" type="JOINT">
              <matrix sid="transform">1 -2.35201e-8 0 43.29306 2.35201e-8 1 8.40487e-16 -873.3901 0 0 1 -194.6799 0 0 0 1</matrix>
              <extra>
                <technique profile="blender">
                  <roll sid="roll" type="float">1.570796</roll>
                  <tip_x sid="tip_x" type="float">0</tip_x>
                  <tip_y sid="tip_y" type="float">810.9434</tip_y>
                  <tip_z sid="tip_z" type="float">0</tip_z>
                </technique>
              </extra>
            </node>
            <node id="Armature_CATRig_lip_up_l" name="CATRig_lip_up_l" sid="CATRig_lip_up_l" type="JOINT">
              <matrix sid="transform">0.9660946 -2.52841e-8 -0.2581883 7.479876 2.44269e-8 1 -6.52807e-9 -943.744 0.2581883 4.44089e-16 0.9660946 110.1835 0 0 0 1</matrix>
              <extra>
                <technique profile="blender">
                  <roll sid="roll" type="float">1.30965</roll>
                  <tip_x sid="tip_x" type="float">0</tip_x>
                  <tip_y sid="tip_y" type="float">810.9434</tip_y>
                  <tip_z sid="tip_z" type="float">0</tip_z>
                </technique>
              </extra>
            </node>
            <node id="Armature_CATRig_lip_up_m" name="CATRig_lip_up_m" sid="CATRig_lip_up_m" type="JOINT">
              <matrix sid="transform">1 -2.58721e-8 0 -9.516975 2.58721e-8 1 8.40487e-16 -966.293 0 0 1 -2.29416e-4 0 0 0 1</matrix>
              <extra>
                <technique profile="blender">
                  <roll sid="roll" type="float">1.570796</roll>
                  <tip_x sid="tip_x" type="float">0</tip_x>
                  <tip_y sid="tip_y" type="float">810.9434</tip_y>
                  <tip_z sid="tip_z" type="float">0</tip_z>
                </technique>
              </extra>
            </node>
            <node id="Armature_CATRig_lip_up_r" name="CATRig_lip_up_r" sid="CATRig_lip_up_r" type="JOINT">
              <matrix sid="transform">0.9660944 -2.46961e-8 0.2581889 7.479947 2.38588e-8 1 6.37627e-9 -943.7437 -0.2581889 0 0.9660944 -110.1832 0 0 0 1</matrix>
              <extra>
                <technique profile="blender">
                  <roll sid="roll" type="float">1.831943</roll>
                  <tip_x sid="tip_x" type="float">0</tip_x>
                  <tip_y sid="tip_y" type="float">810.9434</tip_y>
                  <tip_z sid="tip_z" type="float">0</tip_z>
                </technique>
              </extra>
            </node>
            <node id="Armature_CATRig_teeth_up" name="CATRig_teeth_up" sid="CATRig_teeth_up" type="JOINT">
              <matrix sid="transform">1 -2.58721e-8 0 -9.516981 2.58721e-8 1 8.40487e-16 -736.2288 0 0 1 -2.72416e-4 0 0 0 1</matrix>
              <extra>
                <technique profile="blender">
                  <roll sid="roll" type="float">1.570796</roll>
                  <tip_x sid="tip_x" type="float">0</tip_x>
                  <tip_y sid="tip_y" type="float">810.9434</tip_y>
                  <tip_z sid="tip_z" type="float">0</tip_z>
                </technique>
              </extra>
            </node>
            <extra>
              <technique profile="blender">
                <roll sid="roll" type="float">1.570796</roll>
                <tip_x sid="tip_x" type="float">0</tip_x>
                <tip_y sid="tip_y" type="float">810.9434</tip_y>
                <tip_z sid="tip_z" type="float">0</tip_z>
              </technique>
            </extra>
          </node>
          <node id="Armature_CATRig_body_r" name="CATRig_body_r" sid="CATRig_body_r" type="JOINT">
            <matrix sid="transform">-4.37114e-8 0 1 1.7e-5 -1 -2.32561e-7 -4.37114e-8 359.9999 2.32561e-7 -0.9999999 -5.85796e-9 -114.9281 0 0 0 1</matrix>
            <node id="Armature_CATRig_crane" name="CATRig_crane" sid="CATRig_crane" type="JOINT">
              <matrix sid="transform">1 5.69782e-9 -3.55271e-15 20.56195 -5.69782e-9 1 0 176.1588 3.55271e-15 0 1 -9.10121e-6 0 0 0 1</matrix>
              <node id="Armature_CATRig_crane_pully_l" name="CATRig_crane_pully_l" sid="CATRig_crane_pully_l" type="JOINT">
                <matrix sid="transform">-0.9227799 0 -0.3853276 -516.1749 0 1 1.77636e-15 604.4108 0.3853276 0 -0.9227799 46.14511 0 0 0 1</matrix>
                <extra>
                  <technique profile="blender">
                    <roll sid="roll" type="float">-1.175233</roll>
                    <tip_x sid="tip_x" type="float">0</tip_x>
                    <tip_y sid="tip_y" type="float">669.5014</tip_y>
                    <tip_z sid="tip_z" type="float">0</tip_z>
                  </technique>
                </extra>
              </node>
              <node id="Armature_CATRig_crane_pully_r" name="CATRig_crane_pully_r" sid="CATRig_crane_pully_r" type="JOINT">
                <matrix sid="transform">-0.9227795 0 0.3853285 -516.175 0 1 3.55271e-15 604.4102 -0.3853285 0 -0.9227795 -46.14644 0 0 0 1</matrix>
                <extra>
                  <technique profile="blender">
                    <roll sid="roll" type="float">-1.96636</roll>
                    <tip_x sid="tip_x" type="float">0</tip_x>
                    <tip_y sid="tip_y" type="float">669.5014</tip_y>
                    <tip_z sid="tip_z" type="float">0</tip_z>
                  </technique>
                </extra>
              </node>
              <node id="Armature_CATRig_hook_rope" name="CATRig_hook_rope" sid="CATRig_hook_rope" type="JOINT">
                <matrix sid="transform">1 0 0 -563.3561 0 1 0 690.3533 0 0 1 -1.77625e-4 0 0 0 1</matrix>
                <node id="Armature_CATRig_hook" name="CATRig_hook" sid="CATRig_hook" type="JOINT">
                  <matrix sid="transform">1 0 0 173.1882 0 1 0 6.10352e-5 0 0 1 -9.04297e-5 0 0 0 1</matrix>
                  <extra>
                    <technique profile="blender">
                      <roll sid="roll" type="float">1.570796</roll>
                      <tip_x sid="tip_x" type="float">0</tip_x>
                      <tip_y sid="tip_y" type="float">173.188</tip_y>
                      <tip_z sid="tip_z" type="float">0</tip_z>
                    </technique>
                  </extra>
                </node>
                <extra>
                  <technique profile="blender">
                    <roll sid="roll" type="float">1.570796</roll>
                    <tip_x sid="tip_x" type="float">0</tip_x>
                    <tip_y sid="tip_y" type="float">173.1881</tip_y>
                    <tip_z sid="tip_z" type="float">0</tip_z>
                  </technique>
                </extra>
              </node>
              <node id="Armature_CATRig_rope01_l" name="CATRig_rope01_l" sid="CATRig_rope01_l" type="JOINT">
                <matrix sid="transform">0.9288927 0 0.370349 -476.8023 0 1 -1.77636e-15 255.611 -0.370349 0 0.9288927 197.5405 0 0 0 1</matrix>
                <extra>
                  <technique profile="blender">
                    <roll sid="roll" type="float">1.950181</roll>
                    <tip_x sid="tip_x" type="float">0</tip_x>
                    <tip_y sid="tip_y" type="float">669.5014</tip_y>
                    <tip_z sid="tip_z" type="float">0</tip_z>
                  </technique>
                </extra>
              </node>
              <node id="Armature_CATRig_rope01_r" name="CATRig_rope01_r" sid="CATRig_rope01_r" type="JOINT">
                <matrix sid="transform">0.928893 0 -0.3703484 -476.8023 0 1 -1.77636e-15 255.6108 0.3703484 0 0.928893 -197.5408 0 0 0 1</matrix>
                <extra>
                  <technique profile="blender">
                    <roll sid="roll" type="float">1.191412</roll>
                    <tip_x sid="tip_x" type="float">0</tip_x>
                    <tip_y sid="tip_y" type="float">669.5014</tip_y>
                    <tip_z sid="tip_z" type="float">0</tip_z>
                  </technique>
                </extra>
              </node>
              <node id="Armature_CATRig_rope02_l" name="CATRig_rope02_l" sid="CATRig_rope02_l" type="JOINT">
                <matrix sid="transform">0.9288925 0 0.3703495 -417.2547 0 1 -1.77636e-15 251.3329 -0.3703495 0 0.9288925 197.5403 0 0 0 1</matrix>
                <extra>
                  <technique profile="blender">
                    <roll sid="roll" type="float">1.950182</roll>
                    <tip_x sid="tip_x" type="float">0</tip_x>
                    <tip_y sid="tip_y" type="float">669.5014</tip_y>
                    <tip_z sid="tip_z" type="float">0</tip_z>
                  </technique>
                </extra>
              </node>
              <node id="Armature_CATRig_rope02_r" name="CATRig_rope02_r" sid="CATRig_rope02_r" type="JOINT">
                <matrix sid="transform">0.928893 0 -0.3703484 -417.2537 0 1 -1.77636e-15 251.3344 0.3703484 0 0.928893 -197.5407 0 0 0 1</matrix>
                <extra>
                  <technique profile="blender">
                    <roll sid="roll" type="float">1.191412</roll>
                    <tip_x sid="tip_x" type="float">0</tip_x>
                    <tip_y sid="tip_y" type="float">669.5014</tip_y>
                    <tip_z sid="tip_z" type="float">0</tip_z>
                  </technique>
                </extra>
              </node>
              <extra>
                <technique profile="blender">
                  <roll sid="roll" type="float">1.570796</roll>
                  <tip_x sid="tip_x" type="float">0</tip_x>
                  <tip_y sid="tip_y" type="float">669.5014</tip_y>
                  <tip_z sid="tip_z" type="float">0</tip_z>
                </technique>
              </extra>
            </node>
            <node id="Armature_CATRig_hook_l" name="CATRig_hook_l" sid="CATRig_hook_l" type="JOINT">
              <matrix sid="transform">1 5.81401e-9 -3.55271e-15 1.226956 -5.81402e-9 1 0 832.0053 3.55271e-15 0 1 203.154 0 0 0 1</matrix>
              <extra>
                <technique profile="blender">
                  <roll sid="roll" type="float">1.570796</roll>
                  <tip_x sid="tip_x" type="float">0</tip_x>
                  <tip_y sid="tip_y" type="float">656.121</tip_y>
                  <tip_z sid="tip_z" type="float">0</tip_z>
                </technique>
              </extra>
            </node>
            <node id="Armature_CATRig_hook_r" name="CATRig_hook_r" sid="CATRig_hook_r" type="JOINT">
              <matrix sid="transform">1 5.81401e-9 -3.55271e-15 1.226974 -5.81402e-9 1 0 832.0053 3.55271e-15 0 1 -203.154 0 0 0 1</matrix>
              <extra>
                <technique profile="blender">
                  <roll sid="roll" type="float">1.570796</roll>
                  <tip_x sid="tip_x" type="float">0</tip_x>
                  <tip_y sid="tip_y" type="float">656.121</tip_y>
                  <tip_z sid="tip_z" type="float">0</tip_z>
                </technique>
              </extra>
            </node>
            <node id="Armature_CATRig_light_l" name="CATRig_light_l" sid="CATRig_light_l" type="JOINT">
              <matrix sid="transform">1 4.44089e-16 -3.55271e-15 -517.2368 0 1 0 123.625 3.55271e-15 0 1 167.6329 0 0 0 1</matrix>
              <extra>
                <technique profile="blender">
                  <roll sid="roll" type="float">1.570796</roll>
                  <tip_x sid="tip_x" type="float">0</tip_x>
                  <tip_y sid="tip_y" type="float">656.1209</tip_y>
                  <tip_z sid="tip_z" type="float">0</tip_z>
                </technique>
              </extra>
            </node>
            <node id="Armature_CATRig_light_siren" name="CATRig_light_siren" sid="CATRig_light_siren" type="JOINT">
              <matrix sid="transform">-1 4.44089e-16 1.50996e-7 -562.1741 0 1 0 64.08495 -1.50996e-7 0 -1 3.82427e-4 0 0 0 1</matrix>
              <extra>
                <technique profile="blender">
                  <roll sid="roll" type="float">-1.570796</roll>
                  <tip_x sid="tip_x" type="float">0</tip_x>
                  <tip_y sid="tip_y" type="float">656.1209</tip_y>
                  <tip_z sid="tip_z" type="float">0</tip_z>
                </technique>
              </extra>
            </node>
            <node id="Armature_CATRig_pully_l" name="CATRig_pully_l" sid="CATRig_pully_l" type="JOINT">
              <matrix sid="transform">0.9304217 4.44089e-16 0.3664907 -519.5181 -7.10543e-15 1 0 61.67669 -0.3664907 0 0.9304217 343.0894 0 0 0 1</matrix>
              <extra>
                <technique profile="blender">
                  <roll sid="roll" type="float">1.946031</roll>
                  <tip_x sid="tip_x" type="float">0</tip_x>
                  <tip_y sid="tip_y" type="float">656.1209</tip_y>
                  <tip_z sid="tip_z" type="float">0</tip_z>
                </technique>
              </extra>
            </node>
            <node id="Armature_CATRig_pully_r" name="CATRig_pully_r" sid="CATRig_pully_r" type="JOINT">
              <matrix sid="transform">0.930422 4.44089e-16 -0.3664899 -519.5181 0 1 0 61.67651 0.3664899 0 0.930422 -343.0908 0 0 0 1</matrix>
              <extra>
                <technique profile="blender">
                  <roll sid="roll" type="float">1.195563</roll>
                  <tip_x sid="tip_x" type="float">0</tip_x>
                  <tip_y sid="tip_y" type="float">656.1209</tip_y>
                  <tip_z sid="tip_z" type="float">0</tip_z>
                </technique>
              </extra>
            </node>
            <node id="Armature_CATRig_taillamp_l" name="CATRig_taillamp_l" sid="CATRig_taillamp_l" type="JOINT">
              <matrix sid="transform">-1 5.81401e-9 1.50996e-7 -49.39402 5.81402e-9 0.9999998 -9.66415e-16 762.1583 -1.50996e-7 0 -1 298.6699 0 0 0 1</matrix>
              <extra>
                <technique profile="blender">
                  <roll sid="roll" type="float">-1.570796</roll>
                  <tip_x sid="tip_x" type="float">0</tip_x>
                  <tip_y sid="tip_y" type="float">656.1209</tip_y>
                  <tip_z sid="tip_z" type="float">0</tip_z>
                </technique>
              </extra>
            </node>
            <node id="Armature_CATRig_taillamp_r" name="CATRig_taillamp_r" sid="CATRig_taillamp_r" type="JOINT">
              <matrix sid="transform">-1 5.81401e-9 1.50996e-7 -49.39399 5.81402e-9 0.9999998 -9.66415e-16 762.1592 -1.50996e-7 0 -1 -298.67 0 0 0 1</matrix>
              <extra>
                <technique profile="blender">
                  <roll sid="roll" type="float">-1.570796</roll>
                  <tip_x sid="tip_x" type="float">0</tip_x>
                  <tip_y sid="tip_y" type="float">656.1209</tip_y>
                  <tip_z sid="tip_z" type="float">0</tip_z>
                </technique>
              </extra>
            </node>
            <extra>
              <technique profile="blender">
                <roll sid="roll" type="float">1.570796</roll>
                <tip_x sid="tip_x" type="float">0</tip_x>
                <tip_y sid="tip_y" type="float">656.121</tip_y>
                <tip_z sid="tip_z" type="float">0</tip_z>
              </technique>
            </extra>
          </node>
          <node id="Armature_CATRig_wheelbase_front_l" name="CATRig_wheelbase_front_l" sid="CATRig_wheelbase_front_l" type="JOINT">
            <matrix sid="transform">-4.37114e-8 0 -1 325.637 1 -2.14452e-7 -4.37114e-8 -16.32278 -2.14452e-7 -0.9999999 -2.39661e-8 524.0891 0 0 0 1</matrix>
            <node id="Armature_CATRig_wheel_front_l" name="CATRig_wheel_front_l" sid="CATRig_wheel_front_l" type="JOINT">
              <matrix sid="transform">1.98285e-6 -1.77636e-15 1 177.5406 3.72864e-16 1 -3.55271e-15 0 -1 0 1.98285e-6 -10.99667 0 0 0 1</matrix>
              <extra>
                <technique profile="blender">
                  <roll sid="roll" type="float">-2.02656e-6</roll>
                  <tip_x sid="tip_x" type="float">0</tip_x>
                  <tip_y sid="tip_y" type="float">177.8808</tip_y>
                  <tip_z sid="tip_z" type="float">0</tip_z>
                </technique>
              </extra>
            </node>
            <extra>
              <technique profile="blender">
                <roll sid="roll" type="float">-1.570796</roll>
                <tip_x sid="tip_x" type="float">0</tip_x>
                <tip_y sid="tip_y" type="float">177.8808</tip_y>
                <tip_z sid="tip_z" type="float">0</tip_z>
              </technique>
            </extra>
          </node>
          <node id="Armature_CATRig_wheelbase_front_r" name="CATRig_wheelbase_front_r" sid="CATRig_wheelbase_front_r" type="JOINT">
            <matrix sid="transform">-4.37114e-8 0 -1 -325.6371 1 -2.14452e-7 -4.37114e-8 -16.32278 -2.14452e-7 -0.9999999 -2.39661e-8 524.0884 0 0 0 1</matrix>
            <node id="Armature_CATRig_wheel_front_r" name="CATRig_wheel_front_r" sid="CATRig_wheel_front_r" type="JOINT">
              <matrix sid="transform">2.10206e-6 -1.77636e-15 -1 177.5406 5.11208e-16 1 0 0 1 0 2.10206e-6 10.99667 0 0 0 1</matrix>
              <extra>
                <technique profile="blender">
                  <roll sid="roll" type="float">-3.141591</roll>
                  <tip_x sid="tip_x" type="float">0</tip_x>
                  <tip_y sid="tip_y" type="float">177.8808</tip_y>
                  <tip_z sid="tip_z" type="float">0</tip_z>
                </technique>
              </extra>
            </node>
            <extra>
              <technique profile="blender">
                <roll sid="roll" type="float">-1.570796</roll>
                <tip_x sid="tip_x" type="float">0</tip_x>
                <tip_y sid="tip_y" type="float">177.8808</tip_y>
                <tip_z sid="tip_z" type="float">0</tip_z>
              </technique>
            </extra>
          </node>
          <extra>
            <technique profile="blender">
              <tip_x sid="tip_x" type="float">0</tip_x>
              <tip_y sid="tip_y" type="float">-1.62921e-5</tip_y>
              <tip_z sid="tip_z" type="float">100</tip_z>
            </technique>
          </extra>
        </node>
        <node id="mater_lod1" name="mater_lod1" type="NODE">
          <matrix sid="transform">1 0 0 0 0 1 0 0 0 0 1 0 0 0 0 1</matrix>
          <instance_controller url="#Armature_mater_lod1-skin">
            <skeleton>#Armature_Root</skeleton>
            <bind_material>
              <technique_common>
                <instance_material symbol="mater-material" target="#mater-material">
                  <bind_vertex_input semantic="GeometrySource2" input_semantic="TEXCOORD" input_set="0"/>
                </instance_material>
              </technique_common>
            </bind_material>
          </instance_controller>
        </node>
      </node>
    </visual_scene>
  </library_visual_scenes>
  <scene>
    <instance_visual_scene url="#Scene"/>
  </scene>
</COLLADA>