<?xml version="1.0" encoding="utf-8"?>
<COLLADA xmlns="http://www.collada.org/2005/11/COLLADASchema" version="1.4.1" xmlns:xsi="http://www.w3.org/2001/XMLSchema-instance">
  <asset>
    <contributor>
      <author>Blender User</author>
      <authoring_tool>Blender 4.3.2 commit date:2024-12-16, commit time:21:10, hash:32f5fdce0a0a</authoring_tool>
    </contributor>
    <created>2025-11-20T21:43:51</created>
    <modified>2025-11-20T21:43:51</modified>
    <unit name="meter" meter="1"/>
    <up_axis>Z_UP</up_axis>
  </asset>
  <library_effects>
    <effect id="lightning_mcqueen-effect">
      <profile_COMMON>
        <newparam sid="lightning_mcqueen_diff_png-surface">
          <surface type="2D">
            <init_from>lightning_mcqueen_diff_png</init_from>
          </surface>
        </newparam>
        <newparam sid="lightning_mcqueen_diff_png-sampler">
          <sampler2D>
            <source>lightning_mcqueen_diff_png-surface</source>
          </sampler2D>
        </newparam>
        <technique sid="common">
          <lambert>
            <emission>
              <color sid="emission">0 0 0 1</color>
            </emission>
            <diffuse>
              <texture texture="lightning_mcqueen_diff_png-sampler" texcoord="GeometrySource2"/>
            </diffuse>
            <index_of_refraction>
              <float sid="ior">1.5</float>
            </index_of_refraction>
          </lambert>
        </technique>
      </profile_COMMON>
    </effect>
  </library_effects>
  <library_images>
    <image id="lightning_mcqueen_diff_png" name="lightning_mcqueen_diff_png">
      <init_from>lightning_mcqueen_diff.png</init_from>
    </image>
  </library_images>
  <library_materials>
    <material id="lightning_mcqueen-material" name="lightning_mcqueen">
      <instance_effect url="#lightning_mcqueen-effect"/>
    </material>
  </library_materials>
  <library_geometries>
    <geometry id="lightning_mcqueen_lod1-mesh" name="lightning_mcqueen_lod1">
      <mesh>
        <source id="lightning_mcqueen_lod1-mesh-positions">
          <float_array id="lightning_mcqueen_lod1-mesh-positions-array" count="5019">382.082 1059.63 574.9541 0 975.4951 404.203 412.569 1014.04 482.425 316.124 1075.04 606.24 216.706 1066.07 588.0321 0 1060.19 576.108 316.123 1084.47 601.8 382.082 1069.06 570.514 0 984.9271 399.763 216.706 1075.5 583.5921 0 1069.63 571.668 427.091 975.6691 404.556 0 975.4951 404.203 0 984.9271 399.763 427.091 985.1011 400.116 412.569 1023.47 477.985 382.082 1069.06 570.514 382.082 1059.63 574.9541 412.569 1014.04 482.425 316.124 1075.04 606.24 316.123 1084.47 601.8 216.706 1066.07 588.0321 216.706 1075.5 583.5921 0 1060.19 576.108 0 1069.63 571.668 412.569 1023.47 477.985 427.091 975.6691 404.556 427.091 985.1011 400.116 427.091 985.1011 400.116 427.091 975.6691 404.556 -382.082 1059.63 574.9541 -412.569 1014.04 482.425 -316.124 1075.04 606.24 -216.706 1066.07 588.0321 -316.123 1084.47 601.8 -382.082 1069.06 570.514 -216.706 1075.5 583.5921 -427.091 975.6691 404.556 -427.091 985.1011 400.116 -412.569 1023.47 477.985 -412.569 1014.04 482.425 -382.082 1059.63 574.9541 -382.082 1069.06 570.514 -316.124 1075.04 606.24 -316.123 1084.47 601.8 -216.706 1066.07 588.0321 -216.706 1075.5 583.5921 0 1060.19 576.108 0 1069.63 571.668 -412.569 1023.47 477.985 -427.091 975.6691 404.556 -427.091 985.1011 400.116 -427.091 985.1011 400.116 -427.091 975.6691 404.556 189.225 224.185 629.225 189.213 229.39 605.5211 189.168 426.025 559.578 189.174 422.567 579.481 189.255 35.9012 625.69 189.251 23.2934 614.2561 189.248 114.636 640.043 178.687 224.183 629.229 178.635 422.565 579.4851 178.63 426.023 559.582 178.675 229.388 605.5241 178.713 23.2931 614.2581 178.717 35.9014 625.6931 178.71 114.634 640.048 189.168 426.025 559.578 178.63 426.023 559.582 189.251 23.2934 614.2561 178.713 23.2931 614.2581 -189.225 224.185 629.225 -189.174 422.567 579.481 -189.168 426.025 559.578 -189.213 229.39 605.5211 -189.255 35.9012 625.69 -189.248 114.636 640.043 -189.251 23.2934 614.2561 -178.687 224.183 629.229 -178.675 229.388 605.5241 -178.63 426.023 559.582 -178.635 422.565 579.4851 -178.713 23.2931 614.2581 -178.71 114.634 640.048 -178.717 35.9014 625.6931 -178.63 426.023 559.582 -189.168 426.025 559.578 -189.251 23.2934 614.2561 -178.713 23.2931 614.2581 182.623 -215.343 432.647 140.735 -225.422 433.603 147.375 -248.552 410.783 189.996 -236.189 411.676 98.8479 -235.5 434.559 49.4239 -238.06 435.883 52.3771 -264.229 409.163 104.754 -260.915 409.891 322.596 -156.942 429.426 288.674 -171.005 429.695 295.838 -191.697 406.247 331.425 -174.062 403.77 225.123 -222.761 410.2 218.687 -200.205 431.306 -147.375 -248.552 410.783 -140.735 -225.422 433.603 -182.623 -215.343 432.647 -189.996 -236.189 411.676 -98.8479 -235.5 434.559 -104.754 -260.915 409.891 -52.3771 -264.229 409.163 -49.4239 -238.06 435.883 -322.596 -156.942 429.426 -331.425 -174.062 403.77 -295.838 -191.697 406.247 -288.674 -171.005 429.695 -218.687 -200.205 431.306 -225.123 -222.761 410.2 103.638 -154.724 507.017 81.8811 -159.872 506.389 98.4243 -191.267 481.533 137.2 -167.76 484.689 123.876 -157.816 498.849 131.177 -197.52 453.049 139.61 -182.428 467.837 91.5915 -214.245 443.736 113.349 -209.096 444.364 58.0296 -201.208 466.064 71.3536 -211.153 451.903 64.0529 -171.448 497.704 55.6198 -186.541 482.916 -58.4014 -178.803 490.858 -72.1182 -165.069 502.901 -98.4243 -191.267 481.533 -92.5532 -156.277 507.884 -114.24 -155.337 503.855 -131.767 -161.958 492.403 -139.737 -174.753 476.33 -136.828 -190.165 459.895 -123.112 -203.899 447.852 -102.676 -212.691 442.868 -80.9892 -213.631 446.897 -63.4629 -207.01 458.35 -55.4925 -194.216 474.422 160.688 -225.079 422.036 96.7845 -51.7014 596.2921 80.3438 -238.227 420.95 245.534 -193.652 418.685 170.729 -34.9288 590.874 236.082 -32.266 581.3861 325.347 -152.868 422.604 0 -59.2129 599.828 0 -247.392 421.325 -160.688 -225.079 422.036 -80.3438 -238.227 420.95 -96.7845 -51.7014 596.2921 -245.534 -193.652 418.685 -170.729 -34.9288 590.874 -236.082 -32.266 581.3861 -325.347 -152.868 422.604 3.3e-5 1050.03 515.317 3.3e-5 1059.18 539.902 -2.33189 1061.43 539.299 -4.80219 1054.67 514.074 4.80226 1054.67 514.074 2.33196 1061.43 539.299 3.3e-5 1059.18 539.902 3.3e-5 1050.03 515.317 3.3e-5 1059.31 512.8311 3.3e-5 1063.68 538.695 0.02881795 1069.93 537.992 -4.27623 1070.56 540.361 -4.30557 1071.85 545.146 -0.02985996 1072.49 547.5631 -0.05478894 1057.56 556.6781 8.555311 1056.29 551.942 4.27521 1071.86 545.195 8.61395 1053.72 542.371 4.30453 1070.58 540.41 0.06253498 1052.43 537.5371 -8.5476 1053.7 542.273 -8.60624 1056.26 551.8441 3.3e-5 1032.78 457.377 -4.8022 1037.42 456.134 4.80226 1037.42 456.134 3.3e-5 1032.78 457.377 3.3e-5 1042.06 454.891 -2.33189 1030.66 430.909 3.3e-5 1028.41 431.513 3.3e-5 1028.41 431.513 2.33196 1030.66 430.909 3.3e-5 1032.91 430.306 -0.01799595 1038.67 427.791 4.28143 1038.04 425.413 4.29944 1036.76 420.628 0.01800698 1036.11 418.22 8.59887 1022.5 421.901 0.03600394 1021.21 417.085 8.56285 1025.06 431.471 -0.03600096 1026.33 436.226 -8.59887 1025.04 431.411 -4.29943 1038.03 425.383 -8.56288 1022.48 421.84 -4.28144 1036.75 420.598 150.808 1059.18 539.902 148.476 1061.43 539.299 146.006 1054.67 514.074 150.808 1050.03 515.317 155.61 1054.67 514.074 153.14 1061.43 539.299 150.808 1059.18 539.902 150.808 1050.03 515.317 150.808 1059.31 512.8311 150.808 1063.68 538.695 150.837 1069.93 537.992 146.532 1070.56 540.361 146.502 1071.85 545.146 150.778 1072.49 547.5631 150.753 1057.56 556.6781 159.363 1056.29 551.942 155.083 1071.86 545.195 159.422 1053.72 542.371 155.112 1070.58 540.41 150.87 1052.43 537.5371 142.26 1053.7 542.273 142.202 1056.26 551.8441 150.808 1033.08 457.76 146.006 1037.72 456.517 155.61 1037.72 456.517 150.808 1033.08 457.76 150.808 1042.36 455.274 148.476 1030.96 431.293 150.808 1028.71 431.896 150.808 1028.71 431.896 153.14 1030.96 431.293 150.808 1033.21 430.689 150.826 1036.41 418.603 150.79 1038.97 428.174 155.089 1038.34 425.797 155.107 1037.06 421.011 159.407 1022.8 422.284 150.844 1021.51 417.468 159.371 1025.36 431.855 150.772 1026.63 436.61 142.209 1025.34 431.794 146.508 1038.33 425.766 142.245 1022.78 422.224 146.526 1037.05 420.981 300.018 1059.18 539.902 297.686 1061.43 539.299 295.216 1054.67 514.074 300.018 1050.03 515.317 304.82 1054.67 514.074 302.35 1061.43 539.299 300.018 1059.18 539.902 300.018 1050.03 515.317 300.018 1059.31 512.8311 300.018 1063.68 538.695 300.047 1069.93 537.992 295.741 1070.56 540.361 295.712 1071.85 545.146 299.988 1072.49 547.5631 299.963 1057.56 556.6781 308.573 1056.29 551.942 304.293 1071.86 545.195 308.632 1053.72 542.371 304.322 1070.58 540.41 300.08 1052.43 537.5371 291.47 1053.7 542.273 291.411 1056.26 551.8441 300.018 1038.56 485.896 295.216 1043.2 484.653 304.82 1043.2 484.653 300.018 1038.56 485.896 300.018 1047.84 483.41 297.686 1036.44 459.428 300.018 1034.19 460.031 300.018 1034.19 460.031 302.35 1036.44 459.428 300.018 1038.69 458.824 300.036 1041.89 446.739 300 1044.46 456.31 304.299 1043.82 453.932 304.317 1042.54 449.147 308.617 1028.28 450.419 300.054 1026.99 445.604 308.581 1030.84 459.99 299.982 1032.11 464.745 291.419 1030.82 459.93 295.718 1043.81 453.902 291.455 1028.26 450.359 295.736 1042.53 449.116 -150.808 1050.03 515.317 -146.006 1054.67 514.074 -148.476 1061.43 539.299 -150.808 1059.18 539.902 -155.61 1054.67 514.074 -150.808 1050.03 515.317 -150.808 1059.18 539.902 -153.14 1061.43 539.299 -150.808 1063.68 538.695 -150.808 1059.31 512.8311 -150.837 1069.93 537.992 -155.112 1070.58 540.41 -155.083 1071.86 545.195 -150.778 1072.49 547.5631 -159.363 1056.29 551.942 -150.753 1057.56 556.6781 -159.422 1053.72 542.371 -150.87 1052.43 537.5371 -142.26 1053.7 542.273 -146.532 1070.56 540.361 -142.202 1056.26 551.8441 -146.502 1071.85 545.146 -150.808 1033.08 457.76 -146.006 1037.72 456.517 -155.61 1037.72 456.517 -150.808 1033.08 457.76 -150.808 1042.36 455.274 -150.808 1028.71 431.896 -148.476 1030.96 431.293 -153.14 1030.96 431.293 -150.808 1028.71 431.896 -150.808 1033.21 430.689 -155.089 1038.34 425.797 -150.79 1038.97 428.174 -150.826 1036.41 418.603 -155.107 1037.06 421.011 -150.844 1021.51 417.468 -159.407 1022.8 422.284 -159.371 1025.36 431.855 -150.772 1026.63 436.61 -142.209 1025.34 431.794 -146.508 1038.33 425.766 -142.245 1022.78 422.224 -146.526 1037.05 420.981 -300.018 1050.03 515.317 -295.216 1054.67 514.074 -297.686 1061.43 539.299 -300.018 1059.18 539.902 -304.82 1054.67 514.074 -300.018 1050.03 515.317 -300.018 1059.18 539.902 -302.35 1061.43 539.299 -300.018 1063.68 538.695 -300.018 1059.31 512.8311 -300.047 1069.93 537.992 -304.322 1070.58 540.41 -304.293 1071.86 545.195 -299.988 1072.49 547.5631 -308.573 1056.29 551.942 -299.963 1057.56 556.6781 -308.632 1053.72 542.371 -300.08 1052.43 537.5371 -291.47 1053.7 542.273 -295.741 1070.56 540.361 -291.411 1056.26 551.8441 -295.712 1071.85 545.146 -300.018 1038.56 485.896 -295.216 1043.2 484.653 -304.82 1043.2 484.653 -300.018 1038.56 485.896 -300.018 1047.84 483.41 -300.018 1034.19 460.031 -297.686 1036.44 459.428 -302.35 1036.44 459.428 -300.018 1034.19 460.031 -300.018 1038.69 458.824 -304.299 1043.82 453.932 -300 1044.46 456.31 -300.036 1041.89 446.739 -304.317 1042.54 449.147 -300.054 1026.99 445.604 -308.617 1028.28 450.419 -308.581 1030.84 459.99 -299.982 1032.11 464.745 -291.419 1030.82 459.93 -295.718 1043.81 453.902 -291.455 1028.26 450.359 -295.736 1042.53 449.116 45.2386 -605.9691 240.811 280.263 -546.5161 171.231 280.263 -554.4981 204.319 45.2386 -613.9511 273.898 45.2386 -582.389 273.898 280.263 -520.91 204.319 280.263 -546.5161 171.231 45.2386 -605.9691 240.811 45.2386 -613.9511 273.898 280.263 -554.4981 204.319 280.263 -520.91 204.319 45.2386 -582.389 273.898 45.2387 -453.779 240.811 45.2387 -437.998 273.898 280.263 -493.419 205.538 280.263 -510.214 172.451 45.2387 -469.561 273.898 45.2387 -453.779 240.811 280.263 -510.214 172.451 280.263 -527.008 205.538 45.2387 -437.998 273.898 45.2387 -469.561 273.898 280.263 -527.008 205.538 280.263 -493.419 205.538 45.2386 -544.4411 117.126 45.2386 -508.93 117.126 280.263 -512.252 147.965 280.263 -547.763 147.965 45.2386 -515.712 143.406 280.263 -519.034 162.667 280.263 -512.252 147.965 45.2386 -508.93 117.126 45.2386 -537.659 143.406 280.263 -540.981 162.667 280.263 -519.034 162.667 45.2386 -515.712 143.406 45.2388 544.054 240.811 280.263 603.507 171.231 280.263 595.525 204.319 45.2388 536.072 273.898 45.2388 567.634 273.898 280.263 629.113 204.319 280.263 603.507 171.231 45.2388 544.054 240.811 45.2388 536.072 273.898 280.263 595.525 204.319 280.263 629.113 204.319 45.2388 567.634 273.898 45.2389 696.244 240.811 45.2389 712.025 273.898 280.263 657.0761 205.745 280.263 640.0371 172.551 45.2389 680.462 273.898 45.2389 696.244 240.811 280.263 640.0371 172.551 280.263 623.015 205.538 45.2389 712.025 273.898 45.2389 680.462 273.898 280.263 623.015 205.538 280.263 657.0761 205.745 45.2388 605.582 117.126 45.2388 641.093 117.126 280.263 638.014 148.072 280.263 602.26 147.965 45.2388 623.338 143.406 280.263 620.044 162.679 45.2388 605.582 117.126 280.263 602.26 147.965 280.263 620.044 162.679 45.2388 623.338 143.406 179.658 858.79 226.12 179.658 834.77 226.12 179.658 671.369 140.386 179.658 858.79 140.386 10e-7 671.369 140.386 10e-7 858.79 140.386 179.658 671.369 140.386 10e-7 858.79 226.12 -45.2386 -605.9691 240.811 -45.2386 -613.9511 273.898 -280.263 -554.4981 204.319 -280.263 -546.5161 171.231 -45.2386 -582.389 273.898 -45.2386 -605.9691 240.811 -280.263 -546.5161 171.231 -280.263 -520.91 204.319 -45.2386 -613.9511 273.898 -45.2386 -582.389 273.898 -280.263 -520.91 204.319 -280.263 -554.4981 204.319 -45.2387 -453.779 240.811 -280.263 -510.214 172.451 -280.263 -493.419 205.538 -45.2387 -437.998 273.898 -45.2387 -469.561 273.898 -280.263 -527.008 205.538 -280.263 -510.214 172.451 -45.2387 -453.779 240.811 -45.2387 -437.998 273.898 -280.263 -493.419 205.538 -280.263 -527.008 205.538 -45.2387 -469.561 273.898 -45.2386 -544.4411 117.126 -280.263 -547.763 147.965 -280.263 -512.252 147.965 -45.2386 -508.93 117.126 -45.2386 -515.712 143.406 -45.2386 -508.93 117.126 -280.263 -512.252 147.965 -280.263 -519.034 162.667 -45.2386 -537.659 143.406 -45.2386 -515.712 143.406 -280.263 -519.034 162.667 -280.263 -540.981 162.667 -45.2388 544.054 240.811 -45.2388 536.072 273.898 -280.263 595.525 204.319 -280.263 603.507 171.231 -45.2388 567.634 273.898 -45.2388 544.054 240.811 -280.263 603.507 171.231 -280.263 629.113 204.319 -45.2388 536.072 273.898 -45.2388 567.634 273.898 -280.263 629.113 204.319 -280.263 595.525 204.319 -45.2389 696.244 240.811 -280.263 640.0371 172.551 -280.263 657.0761 205.745 -45.2389 712.025 273.898 -45.2389 680.462 273.898 -280.263 623.015 205.538 -280.263 640.0371 172.551 -45.2389 696.244 240.811 -45.2389 712.025 273.898 -280.263 657.0761 205.745 -280.263 623.015 205.538 -45.2389 680.462 273.898 -45.2388 605.582 117.126 -280.263 602.26 147.965 -280.263 638.014 148.072 -45.2388 641.093 117.126 -45.2388 623.338 143.406 -280.263 620.044 162.679 -45.2388 605.582 117.126 -45.2388 623.338 143.406 -280.263 620.044 162.679 -280.263 602.26 147.965 -179.658 858.79 226.12 -179.658 858.79 140.386 -179.658 671.369 140.386 -179.658 834.77 226.12 -179.658 671.369 140.386 188.166 -706.155 158.378 181.647 -705.4691 198.634 168.098 -789.8991 198.625 171.444 -790.715 158.378 166.274 -700.9931 200.012 153.064 -781.7061 200.012 89.6242 -855.2811 198.623 90.6407 -855.8651 158.378 85.6478 -840.311 200.012 0 -863.2041 198.626 0 -861.902 158.378 0 -847.686 200.012 -188.166 -706.155 158.378 -171.444 -790.715 158.378 -168.098 -789.8991 198.625 -181.647 -705.4691 198.634 -153.064 -781.7061 200.012 -166.274 -700.9931 200.012 -90.6407 -855.8651 158.378 -89.6242 -855.2811 198.623 -85.6478 -840.311 200.012 173.803 -673.2431 204.608 175.189 -673.1591 237.779 169.908 -804.1171 237.779 168.537 -804.101 204.608 86.97501 -860.6251 237.779 86.7334 -859.275 204.608 157.212 -797.968 203.219 84.3366 -844.4251 203.219 0 -863.5051 204.608 0 -864.8941 237.779 0 -848.7211 203.219 163.414 -673.871 203.219 -173.803 -673.2431 204.608 -168.537 -804.101 204.608 -169.908 -804.1171 237.779 -175.189 -673.1591 237.779 -86.7334 -859.275 204.608 -86.97501 -860.6251 237.779 -157.212 -797.968 203.219 -84.3366 -844.4251 203.219 -163.414 -673.871 203.219 40.34 -850.4091 167.149 81.6894 -799.6511 167.149 54.4573 -799.4331 195.127 31.5717 -841.7581 181.741 93.2376 -674.4 167.149 64.5104 -625.078 167.149 39.5934 -625.078 202.038 58.0225 -683.953 203.995 101.44 -750.234 167.149 64.7258 -750.564 200.663 0 -806.2371 191.915 0 -848.338 181.741 0 -751.556 191.915 0 -688.317 199.446 0 -859.7681 167.149 0 -625.078 206.977 0 -801.668 147.5 0 -748.325 147.297 0 -686.246 154.709 0 -622.007 162.34 -40.34 -850.4091 167.149 -31.5717 -841.7581 181.741 -54.4573 -799.4331 195.127 -81.6894 -799.6511 167.149 -93.2376 -674.4 167.149 -58.0225 -683.953 203.995 -39.5934 -625.078 202.038 -64.5104 -625.078 167.149 -64.7258 -750.564 200.663 -101.44 -750.234 167.149 0 -848.338 181.741 0 -806.2371 191.915 0 -751.556 191.915 0 -688.317 199.446 0 -859.7681 167.149 0 -625.078 206.977 0 -801.668 147.5 0 -748.325 147.297 0 -686.246 154.709 0 -622.007 162.34 0 -240.621 437.207 0 -267.543 408.436 254.751 -185.067 429.965 260.25 -209.333 408.724 -260.25 -209.333 408.724 -254.751 -185.067 429.965 0 -344.856 429 145.058 -253.678 426.536 0 -270.229 430.739 255.659 -193.348 417.67 259.031 -214.029 423.033 333.905 -170.965 425.075 316.395 -160.563 419.216 332.324 -310.586 431.934 144.473 -229.446 422.834 0 -245.127 427.33 0 -504.224 417.496 331.988 -484.336 432.177 -145.058 -253.678 426.536 -259.031 -214.029 423.033 -255.659 -193.198 417.974 -316.395 -160.563 419.216 -333.905 -170.965 425.075 -332.324 -310.586 431.934 -144.473 -229.446 422.834 -331.988 -484.336 432.177 148.227 -904.8621 278.069 129.212 -910.4061 230.643 181.45 -895.7241 223.183 228.506 -887.522 256.624 233.841 -876.4851 154.451 255.446 -877.77 210.1 197.311 -886.7741 210.697 181.541 -888.463 193.996 0 -897.806 106.325 160.139 -882.9151 114.89 137.292 -899.6851 182.476 0 -911.8031 174.057 165.558 -871.7321 325.864 0 -868.223 335.872 0 -913.322 285.547 385.96 -803.561 198.4 422.682 -735.1151 181.935 433.365 -722.949 265.719 396.489 -784.041 288.303 440.818 -589.304 378.223 445.657 -492.194 375.14 399.288 -480.387 422.605 395.186 -609.5531 413.537 449.03 -346.717 248.113 435.765 -86.2039 275.022 397.656 -239.106 402.546 452.099 -402.43 334.436 430.381 -321.899 93.6282 431.398 -79.7355 98.1527 420.037 -320.985 41.8023 420.92 -81.9126 39.7899 428.466 299.803 92.0573 424.641 399.998 99.4274 448.528 434.768 270.092 432.858 256.755 290.797 457.995 628.7711 386.253 461.239 731.754 357.734 412.374 778.1 468.703 410.263 617.262 471.417 430.287 962.423 344.441 400.016 947.0451 453.276 450.614 805.45 263.365 377.641 992.0921 275.91 396.616 819.4221 169.833 322.465 908.4931 182.298 377.641 992.0921 275.91 396.616 819.4221 169.833 330.159 816.4851 135.52 403.521 438.489 443.205 454.638 515.0551 361.198 427.442 228.871 69.7269 354.642 -801.009 116.027 232.011 -836.7741 70.4752 272.296 -726.418 51.0244 380.764 -727.9511 100.367 0 -868.791 63.0701 0 -734.2841 46.163 324.073 -851.944 210.128 296.185 -846.648 125.842 0 -919.8671 231.645 316.308 -840.397 298.099 166.109 -883.9481 215.884 175.778 -876.595 211.379 164.252 -876.2291 202.076 121.611 -898.218 219.483 0 -895.483 184.754 131.178 -884.9191 193.488 0 -908.577 218.241 0 -718.1021 384.421 307.842 -793.022 368.586 329.026 -637.0241 418.299 396.559 -721.1461 362.562 331.988 -484.336 432.177 332.324 -310.586 431.934 388.106 236.753 414.392 387.91 20.2766 401.51 344.573 19.6878 430.651 128.932 -62.1874 609.712 127.954 -53.7715 595.2451 231.599 -40.5514 579.65 241.738 -43.6174 587.332 333.201 237.393 445.244 299.232 433.872 481.254 205.238 956.811 468.018 219.082 1031.24 462.084 0 1028.33 450.493 0 949.5311 453.908 389.779 1026.07 442.92 327.639 1034.03 473.563 326.619 946.6641 487.328 370.514 1022.02 321.125 414.481 1007.55 363.785 0 1035.55 311.989 241.122 1029.94 314.075 246.851 1001.68 257.84 0 1005.12 257.249 370.514 1022.02 321.125 175.518 1006.22 343.246 414.481 1007.55 363.785 0 1006.92 343.645 0 944.6741 201.031 285.681 939.2891 197.877 327.831 788.223 502.316 332.493 614.419 499.401 233.669 624.341 510.432 0 810.3021 480.125 0 576.583 552.216 234.795 66.65901 610.3831 230.034 228.277 604.965 129.693 221.128 625.3291 129.933 54.0409 632.388 237.22 -18.119 599.8861 129.177 -37.7554 622.7561 268.951 29.5763 567.5661 238.353 440.567 555.3941 97.0097 427.568 590.0661 117.351 -866.2731 225.689 121.611 -898.218 219.483 0 -908.577 218.241 0 -875.9071 223.854 0 -791.7971 231.253 158.868 -790.7971 204.149 0 -869.1591 166.274 0 -895.483 184.754 131.178 -884.9191 193.488 130.1 -860.741 178.254 0 -803.5061 141.566 0 -701.6231 145.064 145.529 -730.181 196.362 166.109 -883.9481 215.884 166.919 -854.2661 215.342 175.778 -876.595 211.379 162.037 -851.764 195.494 164.252 -876.2291 202.076 0 -696.6511 219.859 0 -504.224 417.496 437.241 -667.036 343.465 268.974 224.317 564.34 421.992 200.521 38.4915 219.082 1031.24 462.084 327.639 1034.03 473.563 175.518 1006.22 343.246 210.056 792.173 486.483 228.506 -887.522 256.624 316.308 -840.397 298.099 165.558 -871.7321 325.864 148.227 -904.8621 278.069 396.489 -784.041 288.303 396.559 -721.1461 362.562 307.842 -793.022 368.586 316.395 -160.563 419.216 0 -70.6928 613.887 0 -60.4428 599.346 0 -45.8064 627.785 0 1028.33 450.493 219.082 1031.24 462.084 389.779 1026.07 442.92 414.481 1007.55 363.785 0 216.685 632.504 0 47.7505 639.27 0 426.594 594.674 -148.227 -904.8621 278.069 -228.506 -886.8831 256.624 -181.45 -895.7241 223.183 -129.212 -910.4061 230.643 -233.841 -876.4851 154.451 -181.541 -888.463 193.996 -197.311 -886.7741 210.697 -255.446 -877.77 210.1 0 -897.806 106.325 0 -911.8031 174.057 -137.292 -899.6851 182.476 -160.139 -882.9151 114.89 -165.558 -871.7321 325.865 -385.96 -803.561 198.4 -396.489 -784.041 288.303 -433.365 -722.949 265.719 -422.682 -735.1151 181.935 -440.818 -589.304 378.223 -395.186 -609.5531 413.537 -399.288 -480.387 422.605 -445.657 -492.194 375.14 -449.03 -346.717 248.113 -452.099 -402.43 334.436 -397.656 -239.106 402.546 -435.765 -86.2039 275.022 -432.858 256.755 290.797 -448.528 434.768 270.092 -424.641 399.998 99.4274 -428.466 299.803 92.0573 -457.995 628.7711 386.253 -410.263 617.262 471.417 -412.374 778.1 468.703 -461.239 731.754 357.734 -450.614 805.45 263.365 -400.016 947.0451 453.276 -430.287 962.423 344.441 -377.641 992.0921 275.91 -396.616 819.4221 169.833 -322.465 899.63 177.583 -330.159 816.4851 135.52 -396.616 819.4221 169.833 -377.641 992.0921 275.91 -454.638 515.0551 361.198 -403.521 438.489 443.205 -427.442 228.871 69.7269 -354.642 -801.009 116.027 -380.764 -727.9511 100.367 -272.296 -726.418 51.0244 -232.011 -836.7741 70.4752 0 -734.2841 46.163 0 -868.791 63.0701 -324.073 -851.944 210.128 -296.185 -846.648 125.842 -316.599 -839.866 298.099 -175.778 -876.595 211.379 -166.109 -883.9481 215.884 -164.252 -876.2291 202.076 -121.611 -898.218 219.483 0 -895.483 184.754 -131.178 -884.9191 193.488 -329.026 -637.0241 418.299 -307.84 -792.879 368.293 -396.559 -721.1461 362.562 -331.988 -484.336 432.177 -332.324 -310.586 431.934 -387.91 20.2766 401.51 -388.106 236.753 414.392 -344.573 19.6878 430.651 -127.907 -53.0611 594.111 -128.932 -62.1874 609.712 -241.738 -43.6174 587.332 -231.599 -40.5514 579.65 -333.201 237.393 445.244 -299.232 433.872 481.254 -205.238 956.811 468.018 -219.082 1031.24 462.084 -389.779 1026.07 442.92 -326.619 946.6641 487.328 -327.639 1034.03 473.563 -370.514 1022.02 321.125 -414.481 1007.55 363.785 -246.851 999.7781 260.18 -241.122 1029.94 314.075 -414.481 1007.55 363.785 -175.518 1006.22 343.246 -370.514 1022.02 321.125 -285.681 939.5521 197.833 -327.831 788.223 502.316 -332.493 614.419 499.401 -233.669 624.341 510.432 -234.795 66.65901 610.3831 -129.933 54.0409 632.388 -129.693 221.128 625.3291 -230.034 228.277 604.965 -237.22 -18.119 599.8861 -129.177 -37.7554 622.7561 -268.951 29.5763 567.5661 -97.0097 427.568 590.0661 -238.353 440.567 555.3941 -117.351 -866.2731 225.689 0 -875.9071 223.854 0 -908.577 218.241 -121.611 -898.218 219.483 -158.868 -790.7971 204.149 0 -791.7971 231.253 0 -869.1591 166.274 -130.1 -860.741 178.254 -131.178 -884.9191 193.488 0 -895.483 184.754 0 -803.5061 141.566 0 -701.6231 145.064 -145.529 -730.181 196.362 -166.109 -883.9481 215.884 -175.778 -876.595 211.379 -166.919 -854.2661 215.342 -162.037 -851.764 195.494 -164.252 -876.2291 202.076 0 -696.6511 219.859 -437.241 -667.036 343.465 -431.398 -79.7355 97.9353 -268.974 224.317 564.34 -421.992 200.521 38.4915 -420.92 -81.9126 39.7899 -219.082 1031.24 462.084 -175.518 1006.22 343.246 -327.639 1034.03 473.563 -210.056 792.173 486.483 -228.506 -886.8831 256.624 -148.227 -904.8621 278.069 -165.558 -871.7321 325.865 -316.599 -839.866 298.099 -396.489 -784.041 288.303 -307.84 -792.879 368.293 -396.559 -721.1461 362.562 -316.395 -160.563 419.216 -219.082 1031.24 462.084 -389.779 1026.07 442.92 -414.481 1007.55 363.785 -435.765 -86.2039 275.022 -431.398 -79.7355 97.9353 -430.381 -321.899 93.6282 -449.03 -346.717 248.113 -420.92 -81.9126 39.7899 -420.037 -320.985 41.8023 427.635 -500.551 -4.62776 427.635 -568.018 -4.62777 253.849 -568.018 -4.62776 253.849 -500.551 -4.62776 427.635 -437.152 18.4474 253.849 -437.152 18.4474 427.635 -385.469 61.8146 253.849 -385.469 61.8146 427.635 -351.736 120.243 253.849 -351.736 120.243 427.635 -340.02 186.685 253.849 -340.02 186.685 427.635 -351.736 253.128 253.849 -351.736 253.128 427.635 -385.469 311.556 427.635 -351.736 253.128 253.849 -351.736 253.128 253.849 -385.469 311.556 427.635 -437.152 354.923 253.849 -437.152 354.923 427.635 -728.549 186.685 253.849 -728.549 186.685 253.849 -716.833 120.243 427.635 -716.833 120.243 253.849 -683.0991 61.8146 427.635 -683.1 61.8146 253.849 -631.4171 18.4474 427.635 -631.4171 18.4474 253.849 -568.018 -4.62776 427.635 -568.018 -4.62777 253.849 -500.551 377.998 427.635 -500.551 377.998 253.849 -568.018 377.998 427.635 -568.018 377.998 253.849 -631.4171 354.923 427.635 -631.4171 354.923 253.849 -683.0991 311.556 427.635 -683.1 311.556 427.635 -683.1 311.556 253.849 -683.0991 311.556 253.849 -716.833 253.128 427.635 -716.833 253.128 253.849 -716.833 120.243 253.849 -728.549 186.685 235.827 -673.622 211.254 235.827 -656.8161 115.942 253.849 -683.0991 61.8146 253.849 -631.4171 18.4474 235.827 -582.676 53.7305 253.849 -568.018 -4.62776 235.827 -485.893 53.7305 253.849 -500.551 -4.62776 253.849 -437.152 18.4474 253.849 -385.469 61.8146 235.827 -411.752 115.942 253.849 -351.736 120.243 253.849 -340.02 186.685 235.827 -394.946 211.254 253.849 -351.736 253.128 253.849 -385.469 311.556 235.827 -443.338 295.071 253.849 -437.152 354.923 253.849 -500.551 377.998 235.827 -534.284 328.173 253.849 -568.018 377.998 253.849 -631.4171 354.923 235.827 -625.231 295.071 253.849 -683.0991 311.556 253.849 -716.833 253.128 294.627 -534.284 186.685 427.635 -500.551 -4.62776 427.635 -437.152 18.4474 445.835 -477.146 29.6999 427.635 -385.469 61.8146 445.835 -389.606 103.155 427.635 -351.736 120.243 427.635 -340.02 186.685 445.835 -369.762 215.695 427.635 -351.736 253.128 427.635 -385.469 311.556 445.835 -426.9 314.661 427.635 -437.152 354.923 427.635 -500.551 377.998 445.835 -534.284 353.746 432.538 -444.025 110.781 432.538 -513.932 70.5217 432.538 -416.351 186.557 432.538 -443.86 262.393 432.538 -513.679 302.804 392.497 -459.292 123.62 392.497 -517.375 90.1708 392.497 -436.3 186.579 392.497 -459.155 249.587 392.497 -517.164 283.163 427.635 -568.018 377.998 445.835 -591.4221 29.6999 427.635 -568.018 -4.62777 427.635 -631.4171 18.4474 445.835 -678.963 103.155 427.635 -683.1 61.8146 427.635 -716.833 120.243 445.835 -698.807 215.695 427.635 -728.549 186.685 427.635 -716.833 253.128 445.835 -641.669 314.661 427.635 -683.1 311.556 427.635 -631.4171 354.923 392.497 -583.369 101.882 432.538 -593.362 84.6166 392.497 -626.3961 153.273 432.538 -645.1491 146.471 392.497 -626.3231 220.298 432.538 -645.061 227.141 392.497 -583.184 271.596 432.538 -593.14 288.882 368.397 -534.284 186.685 427.635 648.0891 -4.62776 427.635 580.622 -4.62776 253.849 580.622 -4.62776 253.849 648.09 -4.62776 427.635 711.488 18.4474 253.849 711.488 18.4474 427.635 763.171 61.8146 253.849 763.171 61.8146 427.635 796.905 120.243 253.849 796.905 120.243 427.635 808.62 186.685 253.849 808.62 186.685 427.635 796.905 253.128 253.849 796.905 253.128 427.635 763.171 311.556 427.635 796.905 253.128 253.849 796.905 253.128 253.849 763.171 311.556 427.635 711.488 354.923 253.849 711.488 354.923 427.635 420.092 186.685 253.849 420.092 186.685 253.849 431.807 120.243 427.635 431.807 120.243 253.849 465.541 61.8146 427.635 465.541 61.8146 253.849 517.224 18.4474 427.635 517.224 18.4474 253.849 580.622 -4.62776 427.635 580.622 -4.62776 253.849 648.09 377.998 427.635 648.09 377.998 253.849 580.622 377.998 427.635 580.622 377.998 253.849 517.224 354.923 427.635 517.224 354.923 253.849 465.541 311.556 427.635 465.541 311.556 427.635 465.541 311.556 253.849 465.541 311.556 253.849 431.807 253.128 427.635 431.807 253.128 253.849 431.807 120.243 253.849 420.092 186.685 235.827 475.018 211.254 235.827 491.824 115.942 253.849 465.541 61.8146 253.849 517.224 18.4474 235.827 565.965 53.7305 253.849 580.622 -4.62776 235.827 662.7481 53.7305 253.849 648.09 -4.62776 253.849 711.488 18.4474 253.849 763.171 61.8146 235.827 736.8881 115.942 253.849 796.905 120.243 253.849 808.62 186.685 235.827 753.694 211.254 253.849 796.905 253.128 253.849 763.171 311.556 235.827 705.3021 295.071 253.849 711.488 354.923 253.849 648.09 377.998 235.827 614.356 328.173 253.849 580.622 377.998 253.849 517.224 354.923 235.827 523.41 295.071 253.849 465.541 311.556 253.849 431.807 253.128 294.627 614.356 186.685 427.635 648.0891 -4.62776 427.635 711.488 18.4474 445.835 671.494 29.6999 427.635 763.171 61.8146 445.835 759.035 103.155 427.635 796.905 120.243 427.635 808.62 186.685 445.835 778.8781 215.695 427.635 796.905 253.128 427.635 763.171 311.556 445.835 721.74 314.661 427.635 711.488 354.923 427.635 648.09 377.998 445.835 614.356 353.746 432.538 704.6151 110.781 432.538 634.708 70.5217 432.538 732.2891 186.557 432.538 704.78 262.393 432.538 634.9611 302.804 392.497 689.348 123.62 392.497 631.2661 90.1708 392.497 712.341 186.579 392.497 689.4851 249.587 392.497 631.476 283.163 427.635 580.622 377.998 445.835 557.218 29.6999 427.635 580.622 -4.62776 427.635 517.224 18.4474 445.835 469.677 103.155 427.635 465.541 61.8146 427.635 431.807 120.243 445.835 449.834 215.695 427.635 420.092 186.685 427.635 431.807 253.128 445.835 506.972 314.661 427.635 465.541 311.556 427.635 517.224 354.923 392.497 565.2711 101.882 432.538 555.278 84.6166 392.497 522.244 153.273 432.538 503.491 146.471 392.497 522.317 220.298 432.538 503.579 227.141 392.497 565.4561 271.596 432.538 555.501 288.882 368.397 614.356 186.685 -427.635 -500.551 -4.62776 -253.849 -500.551 -4.62776 -253.849 -568.018 -4.62776 -427.635 -568.018 -4.62777 -427.635 -437.152 18.4474 -253.849 -437.152 18.4474 -427.635 -385.469 61.8146 -253.849 -385.469 61.8146 -427.635 -351.736 120.243 -253.849 -351.736 120.243 -427.635 -340.02 186.685 -253.849 -340.02 186.685 -427.635 -351.736 253.128 -253.849 -351.736 253.128 -427.635 -385.469 311.556 -253.849 -385.469 311.556 -253.849 -351.736 253.128 -427.635 -351.736 253.128 -427.635 -437.152 354.923 -253.849 -437.152 354.923 -427.635 -728.549 186.685 -427.635 -716.833 120.243 -253.849 -716.833 120.243 -253.849 -728.549 186.685 -427.635 -683.1 61.8146 -253.849 -683.0991 61.8146 -427.635 -631.4171 18.4474 -253.849 -631.4171 18.4474 -427.635 -568.018 -4.62777 -253.849 -568.018 -4.62776 -427.635 -500.551 377.998 -253.849 -500.551 377.998 -427.635 -568.018 377.998 -253.849 -568.018 377.998 -427.635 -631.4171 354.923 -253.849 -631.4171 354.923 -427.635 -683.1 311.556 -253.849 -683.0991 311.556 -427.635 -683.1 311.556 -427.635 -716.833 253.128 -253.849 -716.833 253.128 -253.849 -683.0991 311.556 -253.849 -716.833 120.243 -235.827 -656.8161 115.942 -235.827 -673.622 211.254 -253.849 -728.549 186.685 -253.849 -683.0991 61.8146 -253.849 -631.4171 18.4474 -235.827 -582.676 53.7305 -253.849 -568.018 -4.62776 -253.849 -500.551 -4.62776 -235.827 -485.893 53.7305 -253.849 -437.152 18.4474 -253.849 -385.469 61.8146 -235.827 -411.752 115.942 -253.849 -351.736 120.243 -253.849 -340.02 186.685 -235.827 -394.946 211.254 -253.849 -351.736 253.128 -253.849 -385.469 311.556 -235.827 -443.338 295.071 -253.849 -437.152 354.923 -253.849 -500.551 377.998 -235.827 -534.284 328.173 -253.849 -568.018 377.998 -253.849 -631.4171 354.923 -235.827 -625.231 295.071 -253.849 -683.0991 311.556 -253.849 -716.833 253.128 -294.627 -534.284 186.685 -427.635 -500.551 -4.62776 -445.835 -477.146 29.6999 -427.635 -437.152 18.4474 -445.835 -389.606 103.155 -427.635 -385.469 61.8146 -427.635 -351.736 120.243 -445.835 -369.762 215.695 -427.635 -340.02 186.685 -427.635 -351.736 253.128 -445.835 -426.9 314.661 -427.635 -385.469 311.556 -427.635 -437.152 354.923 -445.835 -534.284 353.746 -427.635 -500.551 377.998 -432.538 -513.932 70.5217 -432.538 -444.025 110.781 -432.538 -416.351 186.557 -432.538 -443.86 262.393 -432.538 -513.679 302.804 -392.497 -517.375 90.1708 -392.497 -459.292 123.62 -392.497 -436.3 186.579 -392.497 -459.155 249.587 -392.497 -517.164 283.163 -427.635 -568.018 377.998 -427.635 -568.018 -4.62777 -445.835 -591.4221 29.6999 -427.635 -631.4171 18.4474 -427.635 -683.1 61.8146 -445.835 -678.963 103.155 -427.635 -716.833 120.243 -427.635 -728.549 186.685 -445.835 -698.807 215.695 -427.635 -716.833 253.128 -427.635 -683.1 311.556 -445.835 -641.669 314.661 -427.635 -631.4171 354.923 -432.538 -593.362 84.6166 -392.497 -583.369 101.882 -432.538 -645.1491 146.471 -392.497 -626.3961 153.273 -432.538 -645.061 227.141 -392.497 -626.3231 220.298 -432.538 -593.14 288.882 -392.497 -583.184 271.596 -368.397 -534.284 186.685 -427.635 648.0891 -4.62776 -253.849 648.09 -4.62776 -253.849 580.622 -4.62776 -427.635 580.622 -4.62776 -427.635 711.488 18.4474 -253.849 711.488 18.4474 -427.635 763.171 61.8146 -253.849 763.171 61.8146 -427.635 796.905 120.243 -253.849 796.905 120.243 -427.635 808.62 186.685 -253.849 808.62 186.685 -427.635 796.905 253.128 -253.849 796.905 253.128 -427.635 763.171 311.556 -253.849 763.171 311.556 -253.849 796.905 253.128 -427.635 796.905 253.128 -427.635 711.488 354.923 -253.849 711.488 354.923 -427.635 420.092 186.685 -427.635 431.807 120.243 -253.849 431.807 120.243 -253.849 420.092 186.685 -427.635 465.541 61.8146 -253.849 465.541 61.8146 -427.635 517.224 18.4474 -253.849 517.224 18.4474 -427.635 580.622 -4.62776 -253.849 580.622 -4.62776 -427.635 648.09 377.998 -253.849 648.09 377.998 -427.635 580.622 377.998 -253.849 580.622 377.998 -427.635 517.224 354.923 -253.849 517.224 354.923 -427.635 465.541 311.556 -253.849 465.541 311.556 -427.635 465.541 311.556 -427.635 431.807 253.128 -253.849 431.807 253.128 -253.849 465.541 311.556 -253.849 431.807 120.243 -235.827 491.824 115.942 -235.827 475.018 211.254 -253.849 420.092 186.685 -253.849 465.541 61.8146 -253.849 517.224 18.4474 -235.827 565.965 53.7305 -253.849 580.622 -4.62776 -253.849 648.09 -4.62776 -235.827 662.7481 53.7305 -253.849 711.488 18.4474 -253.849 763.171 61.8146 -235.827 736.8881 115.942 -253.849 796.905 120.243 -253.849 808.62 186.685 -235.827 753.694 211.254 -253.849 796.905 253.128 -253.849 763.171 311.556 -235.827 705.3021 295.071 -253.849 711.488 354.923 -253.849 648.09 377.998 -235.827 614.356 328.173 -253.849 580.622 377.998 -253.849 517.224 354.923 -235.827 523.41 295.071 -253.849 465.541 311.556 -253.849 431.807 253.128 -294.627 614.356 186.685 -427.635 648.0891 -4.62776 -445.835 671.494 29.6999 -427.635 711.488 18.4474 -445.835 759.035 103.155 -427.635 763.171 61.8146 -427.635 796.905 120.243 -445.835 778.8781 215.695 -427.635 808.62 186.685 -427.635 796.905 253.128 -445.835 721.74 314.661 -427.635 763.171 311.556 -427.635 711.488 354.923 -445.835 614.356 353.746 -427.635 648.09 377.998 -432.538 634.708 70.5217 -432.538 704.6151 110.781 -432.538 732.2891 186.557 -432.538 704.78 262.393 -432.538 634.9611 302.804 -392.497 631.2661 90.1708 -392.497 689.348 123.62 -392.497 712.341 186.579 -392.497 689.4851 249.587 -392.497 631.476 283.163 -427.635 580.622 377.998 -427.635 580.622 -4.62776 -445.835 557.218 29.6999 -427.635 517.224 18.4474 -427.635 465.541 61.8146 -445.835 469.677 103.155 -427.635 431.807 120.243 -427.635 420.092 186.685 -445.835 449.834 215.695 -427.635 431.807 253.128 -427.635 465.541 311.556 -445.835 506.972 314.661 -427.635 517.224 354.923 -432.538 555.278 84.6166 -392.497 565.2711 101.882 -432.538 503.491 146.471 -392.497 522.244 153.273 -432.538 503.579 227.141 -392.497 522.317 220.298 -432.538 555.501 288.882 -392.497 565.4561 271.596 -368.397 614.356 186.685 422.453 -517.7221 398.43 268.867 -391.457 334.314 425.746 -372.316 360.582 374.682 -738.798 103.907 253.7 -736.5921 161.21 416.228 -744.0061 187.969 256.641 -358.156 77.7675 256.66 -327.516 161.21 240.281 -735.023 52.1518 421 -318.757 53.9461 443.642 -321.829 239.053 253.701 -658.929 320.798 419.134 -694.341 337.821 425.343 -733.8991 261.332 262.242 -528.3081 367.529 413.149 -619.559 388.836 445.32 605.338 401.917 245.757 736.499 294.907 449.612 755.757 358.159 219.824 412.614 163.192 436.748 411.02 260.553 421.782 383.922 106.48 217.943 406.168 97.7782 225.81 839.0451 175.02 225.947 793.106 210.96 445.068 809.684 274.847 251.246 487.41 277.914 239.981 618.362 312.742 441.526 506.499 374.065 379.412 826.5761 170.176 421 -318.757 53.9461 256.641 -358.156 77.7675 238.074 167.546 69.9695 421.402 154.697 56.6648 0 -754.4951 50.5507 0 259.908 82.343 217.943 406.168 97.7782 0.006763994 839.476 174.012 225.81 839.0451 175.02 421.782 383.922 106.48 421.17 247.143 97.3173 0 885.348 226.492 0 926.21 273.238 240.281 -735.023 52.1518 328.377 913.5651 260.956 329.06 844.48 181.924 0 926.212 273.241 0 839.476 174.012 -422.453 -517.7221 398.43 -425.746 -372.316 360.582 -268.867 -391.457 334.314 -374.682 -738.798 103.907 -416.228 -744.0061 187.969 -253.7 -736.5921 161.21 -256.641 -358.156 77.7675 -240.281 -735.023 52.1518 -256.66 -327.516 161.21 -443.642 -321.829 239.053 -421 -318.757 53.9461 -253.701 -658.929 320.798 -425.343 -733.8991 261.332 -419.134 -694.341 337.821 -262.242 -528.3081 367.529 -413.149 -619.559 388.836 -445.32 605.338 401.917 -449.612 755.757 358.159 -245.757 736.499 294.907 -219.824 412.614 163.192 -217.943 406.168 97.7782 -421.782 383.922 106.48 -436.748 411.02 260.553 -225.81 839.0451 175.02 -225.947 793.106 210.96 -445.068 809.684 274.847 -251.246 487.41 277.914 -239.981 618.362 312.742 -441.526 506.499 374.065 -379.412 826.5761 170.176 -421 -318.757 53.9461 -421.402 154.697 56.6648 -238.074 167.546 69.9695 -256.641 -358.156 77.7675 -217.943 406.168 97.7782 -0.006763994 839.476 174.012 -225.81 839.0451 175.02 -421.17 247.143 97.3173 -421.782 383.922 106.48 -240.281 -735.023 52.1518 -329.06 844.48 181.924 -328.377 913.5651 260.956 366.757 -529.577 204.005 398.091 -532.81 191.939 398.091 -528.974 188.104 366.757 -516.908 191.337 366.757 -546.883 199.368 398.091 -538.05 190.535 366.757 -551.52 182.062 398.091 -539.4541 185.295 366.757 -538.851 169.394 398.091 -535.6181 181.459 366.757 -521.5451 174.031 398.091 -530.3781 182.864 366.757 619.215 204.005 398.091 615.9821 191.939 398.091 619.8181 188.104 366.757 631.8831 191.337 366.757 601.9091 199.368 398.091 610.742 190.535 366.757 597.272 182.062 398.091 609.338 185.295 366.757 609.9411 169.394 398.091 613.174 181.459 366.757 627.246 174.031 398.091 618.414 182.864 -366.757 -529.577 204.005 -366.757 -516.908 191.337 -398.091 -528.974 188.104 -398.091 -532.81 191.939 -366.757 -546.883 199.368 -398.091 -538.05 190.535 -366.757 -551.52 182.062 -398.091 -539.4541 185.295 -366.757 -538.851 169.394 -398.091 -535.6181 181.459 -366.757 -521.5451 174.031 -398.091 -530.3781 182.864 -366.757 619.215 204.005 -366.757 631.8831 191.337 -398.091 619.8181 188.104 -398.091 615.9821 191.939 -366.757 601.9091 199.368 -398.091 610.742 190.535 -366.757 597.272 182.062 -398.091 609.338 185.295 -366.757 609.9411 169.394 -398.091 613.174 181.459 -366.757 627.246 174.031 -398.091 618.414 182.864 416.19 249.549 34.9515 312.415 201.617 36.6061 314.993 238.268 25.2272 420.763 296.381 23.2703 431.49 249.549 68.4454 312.415 201.617 73.4289 445.471 296.381 77.486 314.993 238.268 84.8078 443.749 327.264 64.2333 316.773 260.92 71.1842 435.292 327.264 39.7292 316.773 260.92 44.8399 420.763 296.381 23.2703 314.993 238.268 25.2272 420.763 296.381 23.2703 445.471 296.381 77.486 431.49 249.549 68.4454 416.19 249.549 34.9515 416.19 330.48 48.0841 312.415 282.548 49.7387 314.993 319.199 38.3598 420.763 377.312 36.4029 431.49 330.479 81.57801 312.415 282.548 86.5615 445.471 377.311 90.6186 314.993 319.199 97.9404 443.749 408.194 77.3659 316.773 341.85 84.3168 435.292 408.194 52.8618 316.773 341.85 57.9725 420.763 377.312 36.4029 314.993 319.199 38.3598 420.763 377.312 36.4029 445.471 377.311 90.6186 431.49 330.479 81.57801 416.19 330.48 48.0841 435.292 327.264 39.7292 443.749 327.264 64.2333 435.292 408.194 52.8618 443.749 408.194 77.3659 -416.19 249.549 34.9515 -420.763 296.381 23.2703 -314.993 238.268 25.2272 -312.415 201.617 36.6061 -431.49 249.549 68.4454 -312.415 201.617 73.4289 -445.471 296.381 77.486 -314.993 238.268 84.8078 -443.749 327.264 64.2333 -316.773 260.92 71.1842 -435.292 327.264 39.7292 -316.773 260.92 44.8399 -420.763 296.381 23.2703 -314.993 238.268 25.2272 -420.763 296.381 23.2703 -416.19 249.549 34.9515 -431.49 249.549 68.4454 -445.471 296.381 77.486 -416.19 330.48 48.0841 -420.763 377.312 36.4029 -314.993 319.199 38.3598 -312.415 282.548 49.7387 -431.49 330.479 81.57801 -312.415 282.548 86.5615 -445.471 377.311 90.6186 -314.993 319.199 97.9404 -443.749 408.194 77.3659 -316.773 341.85 84.3168 -435.292 408.194 52.8618 -316.773 341.85 57.9725 -420.763 377.312 36.4029 -314.993 319.199 38.3598 -420.763 377.312 36.4029 -416.19 330.48 48.0841 -431.49 330.479 81.57801 -445.471 377.311 90.6186 -435.292 327.264 39.7292 -443.749 327.264 64.2333 -435.292 408.194 52.8618 -443.749 408.194 77.3659 84.5182 -140.247 526.0111 118.727 -136.117 524.7091 111.487 -95.4242 564.6151 80.1348 -98.7541 565.721 138.992 -91.6309 563.268 90.4449 -56.6541 605.122 186.097 -124.091 519.246 226.055 -114.185 514.337 207.505 -78.9775 554.984 172.408 -85.9599 560.452 21.9927 -101.77 566.8831 21.2861 -144.809 527.419 48.6936 -142.96 526.613 47.1884 -100.655 566.324 0 -59.5384 606.979 259.064 -105.199 509.125 237.986 -72.5258 548.9511 259.58 -67.9167 544.4461 237.116 -37.0027 583.767 148.376 -131.637 523.0371 163.26 -47.3497 602.1461 0 -102.175 567.059 282.045 -98.8308 505.126 0 -145.08 527.351 -84.5182 -140.247 526.0111 -80.1348 -98.7541 565.721 -111.487 -95.4242 564.6151 -118.727 -136.117 524.7091 -138.992 -91.6309 563.268 -90.4449 -56.6541 605.122 -186.097 -124.091 519.246 -172.408 -85.9599 560.452 -207.505 -78.9775 554.984 -226.055 -114.185 514.337 -21.9927 -101.77 566.8831 -47.1884 -100.655 566.324 -48.6936 -142.96 526.613 -21.2861 -144.809 527.419 -237.986 -72.5258 548.9511 -259.064 -105.199 509.125 -259.58 -67.9167 544.4461 -237.116 -37.0027 583.767 -148.376 -131.637 523.0371 -163.26 -47.3497 602.1461 -282.045 -98.8308 505.126</float_array>
          <technique_common>
            <accessor source="#lightning_mcqueen_lod1-mesh-positions-array" count="1673" stride="3">
              <param name="X" type="float"/>
              <param name="Y" type="float"/>
              <param name="Z" type="float"/>
            </accessor>
          </technique_common>
        </source>
        <source id="lightning_mcqueen_lod1-mesh-normals">
          <float_array id="lightning_mcqueen_lod1-mesh-normals-array" count="5022">2.02884e-5 -0.8970369 0.4419556 0 -0.8970315 0.4419667 4.26737e-6 -0.8970175 0.4419951 2.85641e-5 -0.8970469 0.4419355 -7.00861e-6 -0.8970243 0.4419813 0 -0.8970367 0.4419562 -2.6392e-5 0.8970503 -0.4419288 -1.66494e-5 0.8970384 -0.441953 0 0.8970249 -0.4419801 1.4767e-5 0.8970239 -0.4419821 0 0.8970202 -0.4419894 9.21234e-4 -0.4259141 -0.9047632 0 -0.4259036 -0.9047687 0 -0.4259038 -0.9047685 9.21229e-4 -0.4259142 -0.9047631 0.9742848 0.0959829 0.2038544 0.7716672 0.2709388 0.575432 0.7759546 0.2687054 0.5706942 0.9745857 0.09542626 0.2026738 0.1425459 0.4216423 0.8954879 0.1414439 0.4217125 0.8956295 -0.1308355 0.4223179 0.8969558 -0.131039 0.4223017 0.8969337 -2.79285e-5 0.4256892 0.9048695 -2.75522e-5 0.4259065 0.9047672 -2.30918e-6 0.8970222 -0.4419856 0 -0.8970086 0.4420132 0 0.897018 -0.4419942 0.9862905 0.07028257 0.1493034 0.9862905 0.07028144 0.1493038 -2.02884e-5 -0.8970369 0.4419556 -4.26737e-6 -0.8970175 0.4419951 -2.85641e-5 -0.8970469 0.4419355 7.00861e-6 -0.8970243 0.4419813 2.6392e-5 0.8970503 -0.4419288 1.66494e-5 0.8970384 -0.441953 -1.4767e-5 0.8970239 -0.4419821 -9.21247e-4 -0.4259141 -0.9047632 -9.21243e-4 -0.4259142 -0.9047631 -0.9742845 0.09598469 0.2038543 -0.9745855 0.0954281 0.2026738 -0.7759549 0.2687054 0.570694 -0.7716674 0.2709388 0.5754318 -0.1425448 0.4216424 0.8954879 -0.1414427 0.4217126 0.8956297 0.1308354 0.4223181 0.8969557 0.1310389 0.4223018 0.8969337 2.88673e-5 0.4259065 0.9047672 2.69562e-5 0.4256759 0.9048757 2.30918e-6 0.8970222 -0.4419856 0 0.897018 -0.4419942 -0.9862906 0.07028239 0.1493033 -0.9862905 0.07028108 0.1493037 0.6911795 0.1238856 0.7119855 0.9999999 1.35467e-4 -4.76223e-4 0.597027 0.7903995 0.1372132 0.6026324 0.5848243 0.5429685 0.6505328 -0.3361855 0.6810187 0.4445104 -0.60185 0.6634659 0.6774848 -0.03000211 0.7349247 -0.6906283 0.1236651 0.7125585 -0.6025139 0.584599 0.5433425 -0.5971179 0.7902883 0.1374574 -0.9999999 -1.35308e-4 4.7685e-4 -0.4441879 -0.6017977 0.6637293 -0.6498904 -0.3363267 0.6815621 -0.6767821 -0.03022998 0.7355626 0.5971152 0.7903599 0.137058 -0.5971987 0.7902189 0.1375058 0.4444257 -0.6018517 0.6635213 -0.4441154 -0.6018819 0.6637016 -0.6911796 0.1238855 0.7119855 -0.6026322 0.5848245 0.5429685 -0.5970273 0.7904146 0.1371248 -0.9999999 1.35581e-4 -4.76223e-4 -0.6505336 -0.3361853 0.681018 -0.6774862 -0.03000223 0.7349234 -0.4445105 -0.6018205 0.6634926 0.6906282 0.1236649 0.7125586 0.9999999 -1.35461e-4 4.76849e-4 0.597118 0.790273 0.1375457 0.6025146 0.5845988 0.543342 0.444188 -0.6018272 0.6637026 0.6767805 -0.03023022 0.735564 0.6498898 -0.3363269 0.6815625 0.5971991 0.7902188 0.1375054 -0.5971152 0.7903452 0.1371421 -0.4444249 -0.6018519 0.6635215 0.444117 -0.6018337 0.6637443 0.22667 -0.6457698 0.7291105 0.1765939 -0.6651281 0.7255476 0.177037 -0.6650052 0.7255523 0.2260078 -0.6499804 0.725566 0.1067235 -0.6843243 0.7213255 0.05559539 -0.710251 0.7017498 0.04721069 -0.7108187 0.7017892 0.1072333 -0.679523 0.7257751 0.3444631 -0.6898611 0.6367393 0.2847859 -0.6739156 0.6817147 0.321202 -0.6584711 0.6806211 0.3882915 -0.6992536 0.6002285 0.2731192 -0.6184812 0.7368087 0.2777064 -0.609054 0.7429215 -0.1774035 -0.665128 0.7253501 -0.1768605 -0.6648241 0.7257612 -0.22667 -0.6457698 0.7291104 -0.2260078 -0.6499804 0.7255659 -0.1063973 -0.6841905 0.7215005 -0.106997 -0.679781 0.7255684 -0.04121291 -0.7075292 0.7054814 -0.04945498 -0.714856 0.6975206 -0.3444631 -0.6898609 0.6367396 -0.3882914 -0.6992534 0.6002287 -0.3212016 -0.6584711 0.6806213 -0.2847856 -0.6739156 0.6817148 -0.2777066 -0.6090539 0.7429215 -0.2731196 -0.6184812 0.7368085 0.1732411 -0.5798751 0.7960732 0.06671112 -0.5975012 0.7990882 0.151615 -0.7343178 0.6616572 0.3358659 -0.6460476 0.6854317 0.2711532 -0.5971096 0.7549411 0.3166764 -0.7826142 0.5359395 0.3542371 -0.7130202 0.6050771 0.1302312 -0.8574874 0.4977502 0.2352077 -0.836144 0.4955205 -0.03748029 -0.793298 0.6076788 0.03038746 -0.842573 0.5377243 -0.0180217 -0.6506687 0.7591479 -0.05753368 -0.7226587 0.6888065 0.04425948 -0.6856884 0.7265483 -0.01925593 -0.6202558 0.7841632 -0.1516147 -0.7343149 0.6616606 -0.1194814 -0.5844048 0.8026177 -0.2247037 -0.5836699 0.7802805 -0.3083063 -0.6187261 0.7225823 -0.3522084 -0.6777493 0.6454495 -0.3416166 -0.7486433 0.5681826 -0.2809937 -0.8125399 0.5107068 -0.1836692 -0.8511186 0.4917954 -0.07811188 -0.854987 0.5127337 0.008306682 -0.8213885 0.5703086 0.05511587 -0.7597815 0.6478382 0.1835694 -0.6688953 0.7203343 0.1364276 -0.6742867 0.7257583 0.09072208 -0.6861018 0.7218267 0.272386 -0.6611546 0.699057 0.1817388 -0.6736639 0.7163435 0.164824 -0.6954559 0.6994099 0.3072995 -0.6666308 0.6790953 0 -0.6885715 0.7251686 0 -0.6882079 0.7255136 -0.1835694 -0.6688953 0.7203343 -0.09072214 -0.6861018 0.7218267 -0.1364275 -0.6742867 0.7257583 -0.2723859 -0.6611546 0.6990569 -0.1817389 -0.6736639 0.7163435 -0.1648242 -0.6954559 0.6994099 -0.3072993 -0.6666308 0.6790954 7.57277e-5 -0.948655 0.3163129 1.08962e-4 -0.9372782 0.3485824 -0.995537 0.02432209 0.09118491 -0.9989214 0.01800704 0.04279923 0.9989204 0.0180152 0.04282063 0.9955462 0.02424222 0.09110516 -1.01656e-4 -0.937268 0.3486098 -7.78437e-5 -0.9486497 0.3163287 2.34171e-6 0.9738252 -0.2272983 9.23909e-7 0.9860243 -0.1666023 0.003999352 0.5105551 -0.8598359 -0.6030797 0.5998061 -0.5258589 -0.6070966 0.7805185 0.1490797 -0.003920197 0.8714576 0.4904552 -0.005661189 0.520979 0.8535509 0.8280005 0.3985852 0.3943922 0.6026933 0.7825265 0.1562471 0.8331376 0.151102 -0.5320245 0.6068661 0.6021009 -0.5188334 0.005855917 0.02601897 -0.9996443 -0.8276485 0.148266 -0.5413087 -0.8337182 0.3955877 0.3852589 1.12891e-4 -0.9738106 0.227361 -0.9989214 -0.01802146 -0.0427941 0.9989202 -0.01802968 -0.04281854 -8.34167e-5 -0.9738302 0.2272769 2.92701e-5 0.9486355 -0.3163711 -0.9955366 -0.02432304 -0.09118765 7.83801e-5 -0.9860118 0.1666761 -7.92542e-5 -0.9860066 0.1667067 0.9955462 -0.02424144 -0.09110605 5.84755e-5 0.9372323 -0.3487057 -0.00267142 0.8841326 0.4672285 0.5873209 0.7970412 0.14064 0.5895045 0.6214858 -0.5159845 0.002395033 0.5323947 -0.846493 0.8188853 0.1988408 -0.5384138 0.003399431 0.07596141 -0.997105 0.815213 0.4430078 0.3730574 -0.003636837 0.564257 0.8255912 -0.8187151 0.4414445 0.3671953 -0.5898388 0.7958967 0.136524 -0.815461 0.1973019 -0.5441465 -0.5872057 0.6202465 -0.5200807 1.10637e-4 -0.937247 0.3486662 -0.9955473 0.02423441 0.09109485 -0.998923 0.0173608 0.04303008 1.00315e-4 -0.9491181 0.3149202 0.998923 0.01736593 0.04302972 0.9955469 0.0242362 0.09109836 -1.04696e-4 -0.9372705 0.3486031 -1.01298e-4 -0.9491209 0.314912 1.17775e-6 0.9741576 -0.2258694 2.77169e-6 0.9860236 -0.1666061 0.004033803 0.5105484 -0.8598396 -0.6031789 0.5996658 -0.5259051 -0.6073095 0.7803375 0.1491596 -0.003905296 0.871463 0.4904458 -0.005666077 0.5209682 0.8535573 0.8279926 0.3985845 0.3944094 0.6026994 0.7825244 0.1562342 0.8331352 0.1511173 -0.532024 0.6068512 0.60212 -0.5188286 0.005835771 0.02603119 -0.9996442 -0.8276612 0.1483039 -0.541279 -0.8337136 0.3955813 0.3852754 9.13143e-5 -0.9741513 0.2258971 -0.9989228 -0.01737064 -0.04303103 0.9989231 -0.01737093 -0.04302501 -8.55327e-5 -0.9741638 0.2258431 2.96198e-5 0.9491082 -0.3149505 -0.9955477 -0.0244041 -0.09104585 1.04934e-4 -0.9860047 0.1667177 -7.54839e-5 -0.9860008 0.1667411 0.9955465 -0.02429676 -0.09108763 5.84378e-5 0.9372311 -0.3487089 0.002429604 0.5324065 -0.8464853 -0.002549052 0.8842802 0.4669499 0.587564 0.796878 0.1405496 0.5899525 0.6210004 -0.5160568 0.8188838 0.1988666 -0.5384064 0.003359436 0.07594096 -0.9971067 0.8152011 0.4430372 0.3730487 -0.003675758 0.5642884 0.8255696 -0.8189379 0.441529 0.3665962 -0.5898301 0.7958992 0.1365465 -0.8155027 0.1972547 -0.5441013 -0.5875238 0.6198371 -0.5202094 7.21537e-5 -0.9372482 0.348663 -0.9955475 0.02423155 0.09109431 -0.9987368 0.03558886 0.03547137 1.14322e-4 -0.9343768 0.3562864 0.9987372 0.03557562 0.03547298 0.9955473 0.0242359 0.09109455 -1.13398e-4 -0.9372716 0.3486002 -1.07318e-4 -0.9343759 0.3562889 2.03457e-5 0.9639649 -0.2660297 -4.61944e-7 0.9860236 -0.1666064 0.004060626 0.5105474 -0.8598402 -0.6031938 0.5996441 -0.5259128 -0.6070753 0.7805334 0.1490883 -0.003904402 0.87146 0.4904512 -0.005649685 0.5209769 0.8535522 0.8279941 0.3985847 0.394406 0.6029333 0.7823748 0.1560808 0.8331342 0.1511175 -0.5320254 0.6068479 0.6021104 -0.5188437 0.00583589 0.02603292 -0.9996441 -0.8276404 0.1482582 -0.5413233 -0.8337159 0.3955898 0.3852618 8.11815e-5 -0.9639609 0.2660443 -0.9987368 -0.03558927 -0.03547251 0.9987376 -0.03556865 -0.03546977 -8.99434e-5 -0.9639772 0.2659851 2.79266e-5 0.9343606 -0.3563292 -0.9955484 -0.02439683 -0.09104019 1.01417e-4 -0.9860047 0.1667175 -9.38433e-5 -0.9860024 0.1667317 0.9955465 -0.02429091 -0.09108859 5.37645e-5 0.9372371 -0.3486927 0.002563416 0.5322004 -0.8466147 -0.002405881 0.884386 0.4667502 0.5876057 0.7968454 0.1405599 0.589959 0.6209923 -0.5160592 0.8188528 0.1988766 -0.5384498 0.00337255 0.07592755 -0.9971077 0.8152019 0.4430382 0.3730458 -0.003550887 0.5640825 0.8257109 -0.8188035 0.4412878 0.3671867 -0.5900298 0.7957662 0.1364586 -0.815481 0.1972497 -0.5441354 -0.5874253 0.6198901 -0.5202575 -1.06454e-4 -0.9491299 0.3148849 0.9989243 0.01735538 0.04300254 0.9955372 0.02431905 0.0911833 -8.07643e-5 -0.9372681 0.3486097 -0.9989218 0.01737457 0.04305255 1.0258e-4 -0.9491181 0.3149204 1.07938e-4 -0.9372466 0.3486676 -0.9955565 0.02426153 0.09098708 -6.56006e-5 0.986007 -0.1667045 -2.3562e-5 0.9741631 -0.2258455 -0.004029035 0.5105471 -0.8598405 -0.606848 0.6021183 -0.5188345 -0.6026985 0.782525 0.1562343 0.003908157 0.8714622 0.4904471 -0.8279926 0.3985841 0.3944099 0.005669414 0.5209694 0.8535566 -0.8331341 0.1511162 -0.5320257 -0.005833804 0.02603119 -0.9996442 0.8276618 0.1483035 -0.5412784 0.6031109 0.5997627 -0.5258726 0.8337147 0.3955811 0.3852732 0.6071318 0.7804932 0.1490693 -9.08077e-5 -0.9741547 0.2258819 0.9989228 -0.01737052 -0.04303014 -0.998923 -0.01737082 -0.04302591 8.40723e-5 -0.9741446 0.2259254 -2.94018e-5 0.9491084 -0.3149499 -1.03644e-4 -0.9859995 0.1667485 0.9955478 -0.02440303 -0.09104526 -0.9955855 -0.02462369 -0.09057247 7.44462e-5 -0.9860059 0.1667106 -5.76675e-5 0.9372314 -0.3487082 -0.5874661 0.7969425 0.1405925 0.002452135 0.8843554 0.466808 -0.002431869 0.5324085 -0.8464841 -0.5901584 0.6207699 -0.5160987 -0.003357291 0.07594048 -0.9971067 -0.8188827 0.1988667 -0.5384082 -0.8152 0.4430365 0.3730519 0.003675818 0.564287 0.8255705 0.8187286 0.4414349 0.3671765 0.5895977 0.7960329 0.1367704 0.815503 0.1972542 -0.544101 0.5875294 0.6198287 -0.5202132 -8.14199e-5 -0.9343852 0.3562644 0.998738 0.03558355 0.03544437 0.9955371 0.0243197 0.09118354 -8.49962e-5 -0.9372685 0.3486084 -0.9987361 0.03558319 0.035497 1.10328e-4 -0.934377 0.3562861 6.62208e-5 -0.9372475 0.348665 -0.9955521 0.02476739 0.09089821 -6.23919e-5 0.9860069 -0.166705 -4.51511e-5 0.963972 -0.266004 -0.004055142 0.5105472 -0.8598402 -0.6071178 0.6017186 -0.5189825 -0.6026973 0.7825261 0.1562337 0.003907024 0.8714624 0.4904471 -0.8279938 0.3985848 0.3944066 0.005650758 0.5209754 0.8535531 -0.8331341 0.1511169 -0.5320255 -0.00583446 0.02603274 -0.9996442 0.8276413 0.1482584 -0.5413221 0.6031233 0.5997446 -0.5258791 0.8337158 0.3955887 0.385263 0.6068393 0.7807317 0.1490104 -8.12113e-5 -0.9639673 0.2660207 0.9987368 -0.03558886 -0.03547263 -0.9987376 -0.03556847 -0.03546988 9.08971e-5 -0.9639518 0.266077 -2.79799e-5 0.9343605 -0.3563291 -1.0139e-4 -0.9859996 0.1667482 0.9955484 -0.02439528 -0.09104007 -0.9955465 -0.02428919 -0.09108912 9.43243e-5 -0.9860075 0.1667007 -5.39183e-5 0.9372376 -0.3486917 -0.5876055 0.7968453 0.1405609 0.002478241 0.8844267 0.4666727 -0.002432703 0.532714 -0.846292 -0.5899592 0.6209918 -0.5160594 -0.003371119 0.07592713 -0.9971077 -0.8188521 0.1988766 -0.5384511 -0.815202 0.4430385 0.373045 0.003549754 0.5640835 0.8257102 0.8188037 0.4412882 0.3671855 0.5902814 0.795596 0.1363641 0.8154794 0.1972495 -0.544138 0.5876032 0.6197421 -0.5202328 -0.1738499 -0.3772265 -0.9096573 -0.2739284 -0.06834387 -0.9593188 0.3533953 -0.7619214 0.5427592 0.3583859 -0.7168961 0.5980132 -0.007817447 0.7720872 0.6354686 -0.1704421 0.9495759 0.2631641 -0.2739595 -0.06835728 -0.9593089 -0.1738637 -0.3771525 -0.9096854 0.3584115 -0.7169753 0.5979027 0.3533894 -0.762035 0.5426037 -0.1704941 0.9495838 0.263102 -0.007873654 0.7720881 0.6354668 -0.2440503 0.1602252 -0.9564347 0.3387615 0.7706859 0.5397074 0.3259986 0.8446303 0.4246464 -0.3032525 -0.09926933 -0.9477255 0.02491486 -0.726629 0.6865782 -0.244077 0.1601729 -0.9564367 -0.30333 -0.09934115 -0.9476932 -0.1222726 -0.9257715 0.3577663 0.3386646 0.7707489 0.5396781 0.02494853 -0.7266228 0.6865836 -0.122218 -0.9257732 0.3577804 0.326088 0.8446166 0.4246051 0.083588 -0.7566835 -0.6484159 0.09522438 0.7591207 -0.6439473 0.09508991 0.8653129 -0.4921296 0.0508691 -0.8747468 -0.481903 -0.06238394 0.6273435 0.7762399 -0.06227874 0.5222269 0.8505296 0.09510481 0.8653054 -0.4921399 0.09515357 0.7590665 -0.6440218 -0.07262474 -0.6231892 0.7786918 -0.087641 -0.5333042 0.8413714 -0.06232285 0.5222648 0.850503 -0.06239169 0.6274908 0.7761203 -0.1738501 -0.3772261 -0.9096575 -0.2739295 -0.06833809 -0.9593188 0.3533959 -0.7619236 0.542756 0.3583859 -0.7168961 0.598013 -0.007816553 0.7720856 0.6354705 -0.1704422 0.9495763 0.2631621 -0.2739586 -0.06835895 -0.959309 -0.1738649 -0.3771499 -0.9096862 0.358411 -0.7169755 0.5979027 0.3533892 -0.7620348 0.542604 -0.170494 0.9495837 0.2631022 -0.00787431 0.7720883 0.6354665 -0.2446959 0.1593927 -0.9564089 0.3376194 0.7708182 0.5402337 0.3248764 0.8446792 0.4254086 -0.3034917 -0.09796059 -0.9477851 0.02552109 -0.7268735 0.6862971 -0.244827 0.1593203 -0.9563874 -0.303524 -0.09803742 -0.9477669 -0.1248588 -0.9274707 0.3524321 0.3375213 0.7708709 0.5402199 0.02556639 -0.7268763 0.6862925 -0.1247941 -0.9274877 0.3524104 0.3248233 0.8446878 0.425432 0.08314794 -0.8524194 -0.516205 0.07933658 0.8518251 -0.5177837 0.1006472 0.9574471 -0.2704911 0.02125751 -0.9638214 -0.2657001 -0.1053223 -0.001835763 0.9944365 -0.1045376 -0.02075493 0.9943044 0.08318734 -0.8524721 -0.5161116 0.02116203 -0.9638563 -0.2655811 -0.1045431 -0.02057868 0.9943075 -0.1053216 -0.001780569 0.9944366 0.7071053 0.7071083 0 1 0 0 0.2940985 3.26582e-5 -0.9557752 0.5773395 0.5773395 -0.5773719 0 0 -1 0 0.7070938 -0.7071198 0.2939153 1.40407e-5 -0.9558316 0 1 0 0.173882 -0.3772346 -0.9096478 -0.3583552 -0.7169038 0.5980222 -0.3534238 -0.7619141 0.5427508 0.2738909 -0.06833422 -0.9593301 0.007857918 0.772077 0.6354806 0.173904 -0.3771626 -0.9096736 0.2739259 -0.0683487 -0.9593191 0.1705137 0.9495571 0.2631853 -0.358317 -0.7169992 0.5979307 0.007861375 0.7720913 0.6354631 0.170509 0.9495797 0.2631064 -0.3533794 -0.7620374 0.5426066 0.2440159 0.160217 -0.9564449 0.3032916 -0.09925991 -0.947714 -0.3260662 0.8446143 0.4246267 -0.338671 0.7707073 0.5397337 -0.02493953 -0.7266351 0.6865708 0.1222945 -0.9257661 0.3577725 0.3033529 -0.09933567 -0.9476864 0.2440531 0.1601672 -0.9564438 -0.3387711 0.7707238 0.5396471 -0.3259826 0.8446418 0.4246358 0.1222088 -0.9257755 0.3577778 -0.0249412 -0.726621 0.6865857 -0.08358794 -0.7566834 -0.648416 -0.0508691 -0.8747468 -0.481903 -0.09498095 0.8653167 -0.4921439 -0.09521263 0.7591209 -0.6439489 0.06244057 0.6273435 0.7762354 -0.0951817 0.7590661 -0.644018 -0.09507524 0.8653065 -0.4921439 0.06230366 0.5222272 0.8505274 0.07262474 -0.6231892 0.7786918 0.06238192 0.6274908 0.776121 0.06233131 0.5222649 0.8505023 0.087641 -0.5333042 0.8413714 0.173882 -0.3772342 -0.909648 -0.3583555 -0.7169038 0.5980221 -0.3534243 -0.7619163 0.5427476 0.2738924 -0.06832861 -0.9593302 0.007856965 0.7720754 0.6354825 0.1739051 -0.3771603 -0.9096742 0.2739249 -0.06835043 -0.9593192 0.1705138 0.9495576 0.2631833 -0.3583168 -0.7169993 0.5979306 0.007861971 0.7720915 0.6354629 0.170509 0.9495797 0.2631067 -0.3533793 -0.7620373 0.5426069 0.2447667 0.1594094 -0.956388 0.3035308 -0.09795117 -0.9477735 -0.3248431 0.8446872 0.425418 -0.3375289 0.7708393 0.5402601 -0.02554547 -0.7268794 0.68629 0.1248812 -0.9274652 0.3524386 0.3035477 -0.09803169 -0.9477598 0.2448027 0.1593146 -0.9563945 -0.3376284 0.7708458 0.5401887 -0.324829 0.8446865 0.4254304 0.1247842 -0.9274902 0.3524075 -0.02555942 -0.7268746 0.6862945 -0.08313429 -0.8524197 -0.5162068 -0.02127224 -0.9638216 -0.2656981 -0.1006472 0.9574471 -0.2704911 -0.07933658 0.8518251 -0.5177836 0.105286 -0.001835882 0.9944403 0.1045654 -0.0207538 0.9943015 -0.08314836 -0.8524729 -0.5161167 0.1052403 -0.00178045 0.9944452 0.1045206 -0.02057963 0.9943099 -0.0212028 -0.9638568 -0.2655757 -0.7071053 0.7071083 0 -0.5773395 0.5773395 -0.5773719 -0.2940985 4.26769e-5 -0.9557752 -1 0 0 -0.2939153 1.41072e-5 -0.9558316 0.9760708 -0.166922 0.1393658 0.651487 -0.1047234 0.7513972 0.657343 -0.3894733 0.6451441 0.8590489 -0.5061442 0.07650709 0.08524394 -0.01395112 0.9962625 0.0703746 -0.04066628 0.9966914 0.2900713 -0.7228411 0.6271838 0.374402 -0.9271256 0.01616072 0.03864949 -0.08213615 0.9958714 0 -0.76067 0.6491388 0 -0.9994772 -0.03233289 0 -0.08910429 0.9960224 -0.9760708 -0.166922 0.1393658 -0.8590488 -0.5061442 0.07650703 -0.6573427 -0.3894732 0.6451444 -0.6514867 -0.1047235 0.7513974 -0.07037413 -0.04066628 0.9966914 -0.08524322 -0.01395112 0.9962626 -0.3744021 -0.9271256 0.01616054 -0.2900711 -0.7228409 0.627184 -0.0386492 -0.08213591 0.9958716 0.7568863 -0.03127038 -0.6527981 0.9983225 -0.04025816 -0.04161149 0.8765441 -0.4799361 -0.03649193 0.6974536 -0.3920828 -0.5998581 0.3148699 -0.9483135 -0.03947973 0.242466 -0.7323506 -0.6362962 0.09288865 -0.05270177 -0.9942808 0.03117454 -0.08815127 -0.9956192 0 -0.7346004 -0.6785001 0 -0.9991246 -0.04183328 0 -0.0935406 -0.9956156 0.13291 -0.00664252 -0.9911059 -0.756886 -0.03127044 -0.6527986 -0.6974533 -0.3920828 -0.5998584 -0.8765441 -0.4799362 -0.0364927 -0.9983226 -0.04025816 -0.04161155 -0.2424662 -0.7323514 -0.6362953 -0.3148698 -0.9483135 -0.03947836 -0.09288817 -0.05270171 -0.9942808 -0.0311743 -0.08815121 -0.9956192 -0.1329087 -0.00664252 -0.9911061 0.5245936 -0.8132633 -0.2518021 0.8550996 -0.4473971 -0.2619937 0.3439603 -0.2863399 0.89426 0.2596957 -0.5454128 0.7969211 0.9164382 0.2700563 -0.2953148 0.7271636 0.4495665 -0.5187708 0.3603261 0.123791 0.9245761 0.3494138 0.06031394 0.9350253 0.962926 -0.1199759 -0.2416179 0.3359985 -0.101221 0.9364077 -1.80639e-5 -0.1466175 0.9891933 9.94578e-5 -0.5700324 0.8216224 -6.77407e-5 -0.06358075 0.9979768 -1.04643e-5 -0.080769 0.9967329 1.40399e-4 -0.9649335 -0.2624947 8.65236e-5 -0.1182442 0.9929846 -0.007566094 -0.1343934 -0.9908992 -0.006797134 0.03073328 -0.9995046 -0.004102706 0.1137259 -0.9935037 -0.01261401 0.1068621 -0.9941939 -0.5245938 -0.8132633 -0.251802 -0.2596958 -0.5454128 0.796921 -0.3439603 -0.2863399 0.8942599 -0.8575652 -0.4339141 -0.2762258 -0.9130043 0.2779495 -0.2986091 -0.349414 0.06031394 0.9350252 -0.3603261 0.123791 0.9245761 -0.7247951 0.4221511 -0.5444819 -0.3359985 -0.101221 0.9364077 -0.9603519 -0.1299815 -0.2466358 -9.92864e-5 -0.5700303 0.8216237 1.80062e-5 -0.1466173 0.9891934 6.77034e-5 -0.0635814 0.9979767 1.05314e-5 -0.080769 0.9967329 -7.53999e-5 -0.9649265 -0.2625202 -8.65247e-5 -0.1182597 0.9929827 -0.007704257 -0.1343889 -0.9908988 -0.006977558 0.03071182 -0.999504 -0.004229307 0.1137381 -0.9935019 -0.01271766 0.1068395 -0.9941951 -0.005954444 -0.7264984 0.6871423 -0.005393743 -0.7265412 0.6871017 0.2982035 -0.6088324 0.7351176 0.3031542 -0.5918105 0.7468989 -0.3031541 -0.5918104 0.7468991 -0.2982031 -0.6088324 0.7351177 -0.007785201 -0.03285485 0.9994299 -0.003538072 0.09520608 0.9954513 0 0.05004441 0.9987471 -0.1044527 0.2362075 0.9660723 -0.05281609 0.14802 0.987573 0.1570373 -0.121403 0.9801023 -0.1642914 0.2594788 0.9516718 0.1946868 0.02352249 0.9805834 -0.006596446 0.1561986 0.9877036 0 0.1362587 0.9906733 -0.006026864 -0.09977436 0.9949919 0.06700825 -0.03075629 0.9972783 0.003538191 0.09520602 0.9954513 0.04954761 0.1435773 0.9883981 0.09105682 0.2210749 0.9709967 0.1655807 0.2458342 0.9550647 -0.1550452 -0.1209811 0.9804716 -0.1894338 0.01846039 0.98172 0.006491124 0.155384 0.9878329 -0.06000179 -0.02532333 0.9978771 0.1632251 -0.937079 0.3086106 0.1318288 -0.9168167 -0.3769196 0.1173381 -0.8964151 -0.4274012 0.2798252 -0.9470166 0.1576626 0.2504237 -0.9464247 -0.2038829 0.283421 -0.9552786 -0.08435302 0.07631868 -0.9816433 -0.1747909 -7.20551e-4 -0.9773144 0.2117924 9.16496e-5 -0.9211425 -0.3892257 0.1661 -0.9066497 -0.3878108 0.09680253 -0.9387797 0.330639 1.52364e-5 -0.9351384 0.3542829 0.107081 -0.6843473 0.7212505 1.78566e-6 -0.5507546 0.8346673 0 -0.9103221 0.4139006 0.7449128 -0.6528915 -0.1372501 0.8286852 -0.5034391 -0.2446015 0.8751674 -0.4655565 0.1316787 0.7261458 -0.6315171 0.2718427 0.6663002 -0.1755897 0.7247153 0.7248028 0.1171697 0.6789199 0.4686902 0.03935718 0.8824855 0.415391 -0.2210255 0.882382 0.9898669 0.1206124 0.07494109 0.9883273 0.0175873 0.1513277 0.7240576 0.05076706 0.6878686 0.8933548 0.1645051 0.4181571 0.9909068 0.01737582 -0.1334234 0.9951682 4.88205e-4 -0.09818392 0.9806263 -0.005270183 -0.1958174 0.9840382 -0.002959311 -0.1779326 0.9980878 -0.01474809 -0.06002759 0.987769 0.04860574 -0.1481554 0.9857841 -0.115145 0.122357 0.9870343 -0.04752606 0.153312 0.8908966 -0.03551679 0.4528155 0.952496 0.1119436 0.2832314 0.7064553 0.08250546 0.7029323 0.6425979 -0.07327336 0.762692 0.9429601 0.3155823 -0.1059908 0.7476114 0.1404034 0.6491256 0.9392805 0.2518274 -0.2330991 0.5170442 0.6535001 -0.5528137 0.6206017 0.4344499 -0.6527687 0.3859877 0.5438797 -0.7451232 0.5168783 0.6535773 -0.5528776 0.6204677 0.434476 -0.6528786 0.3959627 0.4422563 -0.8047502 0.7044748 -0.1722719 0.6885039 0.9070917 -0.2236442 0.3566063 0.9980947 0.001633942 -0.06167995 0.6250286 -0.5433087 -0.5604952 0.2281233 -0.5482882 -0.8045744 0.2550252 -0.2636492 -0.9302964 0.6432769 -0.406665 -0.6487053 1.2666e-7 -0.5399551 -0.8416938 2.53114e-5 -0.1408331 -0.9900333 0.4997397 -0.8653731 -0.03727734 0.4227439 -0.8186445 -0.3887273 0 -0.95855 -0.2849245 0.4429516 -0.8159368 0.3715392 -0.1513793 -0.2928159 -0.9441097 -0.6988231 -0.6078797 -0.3769995 -0.3761497 -0.2729398 0.8854464 0.01469165 -0.2916711 -0.9564059 -3.29618e-5 -0.01607769 0.9998708 -0.1730126 -0.1216004 0.9773843 -2.80105e-5 -0.3637385 -0.9315012 -1.64141e-4 -0.2597633 0.9656724 0.2627162 -0.554634 0.7895324 0.09113031 -0.2343826 0.9678636 0.5906767 -0.4528973 0.6678212 0.06704509 -0.0307613 0.9972757 0.1948339 0.02350258 0.9805546 0.1571395 -0.1215148 0.9800721 0.7589541 -0.07284933 0.6470562 0.7875375 -0.005317449 0.616244 0.7207716 -0.0235812 0.6927715 0.1383666 -0.9466044 0.2911959 0.03657037 -0.8609216 -0.5074217 -0.1942215 -0.9709288 -0.1399117 0.3821145 -0.6665627 0.6400647 0.7016448 -0.01199632 0.712426 0.5809012 -0.01074141 0.8139033 -0.08943355 0.1111358 0.989773 -0.06460762 0.8097884 0.5831542 3.93484e-5 0.8014875 0.5980118 0 0.1156892 0.9932855 0.565655 0.7352275 0.3734634 0.1377776 0.7757502 0.6158158 0.1454979 0.1287167 0.9809497 0.3000435 0.9448834 -0.1310315 0.7013593 0.7062386 -0.09655153 -0.002931952 0.9940208 0.1091526 0.03738158 0.9929659 0.1123458 0.05946737 0.8046424 -0.5907742 -0.001981317 0.7893958 -0.6138815 0.3000363 0.944898 -0.1309434 0.005821466 0.9691606 0.2463613 0.7013395 0.7062535 -0.09658616 0 0.9641917 0.2652064 0.002972722 0.6824752 -0.7309029 0.1412795 0.6926665 -0.7072859 0.1460484 0.07408654 0.9864994 0.2311072 -0.07786339 0.9698076 0.1323916 0.1231601 0.9835162 0 0.1913405 0.9815238 0 0.297094 0.9548484 0.5113926 -0.0208109 0.8590953 0.469146 0.1120604 0.8759821 0.1239213 0.1125943 0.9858835 0.1336955 -0.03423273 0.9904311 0.5209294 -0.2003818 0.8297468 0.1487727 -0.2929709 0.944476 0.8225516 -0.05077403 0.5664195 0.5216585 0.1991592 0.8295831 0.1179248 0.2329241 0.9653187 -0.1038973 0.01592499 -0.9944606 0.01467025 -0.2916095 -0.956425 1.36777e-4 -0.363705 -0.9315142 1.13659e-5 0.1307538 -0.9914149 -7.25985e-5 -0.07092899 -0.9974814 -0.9107092 -0.4000072 -0.1029707 -7.3798e-5 0.4648768 0.8853753 1.2368e-5 -0.01619839 0.9998689 -0.1729593 -0.1216738 0.9773846 -0.3439886 0.2176026 0.9134117 -8.4132e-5 0.08468604 0.9964077 -6.83963e-5 -0.6658553 0.7460809 -0.8520405 -0.5233938 -0.009270668 -0.151477 -0.2926589 -0.9441428 -0.7509561 -0.2386788 -0.6157088 -0.6988611 -0.6078657 -0.3769518 -0.723306 -0.03022557 0.6898659 -0.3761326 -0.2729101 0.8854628 -6.20186e-5 -0.7748121 -0.6321918 -0.006022334 -0.09979265 0.9949901 0.7523602 -0.3626309 0.5499573 0.8044174 0.06356233 0.5906544 0.9854502 -0.00310266 -0.1699365 -0.064664 0.8096749 0.5833055 0.1378468 0.7756359 0.6159443 0.005839467 0.9691786 0.2462901 -0.0741918 0.1182287 0.990211 0.2798139 -0.9469876 0.1578571 0.4428857 -0.8158878 0.3717249 0.1071791 -0.6844365 0.7211514 0.1632636 -0.9370524 0.3086714 0.726063 -0.6315428 0.2720041 0.5906589 -0.4529833 0.6677786 0.2628222 -0.5547143 0.7894407 -0.5584158 -0.77831 0.2870635 -0.003589332 -0.972958 0.2309545 -0.00538516 -0.8193833 -0.5732207 0 -0.3147578 0.949172 -4.48786e-5 0.8013989 0.5981304 -0.06462907 0.8096899 0.5832883 0.5657429 0.7350933 0.3735944 0.7013882 0.7062146 -0.09651696 0 0.1078763 0.9941644 0 -0.03997153 0.9992008 0 0.2238472 0.9746243 -0.1655917 -0.9366815 0.3085568 -0.2817876 -0.9458246 0.1612813 -0.1211593 -0.8971942 -0.4246919 -0.1318289 -0.9168171 -0.3769185 -0.2504237 -0.9464247 -0.2038829 7.20528e-4 -0.9773147 0.2117916 -0.07816004 -0.9822144 -0.1707218 -0.2834971 -0.9558071 -0.07785999 -9.16794e-5 -0.9211469 -0.3892153 -1.52215e-5 -0.9351379 0.3542841 -0.09680265 -0.9387798 0.3306387 -0.1661 -0.9066497 -0.3878107 -0.1090894 -0.6845812 0.7207276 -0.7449128 -0.6528916 -0.1372501 -0.7254287 -0.6320728 0.2724651 -0.8751675 -0.4655563 0.1316787 -0.8286853 -0.5034392 -0.2446014 -0.6663002 -0.1755896 0.7247154 -0.415391 -0.2210254 0.882382 -0.4686899 0.03935724 0.8824856 -0.7248027 0.1171699 0.67892 -0.9898591 0.120633 0.07501196 -0.8933547 0.1645051 0.4181572 -0.7240577 0.05076706 0.6878687 -0.9883229 0.01759034 0.1513555 -0.988575 -0.03963357 0.1454257 -0.9851089 -0.1361767 0.1049594 -0.9977911 -0.02499312 -0.06155085 -0.9996935 0.01640921 -0.01853817 -0.8908966 -0.03551685 0.4528155 -0.642598 -0.07327336 0.7626919 -0.7308074 0.1017634 0.6749555 -0.9189313 0.2611429 0.2955837 -0.9529575 0.2799507 -0.1161885 -0.7598838 0.1259625 0.6377383 -0.9571122 0.2743319 -0.09315735 -0.5098546 0.6573067 -0.5549742 -0.6193531 0.4366816 -0.6524653 -0.3938449 0.5289742 -0.7517132 -0.3956434 0.4434745 -0.8042367 -0.6191812 0.4367534 -0.6525803 -0.5097368 0.6573612 -0.5550177 -0.9070917 -0.2236441 0.3566063 -0.7044749 -0.1722719 0.6885039 -0.9980947 0.001672387 -0.0616787 -0.6250286 -0.5433089 -0.5604951 -0.6432769 -0.4066652 -0.6487052 -0.2550253 -0.2636492 -0.9302963 -0.2281233 -0.5482882 -0.8045743 -2.53133e-5 -0.140832 -0.9900335 -1.49012e-7 -0.5399568 -0.8416929 -0.4987146 -0.8660467 -0.03530985 -0.4227439 -0.8186445 -0.3887273 -0.442094 -0.8160576 0.3722941 0.6988498 -0.6078883 -0.3769363 0.151373 -0.2928143 -0.9441113 0.3761618 -0.2729419 0.8854406 -0.01470971 -0.2916699 -0.956406 5.60619e-5 -0.01607763 0.9998708 0.1730346 -0.121606 0.9773797 -0.09095448 -0.2349575 0.9677409 -0.2623292 -0.5553315 0.7891707 -0.5897953 -0.4535542 0.6681544 -0.06009548 -0.02535653 0.9978706 -0.1895893 0.01843017 0.9816906 -0.1551344 -0.1210712 0.9804463 -0.7875376 -0.005317449 0.6162438 -0.7589542 -0.07284927 0.6470561 -0.7207718 -0.02358126 0.6927713 -0.03562808 -0.8628167 -0.5042598 -0.1366181 -0.9480277 0.2873655 -0.3802099 -0.669064 0.6385873 0.1954594 -0.9720593 -0.1299865 -0.7016448 -0.01199632 0.7124259 -0.5809011 -0.01074141 0.8139033 0.08943343 0.1111358 0.989773 0.06460696 0.8097884 0.5831541 -0.5656517 0.7352283 0.373467 -0.1454978 0.1287167 0.9809498 -0.1378536 0.7757465 0.6158035 -0.2958468 0.9455323 -0.1358067 -0.7013554 0.7062375 -0.09658831 -0.05961132 0.8067623 -0.5878615 -0.0381025 0.9952011 0.0901274 -0.701354 0.7062431 -0.09655719 -0.005824923 0.9691606 0.2463615 -0.2958654 0.9455411 -0.1357042 -0.1539542 0.6933072 -0.7040052 -0.1460484 0.07408654 0.9864994 -0.2311074 -0.07786339 0.9698075 -0.1323916 0.1231601 0.9835162 -0.5113926 -0.0208109 0.8590953 -0.1336955 -0.03423273 0.9904311 -0.1239213 0.1125943 0.9858835 -0.4691461 0.1120604 0.8759821 -0.5209295 -0.2003818 0.8297469 -0.1487728 -0.2929709 0.944476 -0.8225516 -0.05077403 0.5664195 -0.1179248 0.2329241 0.9653187 -0.5216585 0.1991592 0.8295831 0.1038974 0.01592504 -0.9944606 -1.13626e-5 0.1307541 -0.9914149 -7.93114e-6 -0.3637049 -0.9315142 -0.01468944 -0.2916061 -0.9564257 0.9107093 -0.4000071 -0.1029708 7.26506e-5 -0.07091724 -0.9974822 7.38204e-5 0.4648762 0.8853758 0.3439885 0.2176025 0.9134119 0.1730211 -0.1216885 0.9773718 3.47942e-6 -0.01620107 0.9998688 8.41618e-5 0.08467853 0.9964084 6.84261e-5 -0.6658024 0.7461282 0.8520406 -0.5233937 -0.009270787 0.1514961 -0.2926649 -0.9441378 0.6988504 -0.6078625 -0.3769766 0.7509561 -0.2386789 -0.6157088 0.7233059 -0.03022569 0.689866 0.3761177 -0.2729067 0.8854703 6.20335e-5 -0.7748112 -0.6321927 -0.7523601 -0.3626309 0.5499574 -0.9951355 4.37134e-4 -0.09851586 -0.8044174 0.06356239 0.5906544 -0.9854257 -0.003001987 -0.1700803 -0.9839412 -0.003080964 -0.1784661 0.0645948 0.8096762 0.5833111 -0.005787432 0.969179 0.24629 -0.1378595 0.7756353 0.6159422 0.07419168 0.1182287 0.990211 -0.2817656 -0.9458035 0.1614435 -0.165673 -0.9366428 0.3086304 -0.1092216 -0.6846855 0.7206085 -0.4420248 -0.8160187 0.3724616 -0.7253475 -0.6320969 0.2726254 -0.2624302 -0.5554293 0.7890684 -0.5897708 -0.4536617 0.6681029 0.5569538 -0.7770643 0.2932124 0.06459653 0.8096904 0.5832915 -0.5657659 0.7350876 0.373571 -0.7013883 0.7062144 -0.09651774 -0.9883384 0.01757073 0.1512565 -0.9951375 4.68235e-4 -0.09849482 -0.9909071 0.01735979 -0.1334238 -0.9898746 0.120608 0.07484763 -0.9839318 -0.003020107 -0.1785193 -0.9806263 -0.005270123 -0.1958174 0.4783279 0.13414 -0.8678762 0.478342 -0.1341088 -0.8678731 -0.5595491 -0.1370894 -0.8173807 -0.5595257 0.1370701 -0.8174 0.4783284 0.4551076 -0.751052 -0.5595261 0.4204142 -0.7142706 0.478327 0.6605907 -0.578639 -0.5595269 0.6304251 -0.5380464 0.478327 0.8314008 -0.2828006 -0.5595245 0.7811818 -0.2769253 0.4783292 0.8779837 -0.0186032 -0.5595272 0.828783 -0.006952047 0.4783571 0.8186473 0.3177912 -0.5595552 0.7764138 0.2899652 0.4783287 0.6845326 0.5501062 0.4783419 0.818656 0.3177911 -0.5595491 0.7764189 0.289963 -0.5595267 0.6393541 0.5274054 0.4783248 0.4228774 0.7696624 -0.5595334 0.4083702 0.7212186 0.4783254 -0.8779855 -0.01860678 -0.5595342 -0.8287782 -0.00694853 -0.5595256 -0.7811756 -0.27694 0.4783253 -0.8314012 -0.2828019 -0.559527 -0.6304263 -0.5380449 0.4783244 -0.6605926 -0.5786391 -0.5595282 -0.4204063 -0.7142735 0.4783284 -0.4551076 -0.751052 -0.5595551 -0.1370917 -0.8173764 0.478357 -0.1341103 -0.8678647 -0.5595251 0.1507961 0.81498 0.4783278 0.1707853 0.8614145 -0.5595255 -0.1507604 0.8149862 0.4783264 -0.1708157 0.8614093 -0.559527 -0.408379 0.7212185 0.4783267 -0.4228641 0.7696684 -0.5595556 -0.6393232 0.5274121 0.478329 -0.6845897 0.5500349 0.4783419 -0.6845476 0.5500761 -0.5595533 -0.6393207 0.5274175 -0.5595272 -0.7764236 0.2899927 0.4783485 -0.8186612 0.3177682 -0.5594081 -0.7812537 -0.2769572 -0.5594123 -0.8288607 -0.006929874 -0.9995539 -0.0294122 0.005184412 -0.9995539 -0.02586507 -0.01493471 -0.55941 -0.630493 -0.5380884 -0.5594079 -0.4204562 -0.7143385 -0.999554 -0.01021385 -0.02806347 -0.5594078 -0.1371063 -0.8174748 -0.9995539 0.01021617 -0.02806931 -0.5594094 0.1370809 -0.8174778 -0.5594102 0.4204307 -0.7143517 -0.5594477 0.6304574 -0.538091 -0.9995539 0.02586835 -0.01493263 -0.5594464 0.7812226 -0.2769677 -0.5594452 0.8288382 -0.006955087 -0.9995539 0.02941524 0.005187988 -0.5594482 0.7764814 0.2899904 -0.559448 0.6393963 0.5274378 -0.9995539 0.01919668 0.02288085 -0.5594093 0.4084285 0.7212818 -0.559446 0.1507734 0.8150385 -0.9995539 -1.02943e-6 0.02987021 -0.5594481 -0.1507486 0.8150417 -0.5594468 -0.4083971 0.7212705 -0.9995539 -0.01920092 0.02288043 -0.5594483 -0.6393797 0.5274575 -0.5594082 -0.776497 0.2900257 -1 -3.94357e-7 9.12655e-7 0.4783087 0.1341416 -0.8678864 0.47835 0.4551165 -0.7510328 0.9752449 0.07432341 -0.2082628 0.478334 0.6606179 -0.5786023 0.9752454 0.1908031 -0.1117621 0.4783464 0.8313961 -0.2827814 0.4783331 0.8779814 -0.01860284 0.9752451 0.2180045 0.03703027 0.4783487 0.8186536 0.3177875 0.4783343 0.6845303 0.5501043 0.9752453 0.1431972 0.1684969 0.4783503 0.422852 0.7696605 0.4783264 0.1707799 0.8614163 0.9752438 0.001389503 0.2211285 0.8187245 -0.4353074 0.3744298 0.8187275 -0.09278631 0.5666359 0.8187285 -0.5741381 0.00701642 0.8187262 -0.4443279 -0.363676 0.8187248 -0.1066096 -0.5642024 0.7376124 -0.5167768 0.4345915 0.7376148 -0.1165205 0.6650921 0.7376197 -0.6752161 7.30516e-4 0.7376134 -0.5177251 -0.4334596 0.7376109 -0.1179783 -0.6648393 0.4783282 -0.1708019 0.861411 0.9752458 -0.07693189 -0.2073092 0.4783339 -0.1341171 -0.8678764 0.4783142 -0.4551055 -0.7510623 0.9752451 -0.1921927 -0.1093572 0.4783354 -0.6606019 -0.5786194 0.478348 -0.8313881 -0.2828022 0.9752448 -0.2175232 0.03976583 0.4783324 -0.8779814 -0.01862585 0.4783496 -0.8186615 0.3177656 0.9752452 -0.1410693 0.1702829 0.4783338 -0.6845446 0.5500868 0.4783088 -0.4228845 0.7696684 0.7376176 0.3382477 0.5843876 0.8187283 0.2931465 0.4937098 0.7376165 0.6347504 0.2302477 0.8187274 0.5419156 0.1897711 0.737616 0.6342478 -0.2316299 0.818727 0.5371155 -0.2029612 0.7376134 0.3369729 -0.5851289 0.8187264 0.2809953 -0.5007283 1 -5.3077e-7 1.13484e-6 0.4783287 0.1341395 -0.8678757 0.4783421 -0.134109 -0.8678731 -0.5595491 -0.1370894 -0.8173807 -0.559526 0.137072 -0.8173995 0.478329 0.4551078 -0.7510514 -0.5595259 0.4204061 -0.7142756 0.4783278 0.6606167 -0.5786088 -0.5595256 0.630416 -0.5380585 0.4783295 0.8313979 -0.282805 -0.5595269 0.7811805 -0.2769235 0.4783267 0.877985 -0.01860201 -0.5595244 0.8287848 -0.00695306 0.4783325 0.8186401 0.3178465 -0.559571 0.776376 0.2900359 0.4783277 0.6845295 0.5501109 0.4783421 0.8186523 0.317801 -0.5595492 0.7764151 0.2899734 -0.5595255 0.639351 0.5274103 0.4783244 0.4228795 0.7696616 -0.5595329 0.4083719 0.7212179 0.4783233 -0.8779869 -0.01860672 -0.5595315 -0.8287801 -0.006948471 -0.559527 -0.7811766 -0.2769345 0.4783292 -0.8314002 -0.2827989 -0.5595256 -0.630416 -0.5380584 0.4783278 -0.6606167 -0.5786088 -0.5595259 -0.4204064 -0.7142754 0.478328 -0.4551095 -0.7510511 -0.5595551 -0.1370961 -0.8173756 0.4783325 -0.1340495 -0.8678876 -0.559526 0.1507549 0.8149869 0.4783282 0.1707875 0.8614139 -0.5595259 -0.1507735 0.8149836 0.4783282 -0.1707798 0.8614155 -0.5595257 -0.4083778 0.7212202 0.478328 -0.422875 0.7696618 -0.5595552 -0.6393203 0.5274161 0.4783325 -0.6845879 0.5500341 0.4783421 -0.6845415 0.5500836 -0.5595491 -0.6393236 0.5274184 -0.5595268 -0.7764256 0.2899881 0.4783509 -0.8186601 0.3177671 -0.5594472 -0.7812306 -0.2769432 -0.5594085 -0.8288633 -0.006929755 -0.9995539 -0.02941423 0.005184352 -0.9995539 -0.02586525 -0.01493495 -0.5594102 -0.6304903 -0.5380915 -0.5594083 -0.4204545 -0.7143391 -0.9995541 -0.01021361 -0.0280624 -0.5594482 -0.1371033 -0.8174475 -0.9995537 0.01021701 -0.02807056 -0.5594088 0.1370827 -0.8174779 -0.5594081 0.420433 -0.714352 -0.5594478 0.6304544 -0.5380942 -0.999554 0.02586674 -0.01493221 -0.5594096 0.7812463 -0.276975 -0.5594476 0.8288366 -0.006955683 -0.999554 0.02941405 0.005186975 -0.5594109 0.7765055 0.2899979 -0.5594085 0.6394134 0.5274587 -0.999554 0.01919692 0.02288085 -0.5594092 0.4084303 0.7212808 -0.5594465 0.1507752 0.8150379 -0.9995539 -1.45835e-6 0.02987015 -0.5594483 -0.1507507 0.815041 -0.5594474 -0.4083954 0.721271 -0.9995539 -0.01919895 0.02287894 -0.5594102 -0.6393964 0.5274775 -0.5594081 -0.7764987 0.2900213 -1 1.6056e-7 6.6759e-7 0.478352 0.1341354 -0.8678635 0.4783499 0.4551166 -0.7510328 0.9752449 0.07432329 -0.2082629 0.4783297 0.6606152 -0.5786091 0.975244 0.1908074 -0.1117665 0.4783474 0.8313967 -0.2827782 0.4783343 0.8779808 -0.01860243 0.975246 0.2180007 0.03702771 0.4783157 0.8186715 0.3177913 0.4783369 0.6845267 0.5501064 0.9752454 0.143197 0.1684965 0.4783499 0.4228543 0.7696594 0.4783291 0.1707815 0.8614146 0.9752438 0.001388847 0.2211285 0.8187252 -0.4353068 0.3744292 0.8187263 -0.09278506 0.5666376 0.8187256 -0.5741423 0.007016599 0.8187247 -0.4443284 -0.3636787 0.8187249 -0.1066092 -0.5642022 0.7376126 -0.516777 0.4345909 0.7376139 -0.116526 0.6650921 0.737613 -0.6752234 7.33242e-4 0.7376136 -0.517722 -0.4334632 0.7376109 -0.1179776 -0.6648395 0.4783282 -0.170804 0.8614106 0.9752454 -0.07693362 -0.2073104 0.4783334 -0.1341189 -0.8678764 0.4783514 -0.4550984 -0.751043 0.9752442 -0.1921957 -0.1093605 0.4783289 -0.6606006 -0.5786263 0.478349 -0.8313884 -0.2827997 0.9752463 -0.217517 0.03976351 0.4783344 -0.8779804 -0.01862502 0.478317 -0.818679 0.3177698 0.9752454 -0.1410697 0.1702823 0.4783361 -0.6845412 0.550089 0.4783509 -0.4228737 0.7696481 0.7376179 0.3382471 0.5843876 0.8187284 0.2931466 0.4937093 0.7376164 0.6347505 0.2302476 0.8187267 0.5419169 0.1897702 0.7376162 0.6342476 -0.2316299 0.8187257 0.5371169 -0.2029624 0.7376108 0.336975 -0.5851309 0.8187234 0.2809948 -0.5007336 1 2.03462e-7 1.04637e-6 -0.4783279 0.1341401 -0.8678762 0.5595259 0.1370701 -0.8174 0.5595688 -0.137009 -0.8173807 -0.4783421 -0.1341089 -0.8678732 -0.4783284 0.4551076 -0.751052 0.5595257 0.4204421 -0.7142545 -0.478327 0.6605908 -0.578639 0.5595266 0.6304114 -0.5380628 -0.478327 0.8314008 -0.2828006 0.5595241 0.7811927 -0.276895 -0.4783292 0.8779837 -0.0186032 0.5595272 0.828783 -0.006951987 -0.4783571 0.8186473 0.3177911 0.5595335 0.7763998 0.2900445 -0.4783287 0.6845325 0.5501063 0.5595266 0.639354 0.5274054 0.5595689 0.7763786 0.2900326 -0.4783419 0.8186562 0.3177911 -0.4783247 0.4228774 0.7696624 0.5595334 0.4083701 0.7212186 -0.4783253 -0.8779856 -0.01860684 -0.4783253 -0.8314011 -0.2828022 0.5595257 -0.7811756 -0.2769401 0.5595343 -0.8287781 -0.00694859 -0.4783245 -0.6605923 -0.5786395 0.5595268 -0.6304121 -0.5380617 -0.4783284 -0.4551076 -0.751052 0.5595282 -0.420406 -0.7142737 -0.478357 -0.1341104 -0.8678647 0.5595335 -0.1370161 -0.8174037 -0.4783278 0.1707853 0.8614145 0.5595255 0.1507643 0.8149856 -0.4783275 -0.1707885 0.8614141 0.5595255 -0.1507605 0.8149862 -0.4783275 -0.4228803 0.7696592 0.5595271 -0.408379 0.7212184 -0.4783535 -0.6845371 0.5500792 0.5595339 -0.6393849 0.5273603 -0.4783418 -0.6845476 0.5500763 -0.4783485 -0.8186612 0.3177682 0.5595272 -0.7764238 0.2899923 0.5595729 -0.6393611 0.5273477 0.5594084 -0.7812452 -0.2769809 0.9995539 -0.02586501 -0.01493471 0.9995539 -0.0294122 0.005184412 0.5594118 -0.8288608 -0.006955146 0.5594097 -0.630477 -0.5381075 0.5594082 -0.4204344 -0.714351 0.999554 -0.01021385 -0.02806347 0.5594074 -0.1370813 -0.8174791 0.5594097 0.1371058 -0.8174735 0.9995539 0.01021617 -0.02806931 0.5594099 0.4204527 -0.714339 0.5594481 0.6304736 -0.5380716 0.9995539 0.02586835 -0.01493263 0.5594461 0.7812312 -0.2769441 0.5594454 0.8288382 -0.006929874 0.9995539 0.02941524 0.005187988 0.559448 0.7764728 0.2900141 0.5594481 0.6393802 0.5274569 0.999554 0.01919674 0.02288085 0.5594089 0.4084067 0.7212945 0.5594463 0.1507488 0.8150428 0.9995539 -9.81487e-7 0.02987021 0.5594475 -0.1507732 0.8150374 0.5594471 -0.4084187 0.7212581 0.9995539 -0.01920086 0.02288049 0.5594479 -0.6393958 0.5274382 0.5594085 -0.7765056 0.2900021 1 -4.05624e-7 9.09838e-7 -0.4783079 0.134119 -0.8678904 -0.9752449 0.07432347 -0.2082628 -0.4783506 0.4550969 -0.7510443 -0.9752454 0.1908029 -0.1117621 -0.4783331 0.6606033 -0.5786197 -0.4783478 0.831388 -0.2828028 -0.9752451 0.2180044 0.03703027 -0.4783326 0.8779813 -0.01862567 -0.4783496 0.8186615 0.317766 -0.9752453 0.1431971 0.1684969 -0.4783334 0.6845449 0.5500869 -0.4783511 0.4228714 0.7696493 -0.9752437 0.001389622 0.2211285 -0.4783256 0.1708024 0.8614123 -0.8187276 -0.09278631 0.5666358 -0.8187245 -0.4353075 0.3744297 -0.8187285 -0.5741381 0.00701636 -0.8187262 -0.4443279 -0.3636759 -0.8187246 -0.1066095 -0.5642024 -0.7376148 -0.1165206 0.6650921 -0.7376124 -0.5167769 0.4345915 -0.7376197 -0.6752161 7.3047e-4 -0.7376136 -0.517725 -0.4334595 -0.7376109 -0.1179783 -0.6648393 -0.478329 -0.1707795 0.861415 -0.4783347 -0.1341395 -0.8678724 -0.9752458 -0.07693183 -0.2073093 -0.4783135 -0.4551251 -0.751051 -0.4783363 -0.6606164 -0.5786021 -0.9752451 -0.1921928 -0.1093571 -0.4783467 -0.8313962 -0.2827808 -0.4783329 -0.8779816 -0.01860308 -0.9752448 -0.2175233 0.03976583 -0.4783487 -0.8186536 0.3177871 -0.4783346 -0.6845301 0.5501041 -0.9752452 -0.1410694 0.1702829 -0.4783512 -0.4228519 0.76966 -0.8187283 0.2931464 0.4937097 -0.7376176 0.3382477 0.5843876 -0.8187273 0.5419156 0.1897712 -0.7376164 0.6347504 0.2302477 -0.8187269 0.5371155 -0.2029612 -0.7376159 0.634248 -0.2316298 -0.8187264 0.2809954 -0.5007283 -0.7376134 0.336973 -0.5851288 -1 -5.28242e-7 1.13294e-6 -0.4783288 0.1341394 -0.8678758 0.559526 0.137072 -0.8173995 0.5595688 -0.137009 -0.8173807 -0.4783421 -0.134109 -0.8678731 -0.478329 0.4551078 -0.7510515 0.5595259 0.4204061 -0.7142756 -0.4783278 0.6606167 -0.5786088 0.5595256 0.630416 -0.5380584 -0.4783288 0.831404 -0.2827877 0.5595266 0.7811916 -0.2768932 -0.4783267 0.877985 -0.01860201 0.5595244 0.8287848 -0.006953001 -0.4783571 0.818652 0.3177787 0.559571 0.776376 0.2900359 -0.4783277 0.6845295 0.5501109 0.5595254 0.6393584 0.5274016 0.559549 0.7764151 0.2899735 -0.4783421 0.8186523 0.3178009 -0.4783244 0.4228794 0.7696616 0.559533 0.4083719 0.7212179 -0.4783233 -0.8779869 -0.01860672 -0.4783292 -0.8314002 -0.2827989 0.559527 -0.7811766 -0.2769345 0.5595315 -0.8287801 -0.00694853 -0.4783278 -0.6606167 -0.5786088 0.5595256 -0.630416 -0.5380585 -0.4783269 -0.4551336 -0.7510372 0.5595259 -0.4204064 -0.7142755 -0.4783571 -0.1341143 -0.867864 0.5595335 -0.1370204 -0.817403 -0.4783282 0.1707875 0.8614139 0.559526 0.1507549 0.8149869 -0.4783282 -0.1707798 0.8614155 0.5595262 -0.1507525 0.8149872 -0.4783284 -0.4228812 0.7696582 0.5595257 -0.4083778 0.7212201 -0.4783571 -0.6845352 0.5500783 0.5595335 -0.639382 0.5273643 -0.4783421 -0.6845414 0.5500836 -0.4783509 -0.8186602 0.3177671 0.5595268 -0.7764256 0.2899881 0.5595689 -0.6393639 0.5273487 0.5594475 -0.781222 -0.2769668 0.9995539 -0.02586525 -0.01493495 0.9995539 -0.02941423 0.005184352 0.5594081 -0.8288632 -0.006954908 0.5594099 -0.630474 -0.5381109 0.5594086 -0.4204328 -0.7143517 0.9995541 -0.01021361 -0.0280624 0.5594479 -0.1370785 -0.8174519 0.5594092 0.1371076 -0.8174735 0.9995537 0.01021701 -0.02807056 0.5594078 0.4204548 -0.7143394 0.5594481 0.6304706 -0.538075 0.999554 0.02586674 -0.01493221 0.5594094 0.7812548 -0.2769514 0.5594478 0.8288366 -0.006930649 0.9995539 0.02941411 0.005186975 0.5594106 0.776497 0.2900213 0.5594088 0.6393973 0.5274779 0.999554 0.01919698 0.02288085 0.5594088 0.4084084 0.7212936 0.5594466 0.1507506 0.8150421 0.9995539 -1.40285e-6 0.02987021 0.559448 -0.1507754 0.8150367 0.5594476 -0.4084172 0.7212585 0.9995539 -0.01919895 0.022879 0.5594099 -0.6394127 0.5274582 0.5594084 -0.7765073 0.2899977 1 1.74644e-7 6.76041e-7 -0.4783511 0.134113 -0.8678675 -0.9752449 0.07432335 -0.2082629 -0.4783508 0.455097 -0.7510443 -0.975244 0.1908074 -0.1117665 -0.4783288 0.6606005 -0.5786265 -0.4783486 0.8313886 -0.2827996 -0.975246 0.2180007 0.03702771 -0.4783337 0.8779806 -0.01862519 -0.4783166 0.8186792 0.3177699 -0.9752454 0.1431969 0.1684965 -0.4783362 0.6845412 0.550089 -0.4783511 0.4228735 0.7696482 -0.9752438 0.001388967 0.2211285 -0.4783284 0.1708039 0.8614105 -0.8187263 -0.09278512 0.5666376 -0.8187251 -0.4353068 0.3744292 -0.8187255 -0.5741423 0.007016539 -0.8187248 -0.4443284 -0.3636786 -0.8187248 -0.1066092 -0.5642023 -0.7376139 -0.1165261 0.6650921 -0.7376126 -0.5167772 0.4345908 -0.737613 -0.6752234 7.3321e-4 -0.7376136 -0.517722 -0.4334631 -0.7376108 -0.1179776 -0.6648395 -0.478329 -0.1707816 0.8614146 -0.4783343 -0.1341413 -0.8678724 -0.9752454 -0.07693362 -0.2073104 -0.4783507 -0.4551178 -0.7510315 -0.4783297 -0.6606152 -0.5786089 -0.9752441 -0.1921958 -0.1093605 -0.4783476 -0.8313964 -0.2827783 -0.4783349 -0.8779806 -0.01860219 -0.9752463 -0.2175171 0.03976356 -0.478316 -0.8186712 0.3177912 -0.4783368 -0.6845268 0.5501064 -0.9752452 -0.1410698 0.1702823 -0.4783498 -0.4228546 0.7696595 -0.8187283 0.2931466 0.4937093 -0.7376179 0.3382471 0.5843875 -0.8187268 0.5419169 0.1897703 -0.7376164 0.6347505 0.2302476 -0.8187256 0.5371171 -0.2029623 -0.7376161 0.6342478 -0.2316298 -0.8187234 0.2809949 -0.5007334 -0.7376109 0.3369751 -0.5851308 -1 2.04725e-7 1.04448e-6 0.2434046 -0.05162334 -0.9685501 0.6472991 -0.5080074 -0.5682714 0.2014397 -0.668433 -0.7159744 0.03348666 0.9989189 0.03224408 0.6857522 0.713061 -0.1459038 0.05878436 0.9949484 -0.08137744 0.440419 -0.3315077 -0.8343464 0.6346014 -0.7709642 0.05381137 0.5726507 0.4283804 -0.6989717 0.0515027 -0.6348425 -0.7709232 0.1588947 -0.9672251 -0.1980608 0.7287827 0.4413357 -0.5235442 0.2247687 0.7524011 -0.6191701 0.1827955 0.9214829 -0.3427171 0.6926283 0.01848125 -0.721058 0.3235678 0.261213 -0.9094348 0.3856839 0.0095582 -0.9225816 0.6384797 -0.4119172 -0.6501291 0.2943041 -0.5513324 -0.7806521 0.7224491 0.6397327 -0.2623156 0.1993103 0.8579567 -0.4734827 0.09092617 0.6697602 -0.7369896 0.2779221 0.3853458 -0.8799251 0.1470109 0.3202103 -0.9358703 0.7683835 -0.4712588 -0.4330153 0.213994 -0.8590529 -0.4650104 0.6749283 0.4189344 -0.6074257 0.8016974 0.06421083 -0.5942713 0.3683531 0.4435992 -0.8170287 0.1110855 -0.9314755 -0.3464296 0.0515654 -0.6349751 -0.7708098 0.4404067 -0.3314819 -0.8343631 -0.01135683 0.08625435 -0.9962084 -0.05717039 0.1976168 -0.9786109 0 0.04472655 -0.9989994 0 0.09609878 -0.9953719 0.2778868 0.3853065 -0.8799533 -6.65747e-4 0.4865149 -0.873672 0.1469399 0.3202424 -0.9358705 0.09092706 0.6699001 -0.7368624 0.03338569 0.2112406 -0.9768638 0 0.7529087 -0.6581251 6.94767e-6 0.755536 -0.6551071 0.5727933 0.428386 -0.6988515 0.004375815 0.7529077 -0.6581117 0.004373788 0.7529088 -0.6581104 3.4119e-6 0.7580424 -0.6522053 0 0.4835245 -0.875331 -0.2434046 -0.05162334 -0.9685501 -0.2014397 -0.668433 -0.7159745 -0.6472991 -0.5080073 -0.5682715 -0.03348666 0.9989189 0.03224408 -0.05878436 0.9949484 -0.08137744 -0.6857522 0.713061 -0.1459039 -0.4404373 -0.3314844 -0.8343459 -0.5726782 0.4283391 -0.6989745 -0.6346014 -0.7709642 0.05381131 -0.1588947 -0.9672251 -0.1980608 -0.05148416 -0.634847 -0.7709208 -0.7287828 0.4413357 -0.5235443 -0.1827955 0.9214829 -0.3427171 -0.2247687 0.7524011 -0.6191701 -0.6926283 0.01848125 -0.721058 -0.3235678 0.261213 -0.9094348 -0.3856839 0.00955826 -0.9225816 -0.2943041 -0.5513324 -0.7806521 -0.6384798 -0.4119172 -0.6501291 -0.7224491 0.6397327 -0.2623155 -0.2779312 0.3853366 -0.8799262 -0.09090244 0.6697626 -0.7369903 -0.1993103 0.8579568 -0.4734827 -0.146979 0.3201979 -0.9358796 -0.7683835 -0.4712587 -0.4330153 -0.2139939 -0.8590529 -0.4650104 -0.6749283 0.4189343 -0.6074256 -0.8016974 0.06421089 -0.5942713 -0.3683531 0.4435992 -0.8170287 -0.1110855 -0.9314755 -0.3464296 -0.05157256 -0.6349734 -0.7708106 0.05717039 0.1976168 -0.9786109 0.01135683 0.08625435 -0.9962084 -0.4403968 -0.3314945 -0.8343633 -0.2779286 0.3852645 -0.8799586 6.65751e-4 0.4865149 -0.8736721 -0.1469823 0.3202588 -0.9358582 -0.03338569 0.2112406 -0.9768638 -0.09095358 0.6698977 -0.7368613 -0.5728074 0.4283649 -0.6988529 -0.004373848 0.752909 -0.6581102 -0.004375874 0.7529078 -0.6581116 0.3703104 0.2403877 0.8972648 0.7479294 0.1717602 0.6411709 0.7479124 0.6411715 0.1718325 0.370317 0.8972445 0.2404534 0.37032 -0.6568452 0.6568238 0.7479225 -0.4693669 0.4693685 0.3703159 -0.8972452 -0.2404521 0.7479158 -0.6411732 -0.1718106 0.3702965 -0.2403934 -0.897269 0.7479094 -0.171764 -0.6411932 0.37031 0.6568568 -0.6568179 0.74793 0.4694032 -0.4693202 0.3703078 0.240399 0.8972628 0.7479261 0.1717574 0.6411755 0.7479059 0.641179 0.171832 0.3702933 0.8972574 0.2404413 0.3703203 -0.6568454 0.6568235 0.7479207 -0.4693669 0.4693711 0.3703166 -0.8972451 -0.2404516 0.7479175 -0.6411724 -0.1718069 0.3702955 -0.2403898 -0.8972705 0.7479107 -0.1717669 -0.6411908 0.3702912 0.6568588 -0.6568265 0.7479229 0.469412 -0.4693226 -0.3703104 0.2403876 0.8972648 -0.3703171 0.8972445 0.2404534 -0.7479128 0.6411709 0.1718327 -0.7479293 0.1717599 0.6411712 -0.3703199 -0.6568453 0.6568238 -0.7479225 -0.4693669 0.4693686 -0.3703159 -0.8972452 -0.2404521 -0.7479159 -0.6411731 -0.1718106 -0.3702964 -0.2403934 -0.897269 -0.7479094 -0.1717641 -0.6411932 -0.3703099 0.6568568 -0.6568179 -0.7479303 0.4694027 -0.4693202 -0.3703078 0.240399 0.8972628 -0.3702934 0.8972575 0.2404413 -0.7479063 0.6411786 0.1718322 -0.747926 0.171757 0.6411756 -0.3703203 -0.6568454 0.6568235 -0.7479208 -0.4693668 0.4693711 -0.3703167 -0.8972451 -0.2404517 -0.7479175 -0.6411722 -0.1718069 -0.3702954 -0.2403897 -0.8972703 -0.7479107 -0.1717671 -0.6411908 -0.3702911 0.6568588 -0.6568266 -0.7479231 0.4694116 -0.4693226 0.5434913 -0.542662 -0.6404179 0.3327947 -0.8085733 -0.4852393 -0.053299 0.03672611 -0.9979031 0.3524866 0.1615944 -0.9217595 0.7283617 -0.5818186 0.3619067 0.3518171 -0.7957531 0.4929521 0.7897076 0.03748804 0.6123372 0.05205219 -0.02089756 0.9984257 0.570708 0.7564649 0.3194578 -0.3756556 0.7498769 0.5445803 0.3845517 0.7636731 -0.5185783 -0.4484443 0.791066 -0.4160677 0.3525152 0.1615474 -0.9217568 -0.05333399 0.03674036 -0.9979006 0.3524081 0.1616461 -0.9217804 0.7897782 0.03751206 0.6122444 0.7283189 -0.5818077 0.3620102 0.5435709 -0.5426229 -0.6403836 0.5434902 -0.5426675 -0.6404143 0.3327901 -0.8085737 -0.4852417 -0.05329906 0.03672623 -0.9979031 0.3524864 0.1615946 -0.9217594 0.7283625 -0.5818223 0.361899 0.3518112 -0.7957543 0.4929545 0.7897087 0.03748673 0.6123356 0.05204725 -0.02089041 0.9984261 0.5707088 0.7564644 0.3194577 -0.3756593 0.7498832 0.544569 0.3845483 0.7636781 -0.5185736 -0.4484467 0.7910711 -0.4160555 0.3525064 0.1615608 -0.9217578 -0.05332154 0.0367192 -0.9979021 0.3524075 0.1616507 -0.9217798 0.7897803 0.03751105 0.6122419 0.7283167 -0.5818151 0.3620027 0.543567 -0.5426173 -0.6403916 0.3845975 0.7635911 -0.5186653 0.5707636 0.7564359 0.3194274 0.3845999 0.7635928 -0.518661 0.570764 0.7564355 0.3194274 -0.5434886 -0.5426526 -0.6404283 -0.352486 0.1615947 -0.9217596 0.05330204 0.03672456 -0.9979029 -0.3327947 -0.8085733 -0.4852393 -0.7283878 -0.5817655 0.3619394 -0.3518171 -0.7957531 0.4929521 -0.7897046 0.0374611 0.6123426 -0.05205219 -0.02089762 0.9984257 -0.5706763 0.7565354 0.3193472 0.3756555 0.7498768 0.5445803 -0.3845397 0.7636628 -0.5186023 0.4484443 0.791066 -0.4160678 -0.3525454 0.1615908 -0.9217377 0.05326533 0.03677672 -0.997903 -0.3523898 0.1615958 -0.9217962 -0.5435698 -0.5426184 -0.6403884 -0.7282871 -0.5818721 0.3619706 -0.7897748 0.03747999 0.6122508 -0.5434875 -0.5426581 -0.6404246 -0.3524857 0.161595 -0.9217597 0.05330204 0.03672456 -0.9979029 -0.3327901 -0.8085738 -0.4852417 -0.7283887 -0.5817693 0.3619317 -0.3518112 -0.7957543 0.4929544 -0.7897059 0.03745996 0.6123409 -0.05204737 -0.02089029 0.9984261 -0.5706772 0.7565349 0.3193471 0.3756592 0.7498834 0.5445687 -0.3845363 0.763668 -0.5185974 0.4484468 0.7910712 -0.4160552 -0.3525366 0.161604 -0.9217387 0.05325329 0.03675651 -0.9979043 -0.3523896 0.1616 -0.9217956 -0.5435654 -0.5426132 -0.6403965 -0.7282849 -0.5818797 0.3619631 -0.7897767 0.03747892 0.6122484 -0.3845958 0.7635909 -0.5186666 -0.5707527 0.7564578 0.3193947 -0.384599 0.7635917 -0.5186629 -0.5707529 0.7564578 0.3193945 0.08557641 -0.6857837 0.7227569 0.1255242 -0.6850238 0.7176254 0.1160923 -0.6847934 0.7194308 0.07484197 -0.6871632 0.7226378 0.1476309 -0.6866886 0.7118033 0.08310407 -0.687528 0.7213869 0.2301161 -0.6765604 0.6995089 0.2716118 -0.6646635 0.6960241 0.2612053 -0.6694717 0.6953988 0.2120978 -0.6846389 0.6973408 0.03547883 -0.6783654 0.7338676 0.03749781 -0.677013 0.7350152 0.06106209 -0.6810413 0.7296946 0.04687392 -0.6821641 0.7296951 0 -0.6807533 0.7325128 0.2949015 -0.6588862 0.6920275 0.2825527 -0.6641324 0.6921648 0.288254 -0.6628504 0.691042 0.2737005 -0.6669997 0.6929643 0.1716841 -0.6830542 0.7099025 0.1910827 -0.68663 0.7014462 0 -0.6800826 0.7331356 0.3023224 -0.6577731 0.689881 5.14857e-7 -0.6792344 0.7339214 -0.08557647 -0.6857836 0.7227569 -0.07484185 -0.6871632 0.7226378 -0.1160923 -0.6847935 0.7194306 -0.1255247 -0.6850238 0.7176252 -0.147631 -0.6866887 0.7118032 -0.08310407 -0.6875281 0.7213868 -0.2301164 -0.6765603 0.6995089 -0.212098 -0.6846389 0.6973407 -0.2612053 -0.6694717 0.6953988 -0.2716113 -0.6646637 0.6960242 -0.03547888 -0.6783654 0.7338676 -0.04687422 -0.6821642 0.729695 -0.06106185 -0.6810414 0.7296946 -0.03749692 -0.677013 0.7350152 -0.2825523 -0.6641325 0.6921649 -0.2949014 -0.6588862 0.6920276 -0.2882538 -0.6628504 0.691042 -0.2737005 -0.6669998 0.6929643 -0.1716843 -0.6830543 0.7099024 -0.1910827 -0.68663 0.7014462 -0.3023232 -0.6577727 0.689881</float_array>
          <technique_common>
            <accessor source="#lightning_mcqueen_lod1-mesh-normals-array" count="1674" stride="3">
              <param name="X" type="float"/>
              <param name="Y" type="float"/>
              <param name="Z" type="float"/>
            </accessor>
          </technique_common>
        </source>
        <source id="lightning_mcqueen_lod1-mesh-map-0">
          <float_array id="lightning_mcqueen_lod1-mesh-map-0-array" count="11628">0.972264 0.08137202 0.829059 0.01033902 0.983613 0.04272401 0.972264 0.08137202 0.947586 0.09447598 0.829059 0.01033902 0.947586 0.09447598 0.910343 0.08694005 0.829059 0.01033902 0.910343 0.08694005 0.829184 0.08210301 0.829059 0.01033902 0.554094 0.08633601 0.532128 0.07472097 0.659372 0.01132798 0.587203 0.07957601 0.554094 0.08633601 0.659372 0.01132798 0.659372 0.07514899 0.587203 0.07957601 0.659372 0.01132798 0.952058 0.273193 0.952205 0.1545659 0.9551 0.15457 0.9551 0.15457 0.954953 0.273197 0.952058 0.273193 0.960623 0.250156 0.960685 0.2138109 0.963863 0.2138159 0.963863 0.2138159 0.963801 0.250162 0.960623 0.250156 0.963907 0.1877869 0.963863 0.2138159 0.960685 0.2138109 0.960685 0.2138109 0.960729 0.1877819 0.963907 0.1877869 0.963948 0.163398 0.963907 0.1877869 0.960729 0.1877819 0.960729 0.1877819 0.96077 0.163393 0.963948 0.163398 0.964037 0.1108 0.963948 0.163398 0.96077 0.163393 0.96077 0.163393 0.960859 0.110795 0.964037 0.1108 0.532128 0.07472097 0.521975 0.04036897 0.659372 0.01132798 0.829059 0.01033902 0.988994 0.01020699 0.983613 0.04272401 0.521975 0.04036897 0.517139 0.01146 0.659372 0.01132798 0.960583 0.274009 0.960623 0.250156 0.963801 0.250162 0.963801 0.250162 0.963761 0.274015 0.960583 0.274009 0.686103 0.081869 0.674619 0.04326099 0.829059 0.01033902 0.686103 0.081869 0.829059 0.01033902 0.710825 0.09488803 0.710825 0.09488803 0.829059 0.01033902 0.748042 0.08722198 0.748042 0.08722198 0.829059 0.01033902 0.829184 0.08210301 0.554094 0.08633601 0.659372 0.01132798 0.532128 0.07472097 0.587203 0.07957601 0.659372 0.01132798 0.554094 0.08633601 0.659372 0.07514899 0.659372 0.01132798 0.587203 0.07957601 0.952058 0.273193 0.954953 0.273197 0.9551 0.15457 0.9551 0.15457 0.952205 0.1545659 0.952058 0.273193 0.960623 0.250156 0.963801 0.250162 0.963863 0.2138159 0.963863 0.2138159 0.960685 0.2138109 0.960623 0.250156 0.963907 0.1877869 0.960729 0.1877819 0.960685 0.2138109 0.960685 0.2138109 0.963863 0.2138159 0.963907 0.1877869 0.963948 0.163398 0.96077 0.163393 0.960729 0.1877819 0.960729 0.1877819 0.963907 0.1877869 0.963948 0.163398 0.964037 0.1108 0.960859 0.110795 0.96077 0.163393 0.96077 0.163393 0.963948 0.163398 0.964037 0.1108 0.532128 0.07472097 0.659372 0.01132798 0.521975 0.04036897 0.829059 0.01033902 0.674619 0.04326099 0.669125 0.01076298 0.521975 0.04036897 0.659372 0.01132798 0.517139 0.01146 0.960583 0.274009 0.963761 0.274015 0.963801 0.250162 0.963801 0.250162 0.960623 0.250156 0.960583 0.274009 0.984137 0.186549 0.996336 0.190074 0.994255 0.275321 0.994255 0.275321 0.986426 0.272154 0.984137 0.186549 0.984496 0.107145 0.990755 0.101383 0.984008 0.1403939 0.990755 0.101383 0.996336 0.190074 0.984137 0.186549 0.984137 0.186549 0.984008 0.1403939 0.990755 0.101383 0.979904 0.186788 0.982091 0.272151 0.97465 0.275774 0.97465 0.275774 0.969857 0.189233 0.979904 0.186788 0.972977 0.101616 0.97909 0.107252 0.98067 0.140464 0.979904 0.186788 0.969857 0.189233 0.972977 0.101616 0.972977 0.101616 0.98067 0.140464 0.979904 0.186788 0.986426 0.272154 0.986267 0.280709 0.981746 0.280559 0.981746 0.280559 0.982091 0.272151 0.986426 0.272154 0.984137 0.186549 0.986426 0.272154 0.982091 0.272151 0.982091 0.272151 0.979904 0.186788 0.984137 0.186549 0.984496 0.107145 0.984008 0.1403939 0.98067 0.140464 0.98067 0.140464 0.97909 0.107252 0.984496 0.107145 0.983803 0.09925103 0.984496 0.107145 0.97909 0.107252 0.97909 0.107252 0.979326 0.09938502 0.983803 0.09925103 0.984008 0.1403939 0.984137 0.186549 0.979904 0.186788 0.979904 0.186788 0.98067 0.140464 0.984008 0.1403939 0.98462 0.18671 0.986426 0.272154 0.994244 0.275315 0.994244 0.275315 0.994449 0.1891199 0.98462 0.18671 0.984496 0.107145 0.984008 0.1403939 0.990755 0.101383 0.990755 0.101383 0.984008 0.1403939 0.98462 0.18671 0.98462 0.18671 0.994449 0.1891199 0.990755 0.101383 0.980381 0.1865289 0.967309 0.190589 0.97463 0.275773 0.97463 0.275773 0.982091 0.272151 0.980381 0.1865289 0.972977 0.101616 0.98067 0.140464 0.97909 0.107252 0.980381 0.1865289 0.98067 0.140464 0.972977 0.101616 0.972977 0.101616 0.967309 0.190589 0.980381 0.1865289 0.986426 0.272154 0.982091 0.272151 0.98179 0.28056 0.98179 0.28056 0.986285 0.2807101 0.986426 0.272154 0.98462 0.18671 0.980381 0.1865289 0.982091 0.272151 0.982091 0.272151 0.986426 0.272154 0.98462 0.18671 0.984496 0.107145 0.97909 0.107252 0.98067 0.140464 0.98067 0.140464 0.984008 0.1403939 0.984496 0.107145 0.983803 0.09925103 0.979326 0.09938502 0.97909 0.107252 0.97909 0.107252 0.984496 0.107145 0.983803 0.09925103 0.984008 0.1403939 0.98067 0.140464 0.980381 0.1865289 0.980381 0.1865289 0.98462 0.18671 0.984008 0.1403939 0.923153 0.907167 0.94088 0.907167 0.94088 0.921928 0.94088 0.921928 0.923153 0.921928 0.923153 0.907167 0.958608 0.907167 0.976321 0.907167 0.976321 0.921928 0.976321 0.921928 0.958608 0.921928 0.958608 0.907167 0.84681 0.907167 0.866826 0.907167 0.866826 0.921928 0.866826 0.921928 0.84681 0.921928 0.84681 0.907167 0.904998 0.921928 0.904998 0.907167 0.923153 0.907167 0.923153 0.907167 0.923153 0.921928 0.904998 0.921928 0.94088 0.921928 0.94088 0.907167 0.923153 0.907167 0.923153 0.907167 0.923153 0.921928 0.94088 0.921928 0.958608 0.907167 0.958608 0.921928 0.976321 0.921928 0.976321 0.921928 0.976321 0.907167 0.958608 0.907167 0.84681 0.907167 0.84681 0.921928 0.866826 0.921928 0.866826 0.921928 0.866826 0.907167 0.84681 0.907167 0.923153 0.907167 0.904998 0.907167 0.904998 0.921928 0.904998 0.921928 0.923153 0.921928 0.923153 0.907167 0.709132 0.6011601 0.736673 0.633346 0.785962 0.569911 0.717495 0.52132 0.702521 0.559954 0.785962 0.569911 0.793799 0.489131 0.751297 0.495631 0.785962 0.569911 0.861821 0.536771 0.834246 0.504622 0.785962 0.569911 0.85352 0.616671 0.868477 0.577988 0.785962 0.569911 0.777132 0.648883 0.819678 0.642399 0.785962 0.569911 0.785962 0.569911 0.736673 0.633346 0.777132 0.648883 0.785962 0.569911 0.702521 0.559954 0.709132 0.6011601 0.785962 0.569911 0.751297 0.495631 0.717495 0.52132 0.785962 0.569911 0.834246 0.504622 0.793799 0.489131 0.785962 0.569911 0.868477 0.577988 0.861821 0.536771 0.785962 0.569911 0.819678 0.642399 0.85352 0.616671 0.734663 0.514909 0.713519 0.551333 0.788807 0.572057 0.711739 0.5932551 0.730895 0.628994 0.788807 0.572057 0.765048 0.649927 0.80531 0.649267 0.788807 0.572057 0.841252 0.6283341 0.8624 0.59195 0.788807 0.572057 0.864225 0.550048 0.845106 0.514282 0.788807 0.572057 0.810948 0.493302 0.770638 0.493936 0.788807 0.572057 0.788807 0.572057 0.713519 0.551333 0.711739 0.5932551 0.788807 0.572057 0.730895 0.628994 0.765048 0.649927 0.788807 0.572057 0.80531 0.649267 0.841252 0.6283341 0.788807 0.572057 0.8624 0.59195 0.864225 0.550048 0.788807 0.572057 0.845106 0.514282 0.810948 0.493302 0.788807 0.572057 0.770638 0.493936 0.734663 0.514909 0.936845 0.76136 0.926747 0.831105 0.911237 0.76136 0.965091 0.76136 0.958177 0.831105 0.936845 0.76136 0.987811 0.831105 0.958177 0.831105 0.965091 0.76136 0.965091 0.76136 0.992276 0.76136 0.987811 0.831105 0.886202 0.831105 0.886202 0.76136 0.911237 0.76136 0.911237 0.76136 0.926747 0.831105 0.886202 0.831105 0.958177 0.831105 0.926747 0.831105 0.936845 0.76136 0.936845 0.76136 0.911237 0.76136 0.926747 0.831105 0.965091 0.76136 0.936845 0.76136 0.958177 0.831105 0.987811 0.831105 0.992276 0.76136 0.965091 0.76136 0.965091 0.76136 0.958177 0.831105 0.987811 0.831105 0.886202 0.831105 0.926747 0.831105 0.911237 0.76136 0.911237 0.76136 0.886202 0.76136 0.886202 0.831105 0.958177 0.831105 0.936845 0.76136 0.926747 0.831105 0.906242 0.399608 0.891212 0.399608 0.891212 0.395769 0.891212 0.395769 0.906242 0.395769 0.906242 0.399608 0.906369 0.390491 0.891212 0.390491 0.891212 0.387941 0.891212 0.387941 0.906369 0.387941 0.906369 0.390491 0.906369 0.39313 0.891212 0.39313 0.891212 0.390491 0.891212 0.390491 0.906369 0.390491 0.906369 0.39313 0.906369 0.39313 0.906242 0.395769 0.891212 0.395769 0.891212 0.395769 0.891212 0.39313 0.906369 0.39313 0.871988 0.392452 0.873128 0.390471 0.875413 0.390469 0.875413 0.390469 0.876558 0.392446 0.871988 0.392452 0.876558 0.392446 0.88533 0.392434 0.879816 0.402018 0.879816 0.402018 0.875419 0.394426 0.876558 0.392446 0.875419 0.394426 0.879816 0.402018 0.868757 0.402036 0.868757 0.402036 0.873134 0.3944301 0.875419 0.394426 0.873134 0.3944301 0.868757 0.402036 0.863212 0.392465 0.863212 0.392465 0.871988 0.392452 0.873134 0.3944301 0.871988 0.392452 0.863212 0.392465 0.86873 0.382879 0.86873 0.382879 0.873128 0.390471 0.871988 0.392452 0.873128 0.390471 0.86873 0.382879 0.879789 0.382866 0.879789 0.382866 0.875413 0.390469 0.873128 0.390471 0.875413 0.390469 0.879789 0.382866 0.88533 0.392434 0.88533 0.392434 0.876558 0.392446 0.875413 0.390469 0.946441 0.399608 0.906242 0.399608 0.906242 0.395769 0.906242 0.395769 0.946441 0.395769 0.946441 0.399608 0.946407 0.390491 0.906369 0.390491 0.906369 0.387941 0.906369 0.387941 0.946407 0.387941 0.946407 0.390491 0.946407 0.39313 0.906369 0.39313 0.906369 0.390491 0.906369 0.390491 0.946407 0.390491 0.946407 0.39313 0.946441 0.395769 0.906242 0.395769 0.906369 0.39313 0.906369 0.39313 0.946407 0.39313 0.946441 0.395769 0.961564 0.395769 0.961564 0.399608 0.946441 0.399608 0.946441 0.399608 0.946441 0.395769 0.961564 0.395769 0.946407 0.387941 0.961564 0.387941 0.961564 0.390491 0.961564 0.390491 0.946407 0.390491 0.946407 0.387941 0.946407 0.390491 0.961564 0.390491 0.961564 0.39313 0.961564 0.39313 0.946407 0.39313 0.946407 0.390491 0.946407 0.39313 0.961564 0.39313 0.961564 0.395769 0.961564 0.395769 0.946441 0.395769 0.946407 0.39313 0.979747 0.392643 0.978572 0.394685 0.976216 0.394687 0.976216 0.394687 0.975036 0.392649 0.979747 0.392643 0.972491 0.401157 0.967571 0.392658 0.975036 0.392649 0.975036 0.392649 0.976216 0.394687 0.972491 0.401157 0.982312 0.401145 0.972491 0.401157 0.976216 0.394687 0.976216 0.394687 0.978572 0.394685 0.982312 0.401145 0.987212 0.392634 0.982312 0.401145 0.978572 0.394685 0.978572 0.394685 0.979747 0.392643 0.987212 0.392634 0.982292 0.384135 0.987212 0.392634 0.979747 0.392643 0.979747 0.392643 0.978567 0.390604 0.982292 0.384135 0.972471 0.384147 0.982292 0.384135 0.978567 0.390604 0.978567 0.390604 0.976211 0.390607 0.972471 0.384147 0.967571 0.392658 0.972471 0.384147 0.976211 0.390607 0.976211 0.390607 0.975036 0.392649 0.967571 0.392658 0.891212 0.399608 0.891212 0.395769 0.906242 0.395769 0.906242 0.395769 0.906242 0.399608 0.891212 0.399608 0.906369 0.390491 0.891212 0.390491 0.891212 0.387941 0.891212 0.387941 0.906369 0.387941 0.906369 0.390491 0.906369 0.39313 0.891212 0.39313 0.891212 0.390491 0.891212 0.390491 0.906369 0.390491 0.906369 0.39313 0.906369 0.39313 0.906242 0.395769 0.891212 0.395769 0.891212 0.395769 0.891212 0.39313 0.906369 0.39313 0.871988 0.392452 0.873128 0.390471 0.875413 0.390469 0.875413 0.390469 0.876558 0.392446 0.871988 0.392452 0.876558 0.392446 0.88533 0.392434 0.879816 0.402018 0.879816 0.402018 0.875419 0.394426 0.876558 0.392446 0.875419 0.394426 0.879816 0.402018 0.868757 0.402036 0.868757 0.402036 0.873134 0.3944301 0.875419 0.394426 0.873134 0.3944301 0.868757 0.402036 0.863212 0.392465 0.863212 0.392465 0.871988 0.392452 0.873134 0.3944301 0.871988 0.392452 0.863212 0.392465 0.86873 0.382879 0.86873 0.382879 0.873128 0.390471 0.871988 0.392452 0.873128 0.390471 0.86873 0.382879 0.879789 0.382866 0.879789 0.382866 0.875413 0.390469 0.873128 0.390471 0.875413 0.390469 0.879789 0.382866 0.88533 0.392434 0.88533 0.392434 0.876558 0.392446 0.875413 0.390469 0.946441 0.399608 0.906242 0.399608 0.906242 0.395769 0.906242 0.395769 0.946441 0.395769 0.946441 0.399608 0.946407 0.390491 0.906369 0.390491 0.906369 0.387941 0.906369 0.387941 0.946407 0.387941 0.946407 0.390491 0.946407 0.39313 0.906369 0.39313 0.906369 0.390491 0.906369 0.390491 0.946407 0.390491 0.946407 0.39313 0.946441 0.395769 0.906242 0.395769 0.906369 0.39313 0.906369 0.39313 0.946407 0.39313 0.946441 0.395769 0.946441 0.395769 0.961564 0.395769 0.961564 0.399608 0.961564 0.399608 0.946441 0.399608 0.946441 0.395769 0.946407 0.387941 0.961564 0.387941 0.961564 0.390491 0.961564 0.390491 0.946407 0.390491 0.946407 0.387941 0.946407 0.390491 0.961564 0.390491 0.961564 0.39313 0.961564 0.39313 0.946407 0.39313 0.946407 0.390491 0.946407 0.39313 0.961564 0.39313 0.961564 0.395769 0.961564 0.395769 0.946441 0.395769 0.946407 0.39313 0.975036 0.392649 0.979747 0.392643 0.978572 0.394685 0.978572 0.394685 0.976216 0.394687 0.975036 0.392649 0.972491 0.401157 0.967571 0.392658 0.975036 0.392649 0.975036 0.392649 0.976216 0.394687 0.972491 0.401157 0.982312 0.401145 0.972491 0.401157 0.976216 0.394687 0.976216 0.394687 0.978572 0.394685 0.982312 0.401145 0.987212 0.392634 0.982312 0.401145 0.978572 0.394685 0.978572 0.394685 0.979747 0.392643 0.987212 0.392634 0.982292 0.384135 0.987212 0.392634 0.979747 0.392643 0.979747 0.392643 0.978567 0.390604 0.982292 0.384135 0.972471 0.384147 0.982292 0.384135 0.978567 0.390604 0.978567 0.390604 0.976211 0.390607 0.972471 0.384147 0.967571 0.392658 0.972471 0.384147 0.976211 0.390607 0.976211 0.390607 0.975036 0.392649 0.967571 0.392658 0.891212 0.399608 0.891212 0.395769 0.906242 0.395769 0.906242 0.395769 0.906242 0.399608 0.891212 0.399608 0.906369 0.390491 0.891212 0.390491 0.891212 0.387941 0.891212 0.387941 0.906369 0.387941 0.906369 0.390491 0.906369 0.39313 0.891212 0.39313 0.891212 0.390491 0.891212 0.390491 0.906369 0.390491 0.906369 0.39313 0.906369 0.39313 0.906242 0.395769 0.891212 0.395769 0.891212 0.395769 0.891212 0.39313 0.906369 0.39313 0.871988 0.392452 0.873128 0.390471 0.875413 0.390469 0.875413 0.390469 0.876558 0.392446 0.871988 0.392452 0.876558 0.392446 0.88533 0.392434 0.879816 0.402018 0.879816 0.402018 0.875419 0.394426 0.876558 0.392446 0.875419 0.394426 0.879816 0.402018 0.868757 0.402036 0.868757 0.402036 0.873134 0.3944301 0.875419 0.394426 0.873134 0.3944301 0.868757 0.402036 0.863212 0.392465 0.863212 0.392465 0.871988 0.392452 0.873134 0.3944301 0.871988 0.392452 0.863212 0.392465 0.86873 0.382879 0.86873 0.382879 0.873128 0.390471 0.871988 0.392452 0.873128 0.390471 0.86873 0.382879 0.879789 0.382866 0.879789 0.382866 0.875413 0.390469 0.873128 0.390471 0.875413 0.390469 0.879789 0.382866 0.88533 0.392434 0.88533 0.392434 0.876558 0.392446 0.875413 0.390469 0.946441 0.399608 0.906242 0.399608 0.906242 0.395769 0.906242 0.395769 0.946441 0.395769 0.946441 0.399608 0.946407 0.390491 0.906369 0.390491 0.906369 0.387941 0.906369 0.387941 0.946407 0.387941 0.946407 0.390491 0.946407 0.39313 0.906369 0.39313 0.906369 0.390491 0.906369 0.390491 0.946407 0.390491 0.946407 0.39313 0.946441 0.395769 0.906242 0.395769 0.906369 0.39313 0.906369 0.39313 0.946407 0.39313 0.946441 0.395769 0.946441 0.395769 0.961564 0.395769 0.961564 0.399608 0.961564 0.399608 0.946441 0.399608 0.946441 0.395769 0.946407 0.387941 0.961564 0.387941 0.961564 0.390491 0.961564 0.390491 0.946407 0.390491 0.946407 0.387941 0.946407 0.390491 0.961564 0.390491 0.961564 0.39313 0.961564 0.39313 0.946407 0.39313 0.946407 0.390491 0.946407 0.39313 0.961564 0.39313 0.961564 0.395769 0.961564 0.395769 0.946441 0.395769 0.946407 0.39313 0.975036 0.392649 0.979747 0.392643 0.978572 0.394685 0.978572 0.394685 0.976216 0.394687 0.975036 0.392649 0.972491 0.401157 0.967571 0.392658 0.975036 0.392649 0.975036 0.392649 0.976216 0.394687 0.972491 0.401157 0.982312 0.401145 0.972491 0.401157 0.976216 0.394687 0.976216 0.394687 0.978572 0.394685 0.982312 0.401145 0.987212 0.392634 0.982312 0.401145 0.978572 0.394685 0.978572 0.394685 0.979747 0.392643 0.987212 0.392634 0.982292 0.384135 0.987212 0.392634 0.979747 0.392643 0.979747 0.392643 0.978567 0.390604 0.982292 0.384135 0.972471 0.384147 0.982292 0.384135 0.978567 0.390604 0.978567 0.390604 0.976211 0.390607 0.972471 0.384147 0.967571 0.392658 0.972471 0.384147 0.976211 0.390607 0.976211 0.390607 0.975036 0.392649 0.967571 0.392658 0.906242 0.399608 0.906242 0.395769 0.891212 0.395769 0.891212 0.395769 0.891212 0.399608 0.906242 0.399608 0.906369 0.390491 0.906369 0.387941 0.891212 0.387941 0.891212 0.387941 0.891212 0.390491 0.906369 0.390491 0.906369 0.390491 0.891212 0.390491 0.891212 0.39313 0.891212 0.39313 0.906369 0.39313 0.906369 0.390491 0.906369 0.39313 0.891212 0.39313 0.891212 0.395769 0.891212 0.395769 0.906242 0.395769 0.906369 0.39313 0.871988 0.392452 0.873134 0.3944301 0.875419 0.394426 0.875419 0.394426 0.876558 0.392446 0.871988 0.392452 0.879816 0.402018 0.88533 0.392434 0.876558 0.392446 0.876558 0.392446 0.875419 0.394426 0.879816 0.402018 0.868757 0.402036 0.879816 0.402018 0.875419 0.394426 0.875419 0.394426 0.873134 0.3944301 0.868757 0.402036 0.863212 0.392465 0.868757 0.402036 0.873134 0.3944301 0.873134 0.3944301 0.871988 0.392452 0.863212 0.392465 0.86873 0.382879 0.863212 0.392465 0.871988 0.392452 0.871988 0.392452 0.873128 0.390471 0.86873 0.382879 0.879789 0.382866 0.86873 0.382879 0.873128 0.390471 0.873128 0.390471 0.875413 0.390469 0.879789 0.382866 0.88533 0.392434 0.879789 0.382866 0.875413 0.390469 0.875413 0.390469 0.876558 0.392446 0.88533 0.392434 0.946441 0.399608 0.946441 0.395769 0.906242 0.395769 0.906242 0.395769 0.906242 0.399608 0.946441 0.399608 0.946407 0.390491 0.946407 0.387941 0.906369 0.387941 0.906369 0.387941 0.906369 0.390491 0.946407 0.390491 0.946407 0.39313 0.946407 0.390491 0.906369 0.390491 0.906369 0.390491 0.906369 0.39313 0.946407 0.39313 0.946441 0.395769 0.946407 0.39313 0.906369 0.39313 0.906369 0.39313 0.906242 0.395769 0.946441 0.395769 0.946441 0.395769 0.946441 0.399608 0.961564 0.399608 0.961564 0.399608 0.961564 0.395769 0.946441 0.395769 0.946407 0.387941 0.946407 0.390491 0.961564 0.390491 0.961564 0.390491 0.961564 0.387941 0.946407 0.387941 0.946407 0.390491 0.946407 0.39313 0.961564 0.39313 0.961564 0.39313 0.961564 0.390491 0.946407 0.390491 0.946407 0.39313 0.946441 0.395769 0.961564 0.395769 0.961564 0.395769 0.961564 0.39313 0.946407 0.39313 0.978572 0.394685 0.979747 0.392643 0.975036 0.392649 0.975036 0.392649 0.976216 0.394687 0.978572 0.394685 0.975036 0.392649 0.967571 0.392658 0.972491 0.401157 0.972491 0.401157 0.976216 0.394687 0.975036 0.392649 0.976216 0.394687 0.972491 0.401157 0.982312 0.401145 0.982312 0.401145 0.978572 0.394685 0.976216 0.394687 0.978572 0.394685 0.982312 0.401145 0.987212 0.392634 0.987212 0.392634 0.979747 0.392643 0.978572 0.394685 0.979747 0.392643 0.987212 0.392634 0.982292 0.384135 0.982292 0.384135 0.978567 0.390604 0.979747 0.392643 0.978567 0.390604 0.982292 0.384135 0.972471 0.384147 0.972471 0.384147 0.976211 0.390607 0.978567 0.390604 0.976211 0.390607 0.972471 0.384147 0.967571 0.392658 0.967571 0.392658 0.975036 0.392649 0.976211 0.390607 0.906242 0.399608 0.906242 0.395769 0.891212 0.395769 0.891212 0.395769 0.891212 0.399608 0.906242 0.399608 0.906369 0.390491 0.906369 0.387941 0.891212 0.387941 0.891212 0.387941 0.891212 0.390491 0.906369 0.390491 0.906369 0.390491 0.891212 0.390491 0.891212 0.39313 0.891212 0.39313 0.906369 0.39313 0.906369 0.390491 0.906369 0.39313 0.891212 0.39313 0.891212 0.395769 0.891212 0.395769 0.906242 0.395769 0.906369 0.39313 0.871988 0.392452 0.873134 0.3944301 0.875419 0.394426 0.875419 0.394426 0.876558 0.392446 0.871988 0.392452 0.879816 0.402018 0.88533 0.392434 0.876558 0.392446 0.876558 0.392446 0.875419 0.394426 0.879816 0.402018 0.868757 0.402036 0.879816 0.402018 0.875419 0.394426 0.875419 0.394426 0.873134 0.3944301 0.868757 0.402036 0.863212 0.392465 0.868757 0.402036 0.873134 0.3944301 0.873134 0.3944301 0.871988 0.392452 0.863212 0.392465 0.86873 0.382879 0.863212 0.392465 0.871988 0.392452 0.871988 0.392452 0.873128 0.390471 0.86873 0.382879 0.879789 0.382866 0.86873 0.382879 0.873128 0.390471 0.873128 0.390471 0.875413 0.390469 0.879789 0.382866 0.88533 0.392434 0.879789 0.382866 0.875413 0.390469 0.875413 0.390469 0.876558 0.392446 0.88533 0.392434 0.946441 0.399608 0.946441 0.395769 0.906242 0.395769 0.906242 0.395769 0.906242 0.399608 0.946441 0.399608 0.946407 0.390491 0.946407 0.387941 0.906369 0.387941 0.906369 0.387941 0.906369 0.390491 0.946407 0.390491 0.946407 0.39313 0.946407 0.390491 0.906369 0.390491 0.906369 0.390491 0.906369 0.39313 0.946407 0.39313 0.946441 0.395769 0.946407 0.39313 0.906369 0.39313 0.906369 0.39313 0.906242 0.395769 0.946441 0.395769 0.946441 0.395769 0.946441 0.399608 0.961564 0.399608 0.961564 0.399608 0.961564 0.395769 0.946441 0.395769 0.946407 0.387941 0.946407 0.390491 0.961564 0.390491 0.961564 0.390491 0.961564 0.387941 0.946407 0.387941 0.946407 0.390491 0.946407 0.39313 0.961564 0.39313 0.961564 0.39313 0.961564 0.390491 0.946407 0.390491 0.946407 0.39313 0.946441 0.395769 0.961564 0.395769 0.961564 0.395769 0.961564 0.39313 0.946407 0.39313 0.978572 0.394685 0.979747 0.392643 0.975036 0.392649 0.975036 0.392649 0.976216 0.394687 0.978572 0.394685 0.975036 0.392649 0.967571 0.392658 0.972491 0.401157 0.972491 0.401157 0.976216 0.394687 0.975036 0.392649 0.976216 0.394687 0.972491 0.401157 0.982312 0.401145 0.982312 0.401145 0.978572 0.394685 0.976216 0.394687 0.978572 0.394685 0.982312 0.401145 0.987212 0.392634 0.987212 0.392634 0.979747 0.392643 0.978572 0.394685 0.979747 0.392643 0.987212 0.392634 0.982292 0.384135 0.982292 0.384135 0.978567 0.390604 0.979747 0.392643 0.978567 0.390604 0.982292 0.384135 0.972471 0.384147 0.972471 0.384147 0.976211 0.390607 0.978567 0.390604 0.976211 0.390607 0.972471 0.384147 0.967571 0.392658 0.967571 0.392658 0.975036 0.392649 0.976211 0.390607 0.977112 0.483064 0.905275 0.4832 0.905275 0.471214 0.905275 0.471214 0.977112 0.471147 0.977112 0.483064 0.977112 0.495826 0.905275 0.496034 0.905275 0.4832 0.905275 0.4832 0.977112 0.483064 0.977112 0.495826 0.977112 0.471147 0.905275 0.471214 0.905275 0.460816 0.905275 0.460816 0.977112 0.460807 0.977112 0.471147 0.97706 0.461487 0.97706 0.473206 0.905262 0.473284 0.905262 0.473284 0.905262 0.461497 0.97706 0.461487 0.97706 0.484096 0.97706 0.495721 0.905262 0.495927 0.905262 0.495927 0.905262 0.484235 0.97706 0.484096 0.97706 0.473206 0.97706 0.484096 0.905262 0.484235 0.905262 0.484235 0.905262 0.473284 0.97706 0.473206 0.905137 0.47045 0.905137 0.461017 0.976569 0.461006 0.976569 0.461006 0.976569 0.470385 0.905137 0.47045 0.905137 0.486367 0.976569 0.486212 0.976569 0.496055 0.976569 0.496055 0.905137 0.496266 0.905137 0.486367 0.905137 0.479413 0.976569 0.479298 0.976569 0.486212 0.976569 0.486212 0.905137 0.486367 0.905137 0.479413 0.905137 0.47045 0.976569 0.470385 0.976569 0.479298 0.976569 0.479298 0.905137 0.479413 0.905137 0.47045 0.905217 0.460775 0.976595 0.460759 0.976595 0.471192 0.976595 0.471192 0.905217 0.471268 0.905217 0.460775 0.905217 0.482992 0.976595 0.48285 0.976595 0.495991 0.976595 0.495991 0.905217 0.496208 0.905217 0.482992 0.905217 0.471268 0.976595 0.471192 0.976595 0.48285 0.976595 0.48285 0.905217 0.482992 0.905217 0.471268 0.977152 0.461736 0.977152 0.473387 0.905339 0.473467 0.905339 0.473467 0.905339 0.461749 0.977152 0.461736 0.977152 0.484176 0.977152 0.495691 0.905339 0.495898 0.905339 0.495898 0.905339 0.484317 0.977152 0.484176 0.977152 0.473387 0.977152 0.484176 0.905339 0.484317 0.905339 0.484317 0.905339 0.473467 0.977152 0.473387 0.905322 0.496378 0.905322 0.485476 0.976795 0.485334 0.976795 0.485334 0.976795 0.496174 0.905322 0.496378 0.905322 0.470869 0.976795 0.47081 0.976795 0.485334 0.976795 0.485334 0.905322 0.485476 0.905322 0.470869 0.905322 0.460508 0.976795 0.460508 0.976795 0.47081 0.976795 0.47081 0.905322 0.470869 0.905322 0.460508 0.921268 0.74079 0.912301 0.740781 0.851329 0.70871 0.851329 0.70871 0.921301 0.708782 0.921268 0.74079 0.988404 0.638878 0.988332 0.708851 0.921301 0.708782 0.921301 0.708782 0.921373 0.638809 0.988404 0.638878 0.988332 0.708851 0.988299 0.740858 0.921268 0.74079 0.921268 0.74079 0.921301 0.708782 0.988332 0.708851 0.977112 0.483064 0.977112 0.471147 0.905275 0.471214 0.905275 0.471214 0.905275 0.4832 0.977112 0.483064 0.977112 0.495826 0.977112 0.483064 0.905275 0.4832 0.905275 0.4832 0.905275 0.496034 0.977112 0.495826 0.977112 0.471147 0.977112 0.460807 0.905275 0.460816 0.905275 0.460816 0.905275 0.471214 0.977112 0.471147 0.97706 0.461487 0.905262 0.461497 0.905262 0.473284 0.905262 0.473284 0.97706 0.473206 0.97706 0.461487 0.97706 0.484096 0.905262 0.484235 0.905262 0.495927 0.905262 0.495927 0.97706 0.495721 0.97706 0.484096 0.97706 0.473206 0.905262 0.473284 0.905262 0.484235 0.905262 0.484235 0.97706 0.484096 0.97706 0.473206 0.905137 0.47045 0.976569 0.470385 0.976569 0.461006 0.976569 0.461006 0.905137 0.461017 0.905137 0.47045 0.905137 0.486367 0.905137 0.496266 0.976569 0.496055 0.976569 0.496055 0.976569 0.486212 0.905137 0.486367 0.905137 0.479413 0.905137 0.486367 0.976569 0.486212 0.976569 0.486212 0.976569 0.479298 0.905137 0.479413 0.905137 0.47045 0.905137 0.479413 0.976569 0.479298 0.976569 0.479298 0.976569 0.470385 0.905137 0.47045 0.905217 0.460775 0.905217 0.471268 0.976595 0.471192 0.976595 0.471192 0.976595 0.460759 0.905217 0.460775 0.905217 0.482992 0.905217 0.496208 0.976595 0.495991 0.976595 0.495991 0.976595 0.48285 0.905217 0.482992 0.905217 0.471268 0.905217 0.482992 0.976595 0.48285 0.976595 0.48285 0.976595 0.471192 0.905217 0.471268 0.977152 0.461736 0.905339 0.461749 0.905339 0.473467 0.905339 0.473467 0.977152 0.473387 0.977152 0.461736 0.977152 0.484176 0.905339 0.484317 0.905339 0.495898 0.905339 0.495898 0.977152 0.495691 0.977152 0.484176 0.977152 0.473387 0.905339 0.473467 0.905339 0.484317 0.905339 0.484317 0.977152 0.484176 0.977152 0.473387 0.905322 0.496378 0.976795 0.496174 0.976795 0.485334 0.976795 0.485334 0.905322 0.485476 0.905322 0.496378 0.905322 0.470869 0.905322 0.485476 0.976795 0.485334 0.976795 0.485334 0.976795 0.47081 0.905322 0.470869 0.905322 0.460508 0.905322 0.470869 0.976795 0.47081 0.976795 0.47081 0.976795 0.460508 0.905322 0.460508 0.921268 0.74079 0.921301 0.708782 0.851329 0.70871 0.851329 0.70871 0.912301 0.740781 0.921268 0.74079 0.988404 0.638878 0.921373 0.638809 0.921301 0.708782 0.921301 0.708782 0.988332 0.708851 0.988404 0.638878 0.988332 0.708851 0.921301 0.708782 0.921268 0.74079 0.921268 0.74079 0.988299 0.740858 0.988332 0.708851 0.984605 0.56633 0.984605 0.579425 0.958206 0.579425 0.958206 0.579425 0.958206 0.56633 0.984605 0.56633 0.984605 0.579425 0.984605 0.584786 0.958206 0.584786 0.958206 0.584786 0.958206 0.579425 0.984605 0.579425 0.958206 0.56633 0.958206 0.579425 0.924241 0.579425 0.924241 0.579425 0.924241 0.566329 0.958206 0.56633 0.958206 0.584786 0.924241 0.584786 0.924241 0.579425 0.924241 0.579425 0.958206 0.579425 0.958206 0.584786 0.924241 0.566329 0.924241 0.579425 0.895447 0.579424 0.895447 0.579424 0.895447 0.566329 0.924241 0.566329 0.924241 0.579425 0.924241 0.584786 0.895447 0.584786 0.895447 0.584786 0.895447 0.579424 0.924241 0.579425 0.984605 0.56633 0.958206 0.56633 0.958206 0.579425 0.958206 0.579425 0.984605 0.579425 0.984605 0.56633 0.984605 0.579425 0.958206 0.579425 0.958206 0.584786 0.958206 0.584786 0.984605 0.584786 0.984605 0.579425 0.958206 0.56633 0.924241 0.566329 0.924241 0.579425 0.924241 0.579425 0.958206 0.579425 0.958206 0.56633 0.958206 0.584786 0.958206 0.579425 0.924241 0.579425 0.924241 0.579425 0.924241 0.584786 0.958206 0.584786 0.924241 0.566329 0.895447 0.566329 0.895447 0.579424 0.895447 0.579424 0.924241 0.579425 0.924241 0.566329 0.924241 0.579425 0.895447 0.579424 0.895447 0.584786 0.895447 0.584786 0.924241 0.584786 0.924241 0.579425 0.985373 0.610524 0.985373 0.620319 0.94834 0.620319 0.94834 0.620319 0.94834 0.610524 0.985373 0.610524 0.94834 0.610524 0.94834 0.620319 0.91902 0.620319 0.91902 0.620319 0.91902 0.610523 0.94834 0.610524 0.94834 0.606446 0.94834 0.610524 0.91902 0.610523 0.91902 0.610523 0.91902 0.606446 0.94834 0.606446 0.893631 0.610523 0.91902 0.610523 0.91902 0.620319 0.91902 0.620319 0.893631 0.620319 0.893631 0.610523 0.91902 0.606446 0.91902 0.610523 0.893631 0.610523 0.893631 0.610523 0.893631 0.606446 0.91902 0.606446 0.985373 0.610524 0.94834 0.610524 0.94834 0.606446 0.94834 0.606446 0.985373 0.606447 0.985373 0.610524 0.985373 0.610524 0.94834 0.610524 0.94834 0.620319 0.94834 0.620319 0.985373 0.620319 0.985373 0.610524 0.94834 0.610524 0.91902 0.610523 0.91902 0.620319 0.91902 0.620319 0.94834 0.620319 0.94834 0.610524 0.94834 0.606446 0.91902 0.606446 0.91902 0.610523 0.91902 0.610523 0.94834 0.610524 0.94834 0.606446 0.893631 0.610523 0.893631 0.620319 0.91902 0.620319 0.91902 0.620319 0.91902 0.610523 0.893631 0.610523 0.91902 0.606446 0.893631 0.606446 0.893631 0.610523 0.893631 0.610523 0.91902 0.610523 0.91902 0.606446 0.985373 0.610524 0.985373 0.606447 0.94834 0.606446 0.94834 0.606446 0.94834 0.610524 0.985373 0.610524 0.15499 0.08264899 0.153764 0.06445401 0.165136 0.06795102 0.165136 0.06795102 0.161076 0.08291202 0.15499 0.08264899 0.1544499 0.02944099 0.153127 0.01292902 0.172766 0.01315599 0.172766 0.01315599 0.170429 0.032462 0.1544499 0.02944099 0.153764 0.06445401 0.154178 0.05064201 0.1677899 0.05294299 0.1677899 0.05294299 0.165136 0.06795102 0.153764 0.06445401 0.161076 0.08291202 0.165136 0.06795102 0.177588 0.07838797 0.177588 0.07838797 0.164784 0.09157097 0.161076 0.08291202 0.187225 0.059138 0.1677899 0.05294299 0.170429 0.032462 0.170429 0.032462 0.190133 0.03573298 0.187225 0.059138 0.154085 0.09424501 0.15499 0.08264899 0.161076 0.08291202 0.161076 0.08291202 0.164784 0.09157097 0.154085 0.09424501 0.154178 0.05064201 0.1544499 0.02944099 0.170429 0.032462 0.170429 0.032462 0.1677899 0.05294299 0.154178 0.05064201 0.190133 0.03573298 0.170429 0.032462 0.172766 0.01315599 0.172766 0.01315599 0.188337 0.014274 0.190133 0.03573298 0.187225 0.059138 0.177588 0.07838797 0.165136 0.06795102 0.165136 0.06795102 0.1677899 0.05294299 0.187225 0.059138 0.15499 0.08264899 0.154085 0.09424501 0.131613 0.07542198 0.131613 0.07542198 0.153764 0.06445401 0.15499 0.08264899 0.125177 0.05504399 0.125218 0.03153902 0.1544499 0.02944099 0.1544499 0.02944099 0.154178 0.05064201 0.125177 0.05504399 0.125218 0.03153902 0.128823 0.009865999 0.153127 0.01292902 0.153127 0.01292902 0.1544499 0.02944099 0.125218 0.03153902 0.154178 0.05064201 0.153764 0.06445401 0.131613 0.07542198 0.131613 0.07542198 0.125177 0.05504399 0.154178 0.05064201 0.15499 0.08264899 0.161076 0.08291202 0.165136 0.06795102 0.165136 0.06795102 0.153764 0.06445401 0.15499 0.08264899 0.1544499 0.02944099 0.170429 0.032462 0.172766 0.01315599 0.172766 0.01315599 0.153127 0.01292902 0.1544499 0.02944099 0.153764 0.06445401 0.165136 0.06795102 0.1677899 0.05294299 0.1677899 0.05294299 0.154178 0.05064201 0.153764 0.06445401 0.161076 0.08291202 0.164784 0.09157097 0.177588 0.07838797 0.177588 0.07838797 0.165136 0.06795102 0.161076 0.08291202 0.187225 0.059138 0.190133 0.03573298 0.170429 0.032462 0.170429 0.032462 0.1677899 0.05294299 0.187225 0.059138 0.154085 0.09424501 0.164784 0.09157097 0.161076 0.08291202 0.161076 0.08291202 0.15499 0.08264899 0.154085 0.09424501 0.154178 0.05064201 0.1677899 0.05294299 0.170429 0.032462 0.170429 0.032462 0.1544499 0.02944099 0.154178 0.05064201 0.190133 0.03573298 0.188337 0.014274 0.172766 0.01315599 0.172766 0.01315599 0.170429 0.032462 0.190133 0.03573298 0.187225 0.059138 0.1677899 0.05294299 0.165136 0.06795102 0.165136 0.06795102 0.177588 0.07838797 0.187225 0.059138 0.15499 0.08264899 0.153764 0.06445401 0.131613 0.07542198 0.131613 0.07542198 0.154085 0.09424501 0.15499 0.08264899 0.125177 0.05504399 0.154178 0.05064201 0.1544499 0.02944099 0.1544499 0.02944099 0.125218 0.03153902 0.125177 0.05504399 0.1544499 0.02944099 0.153127 0.01292902 0.128823 0.009865999 0.128823 0.009865999 0.125218 0.03153902 0.1544499 0.02944099 0.125177 0.05504399 0.131613 0.07542198 0.153764 0.06445401 0.153764 0.06445401 0.154178 0.05064201 0.125177 0.05504399 0.958608 0.907167 0.958608 0.921928 0.94088 0.921928 0.94088 0.921928 0.94088 0.907167 0.958608 0.907167 0.994035 0.907167 0.994035 0.921928 0.976321 0.921928 0.976321 0.921928 0.976321 0.907167 0.994035 0.907167 0.886843 0.907167 0.886843 0.921928 0.866826 0.921928 0.866826 0.921928 0.866826 0.907167 0.886843 0.907167 0.886843 0.921928 0.886843 0.907167 0.904998 0.907167 0.904998 0.907167 0.904998 0.921928 0.886843 0.921928 0.958608 0.921928 0.958608 0.907167 0.94088 0.907167 0.94088 0.907167 0.94088 0.921928 0.958608 0.921928 0.994035 0.921928 0.994035 0.907167 0.976321 0.907167 0.976321 0.907167 0.976321 0.921928 0.994035 0.921928 0.866826 0.921928 0.886843 0.921928 0.886843 0.907167 0.886843 0.907167 0.866826 0.907167 0.866826 0.921928 0.904998 0.907167 0.886843 0.907167 0.886843 0.921928 0.886843 0.921928 0.904998 0.921928 0.904998 0.907167 0.875419 0.394426 0.873134 0.3944301 0.871988 0.392452 0.871988 0.392452 0.876558 0.392446 0.875419 0.394426 0.976211 0.390607 0.978567 0.390604 0.979747 0.392643 0.979747 0.392643 0.975036 0.392649 0.976211 0.390607 0.875419 0.394426 0.873134 0.3944301 0.871988 0.392452 0.871988 0.392452 0.876558 0.392446 0.875419 0.394426 0.976211 0.390607 0.978567 0.390604 0.979747 0.392643 0.979747 0.392643 0.975036 0.392649 0.976211 0.390607 0.875419 0.394426 0.873134 0.3944301 0.871988 0.392452 0.871988 0.392452 0.876558 0.392446 0.875419 0.394426 0.976211 0.390607 0.978567 0.390604 0.979747 0.392643 0.979747 0.392643 0.975036 0.392649 0.976211 0.390607 0.875413 0.390469 0.873128 0.390471 0.871988 0.392452 0.871988 0.392452 0.876558 0.392446 0.875413 0.390469 0.978567 0.390604 0.976211 0.390607 0.975036 0.392649 0.975036 0.392649 0.979747 0.392643 0.978567 0.390604 0.875413 0.390469 0.873128 0.390471 0.871988 0.392452 0.871988 0.392452 0.876558 0.392446 0.875413 0.390469 0.978567 0.390604 0.976211 0.390607 0.975036 0.392649 0.975036 0.392649 0.979747 0.392643 0.978567 0.390604 0.354726 0.428767 0.416582 0.46635 0.355216 0.461196 0.466415 0.491632 0.467013 0.477826 0.50298 0.488996 0.50298 0.488996 0.485904 0.496023 0.466415 0.491632 0.467013 0.477826 0.416582 0.46635 0.494016 0.436122 0.416582 0.46635 0.417216 0.482383 0.354704 0.477932 0.354704 0.477932 0.355216 0.461196 0.416582 0.46635 0.467013 0.477826 0.466415 0.491632 0.417216 0.482383 0.417216 0.482383 0.416582 0.46635 0.467013 0.477826 0.494016 0.436122 0.50298 0.488996 0.467013 0.477826 0.354726 0.428767 0.354506 0.36361 0.488286 0.368009 0.488286 0.368009 0.494016 0.436122 0.354726 0.428767 0.355216 0.461196 0.293318 0.466687 0.354726 0.428767 0.243039 0.478635 0.2444649 0.488675 0.222308 0.495466 0.222308 0.495466 0.207203 0.490103 0.243039 0.478635 0.243039 0.478635 0.215713 0.437101 0.293318 0.466687 0.354704 0.477932 0.292818 0.482737 0.293318 0.466687 0.293318 0.466687 0.355216 0.461196 0.354704 0.477932 0.292818 0.482737 0.2444649 0.488675 0.243039 0.478635 0.243039 0.478635 0.293318 0.466687 0.292818 0.482737 0.215713 0.437101 0.243039 0.478635 0.207203 0.490103 0.354506 0.36361 0.354726 0.428767 0.215713 0.437101 0.215713 0.437101 0.220805 0.369036 0.354506 0.36361 0.412791 0.1853439 0.407586 0.1651 0.431515 0.164259 0.431515 0.164259 0.446252 0.183233 0.412791 0.1853439 0.469198 0.14586 0.464159 0.169785 0.442393 0.1588979 0.442393 0.1588979 0.441756 0.146784 0.469198 0.14586 0.421233 0.07662999 0.456579 0.1148089 0.430923 0.1297799 0.430923 0.1297799 0.401338 0.09689301 0.421233 0.07662999 0.412791 0.1853439 0.418119 0.2098029 0.354019 0.2134709 0.354019 0.2134709 0.353829 0.1853219 0.412791 0.1853439 0.522584 0.192798 0.554145 0.198215 0.543544 0.2364709 0.543544 0.2364709 0.514489 0.228627 0.522584 0.192798 0.536321 0.318306 0.542817 0.358792 0.516146 0.366307 0.516146 0.366307 0.511357 0.315665 0.536321 0.318306 0.593592 0.415098 0.589028 0.51948 0.528737 0.461371 0.528737 0.461371 0.559628 0.394262 0.593592 0.415098 0.516146 0.366307 0.542817 0.358792 0.559628 0.394262 0.559628 0.394262 0.528737 0.461371 0.516146 0.366307 0.589028 0.51948 0.593592 0.415098 0.65529 0.42142 0.65529 0.42142 0.659378 0.517401 0.589028 0.51948 0.65529 0.42142 0.67626 0.42049 0.682847 0.514933 0.682847 0.514933 0.659378 0.517401 0.65529 0.42142 0.673806 0.667216 0.675187 0.707006 0.608659 0.727664 0.608659 0.727664 0.59349 0.657569 0.673806 0.667216 0.568436 0.8132 0.577281 0.857333 0.52606 0.871431 0.52606 0.871431 0.52799 0.808031 0.568436 0.8132 0.567133 0.950723 0.521841 0.93835 0.52606 0.871431 0.567133 0.950723 0.52606 0.871431 0.577281 0.857333 0.567133 0.950723 0.577281 0.857333 0.610392 0.894641 0.589097 0.968114 0.567133 0.950723 0.610392 0.894641 0.610392 0.894641 0.642565 0.909209 0.589097 0.968114 0.646784 0.196967 0.619119 0.241168 0.606847 0.1607329 0.606847 0.1607329 0.633784 0.1535339 0.646784 0.196967 0.568436 0.8132 0.52799 0.808031 0.535518 0.736185 0.535518 0.736185 0.576591 0.76478 0.568436 0.8132 0.59349 0.657569 0.68006 0.638564 0.673806 0.667216 0.535518 0.736185 0.59349 0.657569 0.608659 0.727664 0.608659 0.727664 0.576591 0.76478 0.535518 0.736185 0.528008 0.158576 0.494433 0.117434 0.541504 0.1071069 0.541504 0.1071069 0.559226 0.156682 0.528008 0.158576 0.494433 0.117434 0.437405 0.06179004 0.487937 0.03796297 0.491516 0.183632 0.499382 0.150049 0.528008 0.158576 0.528008 0.158576 0.522584 0.192798 0.491516 0.183632 0.353829 0.1853219 0.353752 0.163352 0.407586 0.1651 0.407586 0.1651 0.412791 0.1853439 0.353829 0.1853219 0.559226 0.156682 0.554145 0.198215 0.522584 0.192798 0.522584 0.192798 0.528008 0.158576 0.559226 0.156682 0.446252 0.183233 0.431515 0.164259 0.442393 0.1588979 0.442393 0.1588979 0.464159 0.169785 0.446252 0.183233 0.514489 0.228627 0.480348 0.2069 0.491516 0.183632 0.491516 0.183632 0.522584 0.192798 0.514489 0.228627 0.491516 0.183632 0.480348 0.2069 0.446252 0.183233 0.446252 0.183233 0.464159 0.169785 0.491516 0.183632 0.442393 0.1588979 0.431515 0.164259 0.427384 0.156921 0.427384 0.156921 0.43404 0.15404 0.442393 0.1588979 0.432558 0.147062 0.441756 0.146784 0.442393 0.1588979 0.442393 0.1588979 0.43404 0.15404 0.432558 0.147062 0.407586 0.1651 0.405996 0.157984 0.427384 0.156921 0.427384 0.156921 0.431515 0.164259 0.407586 0.1651 0.396142 0.102759 0.401338 0.09689301 0.430923 0.1297799 0.430923 0.1297799 0.42454 0.1342279 0.396142 0.102759 0.405996 0.157984 0.407586 0.1651 0.353752 0.163352 0.353752 0.163352 0.353723 0.1563829 0.405996 0.157984 0.3543 0.276693 0.418119 0.2098029 0.473645 0.2436109 0.473645 0.2436109 0.483858 0.308054 0.3543 0.276693 0.483858 0.308054 0.473645 0.2436109 0.512138 0.267087 0.512138 0.267087 0.511357 0.315665 0.483858 0.308054 0.488286 0.368009 0.483858 0.308054 0.511357 0.315665 0.511357 0.315665 0.516146 0.366307 0.488286 0.368009 0.488286 0.368009 0.516146 0.366307 0.528737 0.461371 0.528737 0.461371 0.494016 0.436122 0.488286 0.368009 0.528737 0.461371 0.50298 0.488996 0.494016 0.436122 0.59349 0.657569 0.539408 0.6537711 0.538723 0.565599 0.538723 0.565599 0.589028 0.51948 0.59349 0.657569 0.538723 0.565599 0.528737 0.461371 0.589028 0.51948 0.51952 0.565997 0.50298 0.488996 0.528737 0.461371 0.528737 0.461371 0.538723 0.565599 0.51952 0.565997 0.405599 0.535614 0.406883 0.527962 0.444445 0.543943 0.444445 0.543943 0.44498 0.553132 0.405599 0.535614 0.539408 0.6537711 0.515475 0.65454 0.51952 0.565997 0.51952 0.565997 0.538723 0.565599 0.539408 0.6537711 0.539408 0.6537711 0.535518 0.736185 0.490499 0.732796 0.439341 0.942512 0.444986 0.972151 0.357251 0.971209 0.357251 0.971209 0.357129 0.939958 0.439341 0.942512 0.51962 0.97013 0.489844 0.972444 0.488434 0.937364 0.488434 0.937364 0.521841 0.93835 0.51962 0.97013 0.571509 0.978316 0.556093 0.968182 0.567133 0.950723 0.567133 0.950723 0.589097 0.968114 0.571509 0.978316 0.768834 0.263879 0.673677 0.262223 0.671363 0.237168 0.671363 0.237168 0.768834 0.2395949 0.768834 0.263879 0.622471 0.263461 0.69939 0.278303 0.605509 0.274914 0.69939 0.278303 0.673677 0.262223 0.768834 0.263879 0.768834 0.263879 0.768834 0.280151 0.69939 0.278303 0.768834 0.212396 0.768834 0.2395949 0.671363 0.237168 0.671363 0.237168 0.675201 0.2076309 0.768834 0.212396 0.675201 0.2076309 0.619119 0.241168 0.646784 0.196967 0.488558 0.874328 0.493911 0.805635 0.52799 0.808031 0.52799 0.808031 0.52606 0.871431 0.488558 0.874328 0.488558 0.874328 0.52606 0.871431 0.521841 0.93835 0.521841 0.93835 0.488434 0.937364 0.488558 0.874328 0.452202 0.809152 0.356921 0.884411 0.356305 0.789557 0.52799 0.808031 0.493911 0.805635 0.535518 0.736185 0.442766 0.58974 0.443087 0.650599 0.404837 0.64746 0.404837 0.64746 0.403793 0.582448 0.442766 0.58974 0.443524 0.559929 0.442766 0.58974 0.403793 0.582448 0.403793 0.582448 0.40423 0.545996 0.443524 0.559929 0.442766 0.58974 0.443524 0.559929 0.461183 0.575987 0.443087 0.650599 0.45212 0.734276 0.394079 0.729101 0.394079 0.729101 0.404837 0.64746 0.443087 0.650599 0.40423 0.545996 0.405599 0.535614 0.44498 0.553132 0.44498 0.553132 0.443524 0.559929 0.40423 0.545996 0.499382 0.150049 0.491516 0.183632 0.464159 0.169785 0.464159 0.169785 0.469198 0.14586 0.499382 0.150049 0.437405 0.06179004 0.494433 0.117434 0.456579 0.1148089 0.456579 0.1148089 0.421233 0.07662999 0.437405 0.06179004 0.372601 0.01802003 0.376139 0.01016402 0.400232 0.026335 0.400232 0.026335 0.39478 0.03399002 0.372601 0.01802003 0.372601 0.01802003 0.39478 0.03399002 0.386317 0.05908697 0.386317 0.05908697 0.351499 0.02898502 0.372601 0.01802003 0.307968 0.03194499 0.304154 0.02336698 0.332351 0.009424984 0.332351 0.009424984 0.334105 0.01659899 0.307968 0.03194499 0.30952 0.05503201 0.307968 0.03194499 0.334105 0.01659899 0.334105 0.01659899 0.351499 0.02898502 0.30952 0.05503201 0.333654 0.08008599 0.30952 0.05503201 0.351499 0.02898502 0.351499 0.02898502 0.349983 0.041933 0.333654 0.08008599 0.360512 0.005945026 0.355974 0.01285201 0.354001 0.006172001 0.346961 0.01392 0.346147 0.00732702 0.354001 0.006172001 0.354001 0.006172001 0.355974 0.01285201 0.346961 0.01392 0.360512 0.005945026 0.376139 0.01016402 0.372601 0.01802003 0.372601 0.01802003 0.355974 0.01285201 0.360512 0.005945026 0.346961 0.01392 0.355974 0.01285201 0.351499 0.02898502 0.372601 0.01802003 0.351499 0.02898502 0.355974 0.01285201 0.333654 0.08008599 0.349983 0.041933 0.360975 0.08027702 0.354506 0.36361 0.3543 0.276693 0.483858 0.308054 0.483858 0.308054 0.488286 0.368009 0.354506 0.36361 0.511357 0.315665 0.512138 0.267087 0.536874 0.280994 0.536874 0.280994 0.536321 0.318306 0.511357 0.315665 0.59349 0.657569 0.589028 0.51948 0.659378 0.517401 0.659378 0.517401 0.68006 0.638564 0.59349 0.657569 0.463772 0.649441 0.443087 0.650599 0.442766 0.58974 0.442766 0.58974 0.461183 0.575987 0.463772 0.649441 0.691646 0.62643 0.68006 0.638564 0.659378 0.517401 0.659378 0.517401 0.682847 0.514933 0.691646 0.62643 0.673677 0.262223 0.69939 0.278303 0.622471 0.263461 0.656112 0.360983 0.596952 0.365403 0.681119 0.296691 0.489844 0.972444 0.444986 0.972151 0.439341 0.942512 0.439341 0.942512 0.488434 0.937364 0.489844 0.972444 0.488434 0.937364 0.439341 0.942512 0.441371 0.876388 0.441371 0.876388 0.488558 0.874328 0.488434 0.937364 0.452202 0.809152 0.493911 0.805635 0.488558 0.874328 0.488558 0.874328 0.441371 0.876388 0.452202 0.809152 0.490499 0.732796 0.452202 0.809152 0.45212 0.734276 0.443524 0.559929 0.44498 0.553132 0.461183 0.575987 0.490499 0.732796 0.535518 0.736185 0.493911 0.805635 0.539408 0.6537711 0.59349 0.657569 0.535518 0.736185 0.79761 0.417065 0.843728 0.433274 0.764976 0.442218 0.764976 0.442218 0.757809 0.421363 0.79761 0.417065 0.456579 0.1148089 0.469198 0.14586 0.441756 0.146784 0.441756 0.146784 0.430923 0.1297799 0.456579 0.1148089 0.499382 0.150049 0.494433 0.117434 0.528008 0.158576 0.499382 0.150049 0.469198 0.14586 0.456579 0.1148089 0.456579 0.1148089 0.494433 0.117434 0.499382 0.150049 0.430923 0.1297799 0.441756 0.146784 0.432558 0.147062 0.432558 0.147062 0.42454 0.1342279 0.430923 0.1297799 0.332351 0.009424984 0.346147 0.00732702 0.346961 0.01392 0.346961 0.01392 0.334105 0.01659899 0.332351 0.009424984 0.346961 0.01392 0.351499 0.02898502 0.334105 0.01659899 0.349983 0.041933 0.351499 0.02898502 0.386317 0.05908697 0.386317 0.05908697 0.360975 0.08027702 0.349983 0.041933 0.514489 0.228627 0.543544 0.2364709 0.536874 0.280994 0.536874 0.280994 0.512138 0.267087 0.514489 0.228627 0.884988 0.438978 0.888683 0.478097 0.842841 0.476402 0.842841 0.476402 0.843728 0.433274 0.884988 0.438978 0.567133 0.950723 0.556093 0.968182 0.51962 0.97013 0.51962 0.97013 0.521841 0.93835 0.567133 0.950723 0.671363 0.237168 0.673677 0.262223 0.622471 0.263461 0.622471 0.263461 0.619119 0.241168 0.671363 0.237168 0.461183 0.575987 0.44498 0.553132 0.50298 0.488996 0.50298 0.488996 0.51952 0.565997 0.461183 0.575987 0.50298 0.488996 0.44498 0.553132 0.444445 0.543943 0.444445 0.543943 0.485904 0.496023 0.50298 0.488996 0.463772 0.649441 0.51952 0.565997 0.515475 0.65454 0.463772 0.649441 0.461183 0.575987 0.51952 0.565997 0.463772 0.649441 0.515475 0.65454 0.490499 0.732796 0.490499 0.732796 0.45212 0.734276 0.463772 0.649441 0.463772 0.649441 0.45212 0.734276 0.443087 0.650599 0.406883 0.527962 0.405599 0.535614 0.355588 0.530398 0.355588 0.530398 0.355677 0.521904 0.406883 0.527962 0.355726 0.541805 0.355588 0.530398 0.405599 0.535614 0.405599 0.535614 0.40423 0.545996 0.355726 0.541805 0.354019 0.2134709 0.418119 0.2098029 0.3543 0.276693 0.490499 0.732796 0.515475 0.65454 0.539408 0.6537711 0.356921 0.884411 0.441371 0.876388 0.439341 0.942512 0.439341 0.942512 0.357129 0.939958 0.356921 0.884411 0.452202 0.809152 0.394079 0.729101 0.45212 0.734276 0.768834 0.322995 0.692452 0.323527 0.69939 0.278303 0.69939 0.278303 0.768834 0.280151 0.768834 0.322995 0.563798 0.346725 0.552069 0.301658 0.681119 0.296691 0.681119 0.296691 0.596952 0.365403 0.563798 0.346725 0.452202 0.809152 0.441371 0.876388 0.356921 0.884411 0.403793 0.582448 0.404837 0.64746 0.356052 0.645555 0.356052 0.645555 0.355939 0.579281 0.403793 0.582448 0.40423 0.545996 0.403793 0.582448 0.355939 0.579281 0.355939 0.579281 0.355726 0.541805 0.40423 0.545996 0.404837 0.64746 0.394079 0.729101 0.356192 0.728814 0.356192 0.728814 0.356052 0.645555 0.404837 0.64746 0.356305 0.789557 0.356192 0.728814 0.394079 0.729101 0.294907 0.1858869 0.261389 0.1840289 0.276038 0.164906 0.276038 0.164906 0.299956 0.1655859 0.294907 0.1858869 0.238242 0.1467779 0.265688 0.147517 0.265131 0.1596289 0.265131 0.1596289 0.2434459 0.170665 0.238242 0.1467779 0.285746 0.077232 0.305775 0.09736198 0.276409 0.1304439 0.276409 0.1304439 0.250654 0.1156449 0.285746 0.077232 0.294907 0.1858869 0.353829 0.1853219 0.354019 0.2134709 0.354019 0.2134709 0.289913 0.210357 0.294907 0.1858869 0.185189 0.1940799 0.193532 0.229843 0.164534 0.237896 0.164534 0.237896 0.1536639 0.199715 0.185189 0.1940799 0.172315 0.319695 0.197243 0.316855 0.192919 0.367561 0.192919 0.367561 0.16617 0.360279 0.172315 0.319695 0.115886 0.417111 0.149669 0.395923 0.181205 0.462732 0.181205 0.462732 0.121501 0.521439 0.115886 0.417111 0.192919 0.367561 0.181205 0.462732 0.149669 0.395923 0.149669 0.395923 0.16617 0.360279 0.192919 0.367561 0.118474 0.659547 0.103979 0.729805 0.03726798 0.709826 0.03726798 0.709826 0.03824996 0.670027 0.118474 0.659547 0.1450279 0.814802 0.1854 0.809305 0.187754 0.872715 0.187754 0.872715 0.136447 0.85901 0.1450279 0.814802 0.103606 0.896597 0.136447 0.85901 0.187754 0.872715 0.103606 0.896597 0.187754 0.872715 0.19246 0.939691 0.103606 0.896597 0.19246 0.939691 0.147281 0.952376 0.103606 0.896597 0.147281 0.952376 0.12544 0.969919 0.12544 0.969919 0.07154399 0.911407 0.103606 0.896597 0.890885 0.196967 0.903886 0.153535 0.930823 0.160735 0.930823 0.160735 0.918549 0.2411689 0.890885 0.196967 0.1450279 0.814802 0.1364949 0.766572 0.177205 0.737521 0.177205 0.737521 0.1854 0.809305 0.1450279 0.814802 0.03824996 0.670027 0.03171098 0.641451 0.118474 0.659547 0.177205 0.737521 0.1364949 0.766572 0.103979 0.729805 0.103979 0.729805 0.118474 0.659547 0.177205 0.737521 0.179525 0.159897 0.148295 0.1582149 0.1656799 0.108518 0.1656799 0.108518 0.2128199 0.118525 0.179525 0.159897 0.2128199 0.118525 0.218782 0.03901201 0.269474 0.0625 0.216196 0.1847 0.185189 0.1940799 0.179525 0.159897 0.179525 0.159897 0.208091 0.1511729 0.216196 0.1847 0.353829 0.1853219 0.294907 0.1858869 0.299956 0.1655859 0.299956 0.1655859 0.353752 0.163352 0.353829 0.1853219 0.148295 0.1582149 0.179525 0.159897 0.185189 0.1940799 0.185189 0.1940799 0.1536639 0.199715 0.148295 0.1582149 0.261389 0.1840289 0.2434459 0.170665 0.265131 0.1596289 0.265131 0.1596289 0.276038 0.164906 0.261389 0.1840289 0.193532 0.229843 0.185189 0.1940799 0.216196 0.1847 0.216196 0.1847 0.227501 0.207902 0.193532 0.229843 0.216196 0.1847 0.2434459 0.170665 0.261389 0.1840289 0.261389 0.1840289 0.227501 0.207902 0.216196 0.1847 0.265131 0.1596289 0.273449 0.1547139 0.280115 0.1575419 0.280115 0.1575419 0.276038 0.164906 0.265131 0.1596289 0.274887 0.1477339 0.273449 0.1547139 0.265131 0.1596289 0.265131 0.1596289 0.265688 0.147517 0.274887 0.1477339 0.299956 0.1655859 0.276038 0.164906 0.280115 0.1575419 0.280115 0.1575419 0.30149 0.158455 0.299956 0.1655859 0.31101 0.1031929 0.282821 0.13485 0.276409 0.1304439 0.276409 0.1304439 0.305775 0.09736198 0.31101 0.1031929 0.30149 0.158455 0.353723 0.1563829 0.353752 0.163352 0.353752 0.163352 0.299956 0.1655859 0.30149 0.158455 0.3543 0.276693 0.224547 0.308944 0.23448 0.2445639 0.23448 0.2445639 0.289913 0.210357 0.3543 0.276693 0.224547 0.308944 0.197243 0.316855 0.196026 0.268351 0.196026 0.268351 0.23448 0.2445639 0.224547 0.308944 0.220805 0.369036 0.192919 0.367561 0.197243 0.316855 0.197243 0.316855 0.224547 0.308944 0.220805 0.369036 0.220805 0.369036 0.215713 0.437101 0.181205 0.462732 0.181205 0.462732 0.192919 0.367561 0.220805 0.369036 0.181205 0.462732 0.215713 0.437101 0.207203 0.490103 0.118474 0.659547 0.121501 0.521439 0.172229 0.5670281 0.172229 0.5670281 0.172802 0.655145 0.118474 0.659547 0.172229 0.5670281 0.121501 0.521439 0.181205 0.462732 0.191569 0.5671851 0.172229 0.5670281 0.181205 0.462732 0.181205 0.462732 0.207203 0.490103 0.191569 0.5671851 0.302825 0.527505 0.306572 0.535956 0.26632 0.55327 0.26632 0.55327 0.268587 0.5443 0.302825 0.527505 0.172802 0.655145 0.172229 0.5670281 0.191569 0.5671851 0.191569 0.5671851 0.196737 0.655576 0.172802 0.655145 0.172802 0.655145 0.222118 0.733702 0.177205 0.737521 0.275035 0.942709 0.357129 0.939958 0.357251 0.971209 0.357251 0.971209 0.269798 0.972401 0.275035 0.942709 0.195008 0.971529 0.19246 0.939691 0.225858 0.93857 0.225858 0.93857 0.2250429 0.973569 0.195008 0.971529 0.143096 0.98 0.12544 0.969919 0.147281 0.952376 0.147281 0.952376 0.158443 0.969768 0.143096 0.98 0.768834 0.263879 0.768834 0.2395949 0.866305 0.237168 0.866305 0.237168 0.863991 0.262223 0.768834 0.263879 0.932157 0.274916 0.838326 0.278325 0.915196 0.263462 0.838326 0.278325 0.768834 0.280151 0.768834 0.263879 0.768834 0.263879 0.863991 0.262223 0.838326 0.278325 0.862468 0.2076309 0.866305 0.237168 0.768834 0.2395949 0.768834 0.2395949 0.768834 0.212396 0.862468 0.2076309 0.862468 0.2076309 0.918549 0.2411689 0.866305 0.237168 0.225167 0.87531 0.187754 0.872715 0.1854 0.809305 0.1854 0.809305 0.219367 0.806599 0.225167 0.87531 0.225167 0.87531 0.225858 0.93857 0.19246 0.939691 0.19246 0.939691 0.187754 0.872715 0.225167 0.87531 0.260861 0.809625 0.356305 0.789557 0.356921 0.884411 0.268965 0.590036 0.30803 0.582636 0.307251 0.647615 0.307251 0.647615 0.268949 0.650893 0.268965 0.590036 0.267899 0.560164 0.307267 0.546235 0.30803 0.582636 0.30803 0.582636 0.268965 0.590036 0.267899 0.560164 0.268965 0.590036 0.25029 0.576425 0.267899 0.560164 0.268949 0.650893 0.307251 0.647615 0.31831 0.729167 0.31831 0.729167 0.260308 0.734766 0.268949 0.650893 0.307267 0.546235 0.267899 0.560164 0.26632 0.55327 0.26632 0.55327 0.306572 0.535956 0.307267 0.546235 0.208091 0.1511729 0.238242 0.1467779 0.2434459 0.170665 0.2434459 0.170665 0.216196 0.1847 0.208091 0.1511729 0.269474 0.0625 0.285746 0.077232 0.250654 0.1156449 0.250654 0.1156449 0.2128199 0.118525 0.269474 0.0625 0.372645 0.018009 0.394824 0.03397899 0.400276 0.02632397 0.400276 0.02632397 0.376183 0.01015299 0.372645 0.018009 0.372645 0.018009 0.351542 0.02897399 0.38636 0.05907702 0.38636 0.05907702 0.394824 0.03397899 0.372645 0.018009 0.308012 0.03193402 0.334149 0.01658803 0.332395 0.009414017 0.332395 0.009414017 0.304198 0.02335602 0.308012 0.03193402 0.309564 0.05502098 0.351542 0.02897399 0.334149 0.01658803 0.334149 0.01658803 0.308012 0.03193402 0.309564 0.05502098 0.333698 0.08007502 0.350026 0.04192197 0.351542 0.02897399 0.351542 0.02897399 0.309564 0.05502098 0.333698 0.08007502 0.360556 0.005935013 0.354045 0.006161987 0.356018 0.01284199 0.347005 0.01390999 0.356018 0.01284199 0.354045 0.006161987 0.354045 0.006161987 0.346191 0.007315993 0.347005 0.01390999 0.360556 0.005935013 0.356018 0.01284199 0.372645 0.018009 0.372645 0.018009 0.376183 0.01015299 0.360556 0.005935013 0.351542 0.02897399 0.356018 0.01284199 0.347005 0.01390999 0.372645 0.018009 0.356018 0.01284199 0.351542 0.02897399 0.333698 0.08007502 0.361019 0.08026599 0.350026 0.04192197 0.354506 0.36361 0.220805 0.369036 0.224547 0.308944 0.224547 0.308944 0.3543 0.276693 0.354506 0.36361 0.197243 0.316855 0.172315 0.319695 0.171526 0.282369 0.171526 0.282369 0.196026 0.268351 0.197243 0.316855 0.05104994 0.520082 0.121501 0.521439 0.118474 0.659547 0.118474 0.659547 0.03171098 0.641451 0.05104994 0.520082 0.248239 0.649946 0.25029 0.576425 0.268965 0.590036 0.268965 0.590036 0.268949 0.650893 0.248239 0.649946 0.01999998 0.629445 0.02764099 0.5178601 0.05104994 0.520082 0.05104994 0.520082 0.03171098 0.641451 0.01999998 0.629445 0.863991 0.262223 0.915196 0.263462 0.838326 0.278325 0.883659 0.360724 0.858719 0.296461 0.942818 0.365145 0.2250429 0.973569 0.225858 0.93857 0.275035 0.942709 0.275035 0.942709 0.269798 0.972401 0.2250429 0.973569 0.225858 0.93857 0.225167 0.87531 0.272319 0.876851 0.272319 0.876851 0.275035 0.942709 0.225858 0.93857 0.260861 0.809625 0.272319 0.876851 0.225167 0.87531 0.225167 0.87531 0.219367 0.806599 0.260861 0.809625 0.222118 0.733702 0.260308 0.734766 0.260861 0.809625 0.25029 0.576425 0.26632 0.55327 0.267899 0.560164 0.177205 0.737521 0.219367 0.806599 0.1854 0.809305 0.172802 0.655145 0.177205 0.737521 0.118474 0.659547 0.794424 0.341606 0.834464 0.346583 0.826573 0.367152 0.826573 0.367152 0.747924 0.355933 0.794424 0.341606 0.250654 0.1156449 0.276409 0.1304439 0.265688 0.147517 0.265688 0.147517 0.238242 0.1467779 0.250654 0.1156449 0.208091 0.1511729 0.179525 0.159897 0.2128199 0.118525 0.208091 0.1511729 0.2128199 0.118525 0.250654 0.1156449 0.250654 0.1156449 0.238242 0.1467779 0.208091 0.1511729 0.276409 0.1304439 0.282821 0.13485 0.274887 0.1477339 0.274887 0.1477339 0.265688 0.147517 0.276409 0.1304439 0.332395 0.009414017 0.334149 0.01658803 0.347005 0.01390999 0.347005 0.01390999 0.346191 0.007315993 0.332395 0.009414017 0.347005 0.01390999 0.334149 0.01658803 0.351542 0.02897399 0.350026 0.04192197 0.361019 0.08026599 0.38636 0.05907702 0.38636 0.05907702 0.351542 0.02897399 0.350026 0.04192197 0.193532 0.229843 0.196026 0.268351 0.171526 0.282369 0.171526 0.282369 0.164534 0.237896 0.193532 0.229843 0.706715 0.360423 0.747924 0.355933 0.747801 0.398846 0.747801 0.398846 0.702006 0.399436 0.706715 0.360423 0.147281 0.952376 0.19246 0.939691 0.195008 0.971529 0.195008 0.971529 0.158443 0.969768 0.147281 0.952376 0.866305 0.237168 0.918549 0.2411689 0.915196 0.263462 0.915196 0.263462 0.863991 0.262223 0.866305 0.237168 0.25029 0.576425 0.191569 0.5671851 0.207203 0.490103 0.207203 0.490103 0.26632 0.55327 0.25029 0.576425 0.222308 0.495466 0.268587 0.5443 0.26632 0.55327 0.26632 0.55327 0.207203 0.490103 0.222308 0.495466 0.248239 0.649946 0.196737 0.655576 0.191569 0.5671851 0.248239 0.649946 0.191569 0.5671851 0.25029 0.576425 0.248239 0.649946 0.260308 0.734766 0.222118 0.733702 0.222118 0.733702 0.196737 0.655576 0.248239 0.649946 0.248239 0.649946 0.268949 0.650893 0.260308 0.734766 0.355677 0.521904 0.355588 0.530398 0.306572 0.535956 0.306572 0.535956 0.302825 0.527505 0.355677 0.521904 0.355726 0.541805 0.307267 0.546235 0.306572 0.535956 0.306572 0.535956 0.355588 0.530398 0.355726 0.541805 0.354019 0.2134709 0.3543 0.276693 0.289913 0.210357 0.222118 0.733702 0.172802 0.655145 0.196737 0.655576 0.356921 0.884411 0.357129 0.939958 0.275035 0.942709 0.275035 0.942709 0.272319 0.876851 0.356921 0.884411 0.260861 0.809625 0.31831 0.729167 0.356305 0.789557 0.768834 0.322995 0.768834 0.280151 0.838326 0.278325 0.838326 0.278325 0.845215 0.323527 0.768834 0.322995 0.975971 0.346468 0.858719 0.296461 0.987702 0.301401 0.858719 0.296461 0.975971 0.346468 0.942818 0.365145 0.260861 0.809625 0.356921 0.884411 0.272319 0.876851 0.30803 0.582636 0.355939 0.579281 0.356052 0.645555 0.356052 0.645555 0.307251 0.647615 0.30803 0.582636 0.307267 0.546235 0.355726 0.541805 0.355939 0.579281 0.355939 0.579281 0.30803 0.582636 0.307267 0.546235 0.307251 0.647615 0.356052 0.645555 0.356192 0.728814 0.356192 0.728814 0.31831 0.729167 0.307251 0.647615 0.356305 0.789557 0.31831 0.729167 0.356192 0.728814 0.764976 0.442218 0.843728 0.433274 0.842841 0.476402 0.747801 0.398846 0.747924 0.355933 0.826573 0.367152 0.121501 0.521439 0.05104994 0.520082 0.05424696 0.424062 0.05424696 0.424062 0.115886 0.417111 0.121501 0.521439 0.05424696 0.424062 0.05104994 0.520082 0.02764099 0.5178601 0.02764099 0.5178601 0.03326696 0.423345 0.05424696 0.424062 0.675201 0.2076309 0.671363 0.237168 0.619119 0.241168 0.862468 0.2076309 0.890885 0.196967 0.918549 0.2411689 0.494433 0.117434 0.487937 0.03796297 0.541504 0.1071069 0.1656799 0.108518 0.218782 0.03901201 0.2128199 0.118525 0.215713 0.437101 0.354726 0.428767 0.293318 0.466687 0.416582 0.46635 0.354726 0.428767 0.494016 0.436122 0.177205 0.737521 0.222118 0.733702 0.219367 0.806599 0.222118 0.733702 0.260861 0.809625 0.219367 0.806599 0.493911 0.805635 0.452202 0.809152 0.490499 0.732796 0.452202 0.809152 0.356305 0.789557 0.394079 0.729101 0.260861 0.809625 0.260308 0.734766 0.31831 0.729167 0.871339 0.988171 0.848016 0.988171 0.848016 0.93067 0.848016 0.93067 0.871339 0.93067 0.871339 0.988171 0.894598 0.988171 0.871339 0.988171 0.871339 0.93067 0.871339 0.93067 0.894598 0.93067 0.894598 0.988171 0.91785 0.988171 0.894598 0.988171 0.894598 0.93067 0.894598 0.93067 0.91785 0.93067 0.91785 0.988171 0.941113 0.988171 0.91785 0.988171 0.91785 0.93067 0.91785 0.93067 0.941113 0.93067 0.941113 0.988171 0.964367 0.988171 0.941113 0.988171 0.941113 0.93067 0.941113 0.93067 0.964368 0.93067 0.964367 0.988171 0.987551 0.988171 0.964367 0.988171 0.964368 0.93067 0.964368 0.93067 0.987551 0.93067 0.987551 0.988171 0.871207 0.988171 0.848016 0.988171 0.848016 0.93067 0.848016 0.93067 0.871207 0.93067 0.871207 0.988171 0.894459 0.988171 0.871207 0.988171 0.871207 0.93067 0.871207 0.93067 0.894459 0.93067 0.894459 0.988171 0.89459 0.988171 0.89459 0.93067 0.917853 0.93067 0.917853 0.93067 0.917853 0.988171 0.89459 0.988171 0.917853 0.988171 0.917853 0.93067 0.941108 0.93067 0.941108 0.93067 0.941108 0.988171 0.917853 0.988171 0.941108 0.988171 0.941108 0.93067 0.964367 0.93067 0.964367 0.93067 0.964367 0.988171 0.941108 0.988171 0.964367 0.988171 0.964367 0.93067 0.987551 0.93067 0.987551 0.93067 0.987551 0.988171 0.964367 0.988171 0.894459 0.988171 0.894459 0.93067 0.917714 0.93067 0.917714 0.93067 0.917714 0.988171 0.894459 0.988171 0.917714 0.988171 0.917714 0.93067 0.940964 0.93067 0.940964 0.93067 0.940964 0.988171 0.917714 0.988171 0.940964 0.988171 0.940964 0.93067 0.964218 0.93067 0.964218 0.93067 0.964218 0.988171 0.940964 0.988171 0.964218 0.988171 0.964218 0.93067 0.987551 0.93067 0.987551 0.93067 0.987551 0.988171 0.964218 0.988171 0.848016 0.988171 0.848016 0.93067 0.871334 0.93067 0.871334 0.93067 0.871334 0.988171 0.848016 0.988171 0.871334 0.93067 0.89459 0.93067 0.89459 0.988171 0.89459 0.988171 0.871334 0.988171 0.871334 0.93067 0.676017 0.905236 0.691117 0.902573 0.696694 0.915095 0.696694 0.915095 0.67506 0.91891 0.676017 0.905236 0.676017 0.905236 0.67506 0.91891 0.662739 0.912902 0.652883 0.924648 0.662739 0.912902 0.67506 0.91891 0.67506 0.91891 0.660939 0.935739 0.652883 0.924648 0.652883 0.924648 0.660939 0.935739 0.647639 0.939056 0.647639 0.939056 0.660939 0.935739 0.660939 0.957707 0.660939 0.957707 0.647639 0.954389 0.647639 0.939056 0.647639 0.954389 0.660939 0.957707 0.652883 0.968798 0.662739 0.980544 0.652883 0.968798 0.660939 0.957707 0.660939 0.957707 0.67506 0.974536 0.662739 0.980544 0.662739 0.980544 0.67506 0.974536 0.676017 0.988211 0.691117 0.990873 0.676017 0.988211 0.67506 0.974536 0.67506 0.974536 0.696694 0.978351 0.691117 0.990873 0.691117 0.990873 0.696694 0.978351 0.706217 0.988211 0.719496 0.980544 0.706217 0.988211 0.696694 0.978351 0.696694 0.978351 0.715719 0.967367 0.719496 0.980544 0.719496 0.980544 0.715719 0.967367 0.729352 0.968798 0.734596 0.95439 0.729352 0.968798 0.715719 0.967367 0.715719 0.967367 0.723233 0.946723 0.734596 0.95439 0.734596 0.95439 0.723233 0.946723 0.734596 0.939056 0.729352 0.924648 0.734596 0.939056 0.723233 0.946723 0.723233 0.946723 0.715719 0.92608 0.729352 0.924648 0.729352 0.924648 0.715719 0.92608 0.719496 0.912902 0.706218 0.905236 0.719496 0.912902 0.715719 0.92608 0.715719 0.92608 0.696694 0.915095 0.706218 0.905236 0.706218 0.905236 0.696694 0.915095 0.691117 0.902573 0.696694 0.915095 0.691117 0.946723 0.67506 0.91891 0.67506 0.91891 0.691117 0.946723 0.660939 0.935739 0.660939 0.935739 0.691117 0.946723 0.660939 0.957707 0.660939 0.957707 0.691117 0.946723 0.67506 0.974536 0.67506 0.974536 0.691117 0.946723 0.696694 0.978351 0.696694 0.978351 0.691117 0.946723 0.715719 0.967367 0.715719 0.967367 0.691117 0.946723 0.723233 0.946723 0.723233 0.946723 0.691117 0.946723 0.715719 0.92608 0.715719 0.92608 0.691117 0.946723 0.696694 0.915095 0.687066 0.731825 0.713129 0.741239 0.696575 0.746307 0.696575 0.746307 0.713129 0.741239 0.73436 0.759056 0.73436 0.759056 0.732275 0.776226 0.696575 0.746307 0.73436 0.759056 0.748215 0.783041 0.732275 0.776226 0.732275 0.776226 0.748215 0.783041 0.75277 0.81033 0.75277 0.81033 0.740035 0.822069 0.732275 0.776226 0.75277 0.81033 0.747906 0.837499 0.740035 0.822069 0.740035 0.822069 0.747906 0.837499 0.734202 0.86148 0.734202 0.86148 0.716905 0.862376 0.740035 0.822069 0.734202 0.86148 0.713041 0.879249 0.716905 0.862376 0.716905 0.862376 0.713041 0.879249 0.687059 0.888676 0.687059 0.888676 0.673245 0.878201 0.716905 0.862376 0.696575 0.746307 0.711328 0.778253 0.681829 0.761168 0.732275 0.776226 0.722858 0.81018 0.711328 0.778253 0.740035 0.822069 0.711274 0.842143 0.722858 0.81018 0.716905 0.862376 0.681879 0.859143 0.711274 0.842143 0.711328 0.778253 0.699627 0.788068 0.679162 0.776199 0.679162 0.776199 0.681829 0.761168 0.711328 0.778253 0.722858 0.81018 0.707571 0.810142 0.699627 0.788068 0.699627 0.788068 0.711328 0.778253 0.722858 0.81018 0.711274 0.842143 0.699653 0.832247 0.707571 0.810142 0.707571 0.810142 0.722858 0.81018 0.711274 0.842143 0.681879 0.859143 0.67925 0.844106 0.699653 0.832247 0.699653 0.832247 0.711274 0.842143 0.681879 0.859143 0.711274 0.842143 0.740035 0.822069 0.716905 0.862376 0.687059 0.888676 0.659433 0.888683 0.673245 0.878201 0.696575 0.746307 0.649838 0.746318 0.659344 0.731829 0.659344 0.731829 0.687066 0.731825 0.696575 0.746307 0.659344 0.731829 0.649838 0.746318 0.633285 0.741259 0.649838 0.746318 0.614164 0.776263 0.612067 0.759091 0.612067 0.759091 0.633285 0.741259 0.649838 0.746318 0.612067 0.759091 0.614164 0.776263 0.598231 0.783086 0.614164 0.776263 0.606427 0.822116 0.593686 0.810376 0.593686 0.810376 0.598231 0.783086 0.614164 0.776263 0.593686 0.810376 0.606427 0.822116 0.59856 0.837544 0.606427 0.822116 0.629577 0.862408 0.612276 0.861518 0.612276 0.861518 0.59856 0.837544 0.606427 0.822116 0.612276 0.861518 0.629577 0.862408 0.633446 0.879274 0.629577 0.862408 0.673245 0.878201 0.659433 0.888683 0.659433 0.888683 0.633446 0.879274 0.629577 0.862408 0.681829 0.761168 0.679162 0.776199 0.65592 0.780407 0.65592 0.780407 0.648328 0.767167 0.681829 0.761168 0.648328 0.767167 0.65592 0.780407 0.640863 0.798503 0.640863 0.798503 0.626512 0.793236 0.648328 0.767167 0.626512 0.793236 0.640863 0.798503 0.640939 0.822018 0.640939 0.822018 0.626612 0.827256 0.626512 0.793236 0.626612 0.827256 0.640939 0.822018 0.656054 0.840015 0.656054 0.840015 0.648418 0.853268 0.626612 0.827256 0.648418 0.853268 0.656054 0.840015 0.67925 0.844106 0.67925 0.844106 0.681879 0.859143 0.648418 0.853268 0.648418 0.853268 0.673245 0.878201 0.629577 0.862408 0.681829 0.761168 0.649838 0.746318 0.696575 0.746307 0.648328 0.767167 0.614164 0.776263 0.649838 0.746318 0.626512 0.793236 0.626612 0.827256 0.606427 0.822116 0.626612 0.827256 0.629577 0.862408 0.606427 0.822116 0.681829 0.761168 0.648328 0.767167 0.649838 0.746318 0.699627 0.788068 0.673224 0.810161 0.679162 0.776199 0.707571 0.810142 0.673224 0.810161 0.699627 0.788068 0.699653 0.832247 0.673224 0.810161 0.707571 0.810142 0.67925 0.844106 0.673224 0.810161 0.699653 0.832247 0.65592 0.780407 0.679162 0.776199 0.673224 0.810161 0.640863 0.798503 0.65592 0.780407 0.673224 0.810161 0.640939 0.822018 0.640863 0.798503 0.673224 0.810161 0.656054 0.840015 0.640939 0.822018 0.673224 0.810161 0.656054 0.840015 0.673224 0.810161 0.67925 0.844106 0.626612 0.827256 0.648418 0.853268 0.629577 0.862408 0.681879 0.859143 0.716905 0.862376 0.673245 0.878201 0.648418 0.853268 0.681879 0.859143 0.673245 0.878201 0.722858 0.81018 0.732275 0.776226 0.740035 0.822069 0.711328 0.778253 0.696575 0.746307 0.732275 0.776226 0.648328 0.767167 0.626512 0.793236 0.614164 0.776263 0.606427 0.822116 0.614164 0.776263 0.626512 0.793236 0.871339 0.988171 0.848016 0.988171 0.848016 0.93067 0.848016 0.93067 0.871339 0.93067 0.871339 0.988171 0.894598 0.988171 0.871339 0.988171 0.871339 0.93067 0.871339 0.93067 0.894598 0.93067 0.894598 0.988171 0.91785 0.988171 0.894598 0.988171 0.894598 0.93067 0.894598 0.93067 0.91785 0.93067 0.91785 0.988171 0.941113 0.988171 0.91785 0.988171 0.91785 0.93067 0.91785 0.93067 0.941113 0.93067 0.941113 0.988171 0.964367 0.988171 0.941113 0.988171 0.941113 0.93067 0.941113 0.93067 0.964368 0.93067 0.964367 0.988171 0.987551 0.988171 0.964367 0.988171 0.964368 0.93067 0.964368 0.93067 0.987551 0.93067 0.987551 0.988171 0.871207 0.988171 0.848016 0.988171 0.848016 0.93067 0.848016 0.93067 0.871207 0.93067 0.871207 0.988171 0.894459 0.988171 0.871207 0.988171 0.871207 0.93067 0.871207 0.93067 0.894459 0.93067 0.894459 0.988171 0.89459 0.988171 0.89459 0.93067 0.917853 0.93067 0.917853 0.93067 0.917853 0.988171 0.89459 0.988171 0.917853 0.988171 0.917853 0.93067 0.941108 0.93067 0.941108 0.93067 0.941108 0.988171 0.917853 0.988171 0.941108 0.988171 0.941108 0.93067 0.964367 0.93067 0.964367 0.93067 0.964367 0.988171 0.941108 0.988171 0.964367 0.988171 0.964367 0.93067 0.987551 0.93067 0.987551 0.93067 0.987551 0.988171 0.964367 0.988171 0.894459 0.988171 0.894459 0.93067 0.917714 0.93067 0.917714 0.93067 0.917714 0.988171 0.894459 0.988171 0.917714 0.988171 0.917714 0.93067 0.940964 0.93067 0.940964 0.93067 0.940964 0.988171 0.917714 0.988171 0.940964 0.988171 0.940964 0.93067 0.964218 0.93067 0.964218 0.93067 0.964218 0.988171 0.940964 0.988171 0.964218 0.988171 0.964218 0.93067 0.987551 0.93067 0.987551 0.93067 0.987551 0.988171 0.964218 0.988171 0.848016 0.988171 0.848016 0.93067 0.871334 0.93067 0.871334 0.93067 0.871334 0.988171 0.848016 0.988171 0.871334 0.93067 0.89459 0.93067 0.89459 0.988171 0.89459 0.988171 0.871334 0.988171 0.871334 0.93067 0.676017 0.905236 0.691117 0.902573 0.696694 0.915095 0.696694 0.915095 0.67506 0.91891 0.676017 0.905236 0.676017 0.905236 0.67506 0.91891 0.662739 0.912902 0.652883 0.924648 0.662739 0.912902 0.67506 0.91891 0.67506 0.91891 0.660939 0.935739 0.652883 0.924648 0.652883 0.924648 0.660939 0.935739 0.647639 0.939056 0.647639 0.939056 0.660939 0.935739 0.660939 0.957707 0.660939 0.957707 0.647639 0.954389 0.647639 0.939056 0.647639 0.954389 0.660939 0.957707 0.652883 0.968798 0.662739 0.980544 0.652883 0.968798 0.660939 0.957707 0.660939 0.957707 0.67506 0.974536 0.662739 0.980544 0.662739 0.980544 0.67506 0.974536 0.676017 0.988211 0.691117 0.990873 0.676017 0.988211 0.67506 0.974536 0.67506 0.974536 0.696694 0.978351 0.691117 0.990873 0.691117 0.990873 0.696694 0.978351 0.706217 0.988211 0.719496 0.980544 0.706217 0.988211 0.696694 0.978351 0.696694 0.978351 0.715719 0.967367 0.719496 0.980544 0.719496 0.980544 0.715719 0.967367 0.729352 0.968798 0.734596 0.95439 0.729352 0.968798 0.715719 0.967367 0.715719 0.967367 0.723233 0.946723 0.734596 0.95439 0.734596 0.95439 0.723233 0.946723 0.734596 0.939056 0.729352 0.924648 0.734596 0.939056 0.723233 0.946723 0.723233 0.946723 0.715719 0.92608 0.729352 0.924648 0.729352 0.924648 0.715719 0.92608 0.719496 0.912902 0.706218 0.905236 0.719496 0.912902 0.715719 0.92608 0.715719 0.92608 0.696694 0.915095 0.706218 0.905236 0.706218 0.905236 0.696694 0.915095 0.691117 0.902573 0.696694 0.915095 0.691117 0.946723 0.67506 0.91891 0.67506 0.91891 0.691117 0.946723 0.660939 0.935739 0.660939 0.935739 0.691117 0.946723 0.660939 0.957707 0.660939 0.957707 0.691117 0.946723 0.67506 0.974536 0.67506 0.974536 0.691117 0.946723 0.696694 0.978351 0.696694 0.978351 0.691117 0.946723 0.715719 0.967367 0.715719 0.967367 0.691117 0.946723 0.723233 0.946723 0.723233 0.946723 0.691117 0.946723 0.715719 0.92608 0.715719 0.92608 0.691117 0.946723 0.696694 0.915095 0.687066 0.731825 0.713129 0.741239 0.696575 0.746307 0.696575 0.746307 0.713129 0.741239 0.73436 0.759056 0.73436 0.759056 0.732275 0.776226 0.696575 0.746307 0.73436 0.759056 0.748215 0.783041 0.732275 0.776226 0.732275 0.776226 0.748215 0.783041 0.75277 0.81033 0.75277 0.81033 0.740035 0.822069 0.732275 0.776226 0.75277 0.81033 0.747906 0.837499 0.740035 0.822069 0.740035 0.822069 0.747906 0.837499 0.734202 0.86148 0.734202 0.86148 0.716905 0.862376 0.740035 0.822069 0.734202 0.86148 0.713041 0.879249 0.716905 0.862376 0.716905 0.862376 0.713041 0.879249 0.687059 0.888676 0.687059 0.888676 0.673245 0.878201 0.716905 0.862376 0.696575 0.746307 0.711328 0.778253 0.681829 0.761168 0.732275 0.776226 0.722858 0.81018 0.711328 0.778253 0.740035 0.822069 0.711274 0.842143 0.722858 0.81018 0.716905 0.862376 0.681879 0.859143 0.711274 0.842143 0.711328 0.778253 0.699627 0.788068 0.679162 0.776199 0.679162 0.776199 0.681829 0.761168 0.711328 0.778253 0.722858 0.81018 0.707571 0.810142 0.699627 0.788068 0.699627 0.788068 0.711328 0.778253 0.722858 0.81018 0.711274 0.842143 0.699653 0.832247 0.707571 0.810142 0.707571 0.810142 0.722858 0.81018 0.711274 0.842143 0.681879 0.859143 0.67925 0.844106 0.699653 0.832247 0.699653 0.832247 0.711274 0.842143 0.681879 0.859143 0.711274 0.842143 0.740035 0.822069 0.716905 0.862376 0.687059 0.888676 0.659433 0.888683 0.673245 0.878201 0.696575 0.746307 0.649838 0.746318 0.659344 0.731829 0.659344 0.731829 0.687066 0.731825 0.696575 0.746307 0.659344 0.731829 0.649838 0.746318 0.633285 0.741259 0.649838 0.746318 0.614164 0.776263 0.612067 0.759091 0.612067 0.759091 0.633285 0.741259 0.649838 0.746318 0.612067 0.759091 0.614164 0.776263 0.598231 0.783086 0.614164 0.776263 0.606427 0.822116 0.593686 0.810376 0.593686 0.810376 0.598231 0.783086 0.614164 0.776263 0.593686 0.810376 0.606427 0.822116 0.59856 0.837544 0.606427 0.822116 0.629577 0.862408 0.612276 0.861518 0.612276 0.861518 0.59856 0.837544 0.606427 0.822116 0.612276 0.861518 0.629577 0.862408 0.633446 0.879274 0.629577 0.862408 0.673245 0.878201 0.659433 0.888683 0.659433 0.888683 0.633446 0.879274 0.629577 0.862408 0.681829 0.761168 0.679162 0.776199 0.65592 0.780407 0.65592 0.780407 0.648328 0.767167 0.681829 0.761168 0.648328 0.767167 0.65592 0.780407 0.640863 0.798503 0.640863 0.798503 0.626512 0.793236 0.648328 0.767167 0.626512 0.793236 0.640863 0.798503 0.640939 0.822018 0.640939 0.822018 0.626612 0.827256 0.626512 0.793236 0.626612 0.827256 0.640939 0.822018 0.656054 0.840015 0.656054 0.840015 0.648418 0.853268 0.626612 0.827256 0.648418 0.853268 0.656054 0.840015 0.67925 0.844106 0.67925 0.844106 0.681879 0.859143 0.648418 0.853268 0.648418 0.853268 0.673245 0.878201 0.629577 0.862408 0.681829 0.761168 0.649838 0.746318 0.696575 0.746307 0.648328 0.767167 0.614164 0.776263 0.649838 0.746318 0.626512 0.793236 0.626612 0.827256 0.606427 0.822116 0.626612 0.827256 0.629577 0.862408 0.606427 0.822116 0.681829 0.761168 0.648328 0.767167 0.649838 0.746318 0.699627 0.788068 0.673224 0.810161 0.679162 0.776199 0.707571 0.810142 0.673224 0.810161 0.699627 0.788068 0.699653 0.832247 0.673224 0.810161 0.707571 0.810142 0.67925 0.844106 0.673224 0.810161 0.699653 0.832247 0.65592 0.780407 0.679162 0.776199 0.673224 0.810161 0.640863 0.798503 0.65592 0.780407 0.673224 0.810161 0.640939 0.822018 0.640863 0.798503 0.673224 0.810161 0.656054 0.840015 0.640939 0.822018 0.673224 0.810161 0.656054 0.840015 0.673224 0.810161 0.67925 0.844106 0.626612 0.827256 0.648418 0.853268 0.629577 0.862408 0.681879 0.859143 0.716905 0.862376 0.673245 0.878201 0.648418 0.853268 0.681879 0.859143 0.673245 0.878201 0.722858 0.81018 0.732275 0.776226 0.740035 0.822069 0.711328 0.778253 0.696575 0.746307 0.732275 0.776226 0.648328 0.767167 0.626512 0.793236 0.614164 0.776263 0.606427 0.822116 0.614164 0.776263 0.626512 0.793236 0.871339 0.988171 0.871339 0.93067 0.848016 0.93067 0.848016 0.93067 0.848016 0.988171 0.871339 0.988171 0.894598 0.988171 0.894598 0.93067 0.871339 0.93067 0.871339 0.93067 0.871339 0.988171 0.894598 0.988171 0.91785 0.988171 0.91785 0.93067 0.894598 0.93067 0.894598 0.93067 0.894598 0.988171 0.91785 0.988171 0.941113 0.988171 0.941113 0.93067 0.91785 0.93067 0.91785 0.93067 0.91785 0.988171 0.941113 0.988171 0.964367 0.988171 0.964368 0.93067 0.941113 0.93067 0.941113 0.93067 0.941113 0.988171 0.964367 0.988171 0.987551 0.988171 0.987551 0.93067 0.964368 0.93067 0.964368 0.93067 0.964367 0.988171 0.987551 0.988171 0.871207 0.988171 0.871207 0.93067 0.848016 0.93067 0.848016 0.93067 0.848016 0.988171 0.871207 0.988171 0.894459 0.988171 0.894459 0.93067 0.871207 0.93067 0.871207 0.93067 0.871207 0.988171 0.894459 0.988171 0.89459 0.988171 0.917853 0.988171 0.917853 0.93067 0.917853 0.93067 0.89459 0.93067 0.89459 0.988171 0.917853 0.988171 0.941108 0.988171 0.941108 0.93067 0.941108 0.93067 0.917853 0.93067 0.917853 0.988171 0.941108 0.988171 0.964367 0.988171 0.964367 0.93067 0.964367 0.93067 0.941108 0.93067 0.941108 0.988171 0.964367 0.988171 0.987551 0.988171 0.987551 0.93067 0.987551 0.93067 0.964367 0.93067 0.964367 0.988171 0.894459 0.988171 0.917714 0.988171 0.917714 0.93067 0.917714 0.93067 0.894459 0.93067 0.894459 0.988171 0.917714 0.988171 0.940964 0.988171 0.940964 0.93067 0.940964 0.93067 0.917714 0.93067 0.917714 0.988171 0.940964 0.988171 0.964218 0.988171 0.964218 0.93067 0.964218 0.93067 0.940964 0.93067 0.940964 0.988171 0.964218 0.988171 0.987551 0.988171 0.987551 0.93067 0.987551 0.93067 0.964218 0.93067 0.964218 0.988171 0.848016 0.988171 0.871334 0.988171 0.871334 0.93067 0.871334 0.93067 0.848016 0.93067 0.848016 0.988171 0.871334 0.93067 0.871334 0.988171 0.89459 0.988171 0.89459 0.988171 0.89459 0.93067 0.871334 0.93067 0.676017 0.905236 0.67506 0.91891 0.696694 0.915095 0.696694 0.915095 0.691117 0.902573 0.676017 0.905236 0.676017 0.905236 0.662739 0.912902 0.67506 0.91891 0.652883 0.924648 0.660939 0.935739 0.67506 0.91891 0.67506 0.91891 0.662739 0.912902 0.652883 0.924648 0.652883 0.924648 0.647639 0.939056 0.660939 0.935739 0.647639 0.939056 0.647639 0.954389 0.660939 0.957707 0.660939 0.957707 0.660939 0.935739 0.647639 0.939056 0.647639 0.954389 0.652883 0.968798 0.660939 0.957707 0.662739 0.980544 0.67506 0.974536 0.660939 0.957707 0.660939 0.957707 0.652883 0.968798 0.662739 0.980544 0.662739 0.980544 0.676017 0.988211 0.67506 0.974536 0.691117 0.990873 0.696694 0.978351 0.67506 0.974536 0.67506 0.974536 0.676017 0.988211 0.691117 0.990873 0.691117 0.990873 0.706217 0.988211 0.696694 0.978351 0.719496 0.980544 0.715719 0.967367 0.696694 0.978351 0.696694 0.978351 0.706217 0.988211 0.719496 0.980544 0.719496 0.980544 0.729352 0.968798 0.715719 0.967367 0.734596 0.95439 0.723233 0.946723 0.715719 0.967367 0.715719 0.967367 0.729352 0.968798 0.734596 0.95439 0.734596 0.95439 0.734596 0.939056 0.723233 0.946723 0.729352 0.924648 0.715719 0.92608 0.723233 0.946723 0.723233 0.946723 0.734596 0.939056 0.729352 0.924648 0.729352 0.924648 0.719496 0.912902 0.715719 0.92608 0.706218 0.905236 0.696694 0.915095 0.715719 0.92608 0.715719 0.92608 0.719496 0.912902 0.706218 0.905236 0.706218 0.905236 0.691117 0.902573 0.696694 0.915095 0.696694 0.915095 0.67506 0.91891 0.691117 0.946723 0.67506 0.91891 0.660939 0.935739 0.691117 0.946723 0.660939 0.935739 0.660939 0.957707 0.691117 0.946723 0.660939 0.957707 0.67506 0.974536 0.691117 0.946723 0.67506 0.974536 0.696694 0.978351 0.691117 0.946723 0.696694 0.978351 0.715719 0.967367 0.691117 0.946723 0.715719 0.967367 0.723233 0.946723 0.691117 0.946723 0.723233 0.946723 0.715719 0.92608 0.691117 0.946723 0.715719 0.92608 0.696694 0.915095 0.691117 0.946723 0.659391 0.731825 0.649881 0.746307 0.633327 0.741239 0.649881 0.746307 0.614181 0.776226 0.612096 0.759056 0.612096 0.759056 0.633327 0.741239 0.649881 0.746307 0.612096 0.759056 0.614181 0.776226 0.598241 0.783041 0.614181 0.776226 0.606421 0.822069 0.593686 0.81033 0.593686 0.81033 0.598241 0.783041 0.614181 0.776226 0.593686 0.81033 0.606421 0.822069 0.59855 0.837499 0.606421 0.822069 0.629551 0.862376 0.612254 0.86148 0.612254 0.86148 0.59855 0.837499 0.606421 0.822069 0.612254 0.86148 0.629551 0.862376 0.633415 0.879249 0.629551 0.862376 0.673212 0.878201 0.659397 0.888676 0.659397 0.888676 0.633415 0.879249 0.629551 0.862376 0.649881 0.746307 0.664627 0.761168 0.635128 0.778253 0.614181 0.776226 0.635128 0.778253 0.623598 0.81018 0.606421 0.822069 0.623598 0.81018 0.635182 0.842143 0.629551 0.862376 0.635182 0.842143 0.664577 0.859143 0.635128 0.778253 0.664627 0.761168 0.667294 0.776199 0.667294 0.776199 0.646829 0.788068 0.635128 0.778253 0.623598 0.81018 0.635128 0.778253 0.646829 0.788068 0.646829 0.788068 0.638885 0.810142 0.623598 0.81018 0.635182 0.842143 0.623598 0.81018 0.638885 0.810142 0.638885 0.810142 0.646803 0.832247 0.635182 0.842143 0.664577 0.859143 0.635182 0.842143 0.646803 0.832247 0.646803 0.832247 0.667206 0.844106 0.664577 0.859143 0.635182 0.842143 0.629551 0.862376 0.606421 0.822069 0.659397 0.888676 0.673212 0.878201 0.687023 0.888683 0.649881 0.746307 0.659391 0.731825 0.687112 0.731829 0.687112 0.731829 0.696618 0.746318 0.649881 0.746307 0.687112 0.731829 0.713171 0.741259 0.696618 0.746318 0.696618 0.746318 0.713171 0.741259 0.734389 0.759091 0.734389 0.759091 0.732293 0.776263 0.696618 0.746318 0.734389 0.759091 0.748225 0.783086 0.732293 0.776263 0.732293 0.776263 0.748225 0.783086 0.75277 0.810376 0.75277 0.810376 0.740029 0.822116 0.732293 0.776263 0.75277 0.810376 0.747896 0.837544 0.740029 0.822116 0.740029 0.822116 0.747896 0.837544 0.73418 0.861518 0.73418 0.861518 0.716879 0.862408 0.740029 0.822116 0.73418 0.861518 0.71301 0.879274 0.716879 0.862408 0.716879 0.862408 0.71301 0.879274 0.687023 0.888683 0.687023 0.888683 0.673212 0.878201 0.716879 0.862408 0.664627 0.761168 0.698128 0.767167 0.690536 0.780407 0.690536 0.780407 0.667294 0.776199 0.664627 0.761168 0.698128 0.767167 0.719944 0.793236 0.705594 0.798503 0.705594 0.798503 0.690536 0.780407 0.698128 0.767167 0.719944 0.793236 0.719844 0.827256 0.705518 0.822018 0.705518 0.822018 0.705594 0.798503 0.719944 0.793236 0.719844 0.827256 0.698038 0.853268 0.690402 0.840015 0.690402 0.840015 0.705518 0.822018 0.719844 0.827256 0.698038 0.853268 0.664577 0.859143 0.667206 0.844106 0.667206 0.844106 0.690402 0.840015 0.698038 0.853268 0.698038 0.853268 0.716879 0.862408 0.673212 0.878201 0.664627 0.761168 0.649881 0.746307 0.696618 0.746318 0.698128 0.767167 0.696618 0.746318 0.732293 0.776263 0.719944 0.793236 0.740029 0.822116 0.719844 0.827256 0.719844 0.827256 0.740029 0.822116 0.716879 0.862408 0.664627 0.761168 0.696618 0.746318 0.698128 0.767167 0.646829 0.788068 0.667294 0.776199 0.673232 0.810161 0.638885 0.810142 0.646829 0.788068 0.673232 0.810161 0.646803 0.832247 0.638885 0.810142 0.673232 0.810161 0.667206 0.844106 0.646803 0.832247 0.673232 0.810161 0.690536 0.780407 0.673232 0.810161 0.667294 0.776199 0.705594 0.798503 0.673232 0.810161 0.690536 0.780407 0.705518 0.822018 0.673232 0.810161 0.705594 0.798503 0.690402 0.840015 0.673232 0.810161 0.705518 0.822018 0.690402 0.840015 0.667206 0.844106 0.673232 0.810161 0.719844 0.827256 0.716879 0.862408 0.698038 0.853268 0.664577 0.859143 0.673212 0.878201 0.629551 0.862376 0.698038 0.853268 0.673212 0.878201 0.664577 0.859143 0.623598 0.81018 0.606421 0.822069 0.614181 0.776226 0.635128 0.778253 0.614181 0.776226 0.649881 0.746307 0.698128 0.767167 0.732293 0.776263 0.719944 0.793236 0.740029 0.822116 0.719944 0.793236 0.732293 0.776263 0.871339 0.988171 0.871339 0.93067 0.848016 0.93067 0.848016 0.93067 0.848016 0.988171 0.871339 0.988171 0.894598 0.988171 0.894598 0.93067 0.871339 0.93067 0.871339 0.93067 0.871339 0.988171 0.894598 0.988171 0.91785 0.988171 0.91785 0.93067 0.894598 0.93067 0.894598 0.93067 0.894598 0.988171 0.91785 0.988171 0.941113 0.988171 0.941113 0.93067 0.91785 0.93067 0.91785 0.93067 0.91785 0.988171 0.941113 0.988171 0.964367 0.988171 0.964368 0.93067 0.941113 0.93067 0.941113 0.93067 0.941113 0.988171 0.964367 0.988171 0.987551 0.988171 0.987551 0.93067 0.964368 0.93067 0.964368 0.93067 0.964367 0.988171 0.987551 0.988171 0.871207 0.988171 0.871207 0.93067 0.848016 0.93067 0.848016 0.93067 0.848016 0.988171 0.871207 0.988171 0.894459 0.988171 0.894459 0.93067 0.871207 0.93067 0.871207 0.93067 0.871207 0.988171 0.894459 0.988171 0.89459 0.988171 0.917853 0.988171 0.917853 0.93067 0.917853 0.93067 0.89459 0.93067 0.89459 0.988171 0.917853 0.988171 0.941108 0.988171 0.941108 0.93067 0.941108 0.93067 0.917853 0.93067 0.917853 0.988171 0.941108 0.988171 0.964367 0.988171 0.964367 0.93067 0.964367 0.93067 0.941108 0.93067 0.941108 0.988171 0.964367 0.988171 0.987551 0.988171 0.987551 0.93067 0.987551 0.93067 0.964367 0.93067 0.964367 0.988171 0.894459 0.988171 0.917714 0.988171 0.917714 0.93067 0.917714 0.93067 0.894459 0.93067 0.894459 0.988171 0.917714 0.988171 0.940964 0.988171 0.940964 0.93067 0.940964 0.93067 0.917714 0.93067 0.917714 0.988171 0.940964 0.988171 0.964218 0.988171 0.964218 0.93067 0.964218 0.93067 0.940964 0.93067 0.940964 0.988171 0.964218 0.988171 0.987551 0.988171 0.987551 0.93067 0.987551 0.93067 0.964218 0.93067 0.964218 0.988171 0.848016 0.988171 0.871334 0.988171 0.871334 0.93067 0.871334 0.93067 0.848016 0.93067 0.848016 0.988171 0.871334 0.93067 0.871334 0.988171 0.89459 0.988171 0.89459 0.988171 0.89459 0.93067 0.871334 0.93067 0.676017 0.905236 0.67506 0.91891 0.696694 0.915095 0.696694 0.915095 0.691117 0.902573 0.676017 0.905236 0.676017 0.905236 0.662739 0.912902 0.67506 0.91891 0.652883 0.924648 0.660939 0.935739 0.67506 0.91891 0.67506 0.91891 0.662739 0.912902 0.652883 0.924648 0.652883 0.924648 0.647639 0.939056 0.660939 0.935739 0.647639 0.939056 0.647639 0.954389 0.660939 0.957707 0.660939 0.957707 0.660939 0.935739 0.647639 0.939056 0.647639 0.954389 0.652883 0.968798 0.660939 0.957707 0.662739 0.980544 0.67506 0.974536 0.660939 0.957707 0.660939 0.957707 0.652883 0.968798 0.662739 0.980544 0.662739 0.980544 0.676017 0.988211 0.67506 0.974536 0.691117 0.990873 0.696694 0.978351 0.67506 0.974536 0.67506 0.974536 0.676017 0.988211 0.691117 0.990873 0.691117 0.990873 0.706217 0.988211 0.696694 0.978351 0.719496 0.980544 0.715719 0.967367 0.696694 0.978351 0.696694 0.978351 0.706217 0.988211 0.719496 0.980544 0.719496 0.980544 0.729352 0.968798 0.715719 0.967367 0.734596 0.95439 0.723233 0.946723 0.715719 0.967367 0.715719 0.967367 0.729352 0.968798 0.734596 0.95439 0.734596 0.95439 0.734596 0.939056 0.723233 0.946723 0.729352 0.924648 0.715719 0.92608 0.723233 0.946723 0.723233 0.946723 0.734596 0.939056 0.729352 0.924648 0.729352 0.924648 0.719496 0.912902 0.715719 0.92608 0.706218 0.905236 0.696694 0.915095 0.715719 0.92608 0.715719 0.92608 0.719496 0.912902 0.706218 0.905236 0.706218 0.905236 0.691117 0.902573 0.696694 0.915095 0.696694 0.915095 0.67506 0.91891 0.691117 0.946723 0.67506 0.91891 0.660939 0.935739 0.691117 0.946723 0.660939 0.935739 0.660939 0.957707 0.691117 0.946723 0.660939 0.957707 0.67506 0.974536 0.691117 0.946723 0.67506 0.974536 0.696694 0.978351 0.691117 0.946723 0.696694 0.978351 0.715719 0.967367 0.691117 0.946723 0.715719 0.967367 0.723233 0.946723 0.691117 0.946723 0.723233 0.946723 0.715719 0.92608 0.691117 0.946723 0.715719 0.92608 0.696694 0.915095 0.691117 0.946723 0.659391 0.731825 0.649881 0.746307 0.633327 0.741239 0.649881 0.746307 0.614181 0.776226 0.612096 0.759056 0.612096 0.759056 0.633327 0.741239 0.649881 0.746307 0.612096 0.759056 0.614181 0.776226 0.598241 0.783041 0.614181 0.776226 0.606421 0.822069 0.593686 0.81033 0.593686 0.81033 0.598241 0.783041 0.614181 0.776226 0.593686 0.81033 0.606421 0.822069 0.59855 0.837499 0.606421 0.822069 0.629551 0.862376 0.612254 0.86148 0.612254 0.86148 0.59855 0.837499 0.606421 0.822069 0.612254 0.86148 0.629551 0.862376 0.633415 0.879249 0.629551 0.862376 0.673212 0.878201 0.659397 0.888676 0.659397 0.888676 0.633415 0.879249 0.629551 0.862376 0.649881 0.746307 0.664627 0.761168 0.635128 0.778253 0.614181 0.776226 0.635128 0.778253 0.623598 0.81018 0.606421 0.822069 0.623598 0.81018 0.635182 0.842143 0.629551 0.862376 0.635182 0.842143 0.664577 0.859143 0.635128 0.778253 0.664627 0.761168 0.667294 0.776199 0.667294 0.776199 0.646829 0.788068 0.635128 0.778253 0.623598 0.81018 0.635128 0.778253 0.646829 0.788068 0.646829 0.788068 0.638885 0.810142 0.623598 0.81018 0.635182 0.842143 0.623598 0.81018 0.638885 0.810142 0.638885 0.810142 0.646803 0.832247 0.635182 0.842143 0.664577 0.859143 0.635182 0.842143 0.646803 0.832247 0.646803 0.832247 0.667206 0.844106 0.664577 0.859143 0.635182 0.842143 0.629551 0.862376 0.606421 0.822069 0.659397 0.888676 0.673212 0.878201 0.687023 0.888683 0.649881 0.746307 0.659391 0.731825 0.687112 0.731829 0.687112 0.731829 0.696618 0.746318 0.649881 0.746307 0.687112 0.731829 0.713171 0.741259 0.696618 0.746318 0.696618 0.746318 0.713171 0.741259 0.734389 0.759091 0.734389 0.759091 0.732293 0.776263 0.696618 0.746318 0.734389 0.759091 0.748225 0.783086 0.732293 0.776263 0.732293 0.776263 0.748225 0.783086 0.75277 0.810376 0.75277 0.810376 0.740029 0.822116 0.732293 0.776263 0.75277 0.810376 0.747896 0.837544 0.740029 0.822116 0.740029 0.822116 0.747896 0.837544 0.73418 0.861518 0.73418 0.861518 0.716879 0.862408 0.740029 0.822116 0.73418 0.861518 0.71301 0.879274 0.716879 0.862408 0.716879 0.862408 0.71301 0.879274 0.687023 0.888683 0.687023 0.888683 0.673212 0.878201 0.716879 0.862408 0.664627 0.761168 0.698128 0.767167 0.690536 0.780407 0.690536 0.780407 0.667294 0.776199 0.664627 0.761168 0.698128 0.767167 0.719944 0.793236 0.705594 0.798503 0.705594 0.798503 0.690536 0.780407 0.698128 0.767167 0.719944 0.793236 0.719844 0.827256 0.705518 0.822018 0.705518 0.822018 0.705594 0.798503 0.719944 0.793236 0.719844 0.827256 0.698038 0.853268 0.690402 0.840015 0.690402 0.840015 0.705518 0.822018 0.719844 0.827256 0.698038 0.853268 0.664577 0.859143 0.667206 0.844106 0.667206 0.844106 0.690402 0.840015 0.698038 0.853268 0.698038 0.853268 0.716879 0.862408 0.673212 0.878201 0.664627 0.761168 0.649881 0.746307 0.696618 0.746318 0.698128 0.767167 0.696618 0.746318 0.732293 0.776263 0.719944 0.793236 0.740029 0.822116 0.719844 0.827256 0.719844 0.827256 0.740029 0.822116 0.716879 0.862408 0.664627 0.761168 0.696618 0.746318 0.698128 0.767167 0.646829 0.788068 0.667294 0.776199 0.673232 0.810161 0.638885 0.810142 0.646829 0.788068 0.673232 0.810161 0.646803 0.832247 0.638885 0.810142 0.673232 0.810161 0.667206 0.844106 0.646803 0.832247 0.673232 0.810161 0.690536 0.780407 0.673232 0.810161 0.667294 0.776199 0.705594 0.798503 0.673232 0.810161 0.690536 0.780407 0.705518 0.822018 0.673232 0.810161 0.705594 0.798503 0.690402 0.840015 0.673232 0.810161 0.705518 0.822018 0.690402 0.840015 0.667206 0.844106 0.673232 0.810161 0.719844 0.827256 0.716879 0.862408 0.698038 0.853268 0.664577 0.859143 0.673212 0.878201 0.629551 0.862376 0.698038 0.853268 0.673212 0.878201 0.664577 0.859143 0.623598 0.81018 0.606421 0.822069 0.614181 0.776226 0.635128 0.778253 0.614181 0.776226 0.649881 0.746307 0.698128 0.767167 0.732293 0.776263 0.719944 0.793236 0.740029 0.822116 0.719944 0.793236 0.732293 0.776263 0.110046 0.813702 0.067191 0.794129 0.09713995 0.773858 0.03691899 0.888078 0.03349196 0.861228 0.054892 0.885805 0.01610296 0.774067 0.03321099 0.774027 0.03349196 0.861228 0.03349196 0.861228 0.01844096 0.862504 0.01610296 0.774067 0.01610296 0.774067 0.02646899 0.734635 0.07120198 0.7496441 0.07120198 0.7496441 0.03321099 0.774027 0.01610296 0.774067 0.06525695 0.844097 0.09099596 0.867952 0.071276 0.881511 0.071276 0.881511 0.03349196 0.861228 0.06525695 0.844097 0.03321099 0.774027 0.073794 0.820128 0.06525695 0.844097 0.06525695 0.844097 0.03349196 0.861228 0.03321099 0.774027 0.07120198 0.7496441 0.09713995 0.773858 0.067191 0.794129 0.067191 0.794129 0.03321099 0.774027 0.07120198 0.7496441 0.06525695 0.844097 0.104733 0.844404 0.09099596 0.867952 0.110046 0.813702 0.104733 0.844404 0.06525695 0.844097 0.06525695 0.844097 0.073794 0.820128 0.110046 0.813702 0.110046 0.813702 0.073794 0.820128 0.067191 0.794129 0.073794 0.820128 0.03321099 0.774027 0.067191 0.794129 0.01844096 0.862504 0.03349196 0.861228 0.03691899 0.888078 0.105915 0.800784 0.04879999 0.782467 0.09205895 0.762534 0.03353697 0.8541 0.08535796 0.865193 0.06272 0.888345 0.06272 0.888345 0.02113497 0.861397 0.03353697 0.8541 0.01877498 0.764284 0.03014695 0.770524 0.03353697 0.8541 0.03353697 0.8541 0.02113497 0.861397 0.01877498 0.764284 0.07342898 0.745227 0.09205895 0.762534 0.04879999 0.782467 0.03353697 0.8541 0.05500298 0.832979 0.08535796 0.865193 0.03014695 0.770524 0.05545198 0.80563 0.05500298 0.832979 0.05500298 0.832979 0.03353697 0.8541 0.03014695 0.770524 0.05500298 0.832979 0.103478 0.828006 0.08535796 0.865193 0.105915 0.800784 0.103478 0.828006 0.05500298 0.832979 0.05500298 0.832979 0.05545198 0.80563 0.105915 0.800784 0.105915 0.800784 0.05545198 0.80563 0.04879999 0.782467 0.05545198 0.80563 0.03014695 0.770524 0.04879999 0.782467 0.03014695 0.770524 0.01877498 0.764284 0.04433697 0.739741 0.01379698 0.1111389 0.05237799 0.09901601 0.05658799 0.222661 0.05658799 0.222661 0.013906 0.2193629 0.01379698 0.1111389 0.111886 0.01122701 0.11176 0.2442259 0.05658799 0.222661 0.05658799 0.222661 0.05237799 0.09901601 0.111886 0.01122701 0.11176 0.2442259 0.05967599 0.279247 0.05658799 0.222661 0.111784 0.370197 0.06105595 0.369911 0.05967599 0.279247 0.05967599 0.279247 0.11176 0.2442259 0.111784 0.370197 0.05967599 0.279247 0.01409596 0.271782 0.01419794 0.24213 0.01419794 0.24213 0.05658799 0.222661 0.05967599 0.279247 0.05658799 0.222661 0.01419794 0.24213 0.013906 0.2193629 0.06105595 0.369911 0.111784 0.370197 0.111551 0.388464 0.111551 0.388464 0.1113409 0.404736 0.06105595 0.369911 0.05237799 0.09901601 0.05691295 0.01590502 0.111886 0.01122701 0.04879999 0.782467 0.03014695 0.770524 0.07342898 0.745227 0.03349196 0.861228 0.071276 0.881511 0.054892 0.885805 0.03014695 0.770524 0.04433697 0.739741 0.07342898 0.745227 0.04048997 0.400972 0.03552597 0.377736 0.06105595 0.369911 0.04048997 0.400972 0.06105595 0.369911 0.1113409 0.404736 0.1113409 0.404736 0.04048997 0.400972 0.1113409 0.404736 0.111783 0.370197 0.111784 0.370197 0.11176 0.2442259 0.111551 0.388464 0.111784 0.370197 0.111783 0.370197 0.110046 0.813702 0.09713995 0.773858 0.067191 0.794129 0.03691899 0.888078 0.054892 0.885805 0.03349196 0.861228 0.01610296 0.774067 0.01844096 0.862504 0.03349196 0.861228 0.03349196 0.861228 0.03321099 0.774027 0.01610296 0.774067 0.01610296 0.774067 0.03321099 0.774027 0.07120198 0.7496441 0.07120198 0.7496441 0.02646899 0.734635 0.01610296 0.774067 0.06525695 0.844097 0.03349196 0.861228 0.071276 0.881511 0.071276 0.881511 0.09099596 0.867952 0.06525695 0.844097 0.03321099 0.774027 0.03349196 0.861228 0.06525695 0.844097 0.06525695 0.844097 0.073794 0.820128 0.03321099 0.774027 0.07120198 0.7496441 0.03321099 0.774027 0.067191 0.794129 0.067191 0.794129 0.09713995 0.773858 0.07120198 0.7496441 0.06525695 0.844097 0.09099596 0.867952 0.104733 0.844404 0.110046 0.813702 0.073794 0.820128 0.06525695 0.844097 0.06525695 0.844097 0.104733 0.844404 0.110046 0.813702 0.110046 0.813702 0.067191 0.794129 0.073794 0.820128 0.073794 0.820128 0.067191 0.794129 0.03321099 0.774027 0.01844096 0.862504 0.03691899 0.888078 0.03349196 0.861228 0.105915 0.800784 0.09205895 0.762534 0.04879999 0.782467 0.03353697 0.8541 0.02113497 0.861397 0.06272 0.888345 0.06272 0.888345 0.08535796 0.865193 0.03353697 0.8541 0.01877498 0.764284 0.02113497 0.861397 0.03353697 0.8541 0.03353697 0.8541 0.03014695 0.770524 0.01877498 0.764284 0.07342898 0.745227 0.04879999 0.782467 0.09205895 0.762534 0.03353697 0.8541 0.08535796 0.865193 0.05500298 0.832979 0.03014695 0.770524 0.03353697 0.8541 0.05500298 0.832979 0.05500298 0.832979 0.05545198 0.80563 0.03014695 0.770524 0.05500298 0.832979 0.08535796 0.865193 0.103478 0.828006 0.105915 0.800784 0.05545198 0.80563 0.05500298 0.832979 0.05500298 0.832979 0.103478 0.828006 0.105915 0.800784 0.105915 0.800784 0.04879999 0.782467 0.05545198 0.80563 0.05545198 0.80563 0.04879999 0.782467 0.03014695 0.770524 0.03014695 0.770524 0.04433697 0.739741 0.01877498 0.764284 0.01379698 0.1111389 0.013906 0.2193629 0.05658799 0.222661 0.05658799 0.222661 0.05237799 0.09901601 0.01379698 0.1111389 0.111886 0.01122701 0.05237799 0.09901601 0.05658799 0.222661 0.05658799 0.222661 0.11176 0.2442259 0.111886 0.01122701 0.11176 0.2442259 0.05658799 0.222661 0.05967599 0.279247 0.111784 0.370197 0.11176 0.2442259 0.05967599 0.279247 0.05967599 0.279247 0.06105595 0.369911 0.111784 0.370197 0.05967599 0.279247 0.05658799 0.222661 0.01419794 0.24213 0.01419794 0.24213 0.01409596 0.271782 0.05967599 0.279247 0.05658799 0.222661 0.013906 0.2193629 0.01419794 0.24213 0.06105595 0.369911 0.1113409 0.404736 0.111551 0.388464 0.111551 0.388464 0.111784 0.370197 0.06105595 0.369911 0.05237799 0.09901601 0.111886 0.01122701 0.05691295 0.01590502 0.04879999 0.782467 0.07342898 0.745227 0.03014695 0.770524 0.03349196 0.861228 0.054892 0.885805 0.071276 0.881511 0.03014695 0.770524 0.07342898 0.745227 0.04433697 0.739741 0.06105595 0.369911 0.03552597 0.377736 0.04048997 0.400972 0.1113409 0.404736 0.06105595 0.369911 0.04048997 0.400972 0.1113409 0.404736 0.1113409 0.404736 0.04048997 0.400972 0.111783 0.370197 0.11176 0.2442259 0.111784 0.370197 0.111551 0.388464 0.111783 0.370197 0.111784 0.370197 0.713442 0.703464 0.713163 0.687472 0.716594 0.68541 0.716594 0.68541 0.730583 0.693164 0.713442 0.703464 0.695952 0.693769 0.709661 0.685531 0.713163 0.687472 0.713163 0.687472 0.713442 0.703464 0.695952 0.693769 0.695603 0.673775 0.709592 0.6815291 0.709661 0.685531 0.709661 0.685531 0.695952 0.693769 0.695603 0.673775 0.712744 0.663476 0.713023 0.679467 0.709592 0.6815291 0.709592 0.6815291 0.695603 0.673775 0.712744 0.663476 0.730234 0.67317 0.716524 0.681408 0.713023 0.679467 0.713023 0.679467 0.712744 0.663476 0.730234 0.67317 0.730583 0.693164 0.716594 0.68541 0.716524 0.681408 0.716524 0.681408 0.730234 0.67317 0.730583 0.693164 0.716524 0.681408 0.716594 0.68541 0.709592 0.6815291 0.709592 0.6815291 0.713023 0.679467 0.716524 0.681408 0.709592 0.6815291 0.716594 0.68541 0.713163 0.687472 0.713163 0.687472 0.709661 0.685531 0.709592 0.6815291 0.713442 0.703464 0.713163 0.687472 0.716594 0.68541 0.716594 0.68541 0.730583 0.693164 0.713442 0.703464 0.695952 0.693769 0.709661 0.685531 0.713163 0.687472 0.713163 0.687472 0.713442 0.703464 0.695952 0.693769 0.695603 0.673775 0.709592 0.6815291 0.709661 0.685531 0.709661 0.685531 0.695952 0.693769 0.695603 0.673775 0.712744 0.663476 0.713023 0.679467 0.709592 0.6815291 0.709592 0.6815291 0.695603 0.673775 0.712744 0.663476 0.730234 0.67317 0.716524 0.681408 0.713023 0.679467 0.713023 0.679467 0.712744 0.663476 0.730234 0.67317 0.730583 0.693164 0.716594 0.68541 0.716524 0.681408 0.716524 0.681408 0.730234 0.67317 0.730583 0.693164 0.716524 0.681408 0.716594 0.68541 0.709592 0.6815291 0.709592 0.6815291 0.713023 0.679467 0.716524 0.681408 0.709592 0.6815291 0.716594 0.68541 0.713163 0.687472 0.713163 0.687472 0.709661 0.685531 0.709592 0.6815291 0.713442 0.703464 0.730583 0.693164 0.716594 0.68541 0.716594 0.68541 0.713163 0.687472 0.713442 0.703464 0.695952 0.693769 0.713442 0.703464 0.713163 0.687472 0.713163 0.687472 0.709661 0.685531 0.695952 0.693769 0.695603 0.673775 0.695952 0.693769 0.709661 0.685531 0.709661 0.685531 0.709592 0.6815291 0.695603 0.673775 0.712744 0.663476 0.695603 0.673775 0.709592 0.6815291 0.709592 0.6815291 0.713023 0.679467 0.712744 0.663476 0.730234 0.67317 0.712744 0.663476 0.713023 0.679467 0.713023 0.679467 0.716524 0.681408 0.730234 0.67317 0.730583 0.693164 0.730234 0.67317 0.716524 0.681408 0.716524 0.681408 0.716594 0.68541 0.730583 0.693164 0.716524 0.681408 0.713023 0.679467 0.709592 0.6815291 0.709592 0.6815291 0.716594 0.68541 0.716524 0.681408 0.709592 0.6815291 0.709661 0.685531 0.713163 0.687472 0.713163 0.687472 0.716594 0.68541 0.709592 0.6815291 0.713442 0.703464 0.730583 0.693164 0.716594 0.68541 0.716594 0.68541 0.713163 0.687472 0.713442 0.703464 0.695952 0.693769 0.713442 0.703464 0.713163 0.687472 0.713163 0.687472 0.709661 0.685531 0.695952 0.693769 0.695603 0.673775 0.695952 0.693769 0.709661 0.685531 0.709661 0.685531 0.709592 0.6815291 0.695603 0.673775 0.712744 0.663476 0.695603 0.673775 0.709592 0.6815291 0.709592 0.6815291 0.713023 0.679467 0.712744 0.663476 0.730234 0.67317 0.712744 0.663476 0.713023 0.679467 0.713023 0.679467 0.716524 0.681408 0.730234 0.67317 0.730583 0.693164 0.730234 0.67317 0.716524 0.681408 0.716524 0.681408 0.716594 0.68541 0.730583 0.693164 0.716524 0.681408 0.713023 0.679467 0.709592 0.6815291 0.709592 0.6815291 0.716594 0.68541 0.716524 0.681408 0.709592 0.6815291 0.709661 0.685531 0.713163 0.687472 0.713163 0.687472 0.716594 0.68541 0.709592 0.6815291 0.900381 0.516635 0.900636 0.557825 0.88585 0.557917 0.88585 0.557917 0.885614 0.519889 0.900381 0.516635 0.919488 0.5165171 0.919744 0.557707 0.900636 0.557825 0.900636 0.557825 0.900381 0.516635 0.919488 0.5165171 0.941277 0.516381 0.941533 0.557572 0.919744 0.557707 0.919744 0.557707 0.919488 0.5165171 0.941277 0.516381 0.957596 0.5162801 0.957852 0.55747 0.941533 0.557572 0.941533 0.557572 0.941277 0.516381 0.957596 0.5162801 0.967785 0.516217 0.968041 0.557407 0.957852 0.55747 0.957852 0.55747 0.957596 0.5162801 0.967785 0.516217 0.984437 0.517695 0.984683 0.557304 0.968041 0.557407 0.968041 0.557407 0.967785 0.516217 0.984437 0.517695 0.96836 0.418025 0.964397 0.450804 0.943227 0.440337 0.943227 0.440337 0.947086 0.420997 0.96836 0.418025 0.900391 0.518216 0.900636 0.557825 0.88585 0.557917 0.88585 0.557917 0.885604 0.5183081 0.900391 0.518216 0.919498 0.518098 0.919744 0.557707 0.900636 0.557825 0.900636 0.557825 0.900391 0.518216 0.919498 0.518098 0.941287 0.517962 0.941533 0.557572 0.919744 0.557707 0.919744 0.557707 0.919498 0.518098 0.941287 0.517962 0.957606 0.517861 0.957852 0.55747 0.941533 0.557572 0.941533 0.557572 0.941287 0.517962 0.957606 0.517861 0.967795 0.517798 0.968041 0.557407 0.957852 0.55747 0.957852 0.55747 0.957606 0.517861 0.967795 0.517798 0.984437 0.517695 0.984683 0.557304 0.968041 0.557407 0.968041 0.557407 0.967795 0.517798 0.984437 0.517695 0.96836 0.418025 0.964397 0.450804 0.943227 0.440337 0.943227 0.440337 0.947086 0.420997 0.96836 0.418025 0.98076 0.428964 0.980267 0.440587 0.964397 0.450804 0.964397 0.450804 0.96836 0.418025 0.98076 0.428964 0.98076 0.428964 0.980267 0.440587 0.964397 0.450804 0.964397 0.450804 0.96836 0.418025 0.98076 0.428964 0.900381 0.516635 0.885614 0.519889 0.88585 0.557917 0.88585 0.557917 0.900636 0.557825 0.900381 0.516635 0.919488 0.5165171 0.900381 0.516635 0.900636 0.557825 0.900636 0.557825 0.919744 0.557707 0.919488 0.5165171 0.941277 0.516381 0.919488 0.5165171 0.919744 0.557707 0.919744 0.557707 0.941533 0.557572 0.941277 0.516381 0.957596 0.5162801 0.941277 0.516381 0.941533 0.557572 0.941533 0.557572 0.957852 0.55747 0.957596 0.5162801 0.967785 0.516217 0.957596 0.5162801 0.957852 0.55747 0.957852 0.55747 0.968041 0.557407 0.967785 0.516217 0.984437 0.517695 0.967785 0.516217 0.968041 0.557407 0.968041 0.557407 0.984683 0.557304 0.984437 0.517695 0.96836 0.418025 0.947086 0.420997 0.943227 0.440337 0.943227 0.440337 0.964397 0.450804 0.96836 0.418025 0.900391 0.518216 0.885604 0.5183081 0.88585 0.557917 0.88585 0.557917 0.900636 0.557825 0.900391 0.518216 0.919498 0.518098 0.900391 0.518216 0.900636 0.557825 0.900636 0.557825 0.919744 0.557707 0.919498 0.518098 0.941287 0.517962 0.919498 0.518098 0.919744 0.557707 0.919744 0.557707 0.941533 0.557572 0.941287 0.517962 0.957606 0.517861 0.941287 0.517962 0.941533 0.557572 0.941533 0.557572 0.957852 0.55747 0.957606 0.517861 0.967795 0.517798 0.957606 0.517861 0.957852 0.55747 0.957852 0.55747 0.968041 0.557407 0.967795 0.517798 0.984437 0.517695 0.967795 0.517798 0.968041 0.557407 0.968041 0.557407 0.984683 0.557304 0.984437 0.517695 0.96836 0.418025 0.947086 0.420997 0.943227 0.440337 0.943227 0.440337 0.964397 0.450804 0.96836 0.418025 0.98076 0.428964 0.96836 0.418025 0.964397 0.450804 0.964397 0.450804 0.980267 0.440587 0.98076 0.428964 0.98076 0.428964 0.96836 0.418025 0.964397 0.450804 0.964397 0.450804 0.980267 0.440587 0.98076 0.428964 0.894602 0.845385 0.908041 0.84548 0.90716 0.867496 0.90716 0.867496 0.892172 0.867541 0.894602 0.845385 0.921311 0.86746 0.896301 0.889674 0.90716 0.867496 0.933106 0.845134 0.948388 0.845608 0.953097 0.86766 0.953097 0.86766 0.937867 0.867101 0.933106 0.845134 0.867819 0.867454 0.869828 0.845432 0.880339 0.845432 0.880339 0.845432 0.878744 0.867607 0.867819 0.867454 0.878744 0.867607 0.896301 0.889674 0.855746 0.889674 0.948388 0.845608 0.968929 0.845553 0.969521 0.867713 0.969521 0.867713 0.953097 0.86766 0.948388 0.845608 0.982661 0.867553 0.978941 0.889674 0.969521 0.867713 0.880339 0.845432 0.894602 0.845385 0.892172 0.867541 0.892172 0.867541 0.878744 0.867607 0.880339 0.845432 0.919523 0.845345 0.933106 0.845134 0.937867 0.867101 0.937867 0.867101 0.921311 0.86746 0.919523 0.845345 0.921311 0.86746 0.946565 0.889674 0.896301 0.889674 0.953097 0.86766 0.978941 0.889674 0.946565 0.889674 0.867819 0.867454 0.855746 0.889674 0.858764 0.867528 0.908041 0.84548 0.919523 0.845345 0.921311 0.86746 0.921311 0.86746 0.90716 0.867496 0.908041 0.84548 0.968929 0.845553 0.986381 0.845432 0.982661 0.867553 0.982661 0.867553 0.969521 0.867713 0.968929 0.845553 0.869828 0.845432 0.867819 0.867454 0.858764 0.867528 0.858764 0.867528 0.859267 0.845432 0.869828 0.845432 0.855746 0.889674 0.867819 0.867454 0.878744 0.867607 0.896301 0.889674 0.892172 0.867541 0.90716 0.867496 0.896301 0.889674 0.878744 0.867607 0.892172 0.867541 0.946565 0.889674 0.937867 0.867101 0.953097 0.86766 0.946565 0.889674 0.921311 0.86746 0.937867 0.867101 0.978941 0.889674 0.953097 0.86766 0.969521 0.867713 0.894602 0.845385 0.892172 0.867541 0.90716 0.867496 0.90716 0.867496 0.908041 0.84548 0.894602 0.845385 0.921311 0.86746 0.90716 0.867496 0.896301 0.889674 0.933106 0.845134 0.937867 0.867101 0.953097 0.86766 0.953097 0.86766 0.948388 0.845608 0.933106 0.845134 0.867819 0.867454 0.878744 0.867607 0.880339 0.845432 0.880339 0.845432 0.869828 0.845432 0.867819 0.867454 0.878744 0.867607 0.855746 0.889674 0.896301 0.889674 0.948388 0.845608 0.953097 0.86766 0.969521 0.867713 0.969521 0.867713 0.968929 0.845553 0.948388 0.845608 0.982661 0.867553 0.969521 0.867713 0.978941 0.889674 0.880339 0.845432 0.878744 0.867607 0.892172 0.867541 0.892172 0.867541 0.894602 0.845385 0.880339 0.845432 0.919523 0.845345 0.921311 0.86746 0.937867 0.867101 0.937867 0.867101 0.933106 0.845134 0.919523 0.845345 0.921311 0.86746 0.896301 0.889674 0.946565 0.889674 0.953097 0.86766 0.946565 0.889674 0.978941 0.889674 0.867819 0.867454 0.858764 0.867528 0.855746 0.889674 0.908041 0.84548 0.90716 0.867496 0.921311 0.86746 0.921311 0.86746 0.919523 0.845345 0.908041 0.84548 0.968929 0.845553 0.969521 0.867713 0.982661 0.867553 0.982661 0.867553 0.986381 0.845432 0.968929 0.845553 0.869828 0.845432 0.859267 0.845432 0.858764 0.867528 0.858764 0.867528 0.867819 0.867454 0.869828 0.845432 0.855746 0.889674 0.878744 0.867607 0.867819 0.867454 0.896301 0.889674 0.90716 0.867496 0.892172 0.867541 0.896301 0.889674 0.892172 0.867541 0.878744 0.867607 0.946565 0.889674 0.953097 0.86766 0.937867 0.867101 0.946565 0.889674 0.937867 0.867101 0.921311 0.86746 0.978941 0.889674 0.969521 0.867713 0.953097 0.86766</float_array>
          <technique_common>
            <accessor source="#lightning_mcqueen_lod1-mesh-map-0-array" count="5814" stride="2">
              <param name="S" type="float"/>
              <param name="T" type="float"/>
            </accessor>
          </technique_common>
        </source>
        <vertices id="lightning_mcqueen_lod1-mesh-vertices">
          <input semantic="POSITION" source="#lightning_mcqueen_lod1-mesh-positions"/>
        </vertices>
        <triangles material="lightning_mcqueen-material" count="1938">
          <input semantic="VERTEX" source="#lightning_mcqueen_lod1-mesh-vertices" offset="0"/>
          <input semantic="NORMAL" source="#lightning_mcqueen_lod1-mesh-normals" offset="1"/>
          <input semantic="TEXCOORD" source="#lightning_mcqueen_lod1-mesh-map-0" offset="2" set="0"/>
          <p>0 0 0 1 1 1 2 2 2 0 0 3 3 3 4 1 1 5 3 3 6 4 4 7 1 1 8 4 4 9 5 5 10 1 1 11 6 6 12 7 7 13 8 8 14 9 9 15 6 6 16 8 8 17 10 10 18 9 9 19 8 8 20 11 11 21 12 12 22 13 13 23 13 13 24 14 14 25 11 11 26 15 15 27 16 16 28 17 17 29 17 17 30 18 18 31 15 15 32 19 19 33 17 17 34 16 16 35 16 16 36 20 20 37 19 19 38 21 21 39 19 19 40 20 20 41 20 20 42 22 22 43 21 21 44 23 23 45 21 21 46 22 22 47 22 22 48 24 24 49 23 23 50 7 7 51 25 25 52 8 8 53 1 1 54 26 26 55 2 2 56 25 25 57 27 27 58 8 8 59 28 28 60 15 15 61 18 18 62 18 18 63 29 29 64 28 28 65 30 30 66 31 31 67 1 1 68 30 30 69 1 1 70 32 32 71 32 32 72 1 1 73 33 33 74 33 33 75 1 1 76 5 5 77 34 34 78 8 8 79 35 35 80 36 36 81 8 8 82 34 34 83 10 10 84 8 8 85 36 36 86 37 37 87 38 38 88 13 13 89 13 13 90 12 12 91 37 37 92 39 39 93 40 40 94 41 41 95 41 41 96 42 42 97 39 39 98 43 43 99 44 44 100 42 42 101 42 42 102 41 41 103 43 43 104 45 45 105 46 46 106 44 44 107 44 44 108 43 43 109 45 45 110 47 47 111 48 48 112 46 46 113 46 46 114 45 45 115 47 47 116 35 35 117 8 8 118 49 49 119 1 1 120 31 31 121 50 26 122 49 49 123 8 8 124 51 50 125 52 51 126 53 52 127 40 40 128 40 40 129 39 39 130 52 51 131 54 53 132 55 54 133 56 55 134 56 55 135 57 56 136 54 53 137 58 57 138 59 58 139 60 59 140 59 58 141 55 54 142 54 53 143 54 53 144 60 59 145 59 58 146 61 60 147 62 61 148 63 62 149 63 62 150 64 63 151 61 60 152 65 64 153 66 65 154 67 66 155 61 60 156 64 63 157 65 64 158 65 64 159 67 66 160 61 60 161 57 56 162 68 67 163 69 68 164 69 68 165 62 61 166 57 56 167 54 53 168 57 56 169 62 61 170 62 61 171 61 60 172 54 53 173 58 57 174 60 59 175 67 66 176 67 66 177 66 65 178 58 57 179 70 69 180 58 57 181 66 65 182 66 65 183 71 70 184 70 69 185 60 59 186 54 53 187 61 60 188 61 60 189 67 66 190 60 59 191 72 71 192 73 72 193 74 73 194 74 73 195 75 74 196 72 71 197 76 75 198 77 76 199 78 77 200 78 77 201 77 76 202 72 71 203 72 71 204 75 74 205 78 77 206 79 78 207 80 79 208 81 80 209 81 80 210 82 81 211 79 78 212 83 82 213 84 83 214 85 84 215 79 78 216 84 83 217 83 82 218 83 82 219 80 79 220 79 78 221 73 72 222 82 81 223 86 85 224 86 85 225 87 86 226 73 72 227 72 71 228 79 78 229 82 81 230 82 81 231 73 72 232 72 71 233 76 75 234 85 84 235 84 83 236 84 83 237 77 76 238 76 75 239 88 87 240 89 88 241 85 84 242 85 84 243 76 75 244 88 87 245 77 76 246 84 83 247 79 78 248 79 78 249 72 71 250 77 76 251 90 89 252 91 90 253 92 91 254 92 91 255 93 92 256 90 89 257 94 93 258 95 94 259 96 95 260 96 95 261 97 96 262 94 93 263 98 97 264 99 98 265 100 99 266 100 99 267 101 100 268 98 97 269 102 101 270 103 102 271 90 89 272 90 89 273 93 92 274 102 101 275 104 103 276 105 104 277 106 105 278 106 105 279 107 106 280 104 103 281 108 107 282 109 108 283 110 109 284 110 109 285 111 110 286 108 107 287 112 111 288 113 112 289 114 113 290 114 113 291 115 114 292 112 111 293 106 105 294 116 115 295 117 116 296 117 116 297 107 106 298 106 105 299 118 117 300 119 118 301 120 119 302 121 120 303 122 121 304 120 119 305 123 122 306 124 123 307 120 119 308 125 124 309 126 125 310 120 119 311 127 126 312 128 127 313 120 119 314 129 128 315 130 129 316 120 119 317 120 119 318 119 118 319 129 128 320 120 119 321 122 121 322 118 117 323 120 119 324 124 123 325 121 120 326 120 119 327 126 125 328 123 122 329 120 119 330 128 127 331 125 124 332 120 119 333 130 129 334 127 126 335 131 130 336 132 131 337 133 132 338 134 133 339 135 134 340 133 132 341 136 135 342 137 136 343 133 132 344 138 137 345 139 138 346 133 132 347 140 139 348 141 140 349 133 132 350 142 141 351 143 142 352 133 132 353 133 132 354 132 131 355 134 133 356 133 132 357 135 134 358 136 135 359 133 132 360 137 136 361 138 137 362 133 132 363 139 138 364 140 139 365 133 132 366 141 140 367 142 141 368 133 132 369 143 142 370 131 130 371 144 143 372 145 144 373 146 145 374 147 146 375 148 147 376 144 143 377 149 148 378 148 147 379 147 146 380 147 146 381 150 149 382 149 148 383 151 150 384 152 151 385 146 145 386 146 145 387 145 144 388 151 150 389 148 147 390 145 144 391 144 143 392 153 152 393 154 153 394 155 154 395 156 155 396 153 152 397 157 156 398 158 157 399 159 158 400 156 155 401 156 155 402 157 156 403 158 157 404 151 150 405 155 154 406 154 153 407 154 153 408 152 151 409 151 150 410 157 156 411 153 152 412 155 154 413 160 159 414 161 160 415 162 161 416 162 161 417 163 162 418 160 159 419 164 163 420 165 164 421 166 165 422 166 165 423 167 166 424 164 163 425 168 167 426 169 168 427 165 164 428 165 164 429 164 163 430 168 167 431 168 167 432 163 162 433 162 161 434 162 161 435 169 168 436 168 167 437 170 169 438 171 170 439 172 171 440 172 171 441 173 172 442 170 169 443 173 172 444 174 173 445 175 174 446 175 174 447 176 175 448 173 172 449 176 175 450 175 174 451 177 176 452 177 176 453 178 177 454 176 175 455 178 177 456 177 176 457 179 178 458 179 178 459 170 169 460 178 177 461 170 169 462 179 178 463 180 179 464 180 179 465 171 170 466 170 169 467 171 170 468 180 179 469 181 180 470 181 180 471 172 171 472 171 170 473 172 171 474 181 180 475 174 173 476 174 173 477 173 172 478 172 171 479 182 181 480 160 159 481 163 162 482 163 162 483 183 182 484 182 181 485 184 183 486 164 163 487 167 166 488 167 166 489 185 184 490 184 183 491 186 185 492 168 167 493 164 163 494 164 163 495 184 183 496 186 185 497 183 182 498 163 162 499 168 167 500 168 167 501 186 185 502 183 182 503 187 186 504 188 187 505 182 181 506 182 181 507 183 182 508 187 186 509 185 184 510 189 188 511 190 189 512 190 189 513 184 183 514 185 184 515 184 183 516 190 189 517 191 190 518 191 190 519 186 185 520 184 183 521 186 185 522 191 190 523 187 186 524 187 186 525 183 182 526 186 185 527 192 191 528 193 192 529 194 193 530 194 193 531 195 194 532 192 191 533 196 195 534 197 196 535 195 194 536 195 194 537 194 193 538 196 195 539 198 197 540 196 195 541 194 193 542 194 193 543 193 192 544 198 197 545 199 198 546 198 197 547 193 192 548 193 192 549 192 191 550 199 198 551 200 199 552 199 198 553 192 191 554 192 191 555 201 200 556 200 199 557 202 201 558 200 199 559 201 200 560 201 200 561 203 202 562 202 201 563 197 196 564 202 201 565 203 202 566 203 202 567 195 194 568 197 196 569 204 203 570 205 204 571 206 205 572 206 205 573 207 206 574 204 203 575 208 207 576 209 208 577 210 209 578 210 209 579 211 210 580 208 207 581 212 211 582 213 212 583 209 208 584 209 208 585 208 207 586 212 211 587 212 211 588 206 205 589 205 204 590 205 204 591 213 212 592 212 211 593 214 213 594 215 214 595 216 215 596 216 215 597 217 216 598 214 213 599 217 216 600 218 217 601 219 218 602 219 218 603 220 219 604 217 216 605 220 219 606 219 218 607 221 220 608 221 220 609 222 221 610 220 219 611 222 221 612 221 220 613 223 222 614 223 222 615 214 213 616 222 221 617 214 213 618 223 222 619 224 223 620 224 223 621 215 214 622 214 213 623 215 214 624 224 223 625 225 224 626 225 224 627 216 215 628 215 214 629 216 215 630 225 224 631 218 217 632 218 217 633 217 216 634 216 215 635 226 225 636 207 206 637 206 205 638 206 205 639 227 226 640 226 225 641 228 227 642 208 207 643 211 210 644 211 210 645 229 228 646 228 227 647 230 229 648 212 211 649 208 207 650 208 207 651 228 227 652 230 229 653 227 226 654 206 205 655 212 211 656 212 211 657 230 229 658 227 226 659 227 226 660 231 230 661 232 231 662 232 231 663 226 225 664 227 226 665 229 228 666 233 232 667 234 233 668 234 233 669 228 227 670 229 228 671 228 227 672 234 233 673 235 234 674 235 234 675 230 229 676 228 227 677 230 229 678 235 234 679 231 230 680 231 230 681 227 226 682 230 229 683 236 235 684 237 236 685 238 237 686 238 237 687 239 238 688 236 235 689 240 239 690 241 240 691 236 235 692 236 235 693 239 238 694 240 239 695 242 241 696 240 239 697 239 238 698 239 238 699 238 237 700 242 241 701 243 242 702 242 241 703 238 237 704 238 237 705 237 236 706 243 242 707 244 243 708 243 242 709 237 236 710 237 236 711 245 244 712 244 243 713 246 245 714 244 243 715 245 244 716 245 244 717 247 246 718 246 245 719 241 240 720 246 245 721 247 246 722 247 246 723 236 235 724 241 240 725 248 247 726 249 248 727 250 249 728 250 249 729 251 250 730 248 247 731 252 251 732 253 252 733 254 253 734 254 253 735 255 254 736 252 251 737 256 255 738 257 256 739 253 252 740 253 252 741 252 251 742 256 255 743 256 255 744 250 249 745 249 248 746 249 248 747 257 256 748 256 255 749 258 257 750 259 258 751 260 259 752 260 259 753 261 260 754 258 257 755 261 260 756 262 261 757 263 262 758 263 262 759 264 263 760 261 260 761 264 263 762 263 262 763 265 264 764 265 264 765 266 265 766 264 263 767 266 265 768 265 264 769 267 266 770 267 266 771 258 257 772 266 265 773 258 257 774 267 266 775 268 267 776 268 267 777 259 258 778 258 257 779 259 258 780 268 267 781 269 268 782 269 268 783 260 259 784 259 258 785 260 259 786 269 268 787 262 261 788 262 261 789 261 260 790 260 259 791 270 269 792 251 250 793 250 249 794 250 249 795 271 270 796 270 269 797 272 271 798 252 251 799 255 254 800 255 254 801 273 272 802 272 271 803 274 273 804 256 255 805 252 251 806 252 251 807 272 271 808 274 273 809 271 270 810 250 249 811 256 255 812 256 255 813 274 273 814 271 270 815 271 270 816 275 274 817 276 275 818 276 275 819 270 269 820 271 270 821 273 272 822 277 276 823 278 277 824 278 277 825 272 271 826 273 272 827 272 271 828 278 277 829 279 278 830 279 278 831 274 273 832 272 271 833 274 273 834 279 278 835 275 274 836 275 274 837 271 270 838 274 273 839 280 279 840 281 280 841 282 281 842 282 281 843 283 282 844 280 279 845 284 283 846 285 284 847 280 279 848 280 279 849 283 282 850 284 283 851 286 285 852 284 283 853 283 282 854 283 282 855 282 281 856 286 285 857 287 286 858 286 285 859 282 281 860 282 281 861 281 280 862 287 286 863 288 287 864 287 286 865 281 280 866 281 280 867 289 288 868 288 287 869 290 289 870 288 287 871 289 288 872 289 288 873 291 290 874 290 289 875 285 284 876 290 289 877 291 290 878 291 290 879 280 279 880 285 284 881 292 291 882 293 292 883 294 293 884 294 293 885 295 294 886 292 291 887 296 295 888 297 296 889 298 297 890 298 297 891 299 298 892 296 295 893 296 295 894 299 298 895 300 299 896 300 299 897 301 300 898 296 295 899 301 300 900 300 299 901 294 293 902 294 293 903 293 292 904 301 300 905 302 301 906 303 302 907 304 303 908 304 303 909 305 304 910 302 301 911 306 305 912 307 306 913 305 304 914 305 304 915 304 303 916 306 305 917 308 307 918 306 305 919 304 303 920 304 303 921 303 302 922 308 307 923 309 308 924 308 307 925 303 302 926 303 302 927 302 301 928 309 308 929 310 309 930 309 308 931 302 301 932 302 301 933 311 310 934 310 309 935 312 311 936 310 309 937 311 310 938 311 310 939 313 312 940 312 311 941 307 306 942 312 311 943 313 312 944 313 312 945 305 304 946 307 306 947 314 313 948 315 314 949 293 292 950 293 292 951 292 291 952 314 313 953 316 315 954 317 316 955 297 296 956 297 296 957 296 295 958 316 315 959 318 317 960 316 315 961 296 295 962 296 295 963 301 300 964 318 317 965 315 314 966 318 317 967 301 300 968 301 300 969 293 292 970 315 314 971 315 314 972 314 313 973 319 318 974 319 318 975 320 319 976 315 314 977 317 316 978 316 315 979 321 320 980 321 320 981 322 321 982 317 316 983 316 315 984 318 317 985 323 322 986 323 322 987 321 320 988 316 315 989 318 317 990 315 314 991 320 319 992 320 319 993 323 322 994 318 317 995 324 323 996 325 324 997 326 325 998 326 325 999 327 326 1000 324 323 1001 326 325 1002 328 327 1003 329 328 1004 329 328 1005 327 326 1006 326 325 1007 327 326 1008 329 328 1009 330 329 1010 330 329 1011 324 323 1012 327 326 1013 324 323 1014 330 329 1015 331 330 1016 331 330 1017 325 324 1018 324 323 1019 325 324 1020 331 330 1021 332 331 1022 332 331 1023 333 332 1024 325 324 1025 333 332 1026 332 331 1027 334 333 1028 334 333 1029 335 334 1030 333 332 1031 335 334 1032 334 333 1033 328 327 1034 328 327 1035 326 325 1036 335 334 1037 336 335 1038 337 336 1039 338 337 1040 338 337 1041 339 338 1042 336 335 1043 340 339 1044 341 340 1045 342 341 1046 342 341 1047 343 342 1048 340 339 1049 340 339 1050 343 342 1051 344 343 1052 344 343 1053 345 344 1054 340 339 1055 345 344 1056 344 343 1057 338 337 1058 338 337 1059 337 336 1060 345 344 1061 346 345 1062 347 346 1063 348 347 1064 348 347 1065 349 348 1066 346 345 1067 350 349 1068 351 350 1069 349 348 1070 349 348 1071 348 347 1072 350 349 1073 352 351 1074 350 349 1075 348 347 1076 348 347 1077 347 346 1078 352 351 1079 353 352 1080 352 351 1081 347 346 1082 347 346 1083 346 345 1084 353 352 1085 354 353 1086 353 352 1087 346 345 1088 346 345 1089 355 354 1090 354 353 1091 356 355 1092 354 353 1093 355 354 1094 355 354 1095 357 356 1096 356 355 1097 351 350 1098 356 355 1099 357 356 1100 357 356 1101 349 348 1102 351 350 1103 358 357 1104 359 358 1105 337 336 1106 337 336 1107 336 335 1108 358 357 1109 360 359 1110 361 360 1111 341 340 1112 341 340 1113 340 339 1114 360 359 1115 362 361 1116 360 359 1117 340 339 1118 340 339 1119 345 344 1120 362 361 1121 359 358 1122 362 361 1123 345 344 1124 345 344 1125 337 336 1126 359 358 1127 359 358 1128 358 357 1129 363 362 1130 363 362 1131 364 363 1132 359 358 1133 361 360 1134 360 359 1135 365 364 1136 365 364 1137 366 365 1138 361 360 1139 360 359 1140 362 361 1141 367 366 1142 367 366 1143 365 364 1144 360 359 1145 362 361 1146 359 358 1147 364 363 1148 364 363 1149 367 366 1150 362 361 1151 368 367 1152 369 368 1153 370 369 1154 370 369 1155 371 370 1156 368 367 1157 370 369 1158 372 371 1159 373 372 1160 373 372 1161 371 370 1162 370 369 1163 371 370 1164 373 372 1165 374 373 1166 374 373 1167 368 367 1168 371 370 1169 368 367 1170 374 373 1171 375 374 1172 375 374 1173 369 368 1174 368 367 1175 369 368 1176 375 374 1177 376 375 1178 376 375 1179 377 376 1180 369 368 1181 377 376 1182 376 375 1183 378 377 1184 378 377 1185 379 378 1186 377 376 1187 379 378 1188 378 377 1189 372 371 1190 372 371 1191 370 369 1192 379 378 1193 380 379 1194 381 380 1195 382 381 1196 382 381 1197 383 382 1198 380 379 1199 384 383 1200 385 384 1201 386 385 1202 386 385 1203 387 386 1204 384 383 1205 388 387 1206 389 388 1207 390 389 1208 390 389 1209 391 390 1210 388 387 1211 392 391 1212 393 392 1213 394 393 1214 394 393 1215 395 394 1216 392 391 1217 396 395 1218 397 396 1219 398 397 1220 398 397 1221 399 398 1222 396 395 1223 400 399 1224 401 400 1225 402 401 1226 402 401 1227 403 402 1228 400 399 1229 404 403 1230 405 404 1231 406 405 1232 406 405 1233 407 406 1234 404 403 1235 408 407 1236 409 408 1237 410 409 1238 410 409 1239 411 410 1240 408 407 1241 412 411 1242 413 412 1243 414 413 1244 414 413 1245 415 414 1246 412 411 1247 404 403 1248 407 406 1249 413 412 1250 413 412 1251 412 411 1252 404 403 1253 416 415 1254 417 416 1255 418 417 1256 418 417 1257 419 418 1258 416 415 1259 420 419 1260 421 420 1261 422 421 1262 422 421 1263 423 422 1264 420 419 1265 424 423 1266 425 424 1267 426 425 1268 426 425 1269 427 426 1270 424 423 1271 428 427 1272 429 428 1273 430 429 1274 430 429 1275 431 430 1276 428 427 1277 432 431 1278 433 432 1279 434 433 1280 434 433 1281 435 434 1282 432 431 1283 436 435 1284 437 436 1285 438 437 1286 438 437 1287 439 438 1288 436 435 1289 440 439 1290 441 440 1291 442 441 1292 442 441 1293 443 442 1294 440 439 1295 444 443 1296 445 444 1297 442 441 1298 442 441 1299 441 440 1300 444 443 1301 446 445 1302 447 446 1303 448 447 1304 448 447 1305 449 448 1306 446 445 1307 450 449 1308 451 450 1309 452 451 1310 452 451 1311 453 452 1312 450 449 1313 454 453 1314 455 454 1315 453 452 1316 453 452 1317 456 455 1318 454 453 1319 455 454 1320 457 456 1321 450 449 1322 450 449 1323 453 452 1324 455 454 1325 458 457 1326 459 458 1327 460 459 1328 460 459 1329 461 460 1330 458 457 1331 462 461 1332 463 462 1333 464 463 1334 464 463 1335 465 464 1336 462 461 1337 466 465 1338 467 466 1339 468 467 1340 468 467 1341 469 468 1342 466 465 1343 470 469 1344 471 470 1345 472 471 1346 472 471 1347 473 472 1348 470 469 1349 474 473 1350 475 474 1351 476 475 1352 476 475 1353 477 476 1354 474 473 1355 478 477 1356 479 478 1357 480 479 1358 480 479 1359 481 480 1360 478 477 1361 482 481 1362 483 482 1363 484 483 1364 484 483 1365 485 484 1366 482 481 1367 486 485 1368 487 486 1369 488 487 1370 488 487 1371 489 488 1372 486 485 1373 490 489 1374 491 490 1375 492 491 1376 492 491 1377 493 492 1378 490 489 1379 482 481 1380 490 489 1381 493 492 1382 493 492 1383 483 482 1384 482 481 1385 494 493 1386 495 494 1387 496 495 1388 496 495 1389 497 496 1390 494 493 1391 498 497 1392 499 498 1393 500 499 1394 500 499 1395 501 500 1396 498 497 1397 502 501 1398 503 502 1399 504 503 1400 504 503 1401 505 504 1402 502 501 1403 506 505 1404 507 506 1405 508 507 1406 508 507 1407 509 508 1408 506 505 1409 510 509 1410 511 510 1411 512 511 1412 512 511 1413 513 512 1414 510 509 1415 514 513 1416 515 514 1417 516 515 1418 516 515 1419 517 516 1420 514 513 1421 518 517 1422 519 518 1423 520 519 1424 520 519 1425 521 520 1426 518 517 1427 522 521 1428 521 520 1429 520 519 1430 520 519 1431 523 522 1432 522 521 1433 524 523 1434 525 524 1435 526 525 1436 526 525 1437 527 526 1438 524 523 1439 528 527 1440 529 528 1441 530 529 1442 530 529 1443 531 530 1444 528 527 1445 454 453 1446 532 531 1447 529 528 1448 529 528 1449 455 454 1450 454 453 1451 455 454 1452 529 528 1453 528 527 1454 528 527 1455 457 456 1456 455 454 1457 533 532 1458 534 533 1459 535 534 1460 535 534 1461 536 535 1462 533 532 1463 534 533 1464 537 536 1465 538 537 1466 538 537 1467 535 534 1468 534 533 1469 536 535 1470 535 534 1471 539 538 1472 539 538 1473 540 539 1474 536 535 1475 538 537 1476 541 540 1477 539 538 1478 539 538 1479 535 534 1480 538 537 1481 540 539 1482 539 538 1483 542 541 1484 542 541 1485 543 542 1486 540 539 1487 539 538 1488 541 540 1489 544 543 1490 544 543 1491 542 541 1492 539 538 1493 545 544 1494 546 545 1495 547 546 1496 547 546 1497 548 547 1498 545 544 1499 548 547 1500 547 546 1501 549 548 1502 549 548 1503 550 549 1504 548 547 1505 546 545 1506 551 550 1507 552 551 1508 552 551 1509 547 546 1510 546 545 1511 549 548 1512 547 546 1513 552 551 1514 552 551 1515 553 552 1516 549 548 1517 551 550 1518 543 542 1519 542 541 1520 542 541 1521 552 551 1522 551 550 1523 552 551 1524 542 541 1525 544 543 1526 544 543 1527 553 552 1528 552 551 1529 554 553 1530 555 554 1531 556 555 1532 556 555 1533 557 556 1534 554 553 1535 557 556 1536 556 555 1537 558 557 1538 558 557 1539 559 558 1540 557 556 1541 560 559 1542 557 556 1543 559 558 1544 559 558 1545 561 560 1546 560 559 1547 562 561 1548 559 558 1549 558 557 1550 558 557 1551 563 562 1552 562 561 1553 561 560 1554 559 558 1555 562 561 1556 562 561 1557 564 563 1558 561 560 1559 554 553 1560 557 556 1561 560 559 1562 560 559 1563 565 564 1564 554 553 1565 566 565 1566 567 566 1567 568 567 1568 568 567 1569 569 568 1570 566 565 1571 567 566 1572 570 569 1573 571 570 1574 571 570 1575 568 567 1576 567 566 1577 572 571 1578 573 572 1579 570 569 1580 570 569 1581 567 566 1582 572 571 1583 562 561 1584 563 562 1585 571 570 1586 571 570 1587 570 569 1588 562 561 1589 573 572 1590 564 563 1591 562 561 1592 562 561 1593 570 569 1594 573 572 1595 566 565 1596 574 573 1597 572 571 1598 572 571 1599 567 566 1600 566 565 1601 575 574 1602 576 575 1603 577 576 1604 577 576 1605 578 577 1606 575 574 1607 579 578 1608 580 579 1609 581 580 1610 581 580 1611 582 581 1612 579 578 1613 576 575 1614 583 582 1615 584 583 1616 584 583 1617 577 576 1618 576 575 1619 578 577 1620 577 576 1621 585 584 1622 585 584 1623 586 585 1624 578 577 1625 587 586 1626 584 583 1627 582 581 1628 582 581 1629 588 587 1630 587 586 1631 589 588 1632 575 574 1633 578 577 1634 578 577 1635 586 585 1636 589 588 1637 583 582 1638 579 578 1639 582 581 1640 582 581 1641 584 583 1642 583 582 1643 588 587 1644 582 581 1645 581 580 1646 581 580 1647 590 589 1648 588 587 1649 587 586 1650 585 584 1651 577 576 1652 577 576 1653 584 583 1654 587 586 1655 575 574 1656 589 588 1657 591 590 1658 591 590 1659 576 575 1660 575 574 1661 592 591 1662 593 592 1663 579 578 1664 579 578 1665 583 582 1666 592 591 1667 593 592 1668 594 593 1669 580 579 1670 580 579 1671 579 578 1672 593 592 1673 583 582 1674 576 575 1675 591 590 1676 591 590 1677 592 591 1678 583 582 1679 595 594 1680 596 595 1681 597 596 1682 597 596 1683 598 597 1684 595 594 1685 599 598 1686 600 599 1687 601 600 1688 601 600 1689 602 601 1690 599 598 1691 598 597 1692 597 596 1693 603 602 1694 603 602 1695 604 603 1696 598 597 1697 596 595 1698 605 604 1699 606 605 1700 606 605 1701 597 596 1702 596 595 1703 607 606 1704 608 607 1705 600 599 1706 600 599 1707 603 602 1708 607 606 1709 609 608 1710 605 604 1711 596 595 1712 596 595 1713 595 594 1714 609 608 1715 604 603 1716 603 602 1717 600 599 1718 600 599 1719 599 598 1720 604 603 1721 608 607 1722 610 609 1723 601 600 1724 601 600 1725 600 599 1726 608 607 1727 607 606 1728 603 602 1729 597 596 1730 597 596 1731 606 605 1732 607 606 1733 595 594 1734 598 597 1735 611 610 1736 611 610 1737 609 608 1738 595 594 1739 612 611 1740 604 603 1741 599 598 1742 599 598 1743 613 612 1744 612 611 1745 599 598 1746 602 601 1747 614 613 1748 614 613 1749 613 612 1750 599 598 1751 612 611 1752 611 610 1753 598 597 1754 598 597 1755 604 603 1756 612 611 1757 94 93 1758 97 96 1759 92 91 1760 92 91 1761 91 90 1762 94 93 1763 615 614 1764 616 615 1765 96 95 1766 96 95 1767 95 94 1768 615 614 1769 617 616 1770 618 617 1771 100 99 1772 100 99 1773 99 98 1774 617 616 1775 618 617 1776 617 616 1777 103 102 1778 103 102 1779 102 101 1780 618 617 1781 109 108 1782 108 107 1783 105 104 1784 105 104 1785 104 103 1786 109 108 1787 616 615 1788 615 614 1789 111 110 1790 111 110 1791 110 109 1792 616 615 1793 114 113 1794 619 618 1795 620 619 1796 620 619 1797 115 114 1798 114 113 1799 116 115 1800 620 619 1801 619 618 1802 619 618 1803 117 116 1804 116 115 1805 176 175 1806 178 177 1807 170 169 1808 170 169 1809 173 172 1810 176 175 1811 203 202 1812 201 200 1813 192 191 1814 192 191 1815 195 194 1816 203 202 1817 220 219 1818 222 221 1819 214 213 1820 214 213 1821 217 216 1822 220 219 1823 247 246 1824 245 244 1825 237 236 1826 237 236 1827 236 235 1828 247 246 1829 264 263 1830 266 265 1831 258 257 1832 258 257 1833 261 260 1834 264 263 1835 291 290 1836 289 288 1837 281 280 1838 281 280 1839 280 279 1840 291 290 1841 313 312 1842 311 310 1843 302 301 1844 302 301 1845 305 304 1846 313 312 1847 333 332 1848 335 334 1849 326 325 1850 326 325 1851 325 324 1852 333 332 1853 357 356 1854 355 354 1855 346 345 1856 346 345 1857 349 348 1858 357 356 1859 377 376 1860 379 378 1861 370 369 1862 370 369 1863 369 368 1864 377 376 1865 621 620 1866 622 621 1867 623 622 1868 624 623 1869 625 624 1870 626 625 1871 626 625 1872 627 626 1873 624 623 1874 625 624 1875 622 621 1876 628 627 1877 622 621 1878 629 628 1879 630 629 1880 630 629 1881 623 622 1882 622 621 1883 625 624 1884 624 623 1885 629 628 1886 629 628 1887 622 621 1888 625 624 1889 628 627 1890 626 625 1891 625 624 1892 621 620 1893 631 630 1894 632 631 1895 632 631 1896 628 627 1897 621 620 1898 623 622 1899 633 632 1900 621 620 1901 634 633 1902 635 634 1903 636 635 1904 636 635 1905 637 636 1906 634 633 1907 634 633 1908 638 637 1909 633 632 1910 630 629 1911 639 638 1912 633 632 1913 633 632 1914 623 622 1915 630 629 1916 639 638 1917 635 634 1918 634 633 1919 634 633 1920 633 632 1921 639 638 1922 638 637 1923 634 633 1924 637 636 1925 631 630 1926 621 620 1927 638 637 1928 638 637 1929 640 639 1930 631 630 1931 641 640 1932 642 641 1933 643 642 1934 643 642 1935 644 643 1936 641 640 1937 645 644 1938 646 645 1939 647 646 1940 647 646 1941 648 647 1942 645 644 1943 649 648 1944 650 649 1945 651 650 1946 651 650 1947 652 651 1948 649 648 1949 641 640 1950 653 652 1951 654 653 1952 654 653 1953 655 654 1954 641 640 1955 656 655 1956 657 656 1957 658 657 1958 658 657 1959 659 658 1960 656 655 1961 660 659 1962 661 660 1963 662 661 1964 662 661 1965 663 662 1966 660 659 1967 664 663 1968 665 664 1969 666 665 1970 666 665 1971 667 666 1972 664 663 1973 662 661 1974 661 660 1975 667 666 1976 667 666 1977 666 665 1978 662 661 1979 665 664 1980 664 663 1981 668 667 1982 668 667 1983 669 668 1984 665 664 1985 668 667 1986 670 669 1987 671 670 1988 671 670 1989 669 668 1990 668 667 1991 672 671 1992 673 672 1993 674 673 1994 674 673 1995 675 674 1996 672 671 1997 676 675 1998 677 676 1999 678 677 2000 678 677 2001 679 678 2002 676 675 2003 680 679 2004 681 680 2005 678 677 2006 680 679 2007 678 677 2008 677 676 2009 680 679 2010 677 676 2011 682 681 2012 683 682 2013 680 679 2014 682 681 2015 682 681 2016 684 683 2017 683 682 2018 685 684 2019 686 685 2020 687 686 2021 687 686 2022 688 687 2023 685 684 2024 676 675 2025 679 678 2026 689 688 2027 689 688 2028 690 689 2029 676 675 2030 675 674 2031 691 690 2032 672 671 2033 689 688 2034 675 674 2035 674 673 2036 674 673 2037 690 689 2038 689 688 2039 692 691 2040 693 692 2041 694 693 2042 694 693 2043 695 694 2044 692 691 2045 693 692 2046 696 695 2047 697 696 2048 698 697 2049 699 698 2050 692 691 2051 692 691 2052 656 655 2053 698 697 2054 655 654 2055 700 699 2056 642 641 2057 642 641 2058 641 640 2059 655 654 2060 695 694 2061 657 656 2062 656 655 2063 656 655 2064 692 691 2065 695 694 2066 644 643 2067 643 642 2068 647 646 2069 647 646 2070 646 645 2071 644 643 2072 659 658 2073 701 700 2074 698 697 2075 698 697 2076 656 655 2077 659 658 2078 698 697 2079 701 700 2080 644 643 2081 644 643 2082 646 645 2083 698 697 2084 647 646 2085 643 642 2086 702 701 2087 702 701 2088 703 702 2089 647 646 2090 704 703 2091 648 647 2092 647 646 2093 647 646 2094 703 702 2095 704 703 2096 642 641 2097 705 704 2098 702 701 2099 702 701 2100 643 642 2101 642 641 2102 706 705 2103 652 651 2104 651 650 2105 651 650 2106 707 706 2107 706 705 2108 705 704 2109 642 641 2110 700 699 2111 700 699 2112 708 707 2113 705 704 2114 709 708 2115 653 652 2116 710 709 2117 710 709 2118 711 710 2119 709 708 2120 711 710 2121 710 709 2122 712 711 2123 712 711 2124 663 662 2125 711 710 2126 713 712 2127 711 710 2128 663 662 2129 663 662 2130 662 661 2131 713 712 2132 713 712 2133 662 661 2134 666 665 2135 666 665 2136 714 713 2137 713 712 2138 666 665 2139 626 714 2140 714 713 2141 675 674 2142 715 715 2143 716 716 2144 716 716 2145 665 664 2146 675 674 2147 716 716 2148 666 665 2149 665 664 2150 717 717 2151 626 714 2152 666 665 2153 666 665 2154 716 716 2155 717 717 2156 718 718 2157 719 719 2158 720 720 2159 720 720 2160 721 721 2161 718 718 2162 715 715 2163 722 722 2164 717 717 2165 717 717 2166 716 716 2167 715 715 2168 715 715 2169 689 688 2170 723 723 2171 724 724 2172 725 725 2173 726 726 2174 726 726 2175 727 727 2176 724 724 2177 728 728 2178 729 729 2179 730 730 2180 730 730 2181 681 680 2182 728 728 2183 731 731 2184 732 732 2185 680 679 2186 680 679 2187 683 682 2188 731 731 2189 733 733 2190 734 734 2191 735 735 2192 735 735 2193 736 736 2194 733 733 2195 737 737 2196 738 738 2197 739 739 2198 738 738 2199 734 734 2200 733 733 2201 733 733 2202 740 740 2203 738 738 2204 741 741 2205 736 736 2206 735 735 2207 735 735 2208 742 742 2209 741 741 2210 742 742 2211 686 685 2212 685 684 2213 743 743 2214 744 744 2215 679 678 2216 679 678 2217 678 677 2218 743 743 2219 743 743 2220 678 677 2221 681 680 2222 681 680 2223 730 730 2224 743 743 2225 745 745 2226 746 746 2227 747 747 2228 679 678 2229 744 744 2230 689 688 2231 748 748 2232 749 749 2233 750 750 2234 750 750 2235 751 751 2236 748 748 2237 752 752 2238 748 748 2239 751 751 2240 751 751 2241 753 753 2242 752 752 2243 748 748 2244 752 752 2245 754 754 2246 749 749 2247 755 755 2248 756 756 2249 756 756 2250 750 750 2251 749 749 2252 753 753 2253 718 718 2254 721 721 2255 721 721 2256 752 752 2257 753 753 2258 699 698 2259 698 697 2260 646 645 2261 646 645 2262 645 644 2263 699 698 2264 696 695 2265 693 692 2266 650 649 2267 650 649 2268 649 648 2269 696 695 2270 757 757 2271 758 758 2272 759 759 2273 759 759 2274 760 760 2275 757 757 2276 757 757 2277 760 760 2278 761 761 2279 761 761 2280 762 762 2281 757 757 2282 763 763 2283 764 764 2284 765 765 2285 765 765 2286 766 766 2287 763 763 2288 767 767 2289 763 763 2290 766 766 2291 766 766 2292 762 762 2293 767 767 2294 768 768 2295 767 767 2296 762 762 2297 762 762 2298 769 769 2299 768 768 2300 770 770 2301 771 771 2302 772 772 2303 773 773 2304 774 774 2305 772 772 2306 772 772 2307 771 771 2308 773 773 2309 770 770 2310 758 758 2311 757 757 2312 757 757 2313 771 771 2314 770 770 2315 773 773 2316 771 771 2317 762 762 2318 757 757 2319 762 762 2320 771 771 2321 768 768 2322 769 769 2323 775 775 2324 776 776 2325 709 708 2326 711 710 2327 711 710 2328 713 712 2329 776 776 2330 663 662 2331 712 711 2332 777 777 2333 777 777 2334 660 659 2335 663 662 2336 675 674 2337 665 664 2338 669 668 2339 669 668 2340 691 690 2341 675 674 2342 778 778 2343 749 749 2344 748 748 2345 748 748 2346 754 754 2347 778 778 2348 779 779 2349 691 690 2350 669 668 2351 669 668 2352 671 670 2353 779 779 2354 734 734 2355 738 738 2356 737 737 2357 780 780 2358 781 781 2359 782 782 2360 729 729 2361 725 725 2362 724 724 2363 724 724 2364 730 730 2365 729 729 2366 730 730 2367 724 724 2368 783 783 2369 783 783 2370 743 743 2371 730 730 2372 745 745 2373 744 744 2374 743 743 2375 743 743 2376 783 783 2377 745 745 2378 723 723 2379 745 745 2380 755 755 2381 752 752 2382 721 721 2383 754 754 2384 723 723 2385 689 688 2386 744 744 2387 715 715 2388 675 674 2389 689 688 2390 784 784 2391 785 785 2392 786 786 2393 786 786 2394 787 787 2395 784 784 2396 650 649 2397 645 644 2398 648 647 2399 648 647 2400 651 650 2401 650 649 2402 699 698 2403 693 692 2404 692 691 2405 699 698 2406 645 644 2407 650 649 2408 650 649 2409 693 692 2410 699 698 2411 651 650 2412 648 647 2413 704 703 2414 704 703 2415 707 706 2416 651 650 2417 765 765 2418 774 774 2419 773 773 2420 773 773 2421 766 766 2422 765 765 2423 773 773 2424 762 762 2425 766 766 2426 769 769 2427 762 762 2428 761 761 2429 761 761 2430 775 775 2431 769 769 2432 659 658 2433 658 657 2434 777 777 2435 777 777 2436 712 711 2437 659 658 2438 788 788 2439 789 789 2440 790 790 2441 790 790 2442 785 785 2443 788 788 2444 680 679 2445 732 732 2446 728 728 2447 728 728 2448 681 680 2449 680 679 2450 735 735 2451 734 734 2452 737 737 2453 737 737 2454 686 685 2455 735 735 2456 754 754 2457 721 721 2458 626 714 2459 626 714 2460 717 717 2461 754 754 2462 626 714 2463 721 721 2464 720 720 2465 720 720 2466 791 791 2467 626 714 2468 778 778 2469 717 717 2470 722 722 2471 778 778 2472 754 754 2473 717 717 2474 778 778 2475 722 722 2476 723 723 2477 723 723 2478 755 755 2479 778 778 2480 778 778 2481 755 755 2482 749 749 2483 719 719 2484 718 718 2485 792 792 2486 792 792 2487 793 793 2488 719 719 2489 794 794 2490 792 792 2491 718 718 2492 718 718 2493 753 753 2494 794 794 2495 654 653 2496 653 652 2497 709 708 2498 723 723 2499 722 722 2500 715 715 2501 746 746 2502 783 783 2503 724 724 2504 724 724 2505 727 727 2506 746 746 2507 745 745 2508 756 756 2509 755 755 2510 795 795 2511 796 796 2512 738 738 2513 738 738 2514 740 740 2515 795 795 2516 797 797 2517 798 798 2518 782 782 2519 782 782 2520 781 781 2521 797 797 2522 745 745 2523 783 783 2524 746 746 2525 751 751 2526 750 750 2527 799 799 2528 799 799 2529 800 800 2530 751 751 2531 753 753 2532 751 751 2533 800 800 2534 800 800 2535 794 794 2536 753 753 2537 750 750 2538 756 756 2539 801 801 2540 801 801 2541 799 799 2542 750 750 2543 747 747 2544 801 801 2545 756 756 2546 802 802 2547 803 803 2548 804 804 2549 804 804 2550 805 805 2551 802 802 2552 806 806 2553 807 807 2554 808 808 2555 808 808 2556 809 809 2557 806 806 2558 810 810 2559 811 811 2560 812 812 2561 812 812 2562 813 813 2563 810 810 2564 802 802 2565 655 654 2566 654 653 2567 654 653 2568 814 814 2569 802 802 2570 815 815 2571 816 816 2572 817 817 2573 817 817 2574 818 818 2575 815 815 2576 819 819 2577 820 820 2578 821 821 2579 821 821 2580 822 822 2581 819 819 2582 823 823 2583 824 824 2584 825 825 2585 825 825 2586 826 826 2587 823 823 2588 821 821 2589 825 825 2590 824 824 2591 824 824 2592 822 822 2593 821 821 2594 827 827 2595 828 828 2596 829 829 2597 829 829 2598 830 830 2599 827 827 2600 831 831 2601 832 832 2602 833 833 2603 833 833 2604 834 834 2605 831 831 2606 835 835 2607 834 834 2608 833 833 2609 835 835 2610 833 833 2611 836 836 2612 835 835 2613 836 836 2614 837 837 2615 835 835 2616 837 837 2617 838 838 2618 838 838 2619 839 839 2620 835 835 2621 840 840 2622 841 841 2623 842 842 2624 842 842 2625 843 843 2626 840 840 2627 831 831 2628 844 844 2629 845 845 2630 845 845 2631 832 832 2632 831 831 2633 830 830 2634 846 846 2635 827 827 2636 845 845 2637 844 844 2638 828 828 2639 828 828 2640 827 827 2641 845 845 2642 847 847 2643 848 848 2644 849 849 2645 849 849 2646 850 850 2647 847 847 2648 850 850 2649 851 851 2650 852 852 2651 853 853 2652 815 815 2653 847 847 2654 847 847 2655 854 854 2656 853 853 2657 655 654 2658 802 802 2659 805 805 2660 805 805 2661 700 699 2662 655 654 2663 848 848 2664 847 847 2665 815 815 2666 815 815 2667 818 818 2668 848 848 2669 803 803 2670 809 809 2671 808 808 2672 808 808 2673 804 804 2674 803 803 2675 816 816 2676 815 815 2677 853 853 2678 853 853 2679 855 855 2680 816 816 2681 853 853 2682 809 809 2683 803 803 2684 803 803 2685 855 855 2686 853 853 2687 808 808 2688 856 856 2689 857 857 2690 857 857 2691 804 804 2692 808 808 2693 858 858 2694 856 856 2695 808 808 2696 808 808 2697 807 807 2698 858 858 2699 805 805 2700 804 804 2701 857 857 2702 857 857 2703 859 859 2704 805 805 2705 860 860 2706 861 861 2707 812 812 2708 812 812 2709 811 811 2710 860 860 2711 859 859 2712 708 707 2713 700 699 2714 700 699 2715 805 805 2716 859 859 2717 709 708 2718 862 862 2719 863 863 2720 863 863 2721 814 814 2722 709 708 2723 862 862 2724 820 820 2725 864 864 2726 864 864 2727 863 863 2728 862 862 2729 865 865 2730 821 821 2731 820 820 2732 820 820 2733 862 862 2734 865 865 2735 865 865 2736 866 866 2737 825 825 2738 825 825 2739 821 821 2740 865 865 2741 825 825 2742 866 866 2743 637 867 2744 827 827 2745 826 826 2746 867 868 2747 867 868 2748 868 869 2749 827 827 2750 867 868 2751 826 826 2752 825 825 2753 869 870 2754 867 868 2755 825 825 2756 825 825 2757 637 867 2758 869 870 2759 870 871 2760 871 872 2761 872 873 2762 872 873 2763 873 874 2764 870 871 2765 868 869 2766 867 868 2767 869 870 2768 869 870 2769 874 875 2770 868 869 2771 868 869 2772 875 876 2773 845 845 2774 876 877 2775 727 727 2776 726 726 2777 726 726 2778 877 878 2779 876 877 2780 878 879 2781 836 836 2782 879 880 2783 879 880 2784 880 881 2785 878 879 2786 881 882 2787 838 838 2788 837 837 2789 837 837 2790 882 883 2791 881 882 2792 733 733 2793 736 736 2794 883 884 2795 883 884 2796 884 885 2797 733 733 2798 885 886 2799 886 887 2800 887 888 2801 886 887 2802 740 740 2803 733 733 2804 733 733 2805 884 885 2806 886 887 2807 888 889 2808 883 884 2809 736 736 2810 736 736 2811 741 741 2812 888 889 2813 888 889 2814 843 843 2815 883 884 2816 889 890 2817 833 833 2818 832 832 2819 832 832 2820 890 891 2821 889 890 2822 889 890 2823 879 880 2824 836 836 2825 836 836 2826 833 833 2827 889 890 2828 891 892 2829 747 747 2830 746 746 2831 892 893 2832 893 894 2833 894 895 2834 894 895 2835 895 896 2836 892 893 2837 896 897 2838 897 898 2839 893 894 2840 893 894 2841 892 893 2842 896 897 2843 892 893 2844 898 899 2845 896 897 2846 895 896 2847 894 895 2848 899 900 2849 899 900 2850 900 901 2851 895 896 2852 897 898 2853 896 897 2854 872 873 2855 872 873 2856 871 872 2857 897 898 2858 854 854 2859 806 806 2860 809 809 2861 809 809 2862 853 853 2863 854 854 2864 852 852 2865 810 810 2866 813 813 2867 813 813 2868 850 850 2869 852 852 2870 901 902 2871 902 903 2872 903 904 2873 903 904 2874 904 905 2875 901 902 2876 901 902 2877 905 906 2878 906 907 2879 906 907 2880 902 903 2881 901 902 2882 907 908 2883 908 909 2884 909 910 2885 909 910 2886 910 911 2887 907 908 2888 911 912 2889 905 906 2890 908 909 2891 908 909 2892 907 908 2893 911 912 2894 912 913 2895 913 914 2896 905 906 2897 905 906 2898 911 912 2899 912 913 2900 914 915 2901 915 916 2902 916 917 2903 917 918 2904 916 917 2905 915 916 2906 915 916 2907 918 919 2908 917 918 2909 914 915 2910 916 917 2911 901 902 2912 901 902 2913 904 905 2914 914 915 2915 905 906 2916 916 917 2917 917 918 2918 901 902 2919 916 917 2920 905 906 2921 912 913 2922 919 920 2923 913 914 2924 776 776 2925 865 865 2926 862 862 2927 862 862 2928 709 708 2929 776 776 2930 820 820 2931 819 819 2932 920 921 2933 920 921 2934 864 864 2935 820 820 2936 921 922 2937 826 826 2938 827 827 2939 827 827 2940 846 846 2941 921 922 2942 922 923 2943 898 899 2944 892 893 2945 892 893 2946 895 896 2947 922 923 2948 923 924 2949 924 925 2950 921 922 2951 921 922 2952 846 846 2953 923 924 2954 884 885 2955 887 888 2956 886 887 2957 925 926 2958 926 927 2959 927 928 2960 880 881 2961 879 880 2962 876 877 2963 876 877 2964 877 878 2965 880 881 2966 879 880 2967 889 890 2968 928 929 2969 928 929 2970 876 877 2971 879 880 2972 891 892 2973 928 929 2974 889 890 2975 889 890 2976 890 891 2977 891 892 2978 875 876 2979 900 901 2980 891 892 2981 898 899 2982 872 873 2983 896 897 2984 845 845 2985 890 891 2986 832 832 2987 868 869 2988 845 845 2989 827 827 2990 929 930 2991 930 931 2992 931 932 2993 931 932 2994 932 933 2995 929 930 2996 813 813 2997 812 812 2998 807 807 2999 807 807 3000 806 806 3001 813 813 3002 854 854 3003 847 847 3004 850 850 3005 854 854 3006 850 850 3007 813 813 3008 813 813 3009 806 806 3010 854 854 3011 812 812 3012 861 861 3013 858 858 3014 858 858 3015 807 807 3016 812 812 3017 909 910 3018 908 909 3019 917 918 3020 917 918 3021 918 919 3022 909 910 3023 917 918 3024 908 909 3025 905 906 3026 913 914 3027 919 920 3028 906 907 3029 906 907 3030 905 906 3031 913 914 3032 816 816 3033 864 864 3034 920 921 3035 920 921 3036 817 817 3037 816 816 3038 933 934 3039 932 933 3040 934 935 3041 934 935 3042 935 936 3043 933 934 3044 837 837 3045 836 836 3046 878 879 3047 878 879 3048 882 883 3049 837 837 3050 883 884 3051 843 843 3052 887 888 3053 887 888 3054 884 885 3055 883 884 3056 898 899 3057 869 870 3058 637 867 3059 637 867 3060 872 873 3061 898 899 3062 936 937 3063 873 874 3064 872 873 3065 872 873 3066 637 867 3067 936 937 3068 922 923 3069 874 875 3070 869 870 3071 922 923 3072 869 870 3073 898 899 3074 922 923 3075 900 901 3076 875 876 3077 875 876 3078 874 875 3079 922 923 3080 922 923 3081 895 896 3082 900 901 3083 793 793 3084 792 792 3085 871 872 3086 871 872 3087 870 871 3088 793 793 3089 794 794 3090 897 898 3091 871 872 3092 871 872 3093 792 792 3094 794 794 3095 654 653 3096 709 708 3097 814 814 3098 875 876 3099 868 869 3100 874 875 3101 746 746 3102 727 727 3103 876 877 3104 876 877 3105 928 929 3106 746 746 3107 891 892 3108 899 900 3109 747 747 3110 795 795 3111 740 740 3112 886 887 3113 886 887 3114 937 938 3115 795 795 3116 938 939 3117 926 927 3118 939 940 3119 926 927 3120 938 939 3121 927 928 3122 891 892 3123 746 746 3124 928 929 3125 893 894 3126 800 800 3127 799 799 3128 799 799 3129 894 895 3130 893 894 3131 897 898 3132 794 794 3133 800 800 3134 800 800 3135 893 894 3136 897 898 3137 894 895 3138 799 799 3139 801 801 3140 801 801 3141 899 900 3142 894 895 3143 747 747 3144 899 900 3145 801 801 3146 786 786 3147 785 785 3148 790 790 3149 934 935 3150 932 933 3151 931 932 3152 940 941 3153 941 942 3154 942 943 3155 942 943 3156 943 944 3157 940 941 3158 942 943 3159 941 942 3160 944 945 3161 944 945 3162 945 946 3163 942 943 3164 742 742 3165 735 735 3166 686 685 3167 888 889 3168 840 840 3169 843 843 3170 693 692 3171 697 696 3172 694 693 3173 849 849 3174 851 851 3175 850 850 3176 638 637 3177 621 620 3178 633 632 3179 622 621 3180 621 620 3181 628 627 3182 845 845 3183 875 876 3184 890 891 3185 875 876 3186 891 892 3187 890 891 3188 744 744 3189 745 745 3190 723 723 3191 745 745 3192 747 747 3193 756 756 3194 891 892 3195 900 901 3196 899 900 3197 946 947 3198 947 948 3199 948 949 3200 948 949 3201 949 950 3202 946 947 3203 950 951 3204 946 947 3205 949 950 3206 949 950 3207 951 952 3208 950 951 3209 952 953 3210 950 951 3211 951 952 3212 951 952 3213 953 954 3214 952 953 3215 954 955 3216 952 953 3217 953 954 3218 953 954 3219 955 956 3220 954 955 3221 956 957 3222 954 955 3223 955 956 3224 955 956 3225 957 958 3226 956 957 3227 958 959 3228 956 957 3229 957 958 3230 957 958 3231 959 960 3232 958 959 3233 960 961 3234 961 962 3235 962 963 3236 962 963 3237 963 964 3238 960 961 3239 964 965 3240 960 961 3241 963 964 3242 963 964 3243 965 966 3244 964 965 3245 966 967 3246 967 968 3247 968 969 3248 968 969 3249 969 970 3250 966 967 3251 969 970 3252 968 969 3253 970 971 3254 970 971 3255 971 972 3256 969 970 3257 971 972 3258 970 971 3259 972 973 3260 972 973 3261 973 974 3262 971 972 3263 973 974 3264 972 973 3265 974 975 3266 974 975 3267 975 976 3268 973 974 3269 964 965 3270 965 966 3271 976 977 3272 976 977 3273 977 978 3274 964 965 3275 977 978 3276 976 977 3277 978 979 3278 978 979 3279 979 980 3280 977 978 3281 979 980 3282 978 979 3283 980 981 3284 980 981 3285 981 982 3286 979 980 3287 981 982 3288 980 981 3289 982 983 3290 982 983 3291 983 984 3292 981 982 3293 984 985 3294 985 986 3295 986 987 3296 986 987 3297 987 988 3298 984 985 3299 986 987 3300 967 968 3301 966 967 3302 966 967 3303 987 988 3304 986 987 3305 988 989 3306 989 990 3307 990 991 3308 990 991 3309 991 992 3310 988 989 3311 988 989 3312 991 992 3313 992 993 3314 993 994 3315 992 993 3316 991 992 3317 991 992 3318 994 995 3319 993 994 3320 993 994 3321 994 995 3322 995 996 3323 995 996 3324 994 995 3325 996 997 3326 996 997 3327 997 998 3328 995 996 3329 997 998 3330 996 997 3331 998 999 3332 999 1000 3333 998 999 3334 996 997 3335 996 997 3336 1000 1001 3337 999 1000 3338 999 1000 3339 1000 1001 3340 1001 1002 3341 1002 1003 3342 1001 1002 3343 1000 1001 3344 1000 1001 3345 1003 1004 3346 1002 1003 3347 1002 1003 3348 1003 1004 3349 1004 1005 3350 1005 1006 3351 1004 1005 3352 1003 1004 3353 1003 1004 3354 1006 1007 3355 1005 1006 3356 1005 1006 3357 1006 1007 3358 1007 1008 3359 1008 1009 3360 1007 1008 3361 1006 1007 3362 1006 1007 3363 1009 1010 3364 1008 1009 3365 1008 1009 3366 1009 1010 3367 1010 1011 3368 1011 1012 3369 1010 1011 3370 1009 1010 3371 1009 1010 3372 1012 1013 3373 1011 1012 3374 1011 1012 3375 1012 1013 3376 1013 1014 3377 1014 1015 3378 1013 1014 3379 1012 1013 3380 1012 1013 3381 990 991 3382 1014 1015 3383 1014 1015 3384 990 991 3385 989 990 3386 990 991 3387 1015 1016 3388 991 992 3389 991 992 3390 1015 1016 3391 994 995 3392 994 995 3393 1015 1016 3394 996 997 3395 996 997 3396 1015 1016 3397 1000 1001 3398 1000 1001 3399 1015 1016 3400 1003 1004 3401 1003 1004 3402 1015 1016 3403 1006 1007 3404 1006 1007 3405 1015 1016 3406 1009 1010 3407 1009 1010 3408 1015 1016 3409 1012 1013 3410 1012 1013 3411 1015 1016 3412 990 991 3413 1016 1017 3414 1017 1018 3415 1018 1019 3416 1018 1019 3417 1017 1018 3418 1019 1020 3419 1019 1020 3420 1020 1021 3421 1018 1019 3422 1019 1020 3423 1021 1022 3424 1020 1021 3425 1020 1021 3426 1021 1022 3427 1022 1023 3428 1022 1023 3429 1023 1024 3430 1020 1021 3431 1022 1023 3432 1024 1025 3433 1023 1024 3434 1023 1024 3435 1024 1025 3436 1025 1026 3437 1025 1026 3438 1026 1027 3439 1023 1024 3440 1025 1026 3441 1027 1028 3442 1026 1027 3443 1026 1027 3444 1027 1028 3445 1028 1029 3446 1028 1029 3447 1029 1030 3448 1026 1027 3449 1018 1019 3450 1030 1031 3451 1031 1032 3452 1020 1021 3453 1032 1033 3454 1030 1031 3455 1023 1024 3456 1033 1034 3457 1032 1033 3458 1026 1027 3459 1034 1035 3460 1033 1034 3461 1030 1031 3462 1035 1036 3463 1036 1037 3464 1036 1037 3465 1031 1032 3466 1030 1031 3467 1032 1033 3468 1037 1038 3469 1035 1036 3470 1035 1036 3471 1030 1031 3472 1032 1033 3473 1033 1034 3474 1038 1039 3475 1037 1038 3476 1037 1038 3477 1032 1033 3478 1033 1034 3479 1034 1035 3480 1039 1040 3481 1038 1039 3482 1038 1039 3483 1033 1034 3484 1034 1035 3485 1033 1034 3486 1023 1024 3487 1026 1027 3488 1028 1029 3489 1040 1041 3490 1029 1030 3491 1018 1019 3492 1041 1042 3493 1042 1043 3494 1042 1043 3495 1016 1017 3496 1018 1019 3497 1042 1043 3498 1041 1042 3499 1043 1044 3500 1041 1042 3501 1044 1045 3502 1045 1046 3503 1045 1046 3504 1043 1044 3505 1041 1042 3506 1045 1046 3507 1044 1045 3508 1046 1047 3509 1044 1045 3510 1047 1048 3511 1048 1049 3512 1048 1049 3513 1046 1047 3514 1044 1045 3515 1048 1049 3516 1047 1048 3517 1049 1050 3518 1047 1048 3519 1050 1051 3520 1051 1052 3521 1051 1052 3522 1049 1050 3523 1047 1048 3524 1051 1052 3525 1050 1051 3526 1052 1053 3527 1050 1051 3528 1029 1030 3529 1040 1041 3530 1040 1041 3531 1052 1053 3532 1050 1051 3533 1031 1032 3534 1036 1037 3535 1053 1054 3536 1053 1054 3537 1054 1055 3538 1031 1032 3539 1054 1055 3540 1053 1054 3541 1055 1056 3542 1055 1056 3543 1056 1057 3544 1054 1055 3545 1056 1057 3546 1055 1056 3547 1057 1058 3548 1057 1058 3549 1058 1059 3550 1056 1057 3551 1058 1059 3552 1057 1058 3553 1059 1060 3554 1059 1060 3555 1060 1061 3556 1058 1059 3557 1060 1061 3558 1059 1060 3559 1039 1040 3560 1039 1040 3561 1034 1035 3562 1060 1061 3563 1060 1061 3564 1029 1030 3565 1050 1051 3566 1031 1032 3567 1041 1042 3568 1018 1019 3569 1054 1055 3570 1044 1045 3571 1041 1042 3572 1056 1057 3573 1058 1059 3574 1047 1048 3575 1058 1059 3576 1050 1051 3577 1047 1048 3578 1031 1032 3579 1054 1055 3580 1041 1042 3581 1035 1036 3582 1061 1062 3583 1036 1037 3584 1037 1038 3585 1061 1062 3586 1035 1036 3587 1038 1039 3588 1061 1062 3589 1037 1038 3590 1039 1040 3591 1061 1062 3592 1038 1039 3593 1053 1054 3594 1036 1037 3595 1061 1062 3596 1055 1056 3597 1053 1054 3598 1061 1062 3599 1057 1058 3600 1055 1056 3601 1061 1062 3602 1059 1060 3603 1057 1058 3604 1061 1062 3605 1059 1060 3606 1061 1062 3607 1039 1040 3608 1058 1059 3609 1060 1061 3610 1050 1051 3611 1034 1035 3612 1026 1027 3613 1029 1030 3614 1060 1061 3615 1034 1035 3616 1029 1030 3617 1032 1033 3618 1020 1021 3619 1023 1024 3620 1030 1031 3621 1018 1019 3622 1020 1021 3623 1054 1055 3624 1056 1057 3625 1044 1045 3626 1047 1048 3627 1044 1045 3628 1056 1057 3629 1062 1063 3630 1063 1064 3631 1064 1065 3632 1064 1065 3633 1065 1066 3634 1062 1063 3635 1066 1067 3636 1062 1063 3637 1065 1066 3638 1065 1066 3639 1067 1068 3640 1066 1067 3641 1068 1069 3642 1066 1067 3643 1067 1068 3644 1067 1068 3645 1069 1070 3646 1068 1069 3647 1070 1071 3648 1068 1069 3649 1069 1070 3650 1069 1070 3651 1071 1072 3652 1070 1071 3653 1072 1073 3654 1070 1071 3655 1071 1072 3656 1071 1072 3657 1073 1074 3658 1072 1073 3659 1074 1075 3660 1072 1073 3661 1073 1074 3662 1073 1074 3663 1075 1076 3664 1074 1075 3665 1076 1077 3666 1077 1078 3667 1078 1079 3668 1078 1079 3669 1079 1080 3670 1076 1077 3671 1080 1081 3672 1076 1077 3673 1079 1080 3674 1079 1080 3675 1081 1082 3676 1080 1081 3677 1082 1083 3678 1083 1084 3679 1084 1085 3680 1084 1085 3681 1085 1086 3682 1082 1083 3683 1085 1086 3684 1084 1085 3685 1086 1087 3686 1086 1087 3687 1087 1088 3688 1085 1086 3689 1087 1088 3690 1086 1087 3691 1088 1089 3692 1088 1089 3693 1089 1090 3694 1087 1088 3695 1089 1090 3696 1088 1089 3697 1090 1091 3698 1090 1091 3699 1091 1092 3700 1089 1090 3701 1080 1081 3702 1081 1082 3703 1092 1093 3704 1092 1093 3705 1093 1094 3706 1080 1081 3707 1093 1094 3708 1092 1093 3709 1094 1095 3710 1094 1095 3711 1095 1096 3712 1093 1094 3713 1095 1096 3714 1094 1095 3715 1096 1097 3716 1096 1097 3717 1097 1098 3718 1095 1096 3719 1097 1098 3720 1096 1097 3721 1098 1099 3722 1098 1099 3723 1099 1100 3724 1097 1098 3725 1100 1101 3726 1101 1102 3727 1102 1103 3728 1102 1103 3729 1103 1104 3730 1100 1101 3731 1102 1103 3732 1083 1084 3733 1082 1083 3734 1082 1083 3735 1103 1104 3736 1102 1103 3737 1104 1105 3738 1105 1106 3739 1106 1107 3740 1106 1107 3741 1107 1108 3742 1104 1105 3743 1104 1105 3744 1107 1108 3745 1108 1109 3746 1109 1110 3747 1108 1109 3748 1107 1108 3749 1107 1108 3750 1110 1111 3751 1109 1110 3752 1109 1110 3753 1110 1111 3754 1111 1112 3755 1111 1112 3756 1110 1111 3757 1112 1113 3758 1112 1113 3759 1113 1114 3760 1111 1112 3761 1113 1114 3762 1112 1113 3763 1114 1115 3764 1115 1116 3765 1114 1115 3766 1112 1113 3767 1112 1113 3768 1116 1117 3769 1115 1116 3770 1115 1116 3771 1116 1117 3772 1117 1118 3773 1118 1119 3774 1117 1118 3775 1116 1117 3776 1116 1117 3777 1119 1120 3778 1118 1119 3779 1118 1119 3780 1119 1120 3781 1120 1121 3782 1121 1122 3783 1120 1121 3784 1119 1120 3785 1119 1120 3786 1122 1123 3787 1121 1122 3788 1121 1122 3789 1122 1123 3790 1123 1124 3791 1124 1125 3792 1123 1124 3793 1122 1123 3794 1122 1123 3795 1125 1126 3796 1124 1125 3797 1124 1125 3798 1125 1126 3799 1126 1127 3800 1127 1128 3801 1126 1127 3802 1125 1126 3803 1125 1126 3804 1128 1129 3805 1127 1128 3806 1127 1128 3807 1128 1129 3808 1129 1130 3809 1130 1131 3810 1129 1130 3811 1128 1129 3812 1128 1129 3813 1106 1107 3814 1130 1131 3815 1130 1131 3816 1106 1107 3817 1105 1106 3818 1106 1107 3819 1131 1132 3820 1107 1108 3821 1107 1108 3822 1131 1132 3823 1110 1111 3824 1110 1111 3825 1131 1132 3826 1112 1113 3827 1112 1113 3828 1131 1132 3829 1116 1117 3830 1116 1117 3831 1131 1132 3832 1119 1120 3833 1119 1120 3834 1131 1132 3835 1122 1123 3836 1122 1123 3837 1131 1132 3838 1125 1126 3839 1125 1126 3840 1131 1132 3841 1128 1129 3842 1128 1129 3843 1131 1132 3844 1106 1107 3845 1132 1133 3846 1133 1134 3847 1134 1135 3848 1134 1135 3849 1133 1134 3850 1135 1136 3851 1135 1136 3852 1136 1137 3853 1134 1135 3854 1135 1136 3855 1137 1138 3856 1136 1137 3857 1136 1137 3858 1137 1138 3859 1138 1139 3860 1138 1139 3861 1139 1140 3862 1136 1137 3863 1138 1139 3864 1140 1141 3865 1139 1140 3866 1139 1140 3867 1140 1141 3868 1141 1142 3869 1141 1142 3870 1142 1143 3871 1139 1140 3872 1141 1142 3873 1143 1144 3874 1142 1143 3875 1142 1143 3876 1143 1144 3877 1144 1145 3878 1144 1145 3879 1145 1146 3880 1142 1143 3881 1134 1135 3882 1146 1147 3883 1147 1148 3884 1136 1137 3885 1148 1149 3886 1146 1147 3887 1139 1140 3888 1149 1150 3889 1148 1149 3890 1142 1143 3891 1150 1151 3892 1149 1150 3893 1146 1147 3894 1151 1152 3895 1152 1153 3896 1152 1153 3897 1147 1148 3898 1146 1147 3899 1148 1149 3900 1153 1154 3901 1151 1152 3902 1151 1152 3903 1146 1147 3904 1148 1149 3905 1149 1150 3906 1154 1155 3907 1153 1154 3908 1153 1154 3909 1148 1149 3910 1149 1150 3911 1150 1151 3912 1155 1156 3913 1154 1155 3914 1154 1155 3915 1149 1150 3916 1150 1151 3917 1149 1150 3918 1139 1140 3919 1142 1143 3920 1144 1145 3921 1156 1157 3922 1145 1146 3923 1134 1135 3924 1157 1158 3925 1158 1159 3926 1158 1159 3927 1132 1133 3928 1134 1135 3929 1158 1159 3930 1157 1158 3931 1159 1160 3932 1157 1158 3933 1160 1161 3934 1161 1162 3935 1161 1162 3936 1159 1160 3937 1157 1158 3938 1161 1162 3939 1160 1161 3940 1162 1163 3941 1160 1161 3942 1163 1164 3943 1164 1165 3944 1164 1165 3945 1162 1163 3946 1160 1161 3947 1164 1165 3948 1163 1164 3949 1165 1166 3950 1163 1164 3951 1166 1167 3952 1167 1168 3953 1167 1168 3954 1165 1166 3955 1163 1164 3956 1167 1168 3957 1166 1167 3958 1168 1169 3959 1166 1167 3960 1145 1146 3961 1156 1157 3962 1156 1157 3963 1168 1169 3964 1166 1167 3965 1147 1148 3966 1152 1153 3967 1169 1170 3968 1169 1170 3969 1170 1171 3970 1147 1148 3971 1170 1171 3972 1169 1170 3973 1171 1172 3974 1171 1172 3975 1172 1173 3976 1170 1171 3977 1172 1173 3978 1171 1172 3979 1173 1174 3980 1173 1174 3981 1174 1175 3982 1172 1173 3983 1174 1175 3984 1173 1174 3985 1175 1176 3986 1175 1176 3987 1176 1177 3988 1174 1175 3989 1176 1177 3990 1175 1176 3991 1155 1156 3992 1155 1156 3993 1150 1151 3994 1176 1177 3995 1176 1177 3996 1145 1146 3997 1166 1167 3998 1147 1148 3999 1157 1158 4000 1134 1135 4001 1170 1171 4002 1160 1161 4003 1157 1158 4004 1172 1173 4005 1174 1175 4006 1163 1164 4007 1174 1175 4008 1166 1167 4009 1163 1164 4010 1147 1148 4011 1170 1171 4012 1157 1158 4013 1151 1152 4014 1177 1178 4015 1152 1153 4016 1153 1154 4017 1177 1178 4018 1151 1152 4019 1154 1155 4020 1177 1178 4021 1153 1154 4022 1155 1156 4023 1177 1178 4024 1154 1155 4025 1169 1170 4026 1152 1153 4027 1177 1178 4028 1171 1172 4029 1169 1170 4030 1177 1178 4031 1173 1174 4032 1171 1172 4033 1177 1178 4034 1175 1176 4035 1173 1174 4036 1177 1178 4037 1175 1176 4038 1177 1178 4039 1155 1156 4040 1174 1175 4041 1176 1177 4042 1166 1167 4043 1150 1151 4044 1142 1143 4045 1145 1146 4046 1176 1177 4047 1150 1151 4048 1145 1146 4049 1148 1149 4050 1136 1137 4051 1139 1140 4052 1146 1147 4053 1134 1135 4054 1136 1137 4055 1170 1171 4056 1172 1173 4057 1160 1161 4058 1163 1164 4059 1160 1161 4060 1172 1173 4061 1178 1179 4062 1179 1180 4063 1180 1181 4064 1180 1181 4065 1181 1182 4066 1178 1179 4067 1182 1183 4068 1183 1184 4069 1179 1180 4070 1179 1180 4071 1178 1179 4072 1182 1183 4073 1184 1185 4074 1185 1186 4075 1183 1184 4076 1183 1184 4077 1182 1183 4078 1184 1185 4079 1186 1187 4080 1187 1188 4081 1185 1186 4082 1185 1186 4083 1184 1185 4084 1186 1187 4085 1188 1189 4086 1189 1190 4087 1187 1188 4088 1187 1188 4089 1186 1187 4090 1188 1189 4091 1190 1191 4092 1191 1192 4093 1189 1190 4094 1189 1190 4095 1188 1189 4096 1190 1191 4097 1192 1193 4098 1193 1194 4099 1194 1195 4100 1194 1195 4101 1195 1196 4102 1192 1193 4103 1196 1197 4104 1197 1198 4105 1193 1194 4106 1193 1194 4107 1192 1193 4108 1196 1197 4109 1198 1199 4110 1199 1200 4111 1200 1201 4112 1200 1201 4113 1201 1202 4114 1198 1199 4115 1199 1200 4116 1202 1203 4117 1203 1204 4118 1203 1204 4119 1200 1201 4120 1199 1200 4121 1202 1203 4122 1204 1205 4123 1205 1206 4124 1205 1206 4125 1203 1204 4126 1202 1203 4127 1204 1205 4128 1206 1207 4129 1207 1208 4130 1207 1208 4131 1205 1206 4132 1204 1205 4133 1196 1197 4134 1208 1209 4135 1209 1210 4136 1209 1210 4137 1197 1198 4138 1196 1197 4139 1208 1209 4140 1210 1211 4141 1211 1212 4142 1211 1212 4143 1209 1210 4144 1208 1209 4145 1210 1211 4146 1212 1213 4147 1213 1214 4148 1213 1214 4149 1211 1212 4150 1210 1211 4151 1212 1213 4152 1214 1215 4153 1215 1216 4154 1215 1216 4155 1213 1214 4156 1212 1213 4157 1216 1217 4158 1217 1218 4159 1218 1219 4160 1218 1219 4161 1219 1220 4162 1216 1217 4163 1218 1219 4164 1217 1218 4165 1198 1199 4166 1198 1199 4167 1201 1202 4168 1218 1219 4169 1220 1221 4170 1221 1222 4171 1222 1223 4172 1222 1223 4173 1223 1224 4174 1220 1221 4175 1220 1221 4176 1224 1225 4177 1221 1222 4178 1225 1226 4179 1226 1227 4180 1221 1222 4181 1221 1222 4182 1224 1225 4183 1225 1226 4184 1225 1226 4185 1227 1228 4186 1226 1227 4187 1227 1228 4188 1228 1229 4189 1229 1230 4190 1229 1230 4191 1226 1227 4192 1227 1228 4193 1228 1229 4194 1230 1231 4195 1229 1230 4196 1231 1232 4197 1232 1233 4198 1229 1230 4199 1229 1230 4200 1230 1231 4201 1231 1232 4202 1231 1232 4203 1233 1234 4204 1232 1233 4205 1234 1235 4206 1235 1236 4207 1232 1233 4208 1232 1233 4209 1233 1234 4210 1234 1235 4211 1234 1235 4212 1236 1237 4213 1235 1236 4214 1237 1238 4215 1238 1239 4216 1235 1236 4217 1235 1236 4218 1236 1237 4219 1237 1238 4220 1237 1238 4221 1239 1240 4222 1238 1239 4223 1240 1241 4224 1241 1242 4225 1238 1239 4226 1238 1239 4227 1239 1240 4228 1240 1241 4229 1240 1241 4230 1242 1243 4231 1241 1242 4232 1243 1244 4233 1244 1245 4234 1241 1242 4235 1241 1242 4236 1242 1243 4237 1243 1244 4238 1243 1244 4239 1245 1246 4240 1244 1245 4241 1246 1247 4242 1222 1223 4243 1244 1245 4244 1244 1245 4245 1245 1246 4246 1246 1247 4247 1246 1247 4248 1223 1224 4249 1222 1223 4250 1222 1223 4251 1221 1222 4252 1247 1248 4253 1221 1222 4254 1226 1227 4255 1247 1248 4256 1226 1227 4257 1229 1230 4258 1247 1248 4259 1229 1230 4260 1232 1233 4261 1247 1248 4262 1232 1233 4263 1235 1236 4264 1247 1248 4265 1235 1236 4266 1238 1239 4267 1247 1248 4268 1238 1239 4269 1241 1242 4270 1247 1248 4271 1241 1242 4272 1244 1245 4273 1247 1248 4274 1244 1245 4275 1222 1223 4276 1247 1248 4277 1248 1249 4278 1249 1250 4279 1250 1251 4280 1249 1250 4281 1251 1252 4282 1252 1253 4283 1252 1253 4284 1250 1251 4285 1249 1250 4286 1252 1253 4287 1251 1252 4288 1253 1254 4289 1251 1252 4290 1254 1255 4291 1255 1256 4292 1255 1256 4293 1253 1254 4294 1251 1252 4295 1255 1256 4296 1254 1255 4297 1256 1257 4298 1254 1255 4299 1257 1258 4300 1258 1259 4301 1258 1259 4302 1256 1257 4303 1254 1255 4304 1258 1259 4305 1257 1258 4306 1259 1260 4307 1257 1258 4308 1260 1261 4309 1261 1262 4310 1261 1262 4311 1259 1260 4312 1257 1258 4313 1249 1250 4314 1262 1263 4315 1263 1264 4316 1251 1252 4317 1263 1264 4318 1264 1265 4319 1254 1255 4320 1264 1265 4321 1265 1266 4322 1257 1258 4323 1265 1266 4324 1266 1267 4325 1263 1264 4326 1262 1263 4327 1267 1268 4328 1267 1268 4329 1268 1269 4330 1263 1264 4331 1264 1265 4332 1263 1264 4333 1268 1269 4334 1268 1269 4335 1269 1270 4336 1264 1265 4337 1265 1266 4338 1264 1265 4339 1269 1270 4340 1269 1270 4341 1270 1271 4342 1265 1266 4343 1266 1267 4344 1265 1266 4345 1270 1271 4346 1270 1271 4347 1271 1272 4348 1266 1267 4349 1265 1266 4350 1257 1258 4351 1254 1255 4352 1261 1262 4353 1260 1261 4354 1272 1273 4355 1249 1250 4356 1248 1249 4357 1273 1274 4358 1273 1274 4359 1274 1275 4360 1249 1250 4361 1273 1274 4362 1275 1276 4363 1274 1275 4364 1274 1275 4365 1275 1276 4366 1276 1277 4367 1276 1277 4368 1277 1278 4369 1274 1275 4370 1276 1277 4371 1278 1279 4372 1277 1278 4373 1277 1278 4374 1278 1279 4375 1279 1280 4376 1279 1280 4377 1280 1281 4378 1277 1278 4379 1279 1280 4380 1281 1282 4381 1280 1281 4382 1280 1281 4383 1281 1282 4384 1282 1283 4385 1282 1283 4386 1283 1284 4387 1280 1281 4388 1282 1283 4389 1284 1285 4390 1283 1284 4391 1283 1284 4392 1284 1285 4393 1272 1273 4394 1272 1273 4395 1260 1261 4396 1283 1284 4397 1262 1263 4398 1285 1286 4399 1286 1287 4400 1286 1287 4401 1267 1268 4402 1262 1263 4403 1285 1286 4404 1287 1288 4405 1288 1289 4406 1288 1289 4407 1286 1287 4408 1285 1286 4409 1287 1288 4410 1289 1290 4411 1290 1291 4412 1290 1291 4413 1288 1289 4414 1287 1288 4415 1289 1290 4416 1291 1292 4417 1292 1293 4418 1292 1293 4419 1290 1291 4420 1289 1290 4421 1291 1292 4422 1266 1267 4423 1271 1272 4424 1271 1272 4425 1292 1293 4426 1291 1292 4427 1291 1292 4428 1283 1284 4429 1260 1261 4430 1262 1263 4431 1249 1250 4432 1274 1275 4433 1285 1286 4434 1274 1275 4435 1277 1278 4436 1287 1288 4437 1280 1281 4438 1289 1290 4439 1289 1290 4440 1280 1281 4441 1283 1284 4442 1262 1263 4443 1274 1275 4444 1285 1286 4445 1268 1269 4446 1267 1268 4447 1293 1294 4448 1269 1270 4449 1268 1269 4450 1293 1294 4451 1270 1271 4452 1269 1270 4453 1293 1294 4454 1271 1272 4455 1270 1271 4456 1293 1294 4457 1286 1287 4458 1293 1294 4459 1267 1268 4460 1288 1289 4461 1293 1294 4462 1286 1287 4463 1290 1291 4464 1293 1294 4465 1288 1289 4466 1292 1293 4467 1293 1294 4468 1290 1291 4469 1292 1293 4470 1271 1272 4471 1293 1294 4472 1289 1290 4473 1283 1284 4474 1291 1292 4475 1266 1267 4476 1260 1261 4477 1257 1258 4478 1291 1292 4479 1260 1261 4480 1266 1267 4481 1264 1265 4482 1254 1255 4483 1251 1252 4484 1263 1264 4485 1251 1252 4486 1249 1250 4487 1285 1286 4488 1277 1278 4489 1287 1288 4490 1280 1281 4491 1287 1288 4492 1277 1278 4493 1294 1295 4494 1295 1296 4495 1296 1297 4496 1296 1297 4497 1297 1298 4498 1294 1295 4499 1298 1299 4500 1299 1300 4501 1295 1296 4502 1295 1296 4503 1294 1295 4504 1298 1299 4505 1300 1301 4506 1301 1302 4507 1299 1300 4508 1299 1300 4509 1298 1299 4510 1300 1301 4511 1302 1303 4512 1303 1304 4513 1301 1302 4514 1301 1302 4515 1300 1301 4516 1302 1303 4517 1304 1305 4518 1305 1306 4519 1303 1304 4520 1303 1304 4521 1302 1303 4522 1304 1305 4523 1306 1307 4524 1307 1308 4525 1305 1306 4526 1305 1306 4527 1304 1305 4528 1306 1307 4529 1308 1309 4530 1309 1310 4531 1310 1311 4532 1310 1311 4533 1311 1312 4534 1308 1309 4535 1312 1313 4536 1313 1314 4537 1309 1310 4538 1309 1310 4539 1308 1309 4540 1312 1313 4541 1314 1315 4542 1315 1316 4543 1316 1317 4544 1316 1317 4545 1317 1318 4546 1314 1315 4547 1315 1316 4548 1318 1319 4549 1319 1320 4550 1319 1320 4551 1316 1317 4552 1315 1316 4553 1318 1319 4554 1320 1321 4555 1321 1322 4556 1321 1322 4557 1319 1320 4558 1318 1319 4559 1320 1321 4560 1322 1323 4561 1323 1324 4562 1323 1324 4563 1321 1322 4564 1320 1321 4565 1312 1313 4566 1324 1325 4567 1325 1326 4568 1325 1326 4569 1313 1314 4570 1312 1313 4571 1324 1325 4572 1326 1327 4573 1327 1328 4574 1327 1328 4575 1325 1326 4576 1324 1325 4577 1326 1327 4578 1328 1329 4579 1329 1330 4580 1329 1330 4581 1327 1328 4582 1326 1327 4583 1328 1329 4584 1330 1331 4585 1331 1332 4586 1331 1332 4587 1329 1330 4588 1328 1329 4589 1332 1333 4590 1333 1334 4591 1334 1335 4592 1334 1335 4593 1335 1336 4594 1332 1333 4595 1334 1335 4596 1333 1334 4597 1314 1315 4598 1314 1315 4599 1317 1318 4600 1334 1335 4601 1336 1337 4602 1337 1338 4603 1338 1339 4604 1338 1339 4605 1339 1340 4606 1336 1337 4607 1336 1337 4608 1340 1341 4609 1337 1338 4610 1341 1342 4611 1342 1343 4612 1337 1338 4613 1337 1338 4614 1340 1341 4615 1341 1342 4616 1341 1342 4617 1343 1344 4618 1342 1343 4619 1343 1344 4620 1344 1345 4621 1345 1346 4622 1345 1346 4623 1342 1343 4624 1343 1344 4625 1344 1345 4626 1346 1347 4627 1345 1346 4628 1347 1348 4629 1348 1349 4630 1345 1346 4631 1345 1346 4632 1346 1347 4633 1347 1348 4634 1347 1348 4635 1349 1350 4636 1348 1349 4637 1350 1351 4638 1351 1352 4639 1348 1349 4640 1348 1349 4641 1349 1350 4642 1350 1351 4643 1350 1351 4644 1352 1353 4645 1351 1352 4646 1353 1354 4647 1354 1355 4648 1351 1352 4649 1351 1352 4650 1352 1353 4651 1353 1354 4652 1353 1354 4653 1355 1356 4654 1354 1355 4655 1356 1357 4656 1357 1358 4657 1354 1355 4658 1354 1355 4659 1355 1356 4660 1356 1357 4661 1356 1357 4662 1358 1359 4663 1357 1358 4664 1359 1360 4665 1360 1361 4666 1357 1358 4667 1357 1358 4668 1358 1359 4669 1359 1360 4670 1359 1360 4671 1361 1362 4672 1360 1361 4673 1362 1363 4674 1338 1339 4675 1360 1361 4676 1360 1361 4677 1361 1362 4678 1362 1363 4679 1362 1363 4680 1339 1340 4681 1338 1339 4682 1338 1339 4683 1337 1338 4684 1363 1364 4685 1337 1338 4686 1342 1343 4687 1363 1364 4688 1342 1343 4689 1345 1346 4690 1363 1364 4691 1345 1346 4692 1348 1349 4693 1363 1364 4694 1348 1349 4695 1351 1352 4696 1363 1364 4697 1351 1352 4698 1354 1355 4699 1363 1364 4700 1354 1355 4701 1357 1358 4702 1363 1364 4703 1357 1358 4704 1360 1361 4705 1363 1364 4706 1360 1361 4707 1338 1339 4708 1363 1364 4709 1364 1365 4710 1365 1366 4711 1366 1367 4712 1365 1366 4713 1367 1368 4714 1368 1369 4715 1368 1369 4716 1366 1367 4717 1365 1366 4718 1368 1369 4719 1367 1368 4720 1369 1370 4721 1367 1368 4722 1370 1371 4723 1371 1372 4724 1371 1372 4725 1369 1370 4726 1367 1368 4727 1371 1372 4728 1370 1371 4729 1372 1373 4730 1370 1371 4731 1373 1374 4732 1374 1375 4733 1374 1375 4734 1372 1373 4735 1370 1371 4736 1374 1375 4737 1373 1374 4738 1375 1376 4739 1373 1374 4740 1376 1377 4741 1377 1378 4742 1377 1378 4743 1375 1376 4744 1373 1374 4745 1365 1366 4746 1378 1379 4747 1379 1380 4748 1367 1368 4749 1379 1380 4750 1380 1381 4751 1370 1371 4752 1380 1381 4753 1381 1382 4754 1373 1374 4755 1381 1382 4756 1382 1383 4757 1379 1380 4758 1378 1379 4759 1383 1384 4760 1383 1384 4761 1384 1385 4762 1379 1380 4763 1380 1381 4764 1379 1380 4765 1384 1385 4766 1384 1385 4767 1385 1386 4768 1380 1381 4769 1381 1382 4770 1380 1381 4771 1385 1386 4772 1385 1386 4773 1386 1387 4774 1381 1382 4775 1382 1383 4776 1381 1382 4777 1386 1387 4778 1386 1387 4779 1387 1388 4780 1382 1383 4781 1381 1382 4782 1373 1374 4783 1370 1371 4784 1377 1378 4785 1376 1377 4786 1388 1389 4787 1365 1366 4788 1364 1365 4789 1389 1390 4790 1389 1390 4791 1390 1391 4792 1365 1366 4793 1389 1390 4794 1391 1392 4795 1390 1391 4796 1390 1391 4797 1391 1392 4798 1392 1393 4799 1392 1393 4800 1393 1394 4801 1390 1391 4802 1392 1393 4803 1394 1395 4804 1393 1394 4805 1393 1394 4806 1394 1395 4807 1395 1396 4808 1395 1396 4809 1396 1397 4810 1393 1394 4811 1395 1396 4812 1397 1398 4813 1396 1397 4814 1396 1397 4815 1397 1398 4816 1398 1399 4817 1398 1399 4818 1399 1400 4819 1396 1397 4820 1398 1399 4821 1400 1401 4822 1399 1400 4823 1399 1400 4824 1400 1401 4825 1388 1389 4826 1388 1389 4827 1376 1377 4828 1399 1400 4829 1378 1379 4830 1401 1402 4831 1402 1403 4832 1402 1403 4833 1383 1384 4834 1378 1379 4835 1401 1402 4836 1403 1404 4837 1404 1405 4838 1404 1405 4839 1402 1403 4840 1401 1402 4841 1403 1404 4842 1405 1406 4843 1406 1407 4844 1406 1407 4845 1404 1405 4846 1403 1404 4847 1405 1406 4848 1407 1408 4849 1408 1409 4850 1408 1409 4851 1406 1407 4852 1405 1406 4853 1407 1408 4854 1382 1383 4855 1387 1388 4856 1387 1388 4857 1408 1409 4858 1407 1408 4859 1407 1408 4860 1399 1400 4861 1376 1377 4862 1378 1379 4863 1365 1366 4864 1390 1391 4865 1401 1402 4866 1390 1391 4867 1393 1394 4868 1403 1404 4869 1396 1397 4870 1405 1406 4871 1405 1406 4872 1396 1397 4873 1399 1400 4874 1378 1379 4875 1390 1391 4876 1401 1402 4877 1384 1385 4878 1383 1384 4879 1409 1410 4880 1385 1386 4881 1384 1385 4882 1409 1410 4883 1386 1387 4884 1385 1386 4885 1409 1410 4886 1387 1388 4887 1386 1387 4888 1409 1410 4889 1402 1403 4890 1409 1410 4891 1383 1384 4892 1404 1405 4893 1409 1410 4894 1402 1403 4895 1406 1407 4896 1409 1410 4897 1404 1405 4898 1408 1409 4899 1409 1410 4900 1406 1407 4901 1408 1409 4902 1387 1388 4903 1409 1410 4904 1405 1406 4905 1399 1400 4906 1407 1408 4907 1382 1383 4908 1376 1377 4909 1373 1374 4910 1407 1408 4911 1376 1377 4912 1382 1383 4913 1380 1381 4914 1370 1371 4915 1367 1368 4916 1379 1380 4917 1367 1368 4918 1365 1366 4919 1401 1402 4920 1393 1394 4921 1403 1404 4922 1396 1397 4923 1403 1404 4924 1393 1394 4925 1410 1411 4926 1411 1412 4927 1412 1413 4928 1413 1414 4929 1414 1415 4930 1415 1416 4931 1416 1417 4932 1417 1418 4933 1414 1415 4934 1414 1415 4935 1418 1419 4936 1416 1417 4937 1416 1417 4938 1419 1420 4939 1420 1421 4940 1420 1421 4941 1417 1418 4942 1416 1417 4943 1421 1422 4944 1422 1423 4945 1423 1424 4946 1423 1424 4947 1414 1415 4948 1421 1422 4949 1417 1418 4950 1424 1425 4951 1421 1422 4952 1421 1422 4953 1414 1415 4954 1417 1418 4955 1420 1421 4956 1412 1413 4957 1411 1412 4958 1411 1412 4959 1417 1418 4960 1420 1421 4961 1421 1422 4962 1425 1426 4963 1422 1423 4964 1410 1411 4965 1425 1426 4966 1421 1422 4967 1421 1422 4968 1424 1425 4969 1410 1411 4970 1410 1411 4971 1424 1425 4972 1411 1412 4973 1424 1425 4974 1417 1418 4975 1411 1412 4976 1418 1419 4977 1414 1415 4978 1413 1414 4979 1426 1427 4980 1427 1428 4981 1428 1429 4982 1429 1430 4983 1430 1431 4984 1431 1432 4985 1431 1432 4986 1432 1433 4987 1429 1430 4988 1433 1434 4989 1434 1435 4990 1429 1430 4991 1429 1430 4992 1432 1433 4993 1433 1434 4994 1435 1436 4995 1428 1429 4996 1427 1428 4997 1429 1430 4998 1436 1437 4999 1430 1431 5000 1434 1435 5001 1437 1438 5002 1436 1437 5003 1436 1437 5004 1429 1430 5005 1434 1435 5006 1436 1437 5007 1438 1439 5008 1430 1431 5009 1426 1427 5010 1438 1439 5011 1436 1437 5012 1436 1437 5013 1437 1438 5014 1426 1427 5015 1426 1427 5016 1437 1438 5017 1427 1428 5018 1437 1438 5019 1434 1435 5020 1427 1428 5021 1434 1435 5022 1433 1434 5023 1439 1440 5024 1440 1441 5025 1441 1442 5026 1442 1443 5027 1442 1443 5028 1443 1444 5029 1440 1441 5030 1444 1445 5031 1445 1446 5032 1442 1443 5033 1442 1443 5034 1441 1442 5035 1444 1445 5036 1445 1446 5037 1446 1447 5038 1442 1443 5039 1447 1448 5040 1448 1449 5041 1446 1447 5042 1446 1447 5043 1445 1446 5044 1447 1448 5045 1446 1447 5046 1449 1450 5047 1450 1451 5048 1450 1451 5049 1442 1443 5050 1446 1447 5051 1442 1443 5052 1450 1451 5053 1443 1444 5054 1448 1449 5055 1447 1448 5056 1451 1452 5057 1451 1452 5058 1452 1453 5059 1448 1449 5060 1441 1442 5061 1453 1454 5062 1444 1445 5063 1427 1428 5064 1434 1435 5065 1435 1436 5066 1414 1415 5067 1423 1424 5068 1415 1416 5069 1434 1435 5070 1439 1440 5071 1435 1436 5072 1454 1455 5073 1455 1456 5074 1448 1449 5075 1454 1455 5076 1448 1449 5077 1452 1453 5078 1456 1457 5079 1454 1455 5080 1452 1453 5081 1457 1458 5082 1447 1448 5083 1445 1446 5084 1451 1452 5085 1447 1448 5086 1457 1458 5087 1458 1459 5088 1459 1460 5089 1460 1461 5090 1461 1462 5091 1462 1463 5092 1463 1464 5093 1464 1465 5094 1465 1466 5095 1463 1464 5096 1463 1464 5097 1466 1467 5098 1464 1465 5099 1464 1465 5100 1466 1467 5101 1467 1468 5102 1467 1468 5103 1468 1469 5104 1464 1465 5105 1469 1470 5106 1463 1464 5107 1470 1471 5108 1470 1471 5109 1471 1472 5110 1469 1470 5111 1466 1467 5112 1463 1464 5113 1469 1470 5114 1469 1470 5115 1472 1473 5116 1466 1467 5117 1467 1468 5118 1466 1467 5119 1460 1461 5120 1460 1461 5121 1459 1460 5122 1467 1468 5123 1469 1470 5124 1471 1472 5125 1473 1474 5126 1458 1459 5127 1472 1473 5128 1469 1470 5129 1469 1470 5130 1473 1474 5131 1458 1459 5132 1458 1459 5133 1460 1461 5134 1472 1473 5135 1472 1473 5136 1460 1461 5137 1466 1467 5138 1465 1466 5139 1461 1462 5140 1463 1464 5141 1474 1475 5142 1475 1476 5143 1476 1477 5144 1477 1478 5145 1478 1479 5146 1479 1480 5147 1479 1480 5148 1480 1481 5149 1477 1478 5150 1481 1482 5151 1478 1479 5152 1477 1478 5153 1477 1478 5154 1482 1483 5155 1481 1482 5156 1483 1484 5157 1476 1477 5158 1475 1476 5159 1477 1478 5160 1480 1481 5161 1484 1485 5162 1482 1483 5163 1477 1478 5164 1484 1485 5165 1484 1485 5166 1485 1486 5167 1482 1483 5168 1484 1485 5169 1480 1481 5170 1486 1487 5171 1474 1475 5172 1485 1486 5173 1484 1485 5174 1484 1485 5175 1486 1487 5176 1474 1475 5177 1474 1475 5178 1476 1477 5179 1485 1486 5180 1485 1486 5181 1476 1477 5182 1482 1483 5183 1482 1483 5184 1487 1488 5185 1481 1482 5186 1488 1489 5187 1489 1490 5188 1490 1491 5189 1490 1491 5190 1491 1492 5191 1488 1489 5192 1444 1445 5193 1491 1492 5194 1490 1491 5195 1490 1491 5196 1445 1446 5197 1444 1445 5198 1445 1446 5199 1490 1491 5200 1492 1493 5201 1493 1494 5202 1445 1446 5203 1492 1493 5204 1492 1493 5205 1494 1495 5206 1493 1494 5207 1492 1493 5208 1490 1491 5209 1495 1496 5210 1495 1496 5211 1496 1497 5212 1492 1493 5213 1490 1491 5214 1489 1490 5215 1495 1496 5216 1494 1495 5217 1452 1453 5218 1451 1452 5219 1451 1452 5220 1493 1494 5221 1494 1495 5222 1491 1492 5223 1444 1445 5224 1497 1498 5225 1476 1477 5226 1483 1484 5227 1482 1483 5228 1463 1464 5229 1462 1463 5230 1470 1471 5231 1482 1483 5232 1483 1484 5233 1487 1488 5234 1494 1495 5235 1498 1499 5236 1499 1500 5237 1452 1453 5238 1494 1495 5239 1499 1500 5240 1456 1457 5241 1452 1453 5242 1499 1500 5243 1457 1458 5244 1445 1446 5245 1493 1494 5246 1451 1452 5247 1457 1458 5248 1493 1494 5249 1500 1501 5250 1501 1502 5251 1502 1503 5252 1502 1503 5253 1503 1504 5254 1500 1501 5255 1504 1505 5256 1505 1506 5257 1501 1502 5258 1501 1502 5259 1500 1501 5260 1504 1505 5261 1506 1507 5262 1507 1508 5263 1505 1506 5264 1505 1506 5265 1504 1505 5266 1506 1507 5267 1508 1509 5268 1509 1510 5269 1507 1508 5270 1507 1508 5271 1506 1507 5272 1508 1509 5273 1510 1511 5274 1511 1512 5275 1509 1510 5276 1509 1510 5277 1508 1509 5278 1510 1511 5279 1503 1504 5280 1502 1503 5281 1511 1512 5282 1511 1512 5283 1510 1511 5284 1503 1504 5285 1511 1512 5286 1502 1503 5287 1507 1508 5288 1507 1508 5289 1509 1510 5290 1511 1512 5291 1507 1508 5292 1502 1503 5293 1501 1502 5294 1501 1502 5295 1505 1506 5296 1507 1508 5297 1512 1513 5298 1513 1514 5299 1514 1515 5300 1514 1515 5301 1515 1516 5302 1512 1513 5303 1516 1517 5304 1517 1518 5305 1513 1514 5306 1513 1514 5307 1512 1513 5308 1516 1517 5309 1518 1519 5310 1519 1520 5311 1517 1518 5312 1517 1518 5313 1516 1517 5314 1518 1519 5315 1520 1521 5316 1521 1522 5317 1519 1520 5318 1519 1520 5319 1518 1519 5320 1520 1521 5321 1522 1523 5322 1523 1524 5323 1521 1522 5324 1521 1522 5325 1520 1521 5326 1522 1523 5327 1515 1516 5328 1514 1515 5329 1523 1524 5330 1523 1524 5331 1522 1523 5332 1515 1516 5333 1523 1524 5334 1514 1515 5335 1519 1520 5336 1519 1520 5337 1521 1522 5338 1523 1524 5339 1519 1520 5340 1514 1515 5341 1513 1514 5342 1513 1514 5343 1517 1518 5344 1519 1520 5345 1524 1525 5346 1525 1526 5347 1526 1527 5348 1526 1527 5349 1527 1528 5350 1524 1525 5351 1528 1529 5352 1524 1525 5353 1527 1528 5354 1527 1528 5355 1529 1530 5356 1528 1529 5357 1530 1531 5358 1528 1529 5359 1529 1530 5360 1529 1530 5361 1531 1532 5362 1530 1531 5363 1532 1533 5364 1530 1531 5365 1531 1532 5366 1531 1532 5367 1533 1534 5368 1532 1533 5369 1534 1535 5370 1532 1533 5371 1533 1534 5372 1533 1534 5373 1535 1536 5374 1534 1535 5375 1525 1526 5376 1534 1535 5377 1535 1536 5378 1535 1536 5379 1526 1527 5380 1525 1526 5381 1535 1536 5382 1533 1534 5383 1531 1532 5384 1531 1532 5385 1526 1527 5386 1535 1536 5387 1531 1532 5388 1529 1530 5389 1527 1528 5390 1527 1528 5391 1526 1527 5392 1531 1532 5393 1536 1537 5394 1537 1538 5395 1538 1539 5396 1538 1539 5397 1539 1540 5398 1536 1537 5399 1540 1541 5400 1536 1537 5401 1539 1540 5402 1539 1540 5403 1541 1542 5404 1540 1541 5405 1542 1543 5406 1540 1541 5407 1541 1542 5408 1541 1542 5409 1543 1544 5410 1542 1543 5411 1544 1545 5412 1542 1543 5413 1543 1544 5414 1543 1544 5415 1545 1546 5416 1544 1545 5417 1546 1547 5418 1544 1545 5419 1545 1546 5420 1545 1546 5421 1547 1548 5422 1546 1547 5423 1537 1538 5424 1546 1547 5425 1547 1548 5426 1547 1548 5427 1538 1539 5428 1537 1538 5429 1547 1548 5430 1545 1546 5431 1543 1544 5432 1543 1544 5433 1538 1539 5434 1547 1548 5435 1543 1544 5436 1541 1542 5437 1539 1540 5438 1539 1540 5439 1538 1539 5440 1543 1544 5441 1548 1549 5442 1549 1550 5443 1550 1551 5444 1550 1551 5445 1551 1552 5446 1548 1549 5447 1552 1553 5448 1553 1554 5449 1549 1550 5450 1549 1550 5451 1548 1549 5452 1552 1553 5453 1554 1555 5454 1555 1556 5455 1553 1554 5456 1553 1554 5457 1552 1553 5458 1554 1555 5459 1556 1557 5460 1557 1558 5461 1555 1556 5462 1555 1556 5463 1554 1555 5464 1556 1557 5465 1558 1559 5466 1559 1560 5467 1557 1558 5468 1557 1558 5469 1556 1557 5470 1558 1559 5471 1560 1561 5472 1561 1562 5473 1559 1560 5474 1559 1560 5475 1558 1559 5476 1560 1561 5477 1562 1563 5478 1563 1564 5479 1564 1565 5480 1564 1565 5481 1565 1566 5482 1562 1563 5483 1566 1567 5484 1567 1568 5485 1568 1569 5486 1568 1569 5487 1569 1570 5488 1566 1567 5489 1570 1571 5490 1571 1572 5491 1567 1568 5492 1567 1568 5493 1566 1567 5494 1570 1571 5495 1572 1573 5496 1573 1574 5497 1571 1572 5498 1571 1572 5499 1570 1571 5500 1572 1573 5501 1574 1575 5502 1575 1576 5503 1573 1574 5504 1573 1574 5505 1572 1573 5506 1574 1575 5507 1576 1577 5508 1577 1578 5509 1575 1576 5510 1575 1576 5511 1574 1575 5512 1576 1577 5513 1578 1579 5514 1579 1580 5515 1577 1578 5516 1577 1578 5517 1576 1577 5518 1578 1579 5519 1580 1581 5520 1581 1582 5521 1582 1583 5522 1582 1583 5523 1583 1584 5524 1580 1581 5525 1584 1585 5526 1585 1586 5527 1563 1564 5528 1563 1564 5529 1562 1563 5530 1584 1585 5531 1586 1587 5532 1587 1588 5533 1581 1582 5534 1581 1582 5535 1580 1581 5536 1586 1587 5537 1588 1589 5538 1589 1590 5539 1590 1591 5540 1590 1591 5541 1591 1592 5542 1588 1589 5543 1592 1593 5544 1588 1589 5545 1591 1592 5546 1591 1592 5547 1593 1594 5548 1592 1593 5549 1594 1595 5550 1592 1593 5551 1593 1594 5552 1593 1594 5553 1595 1596 5554 1594 1595 5555 1596 1597 5556 1594 1595 5557 1595 1596 5558 1595 1596 5559 1597 1598 5560 1596 1597 5561 1598 1599 5562 1596 1597 5563 1597 1598 5564 1597 1598 5565 1599 1600 5566 1598 1599 5567 1600 1601 5568 1598 1599 5569 1599 1600 5570 1599 1600 5571 1601 1602 5572 1600 1601 5573 1602 1603 5574 1603 1604 5575 1604 1605 5576 1604 1605 5577 1605 1606 5578 1602 1603 5579 1606 1607 5580 1607 1608 5581 1608 1609 5582 1608 1609 5583 1609 1610 5584 1606 1607 5585 1610 1611 5586 1606 1607 5587 1609 1610 5588 1609 1610 5589 1611 1612 5590 1610 1611 5591 1612 1613 5592 1610 1611 5593 1611 1612 5594 1611 1612 5595 1613 1614 5596 1612 1613 5597 1614 1615 5598 1612 1613 5599 1613 1614 5600 1613 1614 5601 1615 1616 5602 1614 1615 5603 1616 1617 5604 1614 1615 5605 1615 1616 5606 1615 1616 5607 1617 1618 5608 1616 1617 5609 1618 1619 5610 1616 1617 5611 1617 1618 5612 1617 1618 5613 1619 1620 5614 1618 1619 5615 1620 1621 5616 1621 1622 5617 1622 1623 5618 1622 1623 5619 1623 1624 5620 1620 1621 5621 1624 1625 5622 1602 1603 5623 1605 1606 5624 1605 1606 5625 1625 1626 5626 1624 1625 5627 1626 1627 5628 1620 1621 5629 1623 1624 5630 1623 1624 5631 1627 1628 5632 1626 1627 5633 1628 1629 5634 1629 1630 5635 1630 1631 5636 1630 1631 5637 1631 1632 5638 1628 1629 5639 1632 1633 5640 1633 1634 5641 1630 1631 5642 1634 1635 5643 1635 1636 5644 1636 1637 5645 1636 1637 5646 1637 1638 5647 1634 1635 5648 1638 1639 5649 1639 1640 5650 1640 1641 5651 1640 1641 5652 1641 1642 5653 1638 1639 5654 1641 1642 5655 1633 1634 5656 1642 1643 5657 1635 1636 5658 1643 1644 5659 1644 1645 5660 1644 1645 5661 1636 1637 5662 1635 1636 5663 1645 1646 5664 1646 1647 5665 1644 1645 5666 1640 1641 5667 1628 1629 5668 1631 1632 5669 1631 1632 5670 1641 1642 5671 1640 1641 5672 1647 1648 5673 1634 1635 5674 1637 1638 5675 1637 1638 5676 1632 1633 5677 1647 1648 5678 1632 1633 5679 1648 1649 5680 1633 1634 5681 1636 1637 5682 1646 1647 5683 1648 1649 5684 1638 1639 5685 1642 1643 5686 1649 1650 5687 1629 1630 5688 1647 1648 5689 1632 1633 5690 1632 1633 5691 1630 1631 5692 1629 1630 5693 1643 1644 5694 1650 1651 5695 1645 1646 5696 1645 1646 5697 1644 1645 5698 1643 1644 5699 1639 1640 5700 1638 1639 5701 1649 1650 5702 1649 1650 5703 1651 1652 5704 1639 1640 5705 1642 1643 5706 1638 1639 5707 1641 1642 5708 1633 1634 5709 1631 1632 5710 1630 1631 5711 1633 1634 5712 1641 1642 5713 1631 1632 5714 1648 1649 5715 1637 1638 5716 1636 1637 5717 1648 1649 5718 1632 1633 5719 1637 1638 5720 1646 1647 5721 1636 1637 5722 1644 1645 5723 1652 1653 5724 1653 1654 5725 1654 1655 5726 1654 1655 5727 1655 1656 5728 1652 1653 5729 1656 1657 5730 1654 1655 5731 1657 1658 5732 1658 1659 5733 1659 1660 5734 1660 1661 5735 1660 1661 5736 1661 1662 5737 1658 1659 5738 1662 1663 5739 1663 1664 5740 1664 1665 5741 1664 1665 5742 1665 1666 5743 1662 1663 5744 1663 1664 5745 1642 1643 5746 1657 1658 5747 1661 1662 5748 1660 1661 5749 1666 1667 5750 1666 1667 5751 1667 1668 5752 1661 1662 5753 1668 1669 5754 1666 1667 5755 1669 1670 5756 1664 1665 5757 1663 1664 5758 1653 1654 5759 1653 1654 5760 1652 1653 5761 1664 1665 5762 1670 1671 5763 1656 1657 5764 1659 1660 5765 1659 1660 5766 1658 1659 5767 1670 1671 5768 1656 1657 5769 1657 1658 5770 1671 1672 5771 1660 1661 5772 1671 1672 5773 1669 1670 5774 1662 1663 5775 1649 1650 5776 1642 1643 5777 1655 1656 5778 1654 1655 5779 1656 1657 5780 1656 1657 5781 1670 1671 5782 1655 1656 5783 1667 1668 5784 1666 1667 5785 1668 1669 5786 1668 1669 5787 1672 1673 5788 1667 1668 5789 1665 1666 5790 1651 1652 5791 1649 1650 5792 1649 1650 5793 1662 1663 5794 1665 1666 5795 1642 1643 5796 1663 1664 5797 1662 1663 5798 1657 1658 5799 1654 1655 5800 1653 1654 5801 1657 1658 5802 1653 1654 5803 1663 1664 5804 1671 1672 5805 1660 1661 5806 1659 1660 5807 1671 1672 5808 1659 1660 5809 1656 1657 5810 1669 1670 5811 1666 1667 5812 1660 1661 5813</p>
        </triangles>
      </mesh>
    </geometry>
  </library_geometries>
  <library_controllers>
    <controller id="Armature_lightning_mcqueen_lod1-skin" name="Armature">
      <skin source="#lightning_mcqueen_lod1-mesh">
        <bind_shape_matrix>1 0 0 1.41971e-5 0 1 1.42109e-14 -2.22546e-5 0 -1.42109e-14 1 1.25152e-6 0 0 0 1</bind_shape_matrix>
        <source id="Armature_lightning_mcqueen_lod1-skin-joints">
          <Name_array id="Armature_lightning_mcqueen_lod1-skin-joints-array" count="40">Bip01_body Bip01_head Bip01_eye_brow Bip01_eye_brow_L Bip01_eye_brow_R Bip01_eye_brow_L1 Bip01_eye_brow_R1 Bip01_eye_L Bip01_eye_R Bip01_eyelash_L Bip01_eyelash_L1 Bip01_eyelash_R Bip01_eyelash_R1 Bip01_eyelash_T_shape Bip01_eyelash_T_shape_L Bip01_eyelash_T_shape_r Bip01_eyelash_B_L Bip01_eyelash_B_L1 Bip01_eyelash_B_R Bip01_eyelash_B_R1 Bip01_eyelash_B_shape Bip01_eyelash_B_shape_L Bip01_eyelash_B_shape_r Bip01_jaw Bip01_lip_low_L Bip01_lip_low_R Bip01_lip_low_m Bip01_lip_cor_L Bip01_lip_cor_R Bip01_lip_up_L Bip01_lip_up_m Bip01_lip_up_R Bip01_wheelbase_rear_R Bip01_wheel_rear_R Bip01_wheelbase_rear_L Bip01_wheel_rear_L Bip01_wheelbase_front_R Bip01_wheel_front_R Bip01_wheelbase_front_L Bip01_wheel_front_L</Name_array>
          <technique_common>
            <accessor source="#Armature_lightning_mcqueen_lod1-skin-joints-array" count="40" stride="1">
              <param name="JOINT" type="name"/>
            </accessor>
          </technique_common>
        </source>
        <source id="Armature_lightning_mcqueen_lod1-skin-bind_poses">
          <float_array id="Armature_lightning_mcqueen_lod1-skin-bind_poses-array" count="640">-4.37114e-6 1.63038e-5 100 -96.13671 0 100 -2.38536e-5 -70.97772 -100 0 -4.37114e-6 4.20227e-6 0 0 0 1 -4.37114e-6 1.63038e-5 100 -541.215 0 100 -2.38536e-5 -135.4998 -100 0 -4.37114e-6 2.36573e-5 0 0 0 1 -1.07284e-5 -1.63038e-5 -100 616.8477 0 100 -2.38536e-5 47.21577 100 0 -1.07284e-5 6.61781e-5 0 0 0 1 8.715152 -1.62417e-5 -99.61951 597.9969 0 100 -2.38536e-5 42.4882 99.61951 1.4209e-6 8.715152 -177.7586 0 0 0 1 -8.715682 -1.62417e-5 -99.61946 597.9959 0 100 -2.38536e-5 42.4881 99.61946 -1.42098e-6 -8.715682 177.7618 0 0 0 1 42.2616 -1.47762e-5 -90.63088 433.7415 0 100 -2.38536e-5 21.19256 90.63088 6.89023e-6 42.2616 -456.042 0 0 0 1 -42.26218 -1.47762e-5 -90.63062 433.7385 0 100 -2.38536e-5 21.19211 90.63062 -6.89033e-6 -42.26218 456.0446 0 0 0 1 30.83814 -1.55092e-5 -95.12628 427.3369 0 100 -2.38536e-5 190.2086 95.12628 5.02778e-6 30.83814 -241.1117 0 0 0 1 -30.83857 -1.55091e-5 -95.12615 427.3357 0 100 -2.38536e-5 190.2083 95.12615 -5.02785e-6 -30.83857 241.114 0 0 0 1 29.03733 -1.56013e-5 -95.69135 453.4021 0 100 -2.38536e-5 128.0957 95.69135 4.73418e-6 29.03733 -276.0959 0 0 0 1 67.15047 -1.20811e-5 -74.10004 215.8858 0 100 -2.38536e-5 105.7028 74.10004 1.09481e-5 67.15047 -509.4534 0 0 0 1 -29.03774 -1.56013e-5 -95.69123 453.4011 0 100 -2.38536e-5 128.0952 95.69123 -4.73425e-6 -29.03774 276.0981 0 0 0 1 -67.1507 -1.20811e-5 -74.09984 215.884 0 100 -2.38536e-5 105.7021 74.09984 -1.09481e-5 -67.1507 509.4542 0 0 0 1 -1.07284e-5 -1.63038e-5 -100 524.7291 0 100 -2.38536e-5 141.7263 100 0 -1.07284e-5 3.29526e-6 0 0 0 1 -1.07284e-5 -1.63038e-5 -100 524.7291 0 100 -2.38536e-5 141.7263 100 0 -1.07284e-5 -22.14384 0 0 0 1 -1.07284e-5 -1.63038e-5 -100 524.7291 0 100 -2.38536e-5 141.7263 100 0 -1.07284e-5 22.14386 0 0 0 1 29.03733 -1.56013e-5 -95.69135 364.2151 0 100 -2.38536e-5 218.5528 95.69135 4.73418e-6 29.03733 -258.3055 0 0 0 1 78.31622 -1.0138e-5 -62.18177 53.70484 0 100 -2.38536e-5 168.9113 62.18177 1.27685e-5 78.31622 -495.4809 0 0 0 1 -29.03774 -1.56013e-5 -95.69123 364.2142 0 100 -2.38536e-5 218.5524 95.69123 -4.73425e-6 -29.03774 258.3075 0 0 0 1 -78.31646 -1.01379e-5 -62.18144 53.70325 0 100 -2.38536e-5 168.9116 62.18144 -1.27685e-5 -78.31646 495.4807 0 0 0 1 -1.07284e-5 -1.63038e-5 -100 431.8874 0 100 -2.38536e-5 235.6145 100 0 -1.07284e-5 2.33478e-6 0 0 0 1 -1.07284e-5 -1.63038e-5 -100 431.2934 0 100 -2.38536e-5 236.2085 100 0 -1.07284e-5 -49.19766 0 0 0 1 -1.07284e-5 -1.63038e-5 -100 431.2934 0 100 -2.38536e-5 236.2085 100 0 -1.07284e-5 49.19765 0 0 0 1 -1.07284e-5 -1.63038e-5 -100 241.0024 0 100 -2.38536e-5 357.5507 100 0 -1.07284e-5 2.68558e-5 0 0 0 1 24.28804 -1.58156e-5 -97.00564 148.9267 0 100 -2.38536e-5 883.7708 97.00564 3.95986e-6 24.28804 -172.0714 0 0 0 1 -24.28817 -1.58156e-5 -97.00559 148.9264 0 100 -2.38536e-5 883.7706 97.00559 -3.95989e-6 -24.28817 172.0734 0 0 0 1 -5.20549e-5 -1.63038e-5 -100 174.411 0 100 -2.38536e-5 896.1105 100 0 -5.20549e-5 0.001135885 0 0 0 1 -1.07284e-5 -1.63038e-5 -100 214.45 0 100 -2.38536e-5 878.4757 100 0 -1.07284e-5 -196.497 0 0 0 1 -1.06096e-4 -1.63038e-5 -100 214.4498 0 100 -2.38536e-5 878.4754 100 0 -1.06096e-4 196.4981 0 0 0 1 -17.36485 -1.60561e-5 -98.48077 246.216 0 100 -2.38536e-5 892.1255 98.48077 -2.83112e-6 -17.36485 -83.62047 0 0 0 1 -1.06096e-4 -1.63038e-5 -100 228.856 0 100 -2.38536e-5 902.0206 100 0 -1.06096e-4 0.00115478 0 0 0 1 17.36469 -1.60561e-5 -98.4808 246.2159 0 100 -2.38536e-5 892.1255 98.4808 2.8311e-6 17.36469 83.62264 0 0 0 1 100 0 0 347.839 0 100 -3.57628e-5 -614.343 0 2.56612e-5 100 -186.6831 0 0 0 1 100 0 0 393.784 0 100 -2.63937e-5 -614.343 0 1.62921e-5 100 -186.683 0 0 0 1 -100 0 1.50996e-5 347.8389 0 100 -3.06592e-5 -614.3439 -1.50996e-5 -2.56612e-5 -100 186.6851 0 0 0 1 -100 0 1.50996e-5 393.784 0 100 -2.12901e-5 -614.344 -1.50996e-5 -1.62921e-5 -100 186.6851 0 0 0 1 100 0 0 347.8391 0 100 -2.38419e-5 534.285 0 2.56612e-5 100 -186.685 0 0 0 1 100 0 0 393.784 0 100 -1.44728e-5 534.285 0 1.62921e-5 100 -186.685 0 0 0 1 -100 0 1.50996e-5 347.839 0 100 -4.25801e-5 534.2852 -1.50996e-5 -2.56612e-5 -100 186.685 0 0 0 1 -100 0 1.50996e-5 393.784 0 100 -3.3211e-5 534.2852 -1.50996e-5 -1.62921e-5 -100 186.6851 0 0 0 1</float_array>
          <technique_common>
            <accessor source="#Armature_lightning_mcqueen_lod1-skin-bind_poses-array" count="40" stride="16">
              <param name="TRANSFORM" type="float4x4"/>
            </accessor>
          </technique_common>
        </source>
        <source id="Armature_lightning_mcqueen_lod1-skin-weights">
          <float_array id="Armature_lightning_mcqueen_lod1-skin-weights-array" count="2042">1 1 1 1 1 1 1 1 1 1 1 1 1 1 1 1 1 1 1 1 1 1 1 1 1 1 1 1 1 1 1 1 1 1 1 1 1 1 1 1 1 1 1 1 1 1 1 1 1 1 1 1 1 1 0.329572 0.601363 0.06906497 0.3345553 0.6638307 0.001613974 0.761893 0.238107 0.762869 0.2371309 0.126002 0.760392 0.113606 0.13512 0.658555 0.206325 0.189977 0.781345 0.02867799 0.33005 0.600266 0.06968396 0.760486 0.2395139 0.761462 0.238538 0.33334 0.65085 0.01580995 0.121403 0.485613 0.392984 0.1062068 0.6668773 0.2269157 0.203835 0.667102 0.129063 0.761893 0.238107 0.761462 0.238538 0.13512 0.658555 0.206325 0.121403 0.485613 0.392984 0.281576 0.7008801 0.01754397 0.711806 0.288194 0.711792 0.288208 0.304589 0.695411 0.1921322 0.7685308 0.03933703 0.195783 0.804217 0.187802 0.751207 0.06099098 0.2816473 0.7006638 0.01768898 0.307323 0.692677 0.711786 0.288214 0.711772 0.288228 0.1541368 0.6562843 0.1895788 0.189847 0.7772261 0.03292697 0.1861972 0.7447888 0.06901407 0.711786 0.288214 0.711792 0.288208 0.187802 0.751207 0.06099098 0.1541368 0.6562843 0.1895788 0.75 0.25 1 1 1 0.5 0.5 1 1 1 1 1 1 1 1 0.5 0.5 1 1 0.75 0.25 1 0.3333333 0.6666667 1 1 1 1 1 1 1 0.5 0.5 1 1 1 1 1 1 1 1 1 1 1 1 1 1 1 1 1 1 1 1 1 1 1 1 1 1 1 0.9979141 0.002085983 0.04069 0.2929493 0.6663607 0.9994791 5.21001e-4 0.989117 0.01088297 0.05113697 0.1136389 0.835224 0.02711498 0.02711498 0.94577 0.963985 0.03601497 1 0.999889 1.11e-4 0.997914 0.002085983 0.9994791 5.21001e-4 0.466733 0.295068 0.2381989 0.989117 0.01088297 0.248699 0.253904 0.497397 0.08336198 0.1569049 0.759733 0.9639859 0.03601402 1 1 1 1 1 1 1 1 1 1 1 1 1 1 1 1 1 1 1 1 1 1 1 1 1 1 1 1 1 1 1 1 1 1 1 1 1 1 1 1 1 1 1 1 1 1 1 1 1 1 1 1 1 1 1 1 1 1 1 1 1 1 1 1 1 1 1 1 1 1 1 1 1 1 1 1 1 1 1 1 1 1 1 1 1 1 1 1 1 1 1 1 1 1 1 1 1 1 1 1 1 1 1 1 1 1 1 1 1 1 1 1 1 1 1 1 1 1 1 1 1 1 1 1 1 1 1 1 1 1 1 1 1 1 1 1 1 1 1 1 1 1 1 1 1 1 1 1 1 1 1 1 1 1 1 1 1 1 1 1 1 1 1 1 1 1 1 1 1 1 1 1 1 1 1 1 1 1 1 1 1 1 1 1 1 1 1 1 1 1 1 1 1 1 1 1 1 1 1 1 1 1 1 1 1 1 1 1 1 1 1 1 1 1 1 1 1 1 1 1 1 1 1 1 1 1 1 1 1 1 1 1 1 1 1 1 1 1 1 1 1 1 1 1 1 1 1 1 1 1 1 1 1 1 1 1 1 1 1 1 1 1 1 1 1 1 1 1 1 1 1 1 1 1 1 1 1 1 1 1 1 1 1 1 1 1 1 1 1 1 1 1 1 1 1 1 1 1 1 1 1 1 1 1 1 1 1 1 1 1 1 1 1 1 1 1 1 1 1 1 1 1 1 1 1 1 1 1 1 1 1 1 1 1 1 1 1 1 1 1 1 1 1 1 1 1 1 1 1 1 1 1 1 1 1 1 1 1 1 1 1 1 1 1 1 1 1 1 1 1 1 1 1 1 1 1 1 1 1 1 1 1 1 1 1 1 1 1 1 1 1 1 1 1 1 1 1 1 0.8174582 0.1825419 1 1 1 1 1 1 1 1 1 1 1 1 0.6081137 0.3918864 0.00487405 0.9951259 1 1 1 1 1 1 1 1 1 1 1 1 1 1 1 1 1 1 1 1 1 1 1 1 1 1 1 1 1 1 1 1 1 1 1 1 1 1 1 1 1 1 1 1 0.25 0.75 1 1 0.25 0.75 1 1 1 0.989258 0.01074194 0.995422 0.004577994 0.9773111 0.02268898 0.97085 0.02914994 1 1 0.999715 2.85e-4 1 1 1 0.995422 0.004577994 0.9891111 0.01088899 0.97085 0.02914994 0.9773111 0.02268898 1 1 1 0.06512898 0.1665869 0.768284 0.0995661 0.0995661 0.8008678 0.07273799 0.584417 0.342845 0.25 0.372354 0.377646 0.456263 0.543737 0.3203997 0.1232529 0.5563475 0.260493 0.608388 0.131119 0.05033999 0.66638 0.28328 0.2717523 0.04817605 0.6800717 0.325025 0.646022 0.02895295 1 0.861928 0.138072 0.338786 0.661214 0.3641266 0.1169239 0.5189495 0.1958598 0.6727343 0.1314058 0.3551416 0.6448584 0.891238 0.108762 1 1 1 1 1 1 1 0.999777 2.23e-4 1 1 1 1 1 1 1 1 1 1 1 1 1 1 1 1 1 1 1 1 1 1 1 1 1 1 0.3544098 0.6455903 0.889971 0.110029 0.592915 0.407085 0.862085 0.137915 0.48403 0.06941395 0.446556 0.250051 0.749949 0.688529 0.311471 1 0.07332503 0.2392232 0.6874517 0.75 0.25 0.109468 0.61675 0.273782 0.26623 0.581616 0.152154 0.534512 0.38725 0.07823801 0.1111209 0.1111209 0.777758 0.08230805 0.001948952 0.9157429 1 0.255702 0.744298 0.8379701 0.16203 1 1 1 1 1 1 1 1 0.1409971 0.4605075 0.3984954 0.429634 0.34123 0.229136 0.08213305 0.02963101 0.8882359 0.07069003 0.07069003 0.8586199 1 0.995433 0.004566967 1 1 1 1 1 1 1 1 1 1 1 1 1 1 1 1 1 1 1 1 1 1 1 1 0.07274901 0.1571571 0.7700937 0.2556897 0.4917545 0.2525557 0.3418083 0.5844696 0.07372206 0.328898 0.30583 0.365272 0.07830512 0.07830512 0.8433898 0.09137296 0.392522 0.516105 0.03246599 0.07916104 0.888373 0.914094 0.08590596 0.67713 0.32287 0.179741 0.104969 0.71529 0.1111209 0.1111209 0.777758 0.255702 0.744298 1 0.888214 0.111786 1 1 0.08230805 0.001948952 0.9157429 1 0.1389369 0.861063 1 0.004995942 0.995004 1 0.109468 0.61675 0.273782 0.293218 0.369948 0.336834 0.26623 0.581616 0.152154 0.324768 0.411752 0.26348 0.534512 0.38725 0.07823801 0.371721 0.628279 1 1 0.2822347 0.4036416 0.3141237 1 1 1 1 1 0.25 0.372354 0.377646 0.75 0.25 0.338786 0.661214 0.06512898 0.1665869 0.768284 1 1 1 0.97085 0.02914994 0.1849462 0.3217694 0.4932845 0.208198 0.321565 0.470237 0.1572189 0.288057 0.554724 1 1 1 1 0.2091169 0.540133 0.25075 0.290615 0.262022 0.447363 0.735894 0.264106 0.154397 0.23842 0.607183 0.688874 0.311126 0.02684897 0.805736 0.167415 0.1521568 0.1590518 0.6887913 0.317225 0.327996 0.354779 0.03630495 0.3357 0.627995 0.04524302 0.06181502 0.892942 0.1000001 0.07100903 0.8289909 0.2717523 0.04817605 0.6800717 0.861928 0.138072 1 0.314271 0.605125 0.08060395 0.275216 0.724784 1 1 1 1 1 1 1 1 1 1 1 1 1 1 1 1 1 1 1 1 1 1 1 1 1 1 1 1 1 1 1 1 0.4067665 0.5932335 0.753691 0.246309 0.564826 0.435174 0.706887 0.293113 0.250051 0.749949 0.48403 0.06941395 0.446556 0.6557377 0.3442623 1 1 0.06402903 0.9163079 0.01966297 0.002912998 0.897412 0.09967499 0.2880943 0.6984288 0.01347696 0.367671 0.117324 0.515005 0.08230805 0.001948952 0.9157429 1 1 1 1 1 1 0.9957391 0.004260957 1 0.9957391 0.004260957 0.8235294 0.1764705 0.6666091 0.236981 0.09640997 0.07155704 0.1755652 0.7528778 0.103193 0.231901 0.664906 1 1 1 1 1 1 1 1 1 1 1 1 1 1 1 1 1 1 0.26756 0.08367598 0.648764 0.508226 0.282131 0.209643 0.274757 0.676119 0.049124 0.3073383 0.6076437 0.08501809 0.05020898 0.1723819 0.777409 0.07175296 0.519921 0.408326 0.03246796 0.187143 0.780389 0.666497 0.333503 0.926624 0.07337599 0.645424 0.01314699 0.341429 1 0.255702 0.744298 0.367671 0.117324 0.515005 1 0.888214 0.111786 1 0.337013 0.662987 1 0.08230805 0.001948952 0.9157429 1 0.004995942 0.995004 1 0.002912998 0.897412 0.09967499 0.06402903 0.9163079 0.01966297 0.053079 0.7876848 0.1592361 0.349671 0.217874 0.432455 0.2880943 0.6984288 0.01347696 0.371721 0.628279 1 1 0.390017 0.52301 0.08697295 1 1 1 1 1 1 0.688874 0.311126 0.154397 0.23842 0.607183 0.275216 0.724784 1 1 1 1 0.97085 0.02914994 1 1 1 1 1 1 1 1 1 1 1 1 1 1 1 1 1 1 1 1 1 1 1 1 1 1 1 1 1 1 1 1 1 1 1 1 1 1 1 1 1 1 1 1 1 1 1 1 1 1 1 1 1 1 1 1 1 1 1 1 1 1 1 1 1 1 1 1 1 1 1 1 1 1 1 1 1 1 1 1 1 1 1 1 1 1 1 1 1 1 1 1 1 1 1 1 1 1 1 1 1 1 1 1 1 1 1 1 1 1 1 1 1 1 1 1 1 1 1 1 1 1 1 1 1 1 1 1 1 1 1 1 1 1 1 1 1 1 1 1 1 1 1 1 1 1 1 1 1 1 1 1 1 1 1 1 1 1 1 1 1 1 1 1 1 1 1 1 1 1 1 1 1 1 1 1 1 1 1 1 1 1 1 1 1 1 1 1 1 1 1 1 1 1 1 1 1 1 1 1 1 1 1 1 1 1 1 1 1 1 1 1 1 1 1 1 1 1 1 1 1 1 1 1 1 1 1 1 1 1 1 1 1 1 1 1 1 1 1 1 1 1 1 1 1 1 1 1 1 1 1 1 1 1 1 1 1 1 1 1 1 1 1 1 1 1 1 1 1 1 1 1 1 1 1 1 1 1 1 1 1 1 1 1 1 1 1 1 1 1 1 1 1 1 1 1 1 1 1 1 1 1 1 1 1 1 1 1 1 1 1 1 1 1 1 1 1 1 1 1 1 1 1 1 1 1 1 1 1 1 1 1 1 1 1 1 1 1 1 1 1 1 1 1 1 1 1 1 1 1 1 1 1 1 1 1 1 1 1 1 1 1 1 1 1 1 1 1 1 1 1 1 1 1 1 1 1 1 1 1 1 1 1 1 1 1 1 1 1 1 1 1 1 1 1 1 1 1 1 1 1 1 1 1 1 1 1 1 1 1 1 1 1 1 1 1 1 1 1 1 1 1 1 1 1 1 1 1 1 1 1 1 1 1 1 1 1 1 1 1 1 1 1 1 1 1 1 1 1 1 1 1 1 1 1 1 1 1 1 1 1 1 1 1 1 1 1 1 1 1 1 1 1 1 1 1 1 1 1 1 1 1 1 1 1 1 1 1 1 1 1 1 1 1 1 1 1 1 1 1 1 1 1 1 1 1 1 1 1 1 1 1 1 1 1 1 1 1 1 1 1 1 1 1 1 1 1 1 1 1 1 1 1 1 1 1 1 1 1 1 1 1 1 1 1 1 1 1 1 1 1 1 1 1 1 1 1 1 1 1 1 1 1 1 1 1 1 1 1 1 1 1 1 1 1 1 1 1 1 1 1 1 1 1 1 1 1 1 1 1 1 1 1 1 1 1 1 1 1 1 1 1 1 1 1 1 1 1 1 1 1 1 1 1 1 1 1 1 1 1 1 1 1 1 1 1 1 1 1 1 1 1 1 1 1 1 1 1 1 1 1 1 1 1 1 1 1 1 1 1 1 1 1 1 1 1 1 1 1 1 1 1 1 1 1 1 1 1 1 1 1 1 1 1 1 1 1 1 1 1 1 1 1 1 1 1 1 1 1 1 1 0.759757 0.240243 0.9 0.1 0.08480095 0.368858 0.546341 0.443063 0.409747 0.14719 0.345247 0.568093 0.08665996 0.220138 0.475096 0.304766 0.570338 0.429662 0.1 0.9 0.09354805 0.4349044 0.4715474 0.351082 0.371061 0.277857 0.4721805 0.1344451 0.3933744 1 0.224413 0.775587 0.447735 0.124232 0.428033 0.679896 0.320104 1 0.543034 0.456966 0.538475 0.461525 0.04821401 0.951786 0.836957 0.163043 0.108875 0.33189 0.559235 0.448562 0.398101 0.153337 1 0.5 0.25 0.25 1 0.6633854 0.3366146 0.1981378 0.2310187 0.5708435 0.960253 5.50001e-4 0.03919702 0.275032 0.122644 0.602324 0.2820193 0.4405494 0.2774313 0.582713 0.417287 0.3699746 0.4188616 0.2111638 0.452324 0.065737 0.481939 0.168402 0.831598 0.46411 0.10646 0.42943 0.426509 0.260848 0.312643 0.284926 0.715074 0.004889965 0.99511 0.05455195 0.413126 0.532322 1 0.05111199 0.403693 0.545195 0.22916 0.659142 0.111698 0.816995 0.183005 0.02429199 0.5267205 0.4489875 1</float_array>
          <technique_common>
            <accessor source="#Armature_lightning_mcqueen_lod1-skin-weights-array" count="2042" stride="1">
              <param name="WEIGHT" type="float"/>
            </accessor>
          </technique_common>
        </source>
        <joints>
          <input semantic="JOINT" source="#Armature_lightning_mcqueen_lod1-skin-joints"/>
          <input semantic="INV_BIND_MATRIX" source="#Armature_lightning_mcqueen_lod1-skin-bind_poses"/>
        </joints>
        <vertex_weights count="1673">
          <input semantic="JOINT" source="#Armature_lightning_mcqueen_lod1-skin-joints" offset="0"/>
          <input semantic="WEIGHT" source="#Armature_lightning_mcqueen_lod1-skin-weights" offset="1"/>
          <vcount>1 1 1 1 1 1 1 1 1 1 1 1 1 1 1 1 1 1 1 1 1 1 1 1 1 1 1 1 1 1 1 1 1 1 1 1 1 1 1 1 1 1 1 1 1 1 1 1 1 1 1 1 1 1 3 3 2 2 3 3 3 3 2 2 3 3 3 3 2 2 3 3 3 2 2 2 3 2 3 3 2 2 2 3 3 3 2 2 3 3 2 1 1 1 2 1 1 1 1 1 1 1 1 2 1 1 2 1 2 1 1 1 1 1 1 1 2 1 1 1 1 1 1 1 1 1 1 1 1 1 1 1 1 1 1 1 1 1 1 1 1 1 1 1 2 3 2 2 3 3 2 1 2 2 2 3 2 3 3 2 1 1 1 1 1 1 1 1 1 1 1 1 1 1 1 1 1 1 1 1 1 1 1 1 1 1 1 1 1 1 1 1 1 1 1 1 1 1 1 1 1 1 1 1 1 1 1 1 1 1 1 1 1 1 1 1 1 1 1 1 1 1 1 1 1 1 1 1 1 1 1 1 1 1 1 1 1 1 1 1 1 1 1 1 1 1 1 1 1 1 1 1 1 1 1 1 1 1 1 1 1 1 1 1 1 1 1 1 1 1 1 1 1 1 1 1 1 1 1 1 1 1 1 1 1 1 1 1 1 1 1 1 1 1 1 1 1 1 1 1 1 1 1 1 1 1 1 1 1 1 1 1 1 1 1 1 1 1 1 1 1 1 1 1 1 1 1 1 1 1 1 1 1 1 1 1 1 1 1 1 1 1 1 1 1 1 1 1 1 1 1 1 1 1 1 1 1 1 1 1 1 1 1 1 1 1 1 1 1 1 1 1 1 1 1 1 1 1 1 1 1 1 1 1 1 1 1 1 1 1 1 1 1 1 1 1 1 1 1 1 1 1 1 1 1 1 1 1 1 1 1 1 1 1 1 1 1 1 1 1 1 1 1 1 1 1 1 1 1 1 1 1 1 1 1 1 1 1 1 1 1 1 1 1 1 1 1 1 1 1 1 1 1 1 1 1 1 1 1 1 1 1 1 1 1 1 1 1 1 1 1 1 1 1 1 1 1 1 1 1 1 1 1 1 1 1 1 1 1 1 1 1 1 1 1 1 1 1 1 1 1 1 1 1 1 1 1 1 1 1 1 1 1 1 1 1 1 1 1 1 1 1 1 1 1 1 1 1 1 1 1 1 1 1 1 1 1 1 1 1 1 1 1 1 1 1 1 1 1 1 1 1 1 1 1 1 1 1 2 1 1 1 1 1 1 1 1 1 1 1 1 2 2 1 1 1 1 1 1 1 1 1 1 1 1 1 1 1 1 1 1 1 1 1 1 1 1 1 1 1 1 1 1 1 1 1 1 1 1 1 1 1 1 1 1 1 1 2 1 1 2 1 1 1 2 2 2 2 1 1 2 1 1 1 2 2 2 2 1 1 1 3 3 3 3 2 3 3 3 3 3 1 2 2 3 3 2 2 1 1 1 1 1 1 1 2 1 1 1 1 1 1 1 1 1 1 1 1 1 1 1 1 1 1 1 1 1 1 1 1 1 1 2 2 2 2 3 2 2 1 3 2 3 3 3 3 3 1 2 2 1 1 1 1 1 1 1 1 3 3 3 3 1 2 1 1 1 1 1 1 1 1 1 1 1 1 1 1 1 1 1 1 1 1 1 1 1 1 3 3 3 3 3 3 3 2 2 3 3 2 1 2 1 1 3 1 2 1 2 1 3 3 3 3 3 2 1 1 3 1 1 1 1 1 3 2 2 3 1 1 1 2 3 3 3 1 1 1 1 3 3 2 3 2 3 3 3 3 3 3 3 2 1 3 2 1 1 1 1 1 1 1 1 1 1 1 1 1 1 1 1 1 1 1 1 1 1 1 1 1 1 1 1 1 1 1 1 2 2 2 2 2 3 2 1 1 3 3 3 3 3 1 1 1 1 1 1 2 1 2 2 3 3 3 1 1 1 1 1 1 1 1 1 1 1 1 1 1 1 1 1 1 3 3 3 3 3 3 3 2 2 3 1 2 3 1 2 1 2 1 3 1 2 1 3 3 3 3 3 2 1 1 3 1 1 1 1 1 1 2 3 2 1 1 1 1 2 1 1 1 1 1 1 1 1 1 1 1 1 1 1 1 1 1 1 1 1 1 1 1 1 1 1 1 1 1 1 1 1 1 1 1 1 1 1 1 1 1 1 1 1 1 1 1 1 1 1 1 1 1 1 1 1 1 1 1 1 1 1 1 1 1 1 1 1 1 1 1 1 1 1 1 1 1 1 1 1 1 1 1 1 1 1 1 1 1 1 1 1 1 1 1 1 1 1 1 1 1 1 1 1 1 1 1 1 1 1 1 1 1 1 1 1 1 1 1 1 1 1 1 1 1 1 1 1 1 1 1 1 1 1 1 1 1 1 1 1 1 1 1 1 1 1 1 1 1 1 1 1 1 1 1 1 1 1 1 1 1 1 1 1 1 1 1 1 1 1 1 1 1 1 1 1 1 1 1 1 1 1 1 1 1 1 1 1 1 1 1 1 1 1 1 1 1 1 1 1 1 1 1 1 1 1 1 1 1 1 1 1 1 1 1 1 1 1 1 1 1 1 1 1 1 1 1 1 1 1 1 1 1 1 1 1 1 1 1 1 1 1 1 1 1 1 1 1 1 1 1 1 1 1 1 1 1 1 1 1 1 1 1 1 1 1 1 1 1 1 1 1 1 1 1 1 1 1 1 1 1 1 1 1 1 1 1 1 1 1 1 1 1 1 1 1 1 1 1 1 1 1 1 1 1 1 1 1 1 1 1 1 1 1 1 1 1 1 1 1 1 1 1 1 1 1 1 1 1 1 1 1 1 1 1 1 1 1 1 1 1 1 1 1 1 1 1 1 1 1 1 1 1 1 1 1 1 1 1 1 1 1 1 1 1 1 1 1 1 1 1 1 1 1 1 1 1 1 1 1 1 1 1 1 1 1 1 1 1 1 1 1 1 1 1 1 1 1 1 1 1 1 1 1 1 1 1 1 1 1 1 1 1 1 1 1 1 1 1 1 1 1 1 1 1 1 1 1 1 1 1 1 1 1 1 1 1 1 1 1 1 1 1 1 1 1 1 1 1 1 1 1 1 1 1 1 1 1 1 1 1 1 1 1 1 1 1 1 1 1 1 1 1 1 1 1 1 1 1 1 1 1 1 1 1 1 1 1 1 1 1 1 1 1 1 1 1 1 1 1 1 1 1 1 1 1 1 1 1 1 1 1 1 1 1 1 1 1 1 1 1 1 1 1 1 1 1 1 1 1 1 1 1 1 1 1 1 1 1 1 1 1 1 1 1 1 1 1 1 1 1 1 1 1 1 1 1 1 1 1 1 1 1 1 1 1 1 1 1 1 1 1 1 1 1 1 1 1 1 1 1 1 1 1 1 1 1 1 1 1 1 1 1 1 1 1 1 1 1 1 1 1 1 1 1 1 1 1 1 1 1 1 1 1 1 1 1 1 1 1 1 1 1 1 1 1 1 1 1 1 1 1 1 1 1 1 1 1 1 1 1 1 1 1 1 1 1 1 1 1 1 1 1 1 1 1 1 1 1 1 1 1 1 1 1 1 1 1 1 1 1 1 1 1 1 1 1 1 1 1 1 1 1 1 1 1 1 1 1 1 1 2 2 3 3 3 3 2 2 3 3 3 1 2 3 2 1 2 2 2 2 3 3 1 3 1 2 3 3 3 3 2 3 3 2 3 3 2 2 3 1 3 3 2 3 1 </vcount>
          <v>0 0 0 1 0 2 0 3 0 4 0 5 0 6 0 7 0 8 0 9 0 10 0 11 0 12 0 13 0 14 0 15 0 16 0 17 0 18 0 19 0 20 0 21 0 22 0 23 0 24 0 25 0 26 0 27 0 28 0 29 0 30 0 31 0 32 0 33 0 34 0 35 0 36 0 37 0 38 0 39 0 40 0 41 0 42 0 43 0 44 0 45 0 46 0 47 0 48 0 49 0 50 0 51 0 52 0 53 0 54 1 55 5 56 0 57 1 58 5 59 0 60 1 61 0 62 1 63 0 64 1 65 5 66 0 67 1 68 5 69 0 70 1 71 3 72 0 73 1 74 5 75 0 76 1 77 0 78 1 79 0 80 1 81 5 82 0 83 1 84 5 85 0 86 1 87 5 88 0 89 1 90 3 91 0 92 1 93 0 94 1 95 0 96 1 97 5 98 0 99 1 100 5 101 0 102 1 103 4 104 0 105 1 106 0 107 1 108 0 109 1 110 0 111 1 112 6 113 0 114 1 115 0 116 1 117 6 118 0 119 1 120 4 121 0 122 1 123 0 124 1 125 0 126 1 127 0 128 1 129 6 130 0 131 1 132 6 133 0 134 1 135 6 136 0 137 1 138 0 139 1 140 0 141 1 142 6 143 0 144 1 145 6 146 16 147 17 148 16 149 0 150 0 151 16 152 21 153 21 154 0 155 0 156 17 157 17 158 0 159 0 160 0 161 16 162 17 163 0 164 18 165 18 166 19 167 0 168 18 169 22 170 0 171 0 172 22 173 19 174 0 175 0 176 19 177 18 178 19 179 0 180 7 181 7 182 7 183 7 184 7 185 7 186 7 187 7 188 7 189 7 190 7 191 7 192 7 193 8 194 8 195 8 196 8 197 8 198 8 199 8 200 8 201 8 202 8 203 8 204 8 205 8 206 0 207 1 208 1 209 3 210 5 211 0 212 1 213 0 214 1 215 1 216 3 217 5 218 1 219 3 220 5 221 0 222 1 223 2 224 0 225 1 226 0 227 1 228 0 229 1 230 1 231 4 232 6 233 0 234 1 235 1 236 4 237 6 238 1 239 4 240 6 241 0 242 1 243 0 244 0 245 0 246 0 247 0 248 0 249 0 250 0 251 0 252 0 253 0 254 0 255 0 256 0 257 0 258 0 259 0 260 0 261 0 262 0 263 0 264 0 265 0 266 0 267 0 268 0 269 0 270 0 271 0 272 0 273 0 274 0 275 0 276 0 277 0 278 0 279 0 280 0 281 0 282 0 283 0 284 0 285 0 286 0 287 0 288 0 289 0 290 0 291 0 292 0 293 0 294 0 295 0 296 0 297 0 298 0 299 0 300 0 301 0 302 0 303 0 304 0 305 0 306 0 307 0 308 0 309 0 310 0 311 0 312 0 313 0 314 0 315 0 316 0 317 0 318 0 319 0 320 0 321 0 322 0 323 0 324 0 325 0 326 0 327 0 328 0 329 0 330 0 331 0 332 0 333 0 334 0 335 0 336 0 337 0 338 0 339 0 340 0 341 0 342 0 343 0 344 0 345 0 346 0 347 0 348 0 349 0 350 0 351 0 352 0 353 0 354 0 355 0 356 0 357 0 358 0 359 0 360 0 361 0 362 0 363 0 364 0 365 0 366 0 367 0 368 0 369 0 370 0 371 0 372 0 373 0 374 0 375 0 376 0 377 0 378 0 379 0 380 0 381 0 382 0 383 0 384 0 385 0 386 0 387 0 388 0 389 0 390 0 391 0 392 0 393 0 394 0 395 0 396 0 397 0 398 0 399 0 400 0 401 0 402 0 403 0 404 0 405 0 406 0 407 0 408 0 409 0 410 0 411 0 412 0 413 0 414 0 415 0 416 0 417 0 418 0 419 0 420 0 421 0 422 0 423 0 424 0 425 0 426 0 427 0 428 0 429 0 430 0 431 0 432 0 433 0 434 0 435 0 436 0 437 0 438 0 439 0 440 0 441 0 442 0 443 0 444 0 445 0 446 0 447 0 448 0 449 0 450 0 451 0 452 0 453 0 454 0 455 0 456 0 457 0 458 0 459 0 460 0 461 0 462 0 463 0 464 38 465 38 466 0 467 0 468 38 469 38 470 0 471 0 472 38 473 38 474 0 475 0 476 0 477 38 478 38 479 0 480 0 481 38 482 38 483 0 484 0 485 38 486 38 487 0 488 0 489 38 490 38 491 0 492 38 493 38 494 0 495 0 496 38 497 38 498 0 499 0 500 34 501 34 502 0 503 0 504 34 505 34 506 0 507 0 508 34 509 34 510 0 511 0 512 0 513 34 514 34 515 0 516 0 517 34 518 34 519 0 520 0 521 34 522 34 523 0 524 0 525 34 526 34 527 0 528 34 529 0 530 34 531 34 532 0 533 0 534 0 535 0 536 0 537 0 538 0 539 0 540 0 541 0 542 0 543 36 544 36 545 0 546 0 547 36 548 36 549 0 550 0 551 36 552 36 553 0 554 36 555 36 556 0 557 0 558 36 559 36 560 0 561 0 562 36 563 36 564 0 565 0 566 36 567 36 568 0 569 0 570 0 571 36 572 36 573 0 574 0 575 36 576 36 577 0 578 0 579 32 580 32 581 0 582 0 583 32 584 32 585 0 586 0 587 32 588 32 589 0 590 32 591 32 592 0 593 0 594 32 595 32 596 0 597 0 598 32 599 32 600 0 601 0 602 32 603 32 604 0 605 0 606 32 607 0 608 0 609 32 610 32 611 0 612 0 613 0 614 0 615 0 616 0 617 0 618 0 619 0 620 0 621 0 622 0 623 0 624 0 625 0 626 0 627 0 628 0 629 0 630 0 631 0 632 0 633 0 634 0 635 0 636 0 637 0 638 0 639 0 640 0 641 0 642 27 643 0 644 0 645 0 646 0 647 0 648 0 649 0 650 0 651 28 652 0 653 0 654 0 655 0 656 31 657 0 658 28 659 0 660 0 661 0 662 0 663 0 664 0 665 0 666 0 667 0 668 0 669 0 670 0 671 0 672 0 673 0 674 0 675 0 676 0 677 0 678 0 679 0 680 0 681 0 682 0 683 0 684 0 685 0 686 0 687 0 688 0 689 0 690 0 691 0 692 0 693 0 694 0 695 0 696 0 697 0 698 0 699 0 700 0 701 20 702 0 703 16 704 17 705 0 706 0 707 18 708 19 709 0 710 0 711 0 712 0 713 1 714 0 715 1 716 0 717 1 718 0 719 1 720 0 721 0 722 0 723 1 724 0 725 0 726 0 727 0 728 1 729 0 730 1 731 0 732 1 733 0 734 1 735 0 736 0 737 0 738 0 739 27 740 29 741 0 742 27 743 29 744 24 745 27 746 29 747 0 748 27 749 29 750 23 751 24 752 23 753 24 754 27 755 24 756 27 757 29 758 0 759 24 760 27 761 23 762 24 763 26 764 23 765 24 766 27 767 24 768 26 769 30 770 27 771 29 772 0 773 29 774 30 775 29 776 30 777 31 778 0 779 23 780 0 781 23 782 0 783 0 784 0 785 0 786 0 787 0 788 0 789 0 790 1 791 0 792 0 793 0 794 0 795 0 796 0 797 0 798 0 799 0 800 0 801 0 802 0 803 0 804 0 805 0 806 0 807 0 808 0 809 0 810 0 811 0 812 0 813 0 814 0 815 0 816 0 817 0 818 23 819 23 820 24 821 0 822 23 823 0 824 23 825 23 826 25 827 26 828 0 829 23 830 23 831 27 832 23 833 0 834 29 835 30 836 0 837 27 838 24 839 27 840 29 841 24 842 27 843 29 844 24 845 27 846 29 847 0 848 27 849 29 850 23 851 24 852 26 853 24 854 29 855 30 856 0 857 30 858 0 859 0 860 0 861 0 862 0 863 0 864 0 865 0 866 2 867 3 868 5 869 3 870 5 871 9 872 1 873 3 874 5 875 1 876 3 877 5 878 0 879 0 880 1 881 0 882 0 883 0 884 0 885 0 886 0 887 0 888 0 889 0 890 0 891 0 892 0 893 0 894 0 895 0 896 0 897 0 898 0 899 0 900 0 901 0 902 0 903 0 904 0 905 0 906 1 907 5 908 0 909 1 910 5 911 0 912 1 913 5 914 1 915 3 916 5 917 1 918 3 919 5 920 2 921 3 922 5 923 0 924 1 925 5 926 0 927 1 928 0 929 1 930 0 931 27 932 29 933 0 934 27 935 29 936 29 937 30 938 0 939 0 940 30 941 0 942 26 943 23 944 24 945 26 946 24 947 23 948 24 949 23 950 0 951 23 952 0 953 24 954 27 955 29 956 0 957 27 958 29 959 24 960 27 961 29 962 23 963 24 964 27 965 24 966 27 967 29 968 0 969 23 970 0 971 0 972 0 973 1 974 5 975 0 976 0 977 0 978 0 979 0 980 0 981 27 982 29 983 0 984 27 985 27 986 29 987 0 988 27 989 29 990 0 991 0 992 0 993 0 994 1 995 1 996 2 997 4 998 1 999 2 1000 4 1001 1 1002 3 1003 4 1004 0 1005 0 1006 0 1007 0 1008 0 1009 1 1010 3 1011 1 1012 3 1013 4 1014 0 1015 1 1016 0 1017 28 1018 31 1019 28 1020 31 1021 0 1022 28 1023 31 1024 0 1025 28 1026 31 1027 23 1028 25 1029 28 1030 0 1031 25 1032 28 1033 0 1034 25 1035 28 1036 0 1037 23 1038 28 1039 23 1040 24 1041 26 1042 26 1043 30 1044 25 1045 23 1046 25 1047 28 1048 28 1049 31 1050 0 1051 0 1052 0 1053 0 1054 0 1055 0 1056 0 1057 0 1058 0 1059 0 1060 0 1061 0 1062 0 1063 0 1064 0 1065 0 1066 0 1067 0 1068 0 1069 0 1070 0 1071 0 1072 0 1073 0 1074 0 1075 0 1076 0 1077 0 1078 0 1079 0 1080 0 1081 0 1082 0 1083 23 1084 0 1085 23 1086 0 1087 23 1088 23 1089 25 1090 0 1091 23 1092 23 1093 25 1094 26 1095 0 1096 28 1097 23 1098 0 1099 25 1100 28 1101 31 1102 0 1103 28 1104 31 1105 25 1106 28 1107 31 1108 0 1109 28 1110 31 1111 23 1112 24 1113 26 1114 25 1115 0 1116 0 1117 0 1118 0 1119 0 1120 0 1121 1 1122 0 1123 0 1124 1 1125 4 1126 11 1127 4 1128 6 1129 11 1130 1 1131 4 1132 6 1133 1 1134 4 1135 6 1136 0 1137 0 1138 0 1139 0 1140 0 1141 0 1142 0 1143 0 1144 0 1145 0 1146 0 1147 0 1148 0 1149 0 1150 0 1151 0 1152 0 1153 0 1154 1 1155 4 1156 6 1157 1 1158 4 1159 6 1160 0 1161 1 1162 2 1163 0 1164 1 1165 6 1166 1 1167 4 1168 6 1169 2 1170 4 1171 6 1172 0 1173 1 1174 6 1175 0 1176 1 1177 0 1178 1 1179 0 1180 28 1181 31 1182 0 1183 29 1184 30 1185 0 1186 28 1187 31 1188 0 1189 0 1190 30 1191 26 1192 23 1193 25 1194 25 1195 23 1196 24 1197 26 1198 23 1199 0 1200 23 1201 0 1202 0 1203 28 1204 31 1205 25 1206 28 1207 31 1208 25 1209 28 1210 31 1211 23 1212 25 1213 28 1214 25 1215 28 1216 31 1217 0 1218 23 1219 0 1220 0 1221 0 1222 1 1223 6 1224 0 1225 0 1226 0 1227 0 1228 0 1229 0 1230 28 1231 31 1232 0 1233 28 1234 31 1235 28 1236 31 1237 0 1238 0 1239 0 1240 0 1241 0 1242 1 1243 0 1244 0 1245 0 1246 0 1247 0 1248 0 1249 0 1250 0 1251 0 1252 39 1253 39 1254 39 1255 39 1256 39 1257 39 1258 39 1259 39 1260 39 1261 39 1262 39 1263 39 1264 39 1265 39 1266 39 1267 39 1268 39 1269 39 1270 39 1271 39 1272 39 1273 39 1274 39 1275 39 1276 39 1277 39 1278 39 1279 39 1280 39 1281 39 1282 39 1283 39 1284 39 1285 39 1286 39 1287 39 1288 39 1289 39 1290 39 1291 39 1292 39 1293 39 1294 39 1295 39 1296 39 1297 39 1298 39 1299 39 1300 39 1301 39 1302 39 1303 39 1304 39 1305 39 1306 39 1307 39 1308 39 1309 39 1310 39 1311 39 1312 39 1313 39 1314 39 1315 39 1316 39 1317 39 1318 39 1319 39 1320 39 1321 39 1322 39 1323 39 1324 39 1325 39 1326 39 1327 39 1328 39 1329 39 1330 39 1331 39 1332 39 1333 39 1334 39 1335 39 1336 39 1337 39 1338 39 1339 39 1340 39 1341 39 1342 39 1343 39 1344 39 1345 39 1346 39 1347 39 1348 39 1349 39 1350 39 1351 39 1352 39 1353 39 1354 39 1355 39 1356 39 1357 39 1358 39 1359 39 1360 39 1361 39 1362 39 1363 39 1364 39 1365 39 1366 39 1367 39 1368 35 1369 35 1370 35 1371 35 1372 35 1373 35 1374 35 1375 35 1376 35 1377 35 1378 35 1379 35 1380 35 1381 35 1382 35 1383 35 1384 35 1385 35 1386 35 1387 35 1388 35 1389 35 1390 35 1391 35 1392 35 1393 35 1394 35 1395 35 1396 35 1397 35 1398 35 1399 35 1400 35 1401 35 1402 35 1403 35 1404 35 1405 35 1406 35 1407 35 1408 35 1409 35 1410 35 1411 35 1412 35 1413 35 1414 35 1415 35 1416 35 1417 35 1418 35 1419 35 1420 35 1421 35 1422 35 1423 35 1424 35 1425 35 1426 35 1427 35 1428 35 1429 35 1430 35 1431 35 1432 35 1433 35 1434 35 1435 35 1436 35 1437 35 1438 35 1439 35 1440 35 1441 35 1442 35 1443 35 1444 35 1445 35 1446 35 1447 35 1448 35 1449 35 1450 35 1451 35 1452 35 1453 35 1454 35 1455 35 1456 35 1457 35 1458 35 1459 35 1460 35 1461 35 1462 35 1463 35 1464 35 1465 35 1466 35 1467 35 1468 35 1469 35 1470 35 1471 35 1472 35 1473 35 1474 35 1475 35 1476 35 1477 35 1478 35 1479 35 1480 35 1481 35 1482 35 1483 35 1484 37 1485 37 1486 37 1487 37 1488 37 1489 37 1490 37 1491 37 1492 37 1493 37 1494 37 1495 37 1496 37 1497 37 1498 37 1499 37 1500 37 1501 37 1502 37 1503 37 1504 37 1505 37 1506 37 1507 37 1508 37 1509 37 1510 37 1511 37 1512 37 1513 37 1514 37 1515 37 1516 37 1517 37 1518 37 1519 37 1520 37 1521 37 1522 37 1523 37 1524 37 1525 37 1526 37 1527 37 1528 37 1529 37 1530 37 1531 37 1532 37 1533 37 1534 37 1535 37 1536 37 1537 37 1538 37 1539 37 1540 37 1541 37 1542 37 1543 37 1544 37 1545 37 1546 37 1547 37 1548 37 1549 37 1550 37 1551 37 1552 37 1553 37 1554 37 1555 37 1556 37 1557 37 1558 37 1559 37 1560 37 1561 37 1562 37 1563 37 1564 37 1565 37 1566 37 1567 37 1568 37 1569 37 1570 37 1571 37 1572 37 1573 37 1574 37 1575 37 1576 37 1577 37 1578 37 1579 37 1580 37 1581 37 1582 37 1583 37 1584 37 1585 37 1586 37 1587 37 1588 37 1589 37 1590 37 1591 37 1592 37 1593 37 1594 37 1595 37 1596 37 1597 37 1598 37 1599 37 1600 33 1601 33 1602 33 1603 33 1604 33 1605 33 1606 33 1607 33 1608 33 1609 33 1610 33 1611 33 1612 33 1613 33 1614 33 1615 33 1616 33 1617 33 1618 33 1619 33 1620 33 1621 33 1622 33 1623 33 1624 33 1625 33 1626 33 1627 33 1628 33 1629 33 1630 33 1631 33 1632 33 1633 33 1634 33 1635 33 1636 33 1637 33 1638 33 1639 33 1640 33 1641 33 1642 33 1643 33 1644 33 1645 33 1646 33 1647 33 1648 33 1649 33 1650 33 1651 33 1652 33 1653 33 1654 33 1655 33 1656 33 1657 33 1658 33 1659 33 1660 33 1661 33 1662 33 1663 33 1664 33 1665 33 1666 33 1667 33 1668 33 1669 33 1670 33 1671 33 1672 33 1673 33 1674 33 1675 33 1676 33 1677 33 1678 33 1679 33 1680 33 1681 33 1682 33 1683 33 1684 33 1685 33 1686 33 1687 33 1688 33 1689 33 1690 33 1691 33 1692 33 1693 33 1694 33 1695 33 1696 33 1697 33 1698 33 1699 33 1700 33 1701 33 1702 33 1703 33 1704 33 1705 33 1706 33 1707 33 1708 33 1709 33 1710 33 1711 33 1712 33 1713 33 1714 33 1715 33 1716 0 1717 0 1718 0 1719 0 1720 0 1721 0 1722 0 1723 0 1724 0 1725 0 1726 0 1727 0 1728 0 1729 0 1730 0 1731 0 1732 0 1733 0 1734 0 1735 0 1736 0 1737 0 1738 0 1739 0 1740 0 1741 0 1742 0 1743 0 1744 0 1745 0 1746 0 1747 0 1748 0 1749 0 1750 0 1751 0 1752 0 1753 0 1754 0 1755 0 1756 0 1757 0 1758 0 1759 0 1760 0 1761 0 1762 0 1763 0 1764 0 1765 0 1766 0 1767 0 1768 0 1769 0 1770 0 1771 0 1772 0 1773 0 1774 0 1775 0 1776 0 1777 0 1778 0 1779 0 1780 0 1781 0 1782 0 1783 0 1784 0 1785 0 1786 0 1787 0 1788 0 1789 0 1790 0 1791 0 1792 0 1793 0 1794 0 1795 0 1796 0 1797 0 1798 0 1799 0 1800 0 1801 0 1802 0 1803 0 1804 0 1805 0 1806 39 1807 39 1808 39 1809 39 1810 39 1811 39 1812 39 1813 39 1814 39 1815 39 1816 39 1817 39 1818 35 1819 35 1820 35 1821 35 1822 35 1823 35 1824 35 1825 35 1826 35 1827 35 1828 35 1829 35 1830 37 1831 37 1832 37 1833 37 1834 37 1835 37 1836 37 1837 37 1838 37 1839 37 1840 37 1841 37 1842 33 1843 33 1844 33 1845 33 1846 33 1847 33 1848 33 1849 33 1850 33 1851 33 1852 33 1853 33 1854 0 1855 0 1856 0 1857 0 1858 0 1859 0 1860 0 1861 0 1862 0 1863 0 1864 0 1865 0 1866 0 1867 0 1868 0 1869 0 1870 0 1871 0 1872 0 1873 0 1874 0 1875 0 1876 0 1877 0 1878 0 1879 0 1880 0 1881 0 1882 0 1883 0 1884 0 1885 0 1886 0 1887 0 1888 0 1889 0 1890 0 1891 0 1892 0 1893 0 1894 0 1895 0 1896 0 1897 0 1898 0 1899 0 1900 0 1901 0 1902 0 1903 0 1904 0 1905 0 1906 0 1907 0 1908 0 1909 0 1910 0 1911 0 1912 0 1913 0 1914 0 1915 0 1916 0 1917 0 1918 0 1919 0 1920 0 1921 0 1922 0 1923 0 1924 0 1925 0 1926 0 1927 0 1928 0 1929 0 1930 0 1931 0 1932 0 1933 0 1934 9 1935 14 1936 9 1937 14 1938 2 1939 3 1940 9 1941 3 1942 9 1943 14 1944 3 1945 9 1946 10 1947 2 1948 3 1949 5 1950 9 1951 10 1952 9 1953 10 1954 3 1955 5 1956 10 1957 3 1958 9 1959 10 1960 2 1961 13 1962 14 1963 14 1964 9 1965 14 1966 2 1967 3 1968 14 1969 2 1970 4 1971 10 1972 5 1973 10 1974 5 1975 10 1976 3 1977 5 1978 9 1979 10 1980 2 1981 3 1982 5 1983 2 1984 13 1985 15 1986 10 1987 13 1988 14 1989 15 1990 11 1991 4 1992 11 1993 2 1994 4 1995 11 1996 11 1997 12 1998 15 1999 4 2000 6 2001 11 2002 2 2003 4 2004 6 2005 11 2006 12 2007 6 2008 11 2009 12 2010 6 2011 11 2012 12 2013 11 2014 12 2015 2 2016 13 2017 15 2018 2 2019 11 2020 15 2021 11 2022 15 2023 11 2024 15 2025 4 2026 6 2027 12 2028 12 2029 4 2030 6 2031 12 2032 4 2033 6 2034 12 2035 11 2036 12 2037 2 2038 4 2039 6 2040 12 2041</v>
        </vertex_weights>
      </skin>
    </controller>
  </library_controllers>
  <library_visual_scenes>
    <visual_scene id="Scene" name="Scene">
      <node id="Armature" name="Armature" type="NODE">
        <matrix sid="transform">0.01 0 0 0 0 0.01 1.62921e-9 0 0 -1.62921e-9 0.01 0 0 0 0 1</matrix>
        <node id="Armature_Root" name="Root" sid="Root" type="JOINT">
          <matrix sid="transform">1 0 0 0 0 -1.62921e-7 -1 0 0 1 -2.38419e-7 0 0 0 0 1</matrix>
          <node id="Armature_Bip01_body" name="Bip01_body" sid="Bip01_body" type="JOINT">
            <matrix sid="transform">-4.37114e-8 0 -1 0 1 -2.38536e-7 -4.37114e-8 96.13668 -2.38536e-7 -0.9999999 1.16998e-10 -70.97771 0 0 0 1</matrix>
            <node id="Armature_Bip01_head" name="Bip01_head" sid="Bip01_head" type="JOINT">
              <matrix sid="transform">1 0 0 445.0782 0 1 0 64.52216 0 0 1 -1.9455e-5 0 0 0 1</matrix>
              <node id="Armature_Bip01_eye_brow" name="Bip01_eye_brow" sid="Bip01_eye_brow" type="JOINT">
                <matrix sid="transform">-1 0 -1.50996e-7 75.63263 0 1 0 -182.7156 1.50996e-7 0 -1 -3.30601e-6 0 0 0 1</matrix>
                <node id="Armature_Bip01_eye_brow_L" name="Bip01_eye_brow_L" sid="Bip01_eye_brow_L" type="JOINT">
                  <matrix sid="transform">0.9961951 0 -0.08715162 5.634142 0 1 0 4.72757 0.08715162 0 0.9961951 124.9659 0 0 0 1</matrix>
                  <extra>
                    <technique profile="blender">
                      <roll sid="roll" type="float">1.483534</roll>
                      <tip_x sid="tip_x" type="float">0</tip_x>
                      <tip_y sid="tip_y" type="float">125.1822</tip_y>
                      <tip_z sid="tip_z" type="float">0</tip_z>
                    </technique>
                  </extra>
                </node>
                <node id="Armature_Bip01_eye_brow_R" name="Bip01_eye_brow_R" sid="Bip01_eye_brow_R" type="JOINT">
                  <matrix sid="transform">0.9961946 0 0.08715673 5.63423 0 1 -4.44089e-16 4.727661 -0.08715673 0 0.9961946 -124.966 0 0 0 1</matrix>
                  <extra>
                    <technique profile="blender">
                      <roll sid="roll" type="float">1.658064</roll>
                      <tip_x sid="tip_x" type="float">0</tip_x>
                      <tip_y sid="tip_y" type="float">125.1822</tip_y>
                      <tip_z sid="tip_z" type="float">0</tip_z>
                    </technique>
                  </extra>
                </node>
                <extra>
                  <technique profile="blender">
                    <roll sid="roll" type="float">1.570796</roll>
                    <tip_x sid="tip_x" type="float">0</tip_x>
                    <tip_y sid="tip_y" type="float">125.1822</tip_y>
                    <tip_z sid="tip_z" type="float">0</tip_z>
                  </technique>
                </extra>
              </node>
              <node id="Armature_Bip01_eye_brow_L1" name="Bip01_eye_brow_L1" sid="Bip01_eye_brow_L1" type="JOINT">
                <matrix sid="transform">-0.9063089 0 0.4226159 44.6195 0 1 3.55271e-15 -156.6924 -0.4226159 0 -0.9063089 -230.0088 0 0 0 1</matrix>
                <extra>
                  <technique profile="blender">
                    <roll sid="roll" type="float">1.134467</roll>
                    <tip_x sid="tip_x" type="float">0</tip_x>
                    <tip_y sid="tip_y" type="float">296.1885</tip_y>
                    <tip_z sid="tip_z" type="float">0</tip_z>
                  </technique>
                </extra>
              </node>
              <node id="Armature_Bip01_eye_brow_R1" name="Bip01_eye_brow_R1" sid="Bip01_eye_brow_R1" type="JOINT">
                <matrix sid="transform">-0.9063061 0 -0.4226218 44.61934 0 1 0 -156.692 0.4226218 0 -0.9063061 230.0087 0 0 0 1</matrix>
                <extra>
                  <technique profile="blender">
                    <roll sid="roll" type="float">2.007133</roll>
                    <tip_x sid="tip_x" type="float">0</tip_x>
                    <tip_y sid="tip_y" type="float">296.1885</tip_y>
                    <tip_z sid="tip_z" type="float">0</tip_z>
                  </technique>
                </extra>
              </node>
              <node id="Armature_Bip01_eye_L" name="Bip01_eye_L" sid="Bip01_eye_L" type="JOINT">
                <matrix sid="transform">-0.9512628 0 0.3083814 -60.35096 0 1 3.55271e-15 -325.7084 -0.3083814 0 -0.9512628 -97.5779 0 0 0 1</matrix>
                <extra>
                  <technique profile="blender">
                    <roll sid="roll" type="float">1.257305</roll>
                    <tip_x sid="tip_x" type="float">0</tip_x>
                    <tip_y sid="tip_y" type="float">296.1885</tip_y>
                    <tip_z sid="tip_z" type="float">0</tip_z>
                  </technique>
                </extra>
              </node>
              <node id="Armature_Bip01_eye_R" name="Bip01_eye_R" sid="Bip01_eye_R" type="JOINT">
                <matrix sid="transform">-0.9512614 0 -0.3083857 -60.35095 -7.10543e-15 1 0 -325.7082 0.3083857 0 -0.9512614 97.57825 0 0 0 1</matrix>
                <extra>
                  <technique profile="blender">
                    <roll sid="roll" type="float">1.884292</roll>
                    <tip_x sid="tip_x" type="float">0</tip_x>
                    <tip_y sid="tip_y" type="float">296.1885</tip_y>
                    <tip_z sid="tip_z" type="float">0</tip_z>
                  </technique>
                </extra>
              </node>
              <node id="Armature_Bip01_eyelash_L" name="Bip01_eyelash_L" sid="Bip01_eyelash_L" type="JOINT">
                <matrix sid="transform">-0.9569135 0 0.2903732 -27.17756 -7.10543e-15 1 0 -263.5955 -0.2903732 0 -0.9569135 -132.544 0 0 0 1</matrix>
                <extra>
                  <technique profile="blender">
                    <roll sid="roll" type="float">1.27618</roll>
                    <tip_x sid="tip_x" type="float">0</tip_x>
                    <tip_y sid="tip_y" type="float">296.1885</tip_y>
                    <tip_z sid="tip_z" type="float">0</tip_z>
                  </technique>
                </extra>
              </node>
              <node id="Armature_Bip01_eyelash_L1" name="Bip01_eyelash_L1" sid="Bip01_eyelash_L1" type="JOINT">
                <matrix sid="transform">-0.7410004 0 0.6715046 -39.14317 3.55271e-15 1 0 -241.2026 -0.6715046 0 -0.7410004 -232.5368 0 0 0 1</matrix>
                <extra>
                  <technique profile="blender">
                    <roll sid="roll" type="float">0.8345588</roll>
                    <tip_x sid="tip_x" type="float">0</tip_x>
                    <tip_y sid="tip_y" type="float">296.1885</tip_y>
                    <tip_z sid="tip_z" type="float">0</tip_z>
                  </technique>
                </extra>
              </node>
              <node id="Armature_Bip01_eyelash_R" name="Bip01_eyelash_R" sid="Bip01_eyelash_R" type="JOINT">
                <matrix sid="transform">-0.9569122 0 -0.2903773 -27.17724 0 1 1.77636e-15 -263.595 0.2903773 0 -0.9569122 132.5442 0 0 0 1</matrix>
                <extra>
                  <technique profile="blender">
                    <roll sid="roll" type="float">1.865417</roll>
                    <tip_x sid="tip_x" type="float">0</tip_x>
                    <tip_y sid="tip_y" type="float">296.1885</tip_y>
                    <tip_z sid="tip_z" type="float">0</tip_z>
                  </technique>
                </extra>
              </node>
              <node id="Armature_Bip01_eyelash_R1" name="Bip01_eyelash_R1" sid="Bip01_eyelash_R1" type="JOINT">
                <matrix sid="transform">-0.7409983 0 -0.6715069 -39.1433 -7.10543e-15 1 -3.55271e-15 -241.202 0.6715069 0 -0.7409983 232.5371 0 0 0 1</matrix>
                <extra>
                  <technique profile="blender">
                    <roll sid="roll" type="float">2.307037</roll>
                    <tip_x sid="tip_x" type="float">0</tip_x>
                    <tip_y sid="tip_y" type="float">296.1885</tip_y>
                    <tip_z sid="tip_z" type="float">0</tip_z>
                  </technique>
                </extra>
              </node>
              <node id="Armature_Bip01_eyelash_T_shape" name="Bip01_eyelash_T_shape" sid="Bip01_eyelash_T_shape" type="JOINT">
                <matrix sid="transform">-1 0 -1.50996e-7 -16.4859 0 1 0 -277.2261 1.50996e-7 0 -1 -5.22794e-5 0 0 0 1</matrix>
                <extra>
                  <technique profile="blender">
                    <roll sid="roll" type="float">1.570796</roll>
                    <tip_x sid="tip_x" type="float">0</tip_x>
                    <tip_y sid="tip_y" type="float">296.1885</tip_y>
                    <tip_z sid="tip_z" type="float">0</tip_z>
                  </technique>
                </extra>
              </node>
              <node id="Armature_Bip01_eyelash_T_shape_L" name="Bip01_eyelash_T_shape_L" sid="Bip01_eyelash_T_shape_L" type="JOINT">
                <matrix sid="transform">-1 0 -1.50996e-7 -16.4859 0 1 0 -277.2261 1.50996e-7 0 -1 -22.1439 0 0 0 1</matrix>
                <extra>
                  <technique profile="blender">
                    <roll sid="roll" type="float">1.570796</roll>
                    <tip_x sid="tip_x" type="float">0</tip_x>
                    <tip_y sid="tip_y" type="float">296.1885</tip_y>
                    <tip_z sid="tip_z" type="float">0</tip_z>
                  </technique>
                </extra>
              </node>
              <node id="Armature_Bip01_eyelash_T_shape_r" name="Bip01_eyelash_T_shape_r" sid="Bip01_eyelash_T_shape_r" type="JOINT">
                <matrix sid="transform">-1 0 -1.50996e-7 -16.4859 0 1 0 -277.2261 1.50996e-7 0 -1 22.1438 0 0 0 1</matrix>
                <extra>
                  <technique profile="blender">
                    <roll sid="roll" type="float">1.570796</roll>
                    <tip_x sid="tip_x" type="float">0</tip_x>
                    <tip_y sid="tip_y" type="float">296.1885</tip_y>
                    <tip_z sid="tip_z" type="float">0</tip_z>
                  </technique>
                </extra>
              </node>
              <extra>
                <technique profile="blender">
                  <roll sid="roll" type="float">-1.570796</roll>
                  <tip_x sid="tip_x" type="float">0</tip_x>
                  <tip_y sid="tip_y" type="float">296.1885</tip_y>
                  <tip_z sid="tip_z" type="float">0</tip_z>
                </technique>
              </extra>
            </node>
            <node id="Armature_Bip01_eyelash_B_L" name="Bip01_eyelash_B_L" sid="Bip01_eyelash_B_L" type="JOINT">
              <matrix sid="transform">-0.9569135 0 0.2903732 327.3906 -7.10543e-15 1 0 -289.5305 -0.2903732 0 -0.9569135 -141.4177 0 0 0 1</matrix>
              <extra>
                <technique profile="blender">
                  <roll sid="roll" type="float">1.27618</roll>
                  <tip_x sid="tip_x" type="float">0</tip_x>
                  <tip_y sid="tip_y" type="float">646.6828</tip_y>
                  <tip_z sid="tip_z" type="float">0</tip_z>
                </technique>
              </extra>
            </node>
            <node id="Armature_Bip01_eyelash_B_L1" name="Bip01_eyelash_B_L1" sid="Bip01_eyelash_B_L1" type="JOINT">
              <matrix sid="transform">-0.6218176 0 0.7831621 325.2997 -7.10543e-15 1 0 -239.889 -0.7831621 0 -0.6218176 -266.0391 0 0 0 1</matrix>
              <extra>
                <technique profile="blender">
                  <roll sid="roll" type="float">0.6710615</roll>
                  <tip_x sid="tip_x" type="float">0</tip_x>
                  <tip_y sid="tip_y" type="float">646.6828</tip_y>
                  <tip_z sid="tip_z" type="float">0</tip_z>
                </technique>
              </extra>
            </node>
            <node id="Armature_Bip01_eyelash_B_R" name="Bip01_eyelash_B_R" sid="Bip01_eyelash_B_R" type="JOINT">
              <matrix sid="transform">-0.9569122 0 -0.2903773 327.3909 0 1 1.77636e-15 -289.5302 0.2903773 0 -0.9569122 141.418 0 0 0 1</matrix>
              <extra>
                <technique profile="blender">
                  <roll sid="roll" type="float">1.865417</roll>
                  <tip_x sid="tip_x" type="float">0</tip_x>
                  <tip_y sid="tip_y" type="float">646.6828</tip_y>
                  <tip_z sid="tip_z" type="float">0</tip_z>
                </technique>
              </extra>
            </node>
            <node id="Armature_Bip01_eyelash_B_R1" name="Bip01_eyelash_B_R1" sid="Bip01_eyelash_B_R1" type="JOINT">
              <matrix sid="transform">-0.6218144 0 -0.7831646 325.2996 0 1 0 -239.8893 0.7831646 0 -0.6218144 266.0385 0 0 0 1</matrix>
              <extra>
                <technique profile="blender">
                  <roll sid="roll" type="float">2.470535</roll>
                  <tip_x sid="tip_x" type="float">0</tip_x>
                  <tip_y sid="tip_y" type="float">646.6828</tip_y>
                  <tip_z sid="tip_z" type="float">0</tip_z>
                </technique>
              </extra>
            </node>
            <node id="Armature_Bip01_eyelash_B_shape" name="Bip01_eyelash_B_shape" sid="Bip01_eyelash_B_shape" type="JOINT">
              <matrix sid="transform">-1 0 -1.50996e-7 335.7506 0 1 0 -306.5922 1.50996e-7 0 -1 -5.86761e-5 0 0 0 1</matrix>
              <extra>
                <technique profile="blender">
                  <roll sid="roll" type="float">1.570796</roll>
                  <tip_x sid="tip_x" type="float">0</tip_x>
                  <tip_y sid="tip_y" type="float">646.6828</tip_y>
                  <tip_z sid="tip_z" type="float">0</tip_z>
                </technique>
              </extra>
            </node>
            <node id="Armature_Bip01_eyelash_B_shape_L" name="Bip01_eyelash_B_shape_L" sid="Bip01_eyelash_B_shape_L" type="JOINT">
              <matrix sid="transform">-1 0 -1.50996e-7 335.1566 0 1 0 -307.1862 1.50996e-7 0 -1 -49.19772 0 0 0 1</matrix>
              <extra>
                <technique profile="blender">
                  <roll sid="roll" type="float">1.570796</roll>
                  <tip_x sid="tip_x" type="float">0</tip_x>
                  <tip_y sid="tip_y" type="float">646.6828</tip_y>
                  <tip_z sid="tip_z" type="float">0</tip_z>
                </technique>
              </extra>
            </node>
            <node id="Armature_Bip01_eyelash_B_shape_r" name="Bip01_eyelash_B_shape_r" sid="Bip01_eyelash_B_shape_r" type="JOINT">
              <matrix sid="transform">-1 0 -1.50996e-7 335.1566 0 1 0 -307.1862 1.50996e-7 0 -1 49.19758 0 0 0 1</matrix>
              <extra>
                <technique profile="blender">
                  <roll sid="roll" type="float">1.570796</roll>
                  <tip_x sid="tip_x" type="float">0</tip_x>
                  <tip_y sid="tip_y" type="float">646.6828</tip_y>
                  <tip_z sid="tip_z" type="float">0</tip_z>
                </technique>
              </extra>
            </node>
            <node id="Armature_Bip01_jaw" name="Bip01_jaw" sid="Bip01_jaw" type="JOINT">
              <matrix sid="transform">-1 0 -1.50996e-7 144.8657 0 1 0 -428.5284 1.50996e-7 0 -1 -5.33228e-6 0 0 0 1</matrix>
              <node id="Armature_Bip01_lip_low_L" name="Bip01_lip_low_L" sid="Bip01_lip_low_L" type="JOINT">
                <matrix sid="transform">0.9700562 0 -0.2428804 54.74237 0 1 1.77636e-15 -526.2201 0.2428804 0 0.9700562 130.7476 0 0 0 1</matrix>
                <extra>
                  <technique profile="blender">
                    <roll sid="roll" type="float">1.325462</roll>
                    <tip_x sid="tip_x" type="float">0</tip_x>
                    <tip_y sid="tip_y" type="float">544.2046</tip_y>
                    <tip_z sid="tip_z" type="float">0</tip_z>
                  </technique>
                </extra>
              </node>
              <node id="Armature_Bip01_lip_low_R" name="Bip01_lip_low_R" sid="Bip01_lip_low_R" type="JOINT">
                <matrix sid="transform">0.9700559 0 0.2428816 54.74196 0 1 1.77636e-15 -526.22 -0.2428816 0 0.9700559 -130.7493 0 0 0 1</matrix>
                <extra>
                  <technique profile="blender">
                    <roll sid="roll" type="float">1.816132</roll>
                    <tip_x sid="tip_x" type="float">0</tip_x>
                    <tip_y sid="tip_y" type="float">544.2046</tip_y>
                    <tip_z sid="tip_z" type="float">0</tip_z>
                  </technique>
                </extra>
              </node>
              <node id="Armature_Bip01_lip_low_m" name="Bip01_lip_low_m" sid="Bip01_lip_low_m" type="JOINT">
                <matrix sid="transform">1 0 4.13264e-7 66.59142 0 1 0 -538.5597 -4.13264e-7 0 1 -0.001036966 0 0 0 1</matrix>
                <extra>
                  <technique profile="blender">
                    <roll sid="roll" type="float">1.570797</roll>
                    <tip_x sid="tip_x" type="float">0</tip_x>
                    <tip_y sid="tip_y" type="float">544.2046</tip_y>
                    <tip_z sid="tip_z" type="float">0</tip_z>
                  </technique>
                </extra>
              </node>
              <extra>
                <technique profile="blender">
                  <roll sid="roll" type="float">1.570796</roll>
                  <tip_x sid="tip_x" type="float">0</tip_x>
                  <tip_y sid="tip_y" type="float">544.2046</tip_y>
                  <tip_z sid="tip_z" type="float">0</tip_z>
                </technique>
              </extra>
            </node>
            <node id="Armature_Bip01_lip_cor_L" name="Bip01_lip_cor_L" sid="Bip01_lip_cor_L" type="JOINT">
              <matrix sid="transform">-1 0 -1.50996e-7 118.3133 0 1 0 -949.4533 1.50996e-7 0 -1 -196.497 0 0 0 1</matrix>
              <extra>
                <technique profile="blender">
                  <roll sid="roll" type="float">1.570796</roll>
                  <tip_x sid="tip_x" type="float">0</tip_x>
                  <tip_y sid="tip_y" type="float">646.6828</tip_y>
                  <tip_z sid="tip_z" type="float">0</tip_z>
                </technique>
              </extra>
            </node>
            <node id="Armature_Bip01_lip_cor_R" name="Bip01_lip_cor_R" sid="Bip01_lip_cor_R" type="JOINT">
              <matrix sid="transform">-1 0 -1.10467e-6 118.3133 0 1 0 -949.4531 1.10467e-6 0 -1 196.4979 0 0 0 1</matrix>
              <extra>
                <technique profile="blender">
                  <roll sid="roll" type="float">1.570797</roll>
                  <tip_x sid="tip_x" type="float">0</tip_x>
                  <tip_y sid="tip_y" type="float">646.6828</tip_y>
                  <tip_z sid="tip_z" type="float">0</tip_z>
                </technique>
              </extra>
            </node>
            <node id="Armature_Bip01_lip_up_L" name="Bip01_lip_up_L" sid="Bip01_lip_up_L" type="JOINT">
              <matrix sid="transform">-0.9848077 0 -0.1736485 131.8182 0 1 -8.88178e-16 -963.1032 0.1736485 0 -0.9848077 -125.1051 0 0 0 1</matrix>
              <extra>
                <technique profile="blender">
                  <roll sid="roll" type="float">1.745329</roll>
                  <tip_x sid="tip_x" type="float">0</tip_x>
                  <tip_y sid="tip_y" type="float">646.6828</tip_y>
                  <tip_z sid="tip_z" type="float">0</tip_z>
                </technique>
              </extra>
            </node>
            <node id="Armature_Bip01_lip_up_m" name="Bip01_lip_up_m" sid="Bip01_lip_up_m" type="JOINT">
              <matrix sid="transform">-1 0 -1.10467e-6 132.7193 0 1 0 -972.9982 1.10467e-6 0 -1 9.06219e-4 0 0 0 1</matrix>
              <extra>
                <technique profile="blender">
                  <roll sid="roll" type="float">1.570797</roll>
                  <tip_x sid="tip_x" type="float">0</tip_x>
                  <tip_y sid="tip_y" type="float">646.6828</tip_y>
                  <tip_z sid="tip_z" type="float">0</tip_z>
                </technique>
              </extra>
            </node>
            <node id="Armature_Bip01_lip_up_R" name="Bip01_lip_up_R" sid="Bip01_lip_up_R" type="JOINT">
              <matrix sid="transform">-0.984808 0 0.1736469 131.8179 0 1 0 -963.1032 -0.1736469 0 -0.984808 125.1068 0 0 0 1</matrix>
              <extra>
                <technique profile="blender">
                  <roll sid="roll" type="float">1.396265</roll>
                  <tip_x sid="tip_x" type="float">0</tip_x>
                  <tip_y sid="tip_y" type="float">646.6828</tip_y>
                  <tip_z sid="tip_z" type="float">0</tip_z>
                </technique>
              </extra>
            </node>
            <extra>
              <technique profile="blender">
                <roll sid="roll" type="float">-1.570796</roll>
                <tip_x sid="tip_x" type="float">0</tip_x>
                <tip_y sid="tip_y" type="float">646.6828</tip_y>
                <tip_z sid="tip_z" type="float">0</tip_z>
              </technique>
            </extra>
          </node>
          <node id="Armature_Bip01_wheelbase_rear_R" name="Bip01_wheelbase_rear_R" sid="Bip01_wheelbase_rear_R" type="JOINT">
            <matrix sid="transform">1 0 0 -347.839 0 -3.3211e-7 1 186.6829 0 -1 -3.57628e-7 -614.343 0 0 0 1</matrix>
            <node id="Armature_Bip01_wheel_rear_R" name="Bip01_wheel_rear_R" sid="Bip01_wheel_rear_R" type="JOINT">
              <matrix sid="transform">1 0 0 -45.94501 0 1 -9.36912e-8 0 0 9.36912e-8 1 -3.47659e-6 0 0 0 1</matrix>
              <extra>
                <technique profile="blender">
                  <tip_x sid="tip_x" type="float">0</tip_x>
                  <tip_y sid="tip_y" type="float">45.94501</tip_y>
                  <tip_z sid="tip_z" type="float">0</tip_z>
                </technique>
              </extra>
            </node>
            <extra>
              <technique profile="blender">
                <tip_x sid="tip_x" type="float">0</tip_x>
                <tip_y sid="tip_y" type="float">45.94501</tip_y>
                <tip_z sid="tip_z" type="float">0</tip_z>
              </technique>
            </extra>
          </node>
          <node id="Armature_Bip01_wheelbase_rear_L" name="Bip01_wheelbase_rear_L" sid="Bip01_wheelbase_rear_L" type="JOINT">
            <matrix sid="transform">-1 0 -1.50996e-7 347.839 1.50996e-7 -3.3211e-7 -1 186.6849 -5.01472e-14 -1 3.06592e-7 -614.344 0 0 0 1</matrix>
            <node id="Armature_Bip01_wheel_rear_L" name="Bip01_wheel_rear_L" sid="Bip01_wheel_rear_L" type="JOINT">
              <matrix sid="transform">1 0 0 -45.94501 0 1 9.36913e-8 0 0 -9.36913e-8 1 -2.54657e-5 0 0 0 1</matrix>
              <extra>
                <technique profile="blender">
                  <roll sid="roll" type="float">-3.141592</roll>
                  <tip_x sid="tip_x" type="float">0</tip_x>
                  <tip_y sid="tip_y" type="float">45.94501</tip_y>
                  <tip_z sid="tip_z" type="float">0</tip_z>
                </technique>
              </extra>
            </node>
            <extra>
              <technique profile="blender">
                <roll sid="roll" type="float">-3.141592</roll>
                <tip_x sid="tip_x" type="float">0</tip_x>
                <tip_y sid="tip_y" type="float">45.94501</tip_y>
                <tip_z sid="tip_z" type="float">0</tip_z>
              </technique>
            </extra>
          </node>
          <node id="Armature_Bip01_wheelbase_front_R" name="Bip01_wheelbase_front_R" sid="Bip01_wheelbase_front_R" type="JOINT">
            <matrix sid="transform">1 0 0 -347.839 0 -3.3211e-7 0.9999999 186.6852 0 -0.9999999 -2.38419e-7 534.285 0 0 0 1</matrix>
            <node id="Armature_Bip01_wheel_front_R" name="Bip01_wheel_front_R" sid="Bip01_wheel_front_R" type="JOINT">
              <matrix sid="transform">1 0 0 -45.94504 0 0.9999999 -9.3691e-8 0 0 9.3691e-8 0.9999999 -4.28136e-6 0 0 0 1</matrix>
              <extra>
                <technique profile="blender">
                  <tip_x sid="tip_x" type="float">0</tip_x>
                  <tip_y sid="tip_y" type="float">45.94501</tip_y>
                  <tip_z sid="tip_z" type="float">0</tip_z>
                </technique>
              </extra>
            </node>
            <extra>
              <technique profile="blender">
                <tip_x sid="tip_x" type="float">0</tip_x>
                <tip_y sid="tip_y" type="float">45.94501</tip_y>
                <tip_z sid="tip_z" type="float">0</tip_z>
              </technique>
            </extra>
          </node>
          <node id="Armature_Bip01_wheelbase_front_L" name="Bip01_wheelbase_front_L" sid="Bip01_wheelbase_front_L" type="JOINT">
            <matrix sid="transform">-1 0 -1.50996e-7 347.839 1.50996e-7 -3.32109e-7 -0.9999999 186.6852 -5.01472e-14 -0.9999997 4.25801e-7 534.285 0 0 0 1</matrix>
            <node id="Armature_Bip01_wheel_front_L" name="Bip01_wheel_front_L" sid="Bip01_wheel_front_L" type="JOINT">
              <matrix sid="transform">1 0 1.42109e-14 -45.94501 0 0.9999999 9.3691e-8 0 0 -9.3691e-8 0.9999999 -2.46608e-5 0 0 0 1</matrix>
              <extra>
                <technique profile="blender">
                  <roll sid="roll" type="float">-3.141592</roll>
                  <tip_x sid="tip_x" type="float">0</tip_x>
                  <tip_y sid="tip_y" type="float">45.94501</tip_y>
                  <tip_z sid="tip_z" type="float">0</tip_z>
                </technique>
              </extra>
            </node>
            <extra>
              <technique profile="blender">
                <roll sid="roll" type="float">-3.141592</roll>
                <tip_x sid="tip_x" type="float">0</tip_x>
                <tip_y sid="tip_y" type="float">45.94501</tip_y>
                <tip_z sid="tip_z" type="float">0</tip_z>
              </technique>
            </extra>
          </node>
          <extra>
            <technique profile="blender">
              <tip_x sid="tip_x" type="float">0</tip_x>
              <tip_y sid="tip_y" type="float">-1.62921e-5</tip_y>
              <tip_z sid="tip_z" type="float">100</tip_z>
            </technique>
          </extra>
        </node>
        <node id="lightning_mcqueen_lod1" name="lightning_mcqueen_lod1" type="NODE">
          <matrix sid="transform">1 0 0 0 0 1 0 0 0 0 1 0 0 0 0 1</matrix>
          <instance_controller url="#Armature_lightning_mcqueen_lod1-skin">
            <skeleton>#Armature_Root</skeleton>
            <bind_material>
              <technique_common>
                <instance_material symbol="lightning_mcqueen-material" target="#lightning_mcqueen-material">
                  <bind_vertex_input semantic="GeometrySource2" input_semantic="TEXCOORD" input_set="0"/>
                </instance_material>
              </technique_common>
            </bind_material>
          </instance_controller>
        </node>
      </node>
    </visual_scene>
  </library_visual_scenes>
  <scene>
    <instance_visual_scene url="#Scene"/>
  </scene>
</COLLADA>